timestamp,underlying_symbol,option_symbol,option_type,K,T,market_price,implied_volatility,bid,ask,mid_price,volume,open_interest,expiration_date,lastTradeDate,change,percentChange,inTheMoney,contractSize,currency,downloaded_at,source,S,return_1d,return_5d,realized_volatility,r,dividend_yield,sentiment_score,spread,relative_spread,moneyness,log_moneyness,regime_label,sigma_regime,regime_probability_stable_low_volatility,regime_probability_stress_high_volatility,regime_probability_transition_uncertainty,target_price,split,predicted_fair_value,predicted_delta,predicted_gamma,predicted_vega,predicted_theta,predicted_pde_residual,prediction_error,absolute_error,squared_error,baseline_bs_price,model_role
2026-05-05T00:00:00Z,SPY,SPY260529C00658000,call,658.0,0.06575342465753424,77.42,0.3753724572753906,75.03,77.85,76.44,11.0,495.0,2026-05-29,2026-05-07 18:04:36+00:00,8.220001,11.878615,True,REGULAR,USD,2026-05-07T20:54:04+00:00,yfinance,723.77001953125,0.0080221858849922,0.0169737063165198,0.1216768442297367,0.0395,0.0,,2.819999999999993,0.036891679748822515,1.0999544369775835,0.09526875801698498,transition_uncertainty,0.167657542093856,0.010953739079171,3.889155618166566e-05,0.9890073693639776,76.44,train,76.01181030273438,0.7704973816871643,0.33550918102264404,5.301450729370117,-22.45464515686035,6084666.5,-0.4281896972656227,0.4281896972656227,0.18334641684442562,72.82597049985554,selection
2026-05-05T00:00:00Z,SPY,SPY260529C00664000,call,664.0,0.06575342465753424,71.58,0.3555972644042968,69.15,71.97,70.56,41.0,816.0,2026-05-29,2026-05-07 18:04:36+00:00,-0.9700012,-1.3370106,True,REGULAR,USD,2026-05-07T20:54:04+00:00,yfinance,723.77001953125,0.0080221858849922,0.0169737063165198,0.1216768442297367,0.0395,0.0,,2.819999999999993,0.03996598639455772,1.090015089655497,0.08619153986586835,transition_uncertainty,0.167657542093856,0.010953739079171,3.889155618166566e-05,0.9890073693639776,70.56,train,70.39947509765625,0.7363372445106506,0.31919050216674805,8.411767959594727,-21.87415313720703,5505560.5,-0.16052490234375227,0.16052490234375227,0.025768244272471204,67.01686935045132,selection
2026-05-05T00:00:00Z,SPY,SPY260529C00670000,call,670.0,0.06575342465753424,64.53,0.336371382446289,63.31,66.13,64.72,18.0,3399.0,2026-05-29,2026-05-07 18:17:46+00:00,-1.9700012,-2.9624078,True,REGULAR,USD,2026-05-07T20:54:04+00:00,yfinance,723.77001953125,0.0080221858849922,0.0169737063165198,0.1216768442297367,0.0395,0.0,,2.819999999999993,0.04357231149567357,1.080253760494403,0.0771959769572904,transition_uncertainty,0.167657542093856,0.010953739079171,3.889155618166566e-05,0.9890073693639776,64.72,train,64.7361831665039,0.7067030668258667,0.29728633165359497,12.72542667388916,-21.251476287841797,4774774.5,0.016183166503907387,0.016183166503907387,0.00026189487809319005,61.2569853101802,selection
2026-05-05T00:00:00Z,SPY,SPY260529C00679000,call,679.0,0.06575342465753424,56.34,0.3081123876953124,54.62,57.44,56.03,44.0,750.0,2026-05-29,2026-05-07 17:07:29+00:00,0.02999878,0.053274337,True,REGULAR,USD,2026-05-07T20:54:04+00:00,yfinance,723.77001953125,0.0080221858849922,0.0169737063165198,0.1216768442297367,0.0395,0.0,,2.8200000000000003,0.050330180260574696,1.0659352275865244,0.06385256178360614,transition_uncertainty,0.167657542093856,0.010953739079171,3.889155618166566e-05,0.9890073693639776,56.03,train,56.157920837402344,0.671393871307373,0.25529494881629944,21.704673767089844,-22.22538185119629,3513096.25,0.1279208374023426,0.1279208374023426,0.016363740641716577,52.709812954206996,selection
2026-05-05T00:00:00Z,SPY,SPY260529C00680000,call,680.0,0.06575342465753424,53.72,0.3052437640380859,53.67,56.49,55.08,41.0,2487.0,2026-05-29,2026-05-07 17:51:13+00:00,-3.4799995,-6.0839148,True,REGULAR,USD,2026-05-07T20:54:04+00:00,yfinance,723.77001953125,0.0080221858849922,0.0169737063165198,0.1216768442297367,0.0395,0.0,,2.8200000000000003,0.05119825708061003,1.06436767578125,0.06238089117214974,transition_uncertainty,0.167657542093856,0.010953739079171,3.889155618166566e-05,0.9890073693639776,55.08,train,55.20066833496094,0.6680935621261597,0.250088632106781,22.88624382019043,-22.580503463745117,3369365.5,0.1206683349609392,0.1206683349609392,0.014560847062245422,51.77993597988461,selection
2026-05-05T00:00:00Z,SPY,SPY260529C00681000,call,681.0,0.06575342465753424,51.3,0.3021004849243164,52.71,55.53,54.120000000000005,11.0,697.0,2026-05-29,2026-05-06 18:57:45+00:00,-4.049999,-7.3170724,True,REGULAR,USD,2026-05-07T20:54:04+00:00,yfinance,723.77001953125,0.0080221858849922,0.0169737063165198,0.1216768442297367,0.0395,0.0,,2.8200000000000003,0.052106430155210645,1.0628047276523496,0.060911383192789915,transition_uncertainty,0.167657542093856,0.010953739079171,3.889155618166566e-05,0.9890073693639776,54.120000000000005,train,54.243038177490234,0.6648985147476196,0.24479877948760986,24.102466583251953,-22.997587203979492,3226214.0,0.12303817749022983,0.12303817749022983,0.015138393120117298,50.83764162682439,selection
2026-05-05T00:00:00Z,SPY,SPY260529C00683000,call,683.0,0.06575342465753424,51.68,0.2959665130615234,50.81,53.62,52.215,14.0,331.0,2026-05-29,2026-05-07 17:41:17+00:00,-3.0999985,-5.658997,True,REGULAR,USD,2026-05-07T20:54:04+00:00,yfinance,723.77001953125,0.0080221858849922,0.0169737063165198,0.1216768442297367,0.0395,0.0,,2.809999999999995,0.053815953270133006,1.0596925615391655,0.05797882977151216,transition_uncertainty,0.167657542093856,0.010953739079171,3.889155618166566e-05,0.9890073693639776,52.215,train,52.32776641845703,0.6587990522384644,0.23400215804576874,26.6323299407959,-24.02523422241211,2943117.0,0.11276641845702784,0.11276641845702784,0.012716265131625508,48.9654044814323,selection
2026-05-05T00:00:00Z,SPY,SPY260529C00684000,call,684.0,0.06575342465753424,50.73,0.2929758203124999,49.86,52.67,51.265,13.0,1563.0,2026-05-29,2026-05-07 17:41:17+00:00,-2.3500023,-4.427284,True,REGULAR,USD,2026-05-07T20:54:04+00:00,yfinance,723.77001953125,0.0080221858849922,0.0169737063165198,0.1216768442297367,0.0395,0.0,,2.8100000000000023,0.054813225397444695,1.0581433034082601,0.05651577171975165,transition_uncertainty,0.167657542093856,0.010953739079171,3.889155618166566e-05,0.9890073693639776,51.265,train,51.37016296386719,0.6558781266212463,0.22850999236106873,27.943689346313477,-24.640857696533203,2803799.0,0.10516296386718693,0.10516296386718693,0.011059248969331264,48.03573515491132,selection
2026-05-05T00:00:00Z,SPY,SPY260529C00685000,call,685.0,0.06575342465753424,50.08,0.2636487210083008,48.91,50.53,49.72,18.0,1471.0,2026-05-29,2026-05-07 20:05:29+00:00,-2.2799988,-4.354467,True,REGULAR,USD,2026-05-07T20:54:04+00:00,yfinance,723.77001953125,0.0080221858849922,0.0169737063165198,0.1216768442297367,0.0395,0.0,,1.6200000000000045,0.0325824617860017,1.0565985686587591,0.05505485108007691,transition_uncertainty,0.167657542093856,0.010953739079171,3.889155618166566e-05,0.9890073693639776,49.72,train,50.41305160522461,0.6530311107635498,0.22296714782714844,29.283702850341797,-25.326337814331055,2666419.0,0.6930516052246105,0.6930516052246105,0.4803205275044094,45.74723711695924,selection
2026-05-05T00:00:00Z,SPY,SPY260529C00690000,call,690.0,0.06575342465753424,45.7,0.2754589056396483,44.21,47.02,45.615,29.0,2871.0,2026-05-29,2026-05-07 20:06:20+00:00,-0.6899986,-1.4873866,True,REGULAR,USD,2026-05-07T20:54:04+00:00,yfinance,723.77001953125,0.0080221858849922,0.0169737063165198,0.1216768442297367,0.0395,0.0,,2.8100000000000023,0.061602543023128405,1.0489420572916666,0.04778209175099704,transition_uncertainty,0.167657542093856,0.010953739079171,3.889155618166566e-05,0.9890073693639776,45.615,train,45.64148712158203,0.6395519971847534,0.19479058682918549,36.34564208984375,-29.835067749023438,2018574.625,0.02648712158202926,0.02648712158202926,0.0007015676097012003,42.52170309784265,selection
2026-05-05T00:00:00Z,SPY,SPY260529C00695000,call,695.0,0.06575342465753424,40.85,0.2612378564453125,39.57,42.38,40.975,34.0,3728.0,2026-05-29,2026-05-07 20:08:52+00:00,-3.2400017,-7.3486094,True,REGULAR,USD,2026-05-07T20:54:04+00:00,yfinance,723.77001953125,0.0080221858849922,0.0169737063165198,0.1216768442297367,0.0395,0.0,,2.8100000000000023,0.06857840146430756,1.0413957115557555,0.040561843777510175,transition_uncertainty,0.167657542093856,0.010953739079171,3.889155618166566e-05,0.9890073693639776,40.975,train,40.91819763183594,0.6263331174850464,0.16663970053195953,43.784507751464844,-36.11845397949219,1456930.625,-0.05680236816406392,0.05680236816406392,0.0032265090290458623,38.01287493997637,selection
2026-05-05T00:00:00Z,SPY,SPY260529C00696000,call,696.0,0.06575342465753424,39.97,0.2583997500610352,38.66,41.46,40.06,13.0,616.0,2026-05-29,2026-05-07 20:08:52+00:00,-2.2599983,-5.3516417,True,REGULAR,USD,2026-05-07T20:54:04+00:00,yfinance,723.77001953125,0.0080221858849922,0.0169737063165198,0.1216768442297367,0.0395,0.0,,2.8000000000000043,0.06989515726410395,1.0398994533494972,0.039124029007882616,transition_uncertainty,0.167657542093856,0.010953739079171,3.889155618166566e-05,0.9890073693639776,40.06,train,39.98269271850586,0.6235948204994202,0.16110508143901825,45.285987854003906,-37.57189178466797,1356738.375,-0.0773072814941429,0.0773072814941429,0.005976415772014649,37.11993609400497,selection
2026-05-05T00:00:00Z,SPY,SPY260529C00697000,call,697.0,0.06575342465753424,38.48,0.2440261145019531,37.74,39.93,38.835,15.0,821.0,2026-05-29,2026-05-07 16:57:30+00:00,-2.8300018,-6.8506455,True,REGULAR,USD,2026-05-07T20:54:04+00:00,yfinance,723.77001953125,0.0080221858849922,0.0169737063165198,0.1216768442297367,0.0395,0.0,,2.1899999999999977,0.056392429509463056,1.038407488567073,0.037688278581778256,transition_uncertainty,0.167657542093856,0.010953739079171,3.889155618166566e-05,0.9890073693639776,38.835,train,39.05086135864258,0.6208011507987976,0.15561971068382263,46.78425979614258,-39.08460998535156,1260792.375,0.21586135864257727,0.21586135864257727,0.04659612615501937,35.543665172602516,selection
2026-05-05T00:00:00Z,SPY,SPY260529C00700000,call,700.0,0.06575342465753424,36.31,0.2409133526611327,35.02,37.46,36.24,72.0,7971.0,2026-05-29,2026-05-07 20:12:10+00:00,-2.2999992,-5.957004,True,REGULAR,USD,2026-05-07T20:54:04+00:00,yfinance,723.77001953125,0.0080221858849922,0.0169737063165198,0.1216768442297367,0.0395,0.0,,2.4399999999999977,0.06732891832229573,1.0339571707589286,0.03339335429889753,transition_uncertainty,0.167657542093856,0.010953739079171,3.889155618166566e-05,0.9890073693639776,36.24,train,36.282100677490234,0.6119677424430847,0.13953398168087006,51.22764587402344,-43.94452667236328,998836.375,0.042100677490232385,0.042100677490232385,0.0017724670451365599,33.20274134008133,selection
2026-05-05T00:00:00Z,SPY,SPY260529C00701000,call,701.0,0.06575342465753424,33.91,0.2315750671386718,34.12,36.19,35.155,15.0,509.0,2026-05-29,2026-05-07 19:25:38+00:00,-2.6800003,-7.324406,True,REGULAR,USD,2026-05-07T20:54:04+00:00,yfinance,723.77001953125,0.0080221858849922,0.0169737063165198,0.1216768442297367,0.0395,0.0,,2.0700000000000003,0.058882093585549716,1.0324821961929387,0.03196580230771214,transition_uncertainty,0.167657542093856,0.010953739079171,3.889155618166566e-05,0.9890073693639776,35.155,train,35.36918258666992,0.6088429689407349,0.13431629538536072,52.67964172363281,-45.65829086303711,920134.5625,0.21418258666992074,0.21418258666992074,0.04587418043261811,31.921927981726412,selection
2026-05-05T00:00:00Z,SPY,SPY260529C00703000,call,703.0,0.06575342465753424,32.24,0.2395095581054687,32.33,35.14,33.735,42.0,448.0,2026-05-29,2026-05-07 17:54:13+00:00,-4.029999,-11.111108,True,REGULAR,USD,2026-05-07T20:54:04+00:00,yfinance,723.77001953125,0.0080221858849922,0.0169737063165198,0.1216768442297367,0.0395,0.0,,2.8100000000000023,0.0832962798280718,1.0295448357485775,0.029116797531637248,transition_uncertainty,0.167657542093856,0.010953739079171,3.889155618166566e-05,0.9890073693639776,33.735,train,33.56018829345703,0.602278470993042,0.12412956357002258,55.51816940307617,-49.19993591308594,775421.375,-0.17481170654296818,0.17481170654296818,0.030559132744464826,31.02637465655488,selection
2026-05-05T00:00:00Z,SPY,SPY260529C00705000,call,705.0,0.06575342465753424,31.15,0.2344131735229492,30.57,33.38,31.975,82.0,1714.0,2026-05-29,2026-05-07 20:00:12+00:00,-2.9699993,-8.704571,True,REGULAR,USD,2026-05-07T20:54:04+00:00,yfinance,723.77001953125,0.0080221858849922,0.0169737063165198,0.1216768442297367,0.0395,0.0,,2.8100000000000023,0.08788115715402665,1.026624141179078,0.026275886530033505,transition_uncertainty,0.167657542093856,0.010953739079171,3.889155618166566e-05,0.9890073693639776,31.975,train,31.77665138244629,0.595245361328125,0.11430676281452179,58.246124267578125,-52.861358642578125,647170.375,-0.19834861755371236,0.19834861755371236,0.03934217408546885,29.341554277302066,selection
2026-05-05T00:00:00Z,SPY,SPY260529C00706000,call,706.0,0.06575342465753424,32.26,0.2317581707763671,29.69,32.5,31.095,12.0,620.0,2026-05-29,2026-05-07 16:34:40+00:00,0.36999893,1.160235,True,REGULAR,USD,2026-05-07T20:54:04+00:00,yfinance,723.77001953125,0.0080221858849922,0.0169737063165198,0.1216768442297367,0.0395,0.0,,2.8099999999999987,0.09036822640295863,1.0251699993360481,0.024858451849060104,transition_uncertainty,0.167657542093856,0.010953739079171,3.889155618166566e-05,0.9890073693639776,31.095,train,30.895301818847656,0.5915452241897583,0.10954134166240692,59.55928421020508,-54.72391891479492,588980.5625,-0.1996981811523426,0.1996981811523426,0.03987936355555385,28.499403838511455,selection
2026-05-05T00:00:00Z,SPY,SPY260529C00707000,call,707.0,0.06575342465753424,29.44,0.2291947198486328,28.82,31.63,30.225,14.0,504.0,2026-05-29,2026-05-07 17:19:27+00:00,-3.2399998,-9.91432,True,REGULAR,USD,2026-05-07T20:54:04+00:00,yfinance,723.77001953125,0.0080221858849922,0.0169737063165198,0.1216768442297367,0.0395,0.0,,2.8099999999999987,0.0929693961952026,1.0237199710484441,0.023443023445729464,transition_uncertainty,0.167657542093856,0.010953739079171,3.889155618166566e-05,0.9890073693639776,30.225,train,30.02122688293457,0.5877153277397156,0.10487668961286545,60.83447265625,-56.601531982421875,534588.0625,-0.2037731170654311,0.2037731170654311,0.04152348323856189,27.66829572663562,selection
2026-05-05T00:00:00Z,SPY,SPY260529C00708000,call,708.0,0.06575342465753424,28.56,0.2267533380126953,27.96,30.77,29.365000000000002,75.0,883.0,2026-05-29,2026-05-07 19:52:03+00:00,-2.67,-8.549472,True,REGULAR,USD,2026-05-07T20:54:04+00:00,yfinance,723.77001953125,0.0080221858849922,0.0169737063165198,0.1216768442297367,0.0395,0.0,,2.8099999999999987,0.09569215051932568,1.0222740388859464,0.022029595648582485,transition_uncertainty,0.167657542093856,0.010953739079171,3.889155618166566e-05,0.9890073693639776,29.365000000000002,train,29.15498161315918,0.5837569236755371,0.100315622985363,62.06787109375,-58.48826599121094,483872.3125,-0.2100183868408223,0.2100183868408223,0.04410772281122128,26.850647760525817,selection
2026-05-05T00:00:00Z,SPY,SPY260529C00709000,call,709.0,0.06575342465753424,27.4,0.2242204043579101,27.1,29.91,28.505000000000003,12.0,1036.0,2026-05-29,2026-05-07 19:04:06+00:00,-3.3600006,-10.923279,True,REGULAR,USD,2026-05-07T20:54:04+00:00,yfinance,723.77001953125,0.0080221858849922,0.0169737063165198,0.1216768442297367,0.0395,0.0,,2.8099999999999987,0.09857919663216974,1.0208321855165727,0.0206181628101748,transition_uncertainty,0.167657542093856,0.010953739079171,3.889155618166566e-05,0.9890073693639776,28.505000000000003,train,28.296701431274414,0.5796691179275513,0.09585952013731003,63.25639343261719,-60.37947463989258,436693.3125,-0.2082985687255885,0.2082985687255885,0.04338829373312871,26.032495194040337,selection
2026-05-05T00:00:00Z,SPY,SPY260529C00710000,call,710.0,0.06575342465753424,26.6,0.2216264361572265,26.25,29.05,27.65,115.0,3355.0,2026-05-29,2026-05-07 20:01:17+00:00,-3.3999996,-11.333332,True,REGULAR,USD,2026-05-07T20:54:04+00:00,yfinance,723.77001953125,0.0080221858849922,0.0169737063165198,0.1216768442297367,0.0395,0.0,,2.8000000000000007,0.10126582278481015,1.019394393705986,0.01920871930694113,transition_uncertainty,0.167657542093856,0.010953739079171,3.889155618166566e-05,0.9890073693639776,27.65,train,27.447032928466797,0.5754561424255371,0.09151023626327515,64.39644622802734,-62.26924133300781,392915.9375,-0.2029670715332017,0.2029670715332017,0.04119563212676382,25.21597920777367,selection
2026-05-05T00:00:00Z,SPY,SPY260529C00711000,call,711.0,0.06575342465753424,25.88,0.2192460888671875,25.4,28.21,26.805,10.0,1124.0,2026-05-29,2026-05-07 16:03:26+00:00,-2.8900013,-10.04519,True,REGULAR,USD,2026-05-07T20:54:04+00:00,yfinance,723.77001953125,0.0080221858849922,0.0169737063165198,0.1216768442297367,0.0395,0.0,,2.8100000000000023,0.10483118821115472,1.0179606463168074,0.017801259539061396,transition_uncertainty,0.167657542093856,0.010953739079171,3.889155618166566e-05,0.9890073693639776,26.805,train,26.605880737304688,0.5711176991462708,0.08726733177900314,65.48542785644531,-64.15365600585938,352381.21875,-0.19911926269531222,0.19911926269531222,0.039648480776324754,24.420073023601105,selection
2026-05-05T00:00:00Z,SPY,SPY260529C00712000,call,712.0,0.06575342465753424,26.03,0.2152483261108398,24.57,27.27,25.92,18.0,1233.0,2026-05-29,2026-05-07 16:21:40+00:00,-2.2299995,-7.8910103,True,REGULAR,USD,2026-05-07T20:54:04+00:00,yfinance,723.77001953125,0.0080221858849922,0.0169737063165198,0.1216768442297367,0.0395,0.0,,2.6999999999999993,0.10416666666666663,1.0165309263079354,0.016395777930326448,transition_uncertainty,0.167657542093856,0.010953739079171,3.889155618166566e-05,0.9890073693639776,25.92,train,25.77393341064453,0.5666619539260864,0.0831315889954567,66.51994323730469,-66.02691650390625,314945.875,-0.14606658935547046,0.14606658935547046,0.021335448525939636,23.518808329304136,selection
2026-05-05T00:00:00Z,SPY,SPY260529C00713000,call,713.0,0.06575342465753424,24.35,0.2127459097290039,23.73,26.43,25.08,12.0,1227.0,2026-05-29,2026-05-07 18:42:01+00:00,-3.08,-11.228581,True,REGULAR,USD,2026-05-07T20:54:04+00:00,yfinance,723.77001953125,0.0080221858849922,0.0169737063165198,0.1216768442297367,0.0395,0.0,,2.6999999999999993,0.10765550239234448,1.015105216733871,0.014992268928006298,transition_uncertainty,0.167657542093856,0.010953739079171,3.889155618166566e-05,0.9890073693639776,25.08,train,24.951213836669922,0.5620933175086975,0.07910213619470596,67.49746704101562,-67.88521575927734,280452.53125,-0.12878616333007642,0.12878616333007642,0.01658587586528112,22.72666532741124,selection
2026-05-05T00:00:00Z,SPY,SPY260529C00714000,call,714.0,0.06575342465753424,26.89,0.2104571142578125,22.9,25.61,24.255,12.0,809.0,2026-05-29,2026-05-07 14:52:16+00:00,0.48999977,1.8560598,True,REGULAR,USD,2026-05-07T20:54:04+00:00,yfinance,723.77001953125,0.0080221858849922,0.0169737063165198,0.1216768442297367,0.0395,0.0,,2.710000000000001,0.11172954030096892,1.0136835007440477,0.013590727002717873,transition_uncertainty,0.167657542093856,0.010953739079171,3.889155618166566e-05,0.9890073693639776,24.255,train,24.1381778717041,0.5574236512184143,0.07517815381288528,68.41499328613281,-69.7236099243164,248749.703125,-0.11682212829589744,0.11682212829589744,0.013647409659583122,21.956387638961303,selection
2026-05-05T00:00:00Z,SPY,SPY260529C00715000,call,715.0,0.06575342465753424,22.6,0.205787971496582,22.39,24.64,23.515,155.0,2324.0,2026-05-29,2026-05-07 19:10:46+00:00,-3.1299992,-12.164784,True,REGULAR,USD,2026-05-07T20:54:04+00:00,yfinance,723.77001953125,0.0080221858849922,0.0169737063165198,0.1216768442297367,0.0395,0.0,,2.25,0.0956836062088029,1.0122657615821677,0.012191146648294465,transition_uncertainty,0.167657542093856,0.010953739079171,3.889155618166566e-05,0.9890073693639776,23.515,train,23.335039138793945,0.55265873670578,0.07135794311761856,69.27037048339844,-71.53852844238281,219682.390625,-0.17996086120605526,0.17996086120605526,0.032385911566025084,21.025266147801403,selection
2026-05-05T00:00:00Z,SPY,SPY260529C00716000,call,716.0,0.06575342465753424,21.96,0.2057269369506835,21.28,23.98,22.630000000000003,69.0,986.0,2026-05-29,2026-05-07 17:43:02+00:00,-2.7200012,-11.021074,True,REGULAR,USD,2026-05-07T20:54:04+00:00,yfinance,723.77001953125,0.0080221858849922,0.0169737063165198,0.1216768442297367,0.0395,0.0,,2.6999999999999993,0.11931064958020322,1.0108519825855447,0.01079352238165655,transition_uncertainty,0.167657542093856,0.010953739079171,3.889155618166566e-05,0.9890073693639776,22.630000000000003,train,22.542055130004883,0.5478144288063049,0.06763941794633865,70.06099700927734,-73.32608032226562,193099.65625,-0.08794486999511975,0.08794486999511975,0.007734300158458513,20.427393177062015,selection
2026-05-05T00:00:00Z,SPY,SPY260529C00717000,call,717.0,0.06575342465753424,21.75,0.2001727932739258,20.73,22.96,21.845,265.0,19690.0,2026-05-29,2026-05-07 20:02:34+00:00,-2.1399994,-8.957721,True,REGULAR,USD,2026-05-07T20:54:04+00:00,yfinance,723.77001953125,0.0080221858849922,0.0169737063165198,0.1216768442297367,0.0395,0.0,,2.2300000000000004,0.10208285648889909,1.009442147184449,0.00939784874268178,transition_uncertainty,0.167657542093856,0.010953739079171,3.889155618166566e-05,0.9890073693639776,21.845,train,21.759395599365234,0.5429019331932068,0.06401996314525604,70.78495025634766,-75.0833511352539,168852.34375,-0.08560440063476449,0.08560440063476449,0.007328113408037267,19.446175729176332,selection
2026-05-05T00:00:00Z,SPY,SPY260529C00718000,call,718.0,0.06575342465753424,21.0,0.1973652041625976,19.99,22.13,21.06,37.0,507.0,2026-05-29,2026-05-07 20:07:47+00:00,-2.3500004,-10.064241,True,REGULAR,USD,2026-05-07T20:54:04+00:00,yfinance,723.77001953125,0.0080221858849922,0.0169737063165198,0.1216768442297367,0.0395,0.0,,2.1400000000000006,0.10161443494776831,1.0080362389014623,0.008004120294077951,transition_uncertainty,0.167657542093856,0.010953739079171,3.889155618166566e-05,0.9890073693639776,21.06,train,20.987388610839844,0.537940502166748,0.06049700453877449,71.4400634765625,-76.80728149414062,146799.234375,-0.07261138916015497,0.07261138916015497,0.005272413835767471,18.6683025034921,selection
2026-05-05T00:00:00Z,SPY,SPY260529C00719000,call,719.0,0.06575342465753424,19.44,0.1990436541748046,19.02,21.61,20.314999999999998,80.0,612.0,2026-05-29,2026-05-07 18:10:39+00:00,-1.5499992,-7.384465,True,REGULAR,USD,2026-05-07T20:54:04+00:00,yfinance,723.77001953125,0.0080221858849922,0.0169737063165198,0.1216768442297367,0.0395,0.0,,2.59,0.12749200098449423,1.0066342413508345,0.006612331621255484,transition_uncertainty,0.167657542093856,0.010953739079171,3.889155618166566e-05,0.9890073693639776,20.314999999999998,train,20.226041793823242,0.5329403877258301,0.057066671550273895,72.02499389648438,-78.49612426757812,126797.828125,-0.08895820617675554,0.08895820617675554,0.007913562446186148,18.22376699295353,selection
2026-05-05T00:00:00Z,SPY,SPY260529C00720000,call,720.0,0.06575342465753424,19.38,0.192818130493164,18.53,20.56,19.545,519.0,5877.0,2026-05-29,2026-05-07 20:09:30+00:00,-2.4500008,-11.223091,True,REGULAR,USD,2026-05-07T20:54:04+00:00,yfinance,723.77001953125,0.0080221858849922,0.0169737063165198,0.1216768442297367,0.0395,0.0,,2.0299999999999976,0.10386288053210527,1.0052361382378472,0.005222477332201177,transition_uncertainty,0.167657542093856,0.010953739079171,3.889155618166566e-05,0.9890073693639776,19.545,train,19.475744247436523,0.5279266834259033,0.05372592434287071,72.53791809082031,-80.1476821899414,108719.0859375,-0.06925575256347827,0.06925575256347827,0.004796359263133727,17.21555678506985,selection
2026-05-05T00:00:00Z,SPY,SPY260529C00721000,call,721.0,0.06575342465753424,17.79,0.183052603149414,18.19,19.27,18.73,132.0,1018.0,2026-05-29,2026-05-07 17:33:29+00:00,-3.1099987,-14.880377,True,REGULAR,USD,2026-05-07T20:54:04+00:00,yfinance,723.77001953125,0.0080221858849922,0.0169737063165198,0.1216768442297367,0.0395,0.0,,1.0799999999999983,0.05766150560597962,1.003841913358183,0.0038345520573531203,transition_uncertainty,0.167657542093856,0.010953739079171,3.889155618166566e-05,0.9890073693639776,18.73,train,18.736419677734375,0.5229175090789795,0.05047042667865753,72.97766876220703,-81.76118469238281,92434.296875,0.006419677734374574,0.006419677734374574,4.121226221322466e-05,15.955337945121357,selection
2026-05-05T00:00:00Z,SPY,SPY260529C00722000,call,722.0,0.06575342465753424,17.3,0.1792074267578124,17.36,18.39,17.875,36.0,1178.0,2026-05-29,2026-05-07 17:25:55+00:00,-2.1400013,-11.008237,True,REGULAR,USD,2026-05-07T20:54:04+00:00,yfinance,723.77001953125,0.0080221858849922,0.0169737063165198,0.1216768442297367,0.0395,0.0,,1.0300000000000011,0.057622377622377687,1.002451550597299,0.002448550449475876,transition_uncertainty,0.167657542093856,0.010953739079171,3.889155618166566e-05,0.9890073693639776,17.875,train,18.00836753845215,0.5179358124732971,0.04729682207107544,73.3431396484375,-83.33576202392578,77827.953125,0.13336753845214844,0.13336753845214844,0.017786900312785292,15.135157210090313,selection
2026-05-05T00:00:00Z,SPY,SPY260529C00723000,call,723.0,0.06575342465753424,16.33,0.1769186312866211,17.14,17.63,17.384999999999998,35.0,979.0,2026-05-29,2026-05-07 17:27:48+00:00,-3.0599995,-15.781328,True,REGULAR,USD,2026-05-07T20:54:04+00:00,yfinance,723.77001953125,0.0080221858849922,0.0169737063165198,0.1216768442297367,0.0395,0.0,,0.48999999999999844,0.028185217141213602,1.0010650339298064,0.0010644671835375486,transition_uncertainty,0.167657542093856,0.010953739079171,3.889155618166566e-05,0.9890073693639776,17.384999999999998,train,17.291576385498047,0.5130016803741455,0.04420093446969986,73.63359832763672,-84.87158966064453,64788.06640625,-0.09342361450195114,0.09342361450195114,0.008727971746609175,14.439357697439675,selection
2026-05-05T00:00:00Z,SPY,SPY260529C00724000,call,724.0,0.06575342465753424,15.89,0.1750875949096679,15.91,16.91,16.41,72.0,1522.0,2026-05-29,2026-05-07 19:31:09+00:00,-2.6799994,-14.431876,True,REGULAR,USD,2026-05-07T20:54:04+00:00,yfinance,723.77001953125,0.0080221858849922,0.0169737063165198,0.1216768442297367,0.0395,0.0,,1.0,0.06093845216331505,0.9996823474188536,-0.00031770304341410534,transition_uncertainty,0.167657542093856,0.010953739079171,3.889155618166566e-05,0.9890073693639776,16.41,train,16.586183547973633,0.5081382393836975,0.04117942601442337,73.8484115600586,-86.36898803710938,53213.7109375,0.17618354797363267,0.17618354797363267,0.031040642576577324,13.788422646604658,selection
2026-05-05T00:00:00Z,SPY,SPY260529C00725000,call,725.0,0.06575342465753424,15.79,0.1788717367553711,15.15,16.6,15.875,361.0,5103.0,2026-05-29,2026-05-07 20:08:08+00:00,-1.6699991,-9.564714,True,REGULAR,USD,2026-05-07T20:54:04+00:00,yfinance,723.77001953125,0.0080221858849922,0.0169737063165198,0.1216768442297367,0.0395,0.0,,1.450000000000001,0.09133858267716542,0.9983034752155172,-0.0016979655123726006,transition_uncertainty,0.167657542093856,0.010953739079171,3.889155618166566e-05,0.9890073693639776,15.875,train,15.892280578613281,0.5033693313598633,0.03822916001081467,73.98722076416016,-87.82893371582031,43011.08203125,0.01728057861328125,0.01728057861328125,0.00029861839720979333,13.564494121830194,selection
2026-05-05T00:00:00Z,SPY,SPY260529C00726000,call,726.0,0.06575342465753424,14.49,0.1833882931518554,14.58,16.36,15.469999999999999,24.0,965.0,2026-05-29,2026-05-07 19:42:15+00:00,-2.4099998,-14.260354,True,REGULAR,USD,2026-05-07T20:54:04+00:00,yfinance,723.77001953125,0.0080221858849922,0.0169737063165198,0.1216768442297367,0.0395,0.0,,1.7799999999999994,0.1150614091790562,0.9969284015581956,-0.0030763254824938543,transition_uncertainty,0.167657542093856,0.010953739079171,3.889155618166566e-05,0.9890073693639776,15.469999999999999,train,15.209773063659668,0.4987160861492157,0.03534763678908348,74.04993438720703,-89.25287628173828,34094.2578125,-0.2602269363403309,0.2602269363403309,0.06771805839707463,13.40747499549127,selection
2026-05-05T00:00:00Z,SPY,SPY260529C00727000,call,727.0,0.06575342465753424,13.55,0.1809163940429687,13.3,15.63,14.465,22.0,873.0,2026-05-29,2026-05-07 20:01:27+00:00,-2.87,-17.478685,True,REGULAR,USD,2026-05-07T20:54:04+00:00,yfinance,723.77001953125,0.0080221858849922,0.0169737063165198,0.1216768442297367,0.0395,0.0,,2.33,0.16107846526097477,0.9955571107720083,-0.004452788191217155,transition_uncertainty,0.167657542093856,0.010953739079171,3.889155618166566e-05,0.9890073693639776,14.465,train,14.538792610168457,0.4941982626914978,0.032533932477235794,74.03665924072266,-90.64216613769531,26386.373046875,0.07379261016845717,0.07379261016845717,0.005445349315473889,12.745001790976403,selection
2026-05-05T00:00:00Z,SPY,SPY260529C00728000,call,728.0,0.06575342465753424,13.19,0.1708456939697266,13.64,14.36,14.0,34.0,1199.0,2026-05-29,2026-05-07 19:39:41+00:00,-2.3400002,-15.067613,True,REGULAR,USD,2026-05-07T20:54:04+00:00,yfinance,723.77001953125,0.0080221858849922,0.0169737063165198,0.1216768442297367,0.0395,0.0,,0.7199999999999989,0.051428571428571344,0.9941895872682005,-0.00582735885438381,transition_uncertainty,0.167657542093856,0.010953739079171,3.889155618166566e-05,0.9890073693639776,14.0,train,13.879399299621582,0.4898325502872467,0.029788292944431305,73.94775390625,-91.99828338623047,19816.0703125,-0.12060070037841797,0.12060070037841797,0.014544528931764944,11.532565686944451,selection
2026-05-05T00:00:00Z,SPY,SPY260529C00729000,call,729.0,0.06575342465753424,12.47,0.176766044921875,12.63,14.26,13.445,15.0,939.0,2026-05-29,2026-05-07 19:31:34+00:00,-2.54,-16.922052,True,REGULAR,USD,2026-05-07T20:54:04+00:00,yfinance,723.77001953125,0.0080221858849922,0.0169737063165198,0.1216768442297367,0.0395,0.0,,1.629999999999999,0.12123465972480468,0.9928258155435528,-0.007200042666355996,transition_uncertainty,0.167657542093856,0.010953739079171,3.889155618166566e-05,0.9890073693639776,13.445,train,13.231483459472656,0.48562800884246826,0.027113022282719612,73.78378295898438,-93.32246398925781,14317.18359375,-0.21351654052734403,0.21351654052734403,0.045589313078764945,11.514969344328392,selection
2026-05-05T00:00:00Z,SPY,SPY260529C00730000,call,730.0,0.06575342465753424,12.31,0.1602867175292968,12.33,12.54,12.434999999999999,1243.0,6144.0,2026-05-29,2026-05-07 20:09:30+00:00,-1.6899996,-12.071425,True,REGULAR,USD,2026-05-07T20:54:04+00:00,yfinance,723.77001953125,0.0080221858849922,0.0169737063165198,0.1216768442297367,0.0395,0.0,,0.20999999999999908,0.01688781664656205,0.9914657801797945,-0.008570844800134652,transition_uncertainty,0.167657542093856,0.010953739079171,3.889155618166566e-05,0.9890073693639776,12.434999999999999,train,12.595138549804688,0.4815917909145355,0.024513104930520058,73.54560089111328,-94.61531066894531,9826.7158203125,0.16013854980468878,0.16013854980468878,0.025644355133548787,9.85968576378474,selection
2026-05-05T00:00:00Z,SPY,SPY260529C00731000,call,731.0,0.06575342465753424,12.1,0.1631248239135742,11.71,12.24,11.975000000000001,461.0,1391.0,2026-05-29,2026-05-07 20:02:44+00:00,-1.5899992,-11.614312,True,REGULAR,USD,2026-05-07T20:54:04+00:00,yfinance,723.77001953125,0.0080221858849922,0.0169737063165198,0.1216768442297367,0.0395,0.0,,0.5299999999999994,0.04425887265135694,0.9901094658430233,-0.009939770407476269,transition_uncertainty,0.167657542093856,0.010953739079171,3.889155618166566e-05,0.9890073693639776,11.975000000000001,train,11.97037124633789,0.47771763801574707,0.02199650928378105,73.23416900634766,-95.87628173828125,6281.30029296875,-0.004628753662110796,0.004628753662110796,2.1425360464504107e-05,9.640796366303448,selection
2026-05-05T00:00:00Z,SPY,SPY260529C00732000,call,732.0,0.06575342465753424,11.16,0.1555260229492187,11.14,11.19,11.165,650.0,1369.0,2026-05-29,2026-05-07 20:06:39+00:00,-1.8699999,-14.351496,False,REGULAR,USD,2026-05-07T20:54:04+00:00,yfinance,723.77001953125,0.0080221858849922,0.0169737063165198,0.1216768442297367,0.0395,0.0,,0.049999999999998934,0.004478280340349211,0.9887568572831285,-0.011306824619009313,transition_uncertainty,0.167657542093856,0.010953739079171,3.889155618166566e-05,0.9890073693639776,11.165,train,11.357312202453613,0.4739896059036255,0.019575215876102448,72.85077667236328,-97.1031265258789,3614.293701171875,0.19231220245361413,0.19231220245361413,0.03698398321255987,8.673870451159928,selection
2026-05-05T00:00:00Z,SPY,SPY260529C00733000,call,733.0,0.06575342465753424,10.88,0.1538780902099609,10.53,10.59,10.559999999999999,37960.0,37587.0,2026-05-29,2026-05-07 20:02:44+00:00,-1.3400002,-10.9656315,False,REGULAR,USD,2026-05-07T20:54:04+00:00,yfinance,723.77001953125,0.0080221858849922,0.0169737063165198,0.1216768442297367,0.0395,0.0,,0.0600000000000005,0.00568181818181823,0.9874079393332197,-0.012672012544349244,transition_uncertainty,0.167657542093856,0.010953739079171,3.889155618166566e-05,0.9890073693639776,10.559999999999999,train,10.755887985229492,0.47037485241889954,0.017265236005187035,72.39684295654297,-98.29151916503906,1750.9300537109375,0.19588798522949347,0.19588798522949347,0.03837210275727025,8.156998739595508,selection
2026-05-05T00:00:00Z,SPY,SPY260529C00734000,call,734.0,0.06575342465753424,10.04,0.1521691229248047,9.95,10.0,9.975,717.0,1025.0,2026-05-29,2026-05-07 20:02:57+00:00,-1.5100002,-13.073595,False,REGULAR,USD,2026-05-07T20:54:04+00:00,yfinance,723.77001953125,0.0080221858849922,0.0169737063165198,0.1216768442297367,0.0395,0.0,,0.05000000000000071,0.005012531328320874,0.9860626969090599,-0.014035339272213421,transition_uncertainty,0.167657542093856,0.010953739079171,3.889155618166566e-05,0.9890073693639776,9.975,train,10.166461944580078,0.46682417392730713,0.015087563544511795,71.87401580810547,-99.43376922607422,604.7080688476562,0.19146194458007848,0.19146194458007848,0.03665767622238504,7.6510356108422,selection
2026-05-05T00:00:00Z,SPY,SPY260529C00735000,call,735.0,0.06575342465753424,9.3,0.1505364488220215,9.37,9.43,9.399999999999999,1993.0,20290.0,2026-05-29,2026-05-07 20:13:16+00:00,-1.5500002,-14.285715,False,REGULAR,USD,2026-05-07T20:54:04+00:00,yfinance,723.77001953125,0.0080221858849922,0.0169737063165198,0.1216768442297367,0.0395,0.0,,0.0600000000000005,0.006382978723404309,0.9847211150085035,-0.015396809870534415,transition_uncertainty,0.167657542093856,0.010953739079171,3.889155618166566e-05,0.9890073693639776,9.399999999999999,train,9.589093208312988,0.4632635712623596,0.013067886233329773,71.2840347290039,-100.51858520507812,73.2290267944336,0.1890932083129897,0.1890932083129897,0.03575624143009972,7.1661276299016095,selection
2026-05-05T00:00:00Z,SPY,SPY260529C00736000,call,736.0,0.06575342465753424,8.32,0.1488427401733398,8.82,8.87,8.844999999999999,918.0,1242.0,2026-05-29,2026-05-07 19:42:23+00:00,-2.2400007,-21.212128,False,REGULAR,USD,2026-05-07T20:54:04+00:00,yfinance,723.77001953125,0.0080221858849922,0.0169737063165198,0.1216768442297367,0.0395,0.0,,0.049999999999998934,0.005652911249293267,0.9833831787109375,-0.016756429386574033,transition_uncertainty,0.167657542093856,0.010953739079171,3.889155618166566e-05,0.9890073693639776,8.844999999999999,train,9.024276733398438,0.459602028131485,0.011236608028411865,70.62911224365234,-101.53038024902344,36.23200225830078,0.17927673339843864,0.17927673339843864,0.03214014713801484,6.692829061973043,selection
2026-05-05T00:00:00Z,SPY,SPY260529C00737000,call,737.0,0.06575342465753424,7.8,0.1473168765258789,8.29,8.34,8.315,478.0,1342.0,2026-05-29,2026-05-07 19:42:23+00:00,-2.2600002,-22.46521,False,REGULAR,USD,2026-05-07T20:54:04+00:00,yfinance,723.77001953125,0.0080221858849922,0.0169737063165198,0.1216768442297367,0.0395,0.0,,0.05000000000000071,0.00601322910402895,0.98204887317673,-0.01811420284703443,transition_uncertainty,0.167657542093856,0.010953739079171,3.889155618166566e-05,0.9890073693639776,8.315,train,8.472394943237305,0.4557107388973236,0.009627845138311386,69.91109466552734,-102.44744873046875,356.08160400390625,0.15739494323730518,0.15739494323730518,0.024773168156674522,6.247301387844999,selection
2026-05-05T00:00:00Z,SPY,SPY260529C00738000,call,738.0,0.06575342465753424,7.89,0.1456079092407226,7.77,7.81,7.789999999999999,554.0,922.0,2026-05-29,2026-05-07 20:02:44+00:00,-1.31,-14.239131,False,REGULAR,USD,2026-05-07T20:54:04+00:00,yfinance,723.77001953125,0.0080221858849922,0.0169737063165198,0.1216768442297367,0.0395,0.0,,0.040000000000000036,0.005134788189987168,0.9807181836466802,-0.019470135258170332,transition_uncertainty,0.167657542093856,0.010953739079171,3.889155618166566e-05,0.9890073693639776,7.789999999999999,train,7.934060573577881,0.4514438509941101,0.008277639746665955,69.13245391845703,-103.2433090209961,882.5299072265625,0.1440605735778817,0.1440605735778817,0.02075344885958827,5.805587538169647,selection
2026-05-05T00:00:00Z,SPY,SPY260529C00739000,call,739.0,0.06575342465753424,6.77,0.1442041146850585,7.27,7.32,7.295,345.0,1323.0,2026-05-29,2026-05-07 20:01:04+00:00,-1.8899999,-21.824478,False,REGULAR,USD,2026-05-07T20:54:04+00:00,yfinance,723.77001953125,0.0080221858849922,0.0169737063165198,0.1216768442297367,0.0395,0.0,,0.05000000000000071,0.006854009595613531,0.979391095441475,-0.020824231605899576,transition_uncertainty,0.167657542093856,0.010953739079171,3.889155618166566e-05,0.9890073693639776,7.295,train,7.410071849822998,0.4466301202774048,0.007221314590424299,68.29578399658203,-103.88583374023438,1462.59619140625,0.11507184982299812,0.11507184982299812,0.013241530621686632,5.40088156148758,selection
2026-05-05T00:00:00Z,SPY,SPY260529C00740000,call,740.0,0.06575342465753424,6.76,0.142739285583496,6.79,6.84,6.8149999999999995,38921.0,5795.0,2026-05-29,2026-05-07 20:11:52+00:00,-1.4499998,-17.661386,False,REGULAR,USD,2026-05-07T20:54:04+00:00,yfinance,723.77001953125,0.0080221858849922,0.0169737063165198,0.1216768442297367,0.0395,0.0,,0.04999999999999982,0.007336757153338199,0.9780675939611486,-0.022176496855913264,transition_uncertainty,0.167657542093856,0.010953739079171,3.889155618166566e-05,0.9890073693639776,6.8149999999999995,train,6.901330947875977,0.4410722851753235,0.006489762105047703,67.40335845947266,-104.3369140625,1955.38525390625,0.08633094787597706,0.08633094787597706,0.007453032561164668,5.0084392126422586,selection
2026-05-05T00:00:00Z,SPY,SPY260529C00741000,call,741.0,0.06575342465753424,6.53,0.1413049737548828,6.33,6.38,6.355,263.0,704.0,2026-05-29,2026-05-07 20:02:44+00:00,-1.1799998,-15.304797,False,REGULAR,USD,2026-05-07T20:54:04+00:00,yfinance,723.77001953125,0.0080221858849922,0.0169737063165198,0.1216768442297367,0.0395,0.0,,0.04999999999999982,0.00786782061368998,0.9767476646845479,-0.023526935953784713,transition_uncertainty,0.167657542093856,0.010953739079171,3.889155618166566e-05,0.9890073693639776,6.355,train,6.40903902053833,0.43457353115081787,0.006104737054556608,66.45825958251953,-104.55598449707031,2250.539306640625,0.05403902053832965,0.05403902053832965,0.002920215740742014,4.634431568487344,selection
2026-05-05T00:00:00Z,SPY,SPY260529C00742000,call,742.0,0.06575342465753424,5.92,0.1399011791992187,5.89,5.94,5.915,511.0,3210.0,2026-05-29,2026-05-07 20:14:45+00:00,-1.4200001,-19.346048,False,REGULAR,USD,2026-05-07T20:54:04+00:00,yfinance,723.77001953125,0.0080221858849922,0.0169737063165198,0.1216768442297367,0.0395,0.0,,0.05000000000000071,0.00845308537616242,0.9754312931688005,-0.024875553825078275,transition_uncertainty,0.167657542093856,0.010953739079171,3.889155618166566e-05,0.9890073693639776,5.915,train,5.934466361999512,0.4269319176673889,0.006074027623981237,65.46300506591797,-104.4999771118164,2285.763427734375,0.019466361999511683,0.019466361999511683,0.0003789392494960325,4.278807156164504,selection
2026-05-05T00:00:00Z,SPY,SPY260529C00743000,call,743.0,0.06575342465753424,5.45,0.138405832824707,5.47,5.51,5.49,362.0,2646.0,2026-05-29,2026-05-07 20:07:20+00:00,-1.3200002,-19.497787,False,REGULAR,USD,2026-05-07T20:54:04+00:00,yfinance,723.77001953125,0.0080221858849922,0.0169737063165198,0.1216768442297367,0.0395,0.0,,0.040000000000000036,0.007285974499089259,0.9741184650487887,-0.02622235537545691,transition_uncertainty,0.167657542093856,0.010953739079171,3.889155618166566e-05,0.9890073693639776,5.49,train,5.478906631469727,0.4179651439189911,0.006386511493474245,64.42045593261719,-104.12730407714844,2058.864990234375,-0.01109336853027365,0.01109336853027365,0.00012306282534846577,3.934133944806632,selection
2026-05-05T00:00:00Z,SPY,SPY260529C00744000,call,744.0,0.06575342465753424,4.81,0.1371241073608398,5.06,5.11,5.085,163.0,554.0,2026-05-29,2026-05-07 19:47:42+00:00,-1.4900002,-23.650797,False,REGULAR,USD,2026-05-07T20:54:04+00:00,yfinance,723.77001953125,0.0080221858849922,0.0169737063165198,0.1216768442297367,0.0395,0.0,,0.05000000000000071,0.00983284169124891,0.9728091660366264,-0.02756734549078963,transition_uncertainty,0.167657542093856,0.010953739079171,3.889155618166566e-05,0.9890073693639776,5.085,train,5.043979644775391,0.40754038095474243,0.0070085786283016205,63.33377456665039,-103.4029769897461,1628.2322998046875,-0.04102035522460934,0.04102035522460934,0.0016826695427531347,3.6186837263303744,selection
2026-05-05T00:00:00Z,SPY,SPY260529C00745000,call,745.0,0.06575342465753424,4.64,0.1358728991699219,4.68,4.73,4.705,1498.0,7363.0,2026-05-29,2026-05-07 20:13:09+00:00,-1.3200002,-22.147654,False,REGULAR,USD,2026-05-07T20:54:04+00:00,yfinance,723.77001953125,0.0080221858849922,0.0169737063165198,0.1216768442297367,0.0395,0.0,,0.05000000000000071,0.010626992561105358,0.9715033819211409,-0.02891052903725731,transition_uncertainty,0.167657542093856,0.010953739079171,3.889155618166566e-05,0.9890073693639776,4.705,train,4.631036281585693,0.39557620882987976,0.007883552461862564,62.20598602294922,-102.30062866210938,1097.7867431640625,-0.07396371841430671,0.07396371841430671,0.005470631641670854,3.3209282983800392,selection
2026-05-05T00:00:00Z,SPY,SPY260529C00746000,call,746.0,0.06575342465753424,4.1,0.134499621887207,4.31,4.36,4.335,704.0,543.0,2026-05-29,2026-05-07 19:13:06+00:00,-1.4900002,-26.654745,False,REGULAR,USD,2026-05-07T20:54:04+00:00,yfinance,723.77001953125,0.0080221858849922,0.0169737063165198,0.1216768442297367,0.0395,0.0,,0.05000000000000071,0.011534025374855988,0.9702010985673593,-0.03025191086145864,transition_uncertainty,0.167657542093856,0.010953739079171,3.889155618166566e-05,0.9890073693639776,4.335,train,4.241569519042969,0.3820721507072449,0.008933431468904018,61.03993225097656,-100.80770111083984,589.568359375,-0.09343048095703121,0.09343048095703121,0.008729254771862172,3.032279962758537,selection
2026-05-05T00:00:00Z,SPY,SPY260529C00747000,call,747.0,0.06575342465753424,3.95,0.1331873791503906,3.97,4.01,3.99,486.0,1040.0,2026-05-29,2026-05-07 20:13:09+00:00,-1.1000001,-21.78218,False,REGULAR,USD,2026-05-07T20:54:04+00:00,yfinance,723.77001953125,0.0080221858849922,0.0169737063165198,0.1216768442297367,0.0395,0.0,,0.03999999999999959,0.010025062656641501,0.9689023019159974,-0.03159149579051507,transition_uncertainty,0.167657542093856,0.010953739079171,3.889155618166566e-05,0.9890073693639776,3.99,train,3.8766846656799316,0.3671184182167053,0.010065377689898014,59.8392219543457,-98.9288558959961,209.713134765625,-0.11331533432006857,0.11331533432006857,0.012840364992068911,2.762931771817648,selection
2026-05-05T00:00:00Z,SPY,SPY260529C00748000,call,748.0,0.06575342465753424,3.6,0.1319056536865234,3.64,3.68,3.66,620.0,1424.0,2026-05-29,2026-05-07 20:09:00+00:00,-1.3899999,-27.85571,False,REGULAR,USD,2026-05-07T20:54:04+00:00,yfinance,723.77001953125,0.0080221858849922,0.0169737063165198,0.1216768442297367,0.0395,0.0,,0.040000000000000036,0.010928961748633888,0.9676069779829546,-0.032929288632174994,transition_uncertainty,0.167657542093856,0.010953739079171,3.889155618166566e-05,0.9890073693639776,3.66,train,3.537290573120117,0.3508903384208679,0.011180615983903408,58.60664367675781,-96.68588256835938,20.054779052734375,-0.12270942687988295,0.12270942687988295,0.015057603445189341,2.510804743055388,selection
2026-05-05T00:00:00Z,SPY,SPY260529C00749000,call,749.0,0.06575342465753424,3.17,0.1308680664062499,3.33,3.38,3.355,1560.0,1363.0,2026-05-29,2026-05-07 19:48:51+00:00,-1.4299998,-31.086954,False,REGULAR,USD,2026-05-07T20:54:04+00:00,yfinance,723.77001953125,0.0080221858849922,0.0169737063165198,0.1216768442297367,0.0395,0.0,,0.04999999999999982,0.014903129657227966,0.9663151128588118,-0.03426529417491724,transition_uncertainty,0.167657542093856,0.010953739079171,3.889155618166566e-05,0.9890073693639776,3.355,train,3.2239060401916504,0.3336479365825653,0.012185472995042801,57.34537124633789,-94.1186294555664,25.065732955932617,-0.1310939598083496,0.1310939598083496,0.017185626298233177,2.285774246937848,selection
2026-05-05T00:00:00Z,SPY,SPY260529C00750000,call,750.0,0.06575342465753424,3.08,0.1297084100341796,3.05,3.09,3.07,3817.0,7789.0,2026-05-29,2026-05-07 20:14:47+00:00,-1.0799999,-26.405865,False,REGULAR,USD,2026-05-07T20:54:04+00:00,yfinance,723.77001953125,0.0080221858849922,0.0169737063165198,0.1216768442297367,0.0395,0.0,,0.040000000000000036,0.013029315960912065,0.9650266927083333,-0.03559951718805395,transition_uncertainty,0.167657542093856,0.010953739079171,3.889155618166566e-05,0.9890073693639776,3.07,train,2.936610221862793,0.31571465730667114,0.013002117164433002,56.05888748168945,-91.2820053100586,178.3365478515625,-0.13338977813720687,0.13338977813720687,0.01779283291149327,2.0691447265145797,selection
2026-05-05T00:00:00Z,SPY,SPY260529C00755000,call,755.0,0.06575342465753424,1.9,0.1245815081787109,1.87,1.91,1.8900000000000001,2505.0,7664.0,2026-05-29,2026-05-07 20:14:56+00:00,-0.7800001,-29.104479,False,REGULAR,USD,2026-05-07T20:54:04+00:00,yfinance,723.77001953125,0.0080221858849922,0.0169737063165198,0.1216768442297367,0.0395,0.0,,0.039999999999999813,0.021164021164021062,0.9586357874586092,-0.042244059906722545,transition_uncertainty,0.167657542093856,0.010953739079171,3.889155618166566e-05,0.9890073693639776,1.8900000000000001,train,1.8626110553741455,0.22763396799564362,0.013324666768312454,49.35612487792969,-75.35443115234375,851.523193359375,-0.027388944625854617,0.027388944625854617,0.0007501542877181305,1.2153787285283641,selection
2026-05-05T00:00:00Z,SPY,SPY260529C00760000,call,760.0,0.06575342465753424,1.12,0.1208584008789062,1.1,1.13,1.115,4968.0,14971.0,2026-05-29,2026-05-07 20:12:17+00:00,-0.70000005,-38.46154,False,REGULAR,USD,2026-05-07T20:54:04+00:00,yfinance,723.77001953125,0.0080221858849922,0.0169737063165198,0.1216768442297367,0.0395,0.0,,0.029999999999999805,0.02690582959641238,0.9523289730674342,-0.04884474393807452,transition_uncertainty,0.167657542093856,0.010953739079171,3.889155618166566e-05,0.9890073693639776,1.115,train,1.2433059215545654,0.16143320500850677,0.010000564157962799,42.4760627746582,-60.950191497802734,297.34552001953125,0.12830592155456544,0.12830592155456544,0.0164624095059663,0.6845996254511348,selection
2026-05-05T00:00:00Z,SPY,SPY260529C00765000,call,765.0,0.06575342465753424,0.62,0.1185390881347656,0.62,0.65,0.635,5038.0,5446.0,2026-05-29,2026-05-07 20:02:27+00:00,-0.48000002,-43.636364,False,REGULAR,USD,2026-05-07T20:54:04+00:00,yfinance,723.77001953125,0.0080221858849922,0.0169737063165198,0.1216768442297367,0.0395,0.0,,0.030000000000000027,0.04724409448818902,0.9461046006944445,-0.05540214448423361,transition_uncertainty,0.167657542093856,0.010953739079171,3.889155618166566e-05,0.9890073693639776,0.635,train,0.8698800206184387,0.11813507974147797,0.007134529296308756,35.7476806640625,-49.546627044677734,39.985130310058594,0.2348800206184387,0.2348800206184387,0.055168624085718196,0.3770394261583938,selection
2026-05-05T00:00:00Z,SPY,SPY260529C00770000,call,770.0,0.06575342465753424,0.38,0.1180508117675781,0.36,0.38,0.37,4142.0,4600.0,2026-05-29,2026-05-07 20:05:29+00:00,-0.34000003,-47.222225,False,REGULAR,USD,2026-05-07T20:54:04+00:00,yfinance,723.77001953125,0.0080221858849922,0.0169737063165198,0.1216768442297367,0.0395,0.0,,0.020000000000000018,0.054054054054054106,0.9399610643262987,-0.06191682550542736,transition_uncertainty,0.167657542093856,0.010953739079171,3.889155618166566e-05,0.9890073693639776,0.37,train,0.6197641491889954,0.08824258297681808,0.00536175724118948,29.433025360107422,-40.16205978393555,3.281299352645874,0.24976414918899537,0.24976414918899537,0.062382130220102736,0.21336521021248345,selection
2026-05-05T00:00:00Z,SPY,SPY260529C00775000,call,775.0,0.06575342465753424,0.22,0.1190273645019531,0.21,0.23,0.22,1365.0,2313.0,2026-05-29,2026-05-07 20:02:40+00:00,-0.26,-54.166668,False,REGULAR,USD,2026-05-07T20:54:04+00:00,yfinance,723.77001953125,0.0080221858849922,0.0169737063165198,0.1216768442297367,0.0395,0.0,,0.020000000000000018,0.090909090909091,0.9338967993951612,-0.06838934001104485,transition_uncertainty,0.167657542093856,0.010953739079171,3.889155618166566e-05,0.9890073693639776,0.22,train,0.38030803203582764,0.06593301892280579,0.004180640447884798,23.719459533691406,-32.131656646728516,0.26798978447914124,0.16030803203582764,0.16030803203582764,0.02569866513519994,0.12647391749899484,selection
2026-05-05T00:00:00Z,SPY,SPY260529C00780000,call,780.0,0.06575342465753424,0.16,0.1215908154296875,0.14,0.15,0.14500000000000002,1386.0,2095.0,2026-05-29,2026-05-07 20:04:27+00:00,-0.13,-44.827587,False,REGULAR,USD,2026-05-07T20:54:04+00:00,yfinance,723.77001953125,0.0080221858849922,0.0169737063165198,0.1216768442297367,0.0395,0.0,,0.009999999999999981,0.06896551724137917,0.9279102814503205,-0.07482023034133523,transition_uncertainty,0.167657542093856,0.010953739079171,3.889155618166566e-05,0.9890073693639776,0.14500000000000002,train,0.11971056461334229,0.04869110509753227,0.0032640101853758097,18.716299057006836,-25.241172790527344,0.03131416440010071,-0.025289435386657733,0.025289435386657733,0.0006395555421759363,0.08162958938744591,selection
2026-05-05T00:00:00Z,SPY,SPY260529C00785000,call,785.0,0.06575342465753424,0.1,0.1262294409179687,0.1,0.11,0.10500000000000001,847.0,1420.0,2026-05-29,2026-05-07 18:52:05+00:00,-0.13,-56.52174,False,REGULAR,USD,2026-05-07T20:54:04+00:00,yfinance,723.77001953125,0.0080221858849922,0.0169737063165198,0.1216768442297367,0.0395,0.0,,0.009999999999999995,0.09523809523809518,0.9220000248805732,-0.08121002844010627,transition_uncertainty,0.167657542093856,0.010953739079171,3.889155618166566e-05,0.9890073693639776,0.10500000000000001,train,0.0,0.0,0.0,0.0,-0.0,0.0,-0.10500000000000001,0.10500000000000001,0.011025000000000002,0.060768429765184706,selection
2026-05-05T00:00:00Z,SPY,SPY260529C00790000,call,790.0,0.06575342465753424,0.07,0.1323328955078125,0.07,0.09,0.08,2128.0,2688.0,2026-05-29,2026-05-07 19:46:00+00:00,-0.12,-63.157894,False,REGULAR,USD,2026-05-07T20:54:04+00:00,yfinance,723.77001953125,0.0080221858849922,0.0169737063165198,0.1216768442297367,0.0395,0.0,,0.01999999999999999,0.24999999999999986,0.9161645816851266,-0.08755925611876496,transition_uncertainty,0.167657542093856,0.010953739079171,3.889155618166566e-05,0.9890073693639776,0.08,train,0.0,0.0,0.0,0.0,-0.0,0.0,-0.08,0.08,0.0064,0.05075177308058798,selection
2026-05-05T00:00:00Z,SPY,SPY260529C00795000,call,795.0,0.06575342465753424,0.06,0.137703935546875,0.06,0.07,0.065,2256.0,3521.0,2026-05-29,2026-05-07 19:46:00+00:00,-0.08,-57.142857,False,REGULAR,USD,2026-05-07T20:54:04+00:00,yfinance,723.77001953125,0.0080221858849922,0.0169737063165198,0.1216768442297367,0.0395,0.0,,0.010000000000000009,0.15384615384615397,0.9104025402908805,-0.09386842531202967,transition_uncertainty,0.167657542093856,0.010953739079171,3.889155618166566e-05,0.9890073693639776,0.065,train,0.0,0.0,0.0,0.0,-0.0,0.0,-0.065,0.065,0.0042250000000000005,0.04109049460511116,selection
2026-05-05T00:00:00Z,SPY,SPY260529C00800000,call,800.0,0.06575342465753424,0.06,0.1440515283203124,0.05,0.06,0.055,560.0,3678.0,2026-05-29,2026-05-07 19:37:06+00:00,-0.06,-50.0,False,REGULAR,USD,2026-05-07T20:54:04+00:00,yfinance,723.77001953125,0.0080221858849922,0.0169737063165198,0.1216768442297367,0.0395,0.0,,0.009999999999999995,0.18181818181818174,0.9047125244140625,-0.10013803832562512,transition_uncertainty,0.167657542093856,0.010953739079171,3.889155618166566e-05,0.9890073693639776,0.055,train,0.0,0.0,0.0,0.0,-0.0,0.0,-0.055,0.055,0.003025,0.03607398681087792,selection
2026-05-05T00:00:00Z,SPY,SPY260605C00658000,call,658.0,0.08493150684931507,70.29,0.3255682678222655,77.08,77.72,77.4,,497.0,2026-06-05,2026-05-05 18:38:26+00:00,0.0,0.0,True,REGULAR,USD,2026-05-07T20:54:04+00:00,yfinance,723.77001953125,0.0080221858849922,0.0169737063165198,0.1216768442297367,0.0395,0.0,,0.6400000000000006,0.008268733850129205,1.0999544369775835,0.09526875801698498,transition_uncertainty,0.167657542093856,0.010953739079171,3.889155618166566e-05,0.9890073693639776,77.4,train,77.29669189453125,0.5369922518730164,0.3187007009983063,10.45337200164795,-94.5872802734375,5126160.5,-0.10330810546875568,0.10330810546875568,0.010672564655543549,73.01924248996534,selection
2026-05-05T00:00:00Z,SPY,SPY260605C00662000,call,662.0,0.08493150684931507,54.37,0.3399113861083984,72.13,74.96,73.54499999999999,,1.0,2026-06-05,2026-04-29 15:53:45+00:00,0.0,0.0,True,REGULAR,USD,2026-05-07T20:54:04+00:00,yfinance,723.77001953125,0.0080221858849922,0.0169737063165198,0.1216768442297367,0.0395,0.0,,2.8299999999999983,0.038479842273438015,1.0933081866030967,0.08920813340529402,transition_uncertainty,0.167657542093856,0.010953739079171,3.889155618166566e-05,0.9890073693639776,73.54499999999999,train,73.58306884765625,0.532195508480072,0.30466198921203613,13.362272262573242,-95.01229858398438,4667022.0,0.038068847656262506,0.038068847656262506,0.0014492371618757233,70.43433741382944,selection
2026-05-05T00:00:00Z,SPY,SPY260605C00671000,call,671.0,0.08493150684931507,46.88,0.3150703259277343,63.48,66.3,64.89,,1.0,2026-06-05,2026-04-30 14:09:19+00:00,0.0,0.0,True,REGULAR,USD,2026-05-07T20:54:04+00:00,yfinance,723.77001953125,0.0080221858849922,0.0169737063165198,0.1216768442297367,0.0395,0.0,,2.8200000000000003,0.04345815996301434,1.0786438443088673,0.07570455237062033,transition_uncertainty,0.167657542093856,0.010953739079171,3.889155618166566e-05,0.9890073693639776,64.89,train,65.12189483642578,0.5284518003463745,0.2677692770957947,21.851747512817383,-93.48221588134766,3573871.75,0.23189483642578068,0.23189483642578068,0.053775215160939575,61.90006047001543,selection
2026-05-05T00:00:00Z,SPY,SPY260605C00695000,call,695.0,0.08493150684931507,42.58,0.2539137109375,41.13,43.94,42.535,22.0,141.0,2026-06-05,2026-05-07 16:59:33+00:00,0.16000366,0.37718922,True,REGULAR,USD,2026-05-07T20:54:04+00:00,yfinance,723.77001953125,0.0080221858849922,0.0169737063165198,0.1216768442297367,0.0395,0.0,,2.809999999999995,0.06606324203597026,1.0413957115557555,0.040561843777510175,transition_uncertainty,0.167657542093856,0.010953739079171,3.889155618166566e-05,0.9890073693639776,42.535,train,42.47645568847656,0.5364676713943481,0.15454047918319702,54.961490631103516,-85.29125213623047,1136678.75,-0.05854431152343409,0.05854431152343409,0.0034274364117528977,40.025930855379045,selection
2026-05-05T00:00:00Z,SPY,SPY260605C00696000,call,696.0,0.08493150684931507,42.98,0.2516554327392578,40.24,43.05,41.644999999999996,16.0,35.0,2026-06-05,2026-05-07 16:14:23+00:00,1.7900009,4.3457174,True,REGULAR,USD,2026-05-07T20:54:04+00:00,yfinance,723.77001953125,0.0080221858849922,0.0169737063165198,0.1216768442297367,0.0395,0.0,,2.809999999999995,0.06747508704526342,1.0398994533494972,0.039124029007882616,transition_uncertainty,0.167657542093856,0.010953739079171,3.889155618166566e-05,0.9890073693639776,41.644999999999996,train,41.560203552246094,0.5361557602882385,0.15002869069576263,56.45026779174805,-85.11539459228516,1067372.5,-0.08479644775390227,0.08479644775390227,0.007190437551680278,39.163137718237806,selection
2026-05-05T00:00:00Z,SPY,SPY260605C00700000,call,700.0,0.08493150684931507,37.58,0.2381667980957031,36.69,39.22,37.955,12.0,397.0,2026-06-05,2026-05-07 18:23:19+00:00,-2.4199982,-6.0499954,True,REGULAR,USD,2026-05-07T20:54:04+00:00,yfinance,723.77001953125,0.0080221858849922,0.0169737063165198,0.1216768442297367,0.0395,0.0,,2.530000000000001,0.06665788433671456,1.0339571707589286,0.03339335429889753,transition_uncertainty,0.167657542093856,0.010953739079171,3.889155618166566e-05,0.9890073693639776,37.955,train,37.94327163696289,0.5336027145385742,0.13252869248390198,62.258384704589844,-84.6290054321289,818757.0,-0.01172836303710767,0.01172836303710767,0.00013755449953019343,35.426587544962786,selection
2026-05-05T00:00:00Z,SPY,SPY260605C00704000,call,704.0,0.08493150684931507,33.11,0.2331924826049805,33.21,36.01,34.61,31.0,92.0,2026-06-05,2026-05-07 18:53:37+00:00,-3.1499977,-8.687252,True,REGULAR,USD,2026-05-07T20:54:04+00:00,yfinance,723.77001953125,0.0080221858849922,0.0169737063165198,0.1216768442297367,0.0395,0.0,,2.799999999999997,0.08090147356255409,1.0280824141068892,0.027695333184259766,transition_uncertainty,0.167657542093856,0.010953739079171,3.889155618166566e-05,0.9890073693639776,34.61,train,34.41745376586914,0.5287523865699768,0.11601254343986511,67.69618225097656,-84.47127532958984,613735.0,-0.1925462341308588,0.1925462341308588,0.0370740522779755,32.36409374091164,selection
2026-05-05T00:00:00Z,SPY,SPY260605C00705000,call,705.0,0.08493150684931507,33.4,0.2309342044067382,32.35,35.15,33.75,11.0,319.0,2026-06-05,2026-05-07 18:23:19+00:00,-2.079998,-5.862452,True,REGULAR,USD,2026-05-07T20:54:04+00:00,yfinance,723.77001953125,0.0080221858849922,0.0169737063165198,0.1216768442297367,0.0395,0.0,,2.799999999999997,0.08296296296296288,1.026624141179078,0.026275886530033505,transition_uncertainty,0.167657542093856,0.010953739079171,3.889155618166566e-05,0.9890073693639776,33.75,train,33.55226516723633,0.5271624326705933,0.11204874515533447,68.97718048095703,-84.47835540771484,568834.4375,-0.19773483276367188,0.19773483276367188,0.039099064088077284,31.536302438946052,selection
2026-05-05T00:00:00Z,SPY,SPY260605C00706000,call,706.0,0.08493150684931507,34.97,0.2287674780273437,31.49,34.3,32.894999999999996,57.0,39.0,2026-06-05,2026-05-07 15:26:48+00:00,7.5700016,27.627745,True,REGULAR,USD,2026-05-07T20:54:04+00:00,yfinance,723.77001953125,0.0080221858849922,0.0169737063165198,0.1216768442297367,0.0395,0.0,,2.8099999999999987,0.08542331661346707,1.0251699993360481,0.024858451849060104,transition_uncertainty,0.167657542093856,0.010953739079171,3.889155618166566e-05,0.9890073693639776,32.894999999999996,train,32.694175720214844,0.5254229307174683,0.10815291106700897,70.22120666503906,-84.50208282470703,526334.3125,-0.20082427978515227,0.20082427978515227,0.04033039135122512,30.720095171447497,selection
2026-05-05T00:00:00Z,SPY,SPY260605C00710000,call,710.0,0.08493150684931507,29.32,0.2201005725097655,28.13,30.94,29.535,39.0,511.0,2026-06-05,2026-05-07 18:33:45+00:00,-2.1000004,-6.683642,True,REGULAR,USD,2026-05-07T20:54:04+00:00,yfinance,723.77001953125,0.0080221858849922,0.0169737063165198,0.1216768442297367,0.0395,0.0,,2.8100000000000023,0.09514135771119019,1.019394393705986,0.01920871930694113,transition_uncertainty,0.167657542093856,0.010953739079171,3.889155618166566e-05,0.9890073693639776,29.535,train,29.337848663330078,0.5169944763183594,0.09325230866670609,74.77959442138672,-84.74591827392578,378757.90625,-0.19715133666992202,0.19715133666992202,0.03886864955073694,27.506212412138325,selection
2026-05-05T00:00:00Z,SPY,SPY260605C00712000,call,712.0,0.08493150684931507,29.9,0.2049334878540039,27.1,28.48,27.79,57.0,333.0,2026-06-05,2026-05-07 14:20:58+00:00,-0.10000038,-0.3333346,True,REGULAR,USD,2026-05-07T20:54:04+00:00,yfinance,723.77001953125,0.0080221858849922,0.0169737063165198,0.1216768442297367,0.0395,0.0,,1.379999999999999,0.04965815041381789,1.0165309263079354,0.016395777930326448,transition_uncertainty,0.167657542093856,0.010953739079171,3.889155618166566e-05,0.9890073693639776,27.79,train,27.70836639404297,0.5119673609733582,0.08620532602071762,76.774658203125,-84.94322204589844,317277.59375,-0.0816336059570304,0.0816336059570304,0.006664045621547709,25.075815709293067,selection
2026-05-05T00:00:00Z,SPY,SPY260605C00714000,call,714.0,0.08493150684931507,25.09,0.2003864141845703,25.54,26.82,26.18,27.0,287.0,2026-06-05,2026-05-07 15:58:03+00:00,-3.4799995,-12.180607,True,REGULAR,USD,2026-05-07T20:54:04+00:00,yfinance,723.77001953125,0.0080221858849922,0.0169737063165198,0.1216768442297367,0.0395,0.0,,1.2800000000000011,0.048892284186401874,1.0136835007440477,0.013590727002717873,transition_uncertainty,0.167657542093856,0.010953739079171,3.889155618166566e-05,0.9890073693639776,26.18,train,26.113719940185547,0.5064722299575806,0.07941671460866928,78.5576171875,-85.18165588378906,263129.25,-0.06628005981445284,0.06628005981445284,0.0043930463290074466,23.497493092008597,selection
2026-05-05T00:00:00Z,SPY,SPY260605C00715000,call,715.0,0.08493150684931507,24.62,0.2083514224243163,24.07,26.78,25.425,11.0,829.0,2026-06-05,2026-05-07 18:33:45+00:00,-2.6899986,-9.849868,True,REGULAR,USD,2026-05-07T20:54:04+00:00,yfinance,723.77001953125,0.0080221858849922,0.0169737063165198,0.1216768442297367,0.0395,0.0,,2.710000000000001,0.10658800393313671,1.0122657615821677,0.012191146648294465,transition_uncertainty,0.167657542093856,0.010953739079171,3.889155618166566e-05,0.9890073693639776,25.425,train,25.329729080200195,0.5035764575004578,0.07611463963985443,79.36470031738281,-85.31456756591797,238598.4375,-0.0952709197998054,0.0952709197998054,0.009076548159500953,23.543671006348347,selection
2026-05-05T00:00:00Z,SPY,SPY260605C00717000,call,717.0,0.08493150684931507,23.85,0.2043689183044433,22.51,25.21,23.86,39.0,513.0,2026-06-05,2026-05-07 20:10:29+00:00,-1.8199997,-7.0899873,True,REGULAR,USD,2026-05-07T20:54:04+00:00,yfinance,723.77001953125,0.0080221858849922,0.0169737063165198,0.1216768442297367,0.0395,0.0,,2.6999999999999993,0.11316010058675605,1.009442147184449,0.00939784874268178,transition_uncertainty,0.167657542093856,0.010953739079171,3.889155618166566e-05,0.9890073693639776,23.86,train,23.789752960205078,0.49754321575164795,0.06968601793050766,80.8021011352539,-85.6058578491211,194245.203125,-0.0702470397949213,0.0702470397949213,0.004934646599949258,22.06153677724228,selection
2026-05-05T00:00:00Z,SPY,SPY260605C00720000,call,720.0,0.08493150684931507,20.84,0.194343994140625,20.55,22.58,21.564999999999998,91.0,1975.0,2026-06-05,2026-05-07 19:42:49+00:00,-3.0100002,-12.620546,True,REGULAR,USD,2026-05-07T20:54:04+00:00,yfinance,723.77001953125,0.0080221858849922,0.0169737063165198,0.1216768442297367,0.0395,0.0,,2.0299999999999976,0.0941340134477161,1.0052361382378472,0.005222477332201177,transition_uncertainty,0.167657542093856,0.010953739079171,3.889155618166566e-05,0.9890073693639776,21.564999999999998,train,21.55092430114746,0.4881131052970886,0.06044190749526024,82.49533081054688,-86.10653686523438,138378.203125,-0.014075698852536789,0.014075698852536789,0.00019812529818730547,19.55870528211517,selection
2026-05-05T00:00:00Z,SPY,SPY260605C00721000,call,721.0,0.08493150684931507,19.95,0.1964191687011718,20.24,22.15,21.195,11.0,368.0,2026-06-05,2026-05-07 19:34:47+00:00,-2.8499985,-12.499993,True,REGULAR,USD,2026-05-07T20:54:04+00:00,yfinance,723.77001953125,0.0080221858849922,0.0169737063165198,0.1216768442297367,0.0395,0.0,,1.9100000000000001,0.09011559330030668,1.003841913358183,0.0038345520573531203,transition_uncertainty,0.167657542093856,0.010953739079171,3.889155618166566e-05,0.9890073693639776,21.195,train,20.82394027709961,0.484934538602829,0.05745518207550049,82.93185424804688,-86.2921371459961,122328.625,-0.3710597229003909,0.3710597229003909,0.1376853179589149,19.188934144193354,selection
2026-05-05T00:00:00Z,SPY,SPY260605C00722000,call,722.0,0.08493150684931507,19.51,0.1945270977783203,18.73,21.41,20.07,11.0,644.0,2026-06-05,2026-05-07 19:16:42+00:00,-2.789999,-12.511207,True,REGULAR,USD,2026-05-07T20:54:04+00:00,yfinance,723.77001953125,0.0080221858849922,0.0169737063165198,0.1216768442297367,0.0395,0.0,,2.6799999999999997,0.13353263577478822,1.002451550597299,0.002448550449475876,transition_uncertainty,0.167657542093856,0.010953739079171,3.889155618166566e-05,0.9890073693639776,20.07,train,20.10689353942871,0.4817711114883423,0.05451105162501335,83.30290985107422,-86.4885025024414,107466.515625,0.03689353942871065,0.03689353942871065,0.0013611332515778276,18.49904005476907,selection
2026-05-05T00:00:00Z,SPY,SPY260605C00724000,call,724.0,0.08493150684931507,21.1,0.1903157141113281,17.42,19.92,18.67,111.0,391.0,2026-06-05,2026-05-07 15:44:34+00:00,0.88000107,4.352132,True,REGULAR,USD,2026-05-07T20:54:04+00:00,yfinance,723.77001953125,0.0080221858849922,0.0169737063165198,0.1216768442297367,0.0395,0.0,,2.5,0.13390465988216388,0.9996823474188536,-0.00031770304341410534,transition_uncertainty,0.167657542093856,0.010953739079171,3.889155618166566e-05,0.9890073693639776,18.67,train,18.702144622802734,0.4755638539791107,0.04873644560575485,83.8466567993164,-86.9195785522461,81084.296875,0.03214462280273267,0.03214462280273267,0.0010332767751299612,17.10977070799305,selection
2026-05-05T00:00:00Z,SPY,SPY260605C00725000,call,725.0,0.08493150684931507,17.69,0.1825032922363281,17.4,18.72,18.06,221.0,744.0,2026-06-05,2026-05-07 20:02:22+00:00,-2.0599995,-10.430377,True,REGULAR,USD,2026-05-07T20:54:04+00:00,yfinance,723.77001953125,0.0080221858849922,0.0169737063165198,0.1216768442297367,0.0395,0.0,,1.3200000000000003,0.07308970099667776,0.9983034752155172,-0.0016979655123726006,transition_uncertainty,0.167657542093856,0.010953739079171,3.889155618166566e-05,0.9890073693639776,18.06,train,18.014530181884766,0.47256168723106384,0.045900046825408936,84.01856994628906,-87.15788269042969,69470.984375,-0.045469818115233096,0.045469818115233096,0.0020675043594323796,15.949338873234524,selection
2026-05-05T00:00:00Z,SPY,SPY260605C00726000,call,726.0,0.08493150684931507,16.28,0.1863179513549804,16.02,18.48,17.25,55.0,875.0,2026-06-05,2026-05-07 15:10:28+00:00,-2.9899998,-15.516345,True,REGULAR,USD,2026-05-07T20:54:04+00:00,yfinance,723.77001953125,0.0080221858849922,0.0169737063165198,0.1216768442297367,0.0395,0.0,,2.460000000000001,0.14260869565217396,0.9969284015581956,-0.0030763254824938543,transition_uncertainty,0.167657542093856,0.010953739079171,3.889155618166566e-05,0.9890073693639776,17.25,train,17.336740493774414,0.46965491771698,0.04309400916099548,84.12360382080078,-87.4142837524414,58855.5625,0.08674049377441406,0.08674049377441406,0.007523913260229165,15.775186470584572,selection
2026-05-05T00:00:00Z,SPY,SPY260605C00727000,call,727.0,0.08493150684931507,16.24,0.184029155883789,16.02,17.75,16.884999999999998,25.0,409.0,2026-06-05,2026-05-07 19:42:49+00:00,-2.0200005,-11.062434,True,REGULAR,USD,2026-05-07T20:54:04+00:00,yfinance,723.77001953125,0.0080221858849922,0.0169737063165198,0.1216768442297367,0.0395,0.0,,1.7300000000000004,0.10245780278353572,0.9955571107720083,-0.004452788191217155,transition_uncertainty,0.167657542093856,0.010953739079171,3.889155618166566e-05,0.9890073693639776,16.884999999999998,train,16.668886184692383,0.4668635427951813,0.04031641036272049,84.1617660522461,-87.69113159179688,49204.875,-0.2161138153076152,0.2161138153076152,0.04670518116681401,15.098060451459958,selection
2026-05-05T00:00:00Z,SPY,SPY260605C00728000,call,728.0,0.08493150684931507,15.63,0.1720053503417969,15.37,16.22,15.794999999999998,24.0,856.0,2026-06-05,2026-05-07 20:02:22+00:00,-2.3399992,-13.021699,True,REGULAR,USD,2026-05-07T20:54:04+00:00,yfinance,723.77001953125,0.0080221858849922,0.0169737063165198,0.1216768442297367,0.0395,0.0,,0.8499999999999996,0.05381449825894269,0.9941895872682005,-0.00582735885438381,transition_uncertainty,0.167657542093856,0.010953739079171,3.889155618166566e-05,0.9890073693639776,15.794999999999998,train,16.0107421875,0.4642066955566406,0.0375654473900795,84.13328552246094,-87.99122619628906,40488.72265625,0.21574218750000185,0.21574218750000185,0.04654469146728595,13.612076653983479,selection
2026-05-05T00:00:00Z,SPY,SPY260605C00729000,call,729.0,0.08493150684931507,14.0,0.1802144967651367,13.94,16.38,15.16,27.0,556.0,2026-06-05,2026-05-07 16:08:45+00:00,-3.1499996,-18.367346,True,REGULAR,USD,2026-05-07T20:54:04+00:00,yfinance,723.77001953125,0.0080221858849922,0.0169737063165198,0.1216768442297367,0.0395,0.0,,2.4399999999999995,0.1609498680738786,0.9928258155435528,-0.007200042666355996,transition_uncertainty,0.167657542093856,0.010953739079171,3.889155618166566e-05,0.9890073693639776,15.16,train,15.362359046936035,0.46169906854629517,0.034841056913137436,84.03846740722656,-88.31708526611328,32684.353515625,0.20235904693603501,0.20235904693603501,0.040949183876860425,13.838674362423319,selection
2026-05-05T00:00:00Z,SPY,SPY260605C00730000,call,730.0,0.08493150684931507,14.43,0.1681449153137207,14.45,14.86,14.655,300.0,782.0,2026-06-05,2026-05-07 20:08:56+00:00,-1.7299995,-10.705442,True,REGULAR,USD,2026-05-07T20:54:04+00:00,yfinance,723.77001953125,0.0080221858849922,0.0169737063165198,0.1216768442297367,0.0395,0.0,,0.41000000000000014,0.027976799727055624,0.9914657801797945,-0.008570844800134652,transition_uncertainty,0.167657542093856,0.010953739079171,3.889155618166566e-05,0.9890073693639776,14.655,train,14.723785400390625,0.45935627818107605,0.03214419260621071,83.87781524658203,-88.67138671875,25772.06640625,0.06878540039062564,0.06878540039062564,0.004731431306898682,12.372403577606406,selection
2026-05-05T00:00:00Z,SPY,SPY260605C00731000,call,731.0,0.08493150684931507,13.96,0.1645896530151367,13.43,14.06,13.745000000000001,132.0,524.0,2026-06-05,2026-05-07 20:14:56+00:00,-1.8699999,-11.813012,True,REGULAR,USD,2026-05-07T20:54:04+00:00,yfinance,723.77001953125,0.0080221858849922,0.0169737063165198,0.1216768442297367,0.0395,0.0,,0.6300000000000008,0.04583484903601315,0.9901094658430233,-0.009939770407476269,transition_uncertainty,0.167657542093856,0.010953739079171,3.889155618166566e-05,0.9890073693639776,13.745000000000001,train,14.094828605651855,0.4571866989135742,0.02947731874883175,83.65199279785156,-89.05654907226562,19734.62109375,0.3498286056518545,0.3498286056518545,0.1223800533323207,11.634182722528237,selection
2026-05-05T00:00:00Z,SPY,SPY260605C00732000,call,732.0,0.08493150684931507,13.6,0.1617515466308593,13.27,13.33,13.3,367.0,366.0,2026-06-05,2026-05-07 20:02:44+00:00,-1.3299999,-8.908238,False,REGULAR,USD,2026-05-07T20:54:04+00:00,yfinance,723.77001953125,0.0080221858849922,0.0169737063165198,0.1216768442297367,0.0395,0.0,,0.0600000000000005,0.004511278195488759,0.9887568572831285,-0.011306824619009313,transition_uncertainty,0.167657542093856,0.010953739079171,3.889155618166566e-05,0.9890073693639776,13.3,train,13.475580215454102,0.455191969871521,0.026845473796129227,83.36178588867188,-89.4742660522461,14557.1630859375,0.17558021545410085,0.17558021545410085,0.030828412058908475,10.968909185714836,selection
2026-05-05T00:00:00Z,SPY,SPY260605C00733000,call,733.0,0.08493150684931507,12.62,0.1600730966186523,12.66,12.71,12.685,235.0,2026.0,2026-06-05,2026-05-07 20:08:19+00:00,-2.0,-13.679891,False,REGULAR,USD,2026-05-07T20:54:04+00:00,yfinance,723.77001953125,0.0080221858849922,0.0169737063165198,0.1216768442297367,0.0395,0.0,,0.05000000000000071,0.0039416633819472375,0.9874079393332197,-0.012672012544349244,transition_uncertainty,0.167657542093856,0.010953739079171,3.889155618166566e-05,0.9890073693639776,12.685,train,12.866047859191895,0.4533677399158478,0.02425617165863514,83.00811004638672,-89.92549133300781,10223.3095703125,0.18104785919189403,0.18104785919189403,0.03277832731796789,10.413115841240312,selection
2026-05-05T00:00:00Z,SPY,SPY260605C00734000,call,734.0,0.08493150684931507,11.6,0.158486198425293,12.06,12.11,12.085,368.0,429.0,2026-06-05,2026-05-07 18:50:19+00:00,-2.2399998,-16.184969,False,REGULAR,USD,2026-05-07T20:54:04+00:00,yfinance,723.77001953125,0.0080221858849922,0.0169737063165198,0.1216768442297367,0.0395,0.0,,0.049999999999998934,0.004137360364087623,0.9860626969090599,-0.014035339272213421,transition_uncertainty,0.167657542093856,0.010953739079171,3.889155618166566e-05,0.9890073693639776,12.085,train,12.266172409057617,0.45169758796691895,0.02172008901834488,82.59204864501953,-90.41000366210938,6712.56640625,0.18117240905761633,0.18117240905761633,0.032823441803740264,9.877695193736486,selection
2026-05-05T00:00:00Z,SPY,SPY260605C00735000,call,735.0,0.08493150684931507,11.63,0.1570061106872559,11.47,11.53,11.5,1031.0,1220.0,2026-06-05,2026-05-07 20:03:05+00:00,-1.4300003,-10.949466,False,REGULAR,USD,2026-05-07T20:54:04+00:00,yfinance,723.77001953125,0.0080221858849922,0.0169737063165198,0.1216768442297367,0.0395,0.0,,0.05999999999999872,0.005217391304347715,0.9847211150085035,-0.015396809870534415,transition_uncertainty,0.167657542093856,0.010953739079171,3.889155618166566e-05,0.9890073693639776,11.5,train,11.676090240478516,0.450154572725296,0.01925172656774521,82.11478424072266,-90.92576599121094,3996.85546875,0.17609024047851562,0.17609024047851562,0.031007772791781463,9.364034860746756,selection
2026-05-05T00:00:00Z,SPY,SPY260605C00736000,call,736.0,0.08493150684931507,10.45,0.1554955056762695,10.9,10.96,10.93,273.0,827.0,2026-06-05,2026-05-07 19:44:56+00:00,-2.0100002,-16.131624,False,REGULAR,USD,2026-05-07T20:54:04+00:00,yfinance,723.77001953125,0.0080221858849922,0.0169737063165198,0.1216768442297367,0.0395,0.0,,0.0600000000000005,0.0054894784995425895,0.9833831787109375,-0.016756429386574033,transition_uncertainty,0.167657542093856,0.010953739079171,3.889155618166566e-05,0.9890073693639776,10.93,train,11.09597110748291,0.4486977159976959,0.01686965301632881,81.57779693603516,-91.46876525878906,2035.92822265625,0.16597110748291044,0.16597110748291044,0.02754640851910381,8.86105617767032,selection
2026-05-05T00:00:00Z,SPY,SPY260605C00737000,call,737.0,0.08493150684931507,9.88,0.1539391247558593,10.35,10.4,10.375,186.0,565.0,2026-06-05,2026-05-07 20:00:30+00:00,-1.9399996,-16.412857,False,REGULAR,USD,2026-05-07T20:54:04+00:00,yfinance,723.77001953125,0.0080221858849922,0.0169737063165198,0.1216768442297367,0.0395,0.0,,0.05000000000000071,0.004819277108433803,0.98204887317673,-0.01811420284703443,transition_uncertainty,0.167657542093856,0.010953739079171,3.889155618166566e-05,0.9890073693639776,10.375,train,10.52589225769043,0.447262704372406,0.014596972614526749,80.98233032226562,-92.03158569335938,773.2652587890625,0.1508922576904297,0.1508922576904297,0.022768473430915037,8.367842458700181,selection
2026-05-05T00:00:00Z,SPY,SPY260605C00738000,call,738.0,0.08493150684931507,9.39,0.1524742956542969,9.81,9.86,9.835,86.0,509.0,2026-06-05,2026-05-07 19:41:35+00:00,-1.8699999,-16.607458,False,REGULAR,USD,2026-05-07T20:54:04+00:00,yfinance,723.77001953125,0.0080221858849922,0.0169737063165198,0.1216768442297367,0.0395,0.0,,0.049999999999998934,0.0050838840874426975,0.9807181836466802,-0.019470135258170332,transition_uncertainty,0.167657542093856,0.010953739079171,3.889155618166566e-05,0.9890073693639776,9.835,train,9.966312408447266,0.44577306509017944,0.012461258098483086,80.3302001953125,-92.60398864746094,132.0395050048828,0.13131240844726477,0.13131240844726477,0.017242948612221292,7.895656412705591,selection
2026-05-05T00:00:00Z,SPY,SPY260605C00739000,call,739.0,0.08493150684931507,8.86,0.1510705010986328,9.28,9.34,9.309999999999999,35.0,480.0,2026-06-05,2026-05-07 20:01:56+00:00,-2.04,-18.715597,False,REGULAR,USD,2026-05-07T20:54:04+00:00,yfinance,723.77001953125,0.0080221858849922,0.0169737063165198,0.1216768442297367,0.0395,0.0,,0.0600000000000005,0.006444683136412514,0.979391095441475,-0.020824231605899576,transition_uncertainty,0.167657542093856,0.010953739079171,3.889155618166566e-05,0.9890073693639776,9.309999999999999,train,9.417558670043945,0.4441244304180145,0.01049414649605751,79.62295532226562,-93.17112731933594,12.847514152526855,0.10755867004394659,0.10755867004394659,0.011568867501622573,7.442077482071795,selection
2026-05-05T00:00:00Z,SPY,SPY260605C00740000,call,740.0,0.08493150684931507,8.75,0.1496361892700195,8.78,8.83,8.805,888.0,21080.0,2026-06-05,2026-05-07 20:12:58+00:00,-1.4300003,-14.047153,False,REGULAR,USD,2026-05-07T20:54:04+00:00,yfinance,723.77001953125,0.0080221858849922,0.0169737063165198,0.1216768442297367,0.0395,0.0,,0.05000000000000071,0.005678591709256185,0.9780675939611486,-0.022176496855913264,transition_uncertainty,0.167657542093856,0.010953739079171,3.889155618166566e-05,0.9890073693639776,8.805,train,8.880155563354492,0.4421900510787964,0.008730519562959671,78.86222839355469,-93.71349334716797,293.9598083496094,0.07515556335449247,0.07515556335449247,0.0056483587031311315,7.000028250576378,selection
2026-05-05T00:00:00Z,SPY,SPY260605C00741000,call,741.0,0.08493150684931507,7.91,0.1482934292602539,8.28,8.34,8.309999999999999,327.0,419.0,2026-06-05,2026-05-07 19:49:49+00:00,-1.75,-18.115942,False,REGULAR,USD,2026-05-07T20:54:04+00:00,yfinance,723.77001953125,0.0080221858849922,0.0169737063165198,0.1216768442297367,0.0395,0.0,,0.0600000000000005,0.007220216606498256,0.9767476646845479,-0.023526935953784713,transition_uncertainty,0.167657542093856,0.010953739079171,3.889155618166566e-05,0.9890073693639776,8.309999999999999,train,8.3548583984375,0.43982651829719543,0.007206810638308525,78.05017852783203,-94.20718383789062,835.4332275390625,0.04485839843750128,0.04485839843750128,0.002012275910377617,6.579088235552462,selection
2026-05-05T00:00:00Z,SPY,SPY260605C00742000,call,742.0,0.08493150684931507,7.4,0.1468896347045898,7.81,7.86,7.835,220.0,281.0,2026-06-05,2026-05-07 19:00:07+00:00,-1.6100001,-17.869036,False,REGULAR,USD,2026-05-07T20:54:04+00:00,yfinance,723.77001953125,0.0080221858849922,0.0169737063165198,0.1216768442297367,0.0395,0.0,,0.05000000000000071,0.0063816209317167465,0.9754312931688005,-0.024875553825078275,transition_uncertainty,0.167657542093856,0.010953739079171,3.889155618166566e-05,0.9890073693639776,7.835,train,7.842437744140625,0.4368671774864197,0.005958677735179663,77.18865966796875,-94.62298583984375,1487.89501953125,0.0074377441406250355,0.0074377441406250355,5.532003790140205e-05,6.167638973192908,selection
2026-05-05T00:00:00Z,SPY,SPY260605C00743000,call,743.0,0.08493150684931507,6.87,0.1455468746948242,7.35,7.4,7.375,97.0,277.0,2026-06-05,2026-05-07 17:54:45+00:00,-1.8400002,-21.125145,False,REGULAR,USD,2026-05-07T20:54:04+00:00,yfinance,723.77001953125,0.0080221858849922,0.0169737063165198,0.1216768442297367,0.0395,0.0,,0.05000000000000071,0.006779661016949249,0.9741184650487887,-0.02622235537545691,transition_uncertainty,0.167657542093856,0.010953739079171,3.889155618166566e-05,0.9890073693639776,7.375,train,7.34390115737915,0.43313068151474,0.00501768896356225,76.27958679199219,-94.92696380615234,2106.098876953125,-0.03109884262084961,0.03109884262084961,0.0009671380123563722,5.775032495970862,selection
2026-05-05T00:00:00Z,SPY,SPY260605C00744000,call,744.0,0.08493150684931507,6.65,0.144265149230957,6.91,6.96,6.9350000000000005,36.0,308.0,2026-06-05,2026-05-07 19:47:42+00:00,-1.7800002,-21.115067,False,REGULAR,USD,2026-05-07T20:54:04+00:00,yfinance,723.77001953125,0.0080221858849922,0.0169737063165198,0.1216768442297367,0.0395,0.0,,0.04999999999999982,0.007209805335255922,0.9728091660366264,-0.02756734549078963,transition_uncertainty,0.167657542093856,0.010953739079171,3.889155618166566e-05,0.9890073693639776,6.9350000000000005,train,6.860404968261719,0.4284359812736511,0.004407606087625027,75.32537841796875,-95.08245086669922,2565.87939453125,-0.07459503173828175,0.07459503173828175,0.005564418760035261,5.401122584491077,selection
2026-05-05T00:00:00Z,SPY,SPY260605C00745000,call,745.0,0.08493150684931507,6.15,0.1429529064941406,6.48,6.53,6.505000000000001,567.0,547.0,2026-06-05,2026-05-07 19:53:49+00:00,-1.8799996,-23.4122,False,REGULAR,USD,2026-05-07T20:54:04+00:00,yfinance,723.77001953125,0.0080221858849922,0.0169737063165198,0.1216768442297367,0.0395,0.0,,0.04999999999999982,0.00768639508070712,0.9715033819211409,-0.02891052903725731,transition_uncertainty,0.167657542093856,0.010953739079171,3.889155618166566e-05,0.9890073693639776,6.505000000000001,train,6.393213272094727,0.42260175943374634,0.004140136763453484,74.32780456542969,-95.05011749267578,2781.478515625,-0.11178672790527422,0.11178672790527422,0.012496272535767813,5.039245843956849,selection
2026-05-05T00:00:00Z,SPY,SPY260605C00746000,call,746.0,0.08493150684931507,5.69,0.1418237673950195,6.07,6.13,6.1,217.0,193.0,2026-06-05,2026-05-07 18:38:20+00:00,-1.7399998,-23.41857,False,REGULAR,USD,2026-05-07T20:54:04+00:00,yfinance,723.77001953125,0.0080221858849922,0.0169737063165198,0.1216768442297367,0.0395,0.0,,0.05999999999999961,0.009836065573770428,0.9702010985673593,-0.03025191086145864,transition_uncertainty,0.167657542093856,0.010953739079171,3.889155618166566e-05,0.9890073693639776,6.1,train,5.943726062774658,0.4154742956161499,0.0042111510410904884,73.2894515991211,-94.79214477539062,2719.093505859375,-0.15627393722534144,0.15627393722534144,0.024421543455909956,4.704331185622777,selection
2026-05-05T00:00:00Z,SPY,SPY260605C00747000,call,747.0,0.08493150684931507,5.67,0.1405115246582031,5.69,5.73,5.710000000000001,138.0,449.0,2026-06-05,2026-05-07 20:07:27+00:00,-1.4200001,-20.028208,False,REGULAR,USD,2026-05-07T20:54:04+00:00,yfinance,723.77001953125,0.0080221858849922,0.0169737063165198,0.1216768442297367,0.0395,0.0,,0.040000000000000036,0.007005253940455347,0.9689023019159974,-0.03159149579051507,transition_uncertainty,0.167657542093856,0.010953739079171,3.889155618166566e-05,0.9890073693639776,5.710000000000001,train,5.513275146484375,0.40693187713623047,0.004597711376845837,72.212646484375,-94.27362823486328,2401.747802734375,-0.19672485351562585,0.19672485351562585,0.03870066799074445,4.37083261068733,selection
2026-05-05T00:00:00Z,SPY,SPY260605C00748000,call,748.0,0.08493150684931507,5.05,0.1394129028320312,5.31,5.36,5.335,141.0,280.0,2026-06-05,2026-05-07 19:57:48+00:00,-1.06,-17.348608,False,REGULAR,USD,2026-05-07T20:54:04+00:00,yfinance,723.77001953125,0.0080221858849922,0.0169737063165198,0.1216768442297367,0.0395,0.0,,0.05000000000000071,0.009372071227741464,0.9676069779829546,-0.032929288632174994,transition_uncertainty,0.167657542093856,0.010953739079171,3.889155618166566e-05,0.9890073693639776,5.335,train,5.103362083435059,0.3969065248966217,0.005256912671029568,71.0994873046875,-93.46654510498047,1902.5029296875,-0.23163791656494137,0.23163791656494137,0.05365612439054674,4.065676604646995,selection
2026-05-05T00:00:00Z,SPY,SPY260605C00749000,call,749.0,0.08493150684931507,4.52,0.1382532464599609,4.95,5.0,4.975,236.0,290.0,2026-06-05,2026-05-07 19:28:10+00:00,-1.4699998,-24.5409,False,REGULAR,USD,2026-05-07T20:54:04+00:00,yfinance,723.77001953125,0.0080221858849922,0.0169737063165198,0.1216768442297367,0.0395,0.0,,0.04999999999999982,0.010050251256281372,0.9663151128588118,-0.03426529417491724,transition_uncertainty,0.167657542093856,0.010953739079171,3.889155618166566e-05,0.9890073693639776,4.975,train,4.715216159820557,0.38539448380470276,0.006127461791038513,69.95235443115234,-92.35261535644531,1325.560302734375,-0.259783840179443,0.259783840179443,0.06748764361837839,3.770173457566216,selection
2026-05-05T00:00:00Z,SPY,SPY260605C00750000,call,750.0,0.08493150684931507,4.64,0.137002038269043,4.61,4.65,4.630000000000001,2992.0,2322.0,2026-06-05,2026-05-07 20:14:44+00:00,-1.2600002,-21.355936,False,REGULAR,USD,2026-05-07T20:54:04+00:00,yfinance,723.77001953125,0.0080221858849922,0.0169737063165198,0.1216768442297367,0.0395,0.0,,0.040000000000000036,0.008639308855291582,0.9650266927083333,-0.03559951718805395,transition_uncertainty,0.167657542093856,0.010953739079171,3.889155618166566e-05,0.9890073693639776,4.630000000000001,train,4.349920272827148,0.3724684715270996,0.007133509498089552,68.77401733398438,-90.9264907836914,780.1040649414062,-0.28007972717285234,0.28007972717285234,0.0784446535732194,3.482700762247106,selection
2026-05-05T00:00:00Z,SPY,SPY260605C00755000,call,755.0,0.08493150684931507,3.15,0.1321497918701172,3.15,3.2,3.175,2147.0,1403.0,2026-06-05,2026-05-07 20:13:37+00:00,-0.9299998,-22.794115,False,REGULAR,USD,2026-05-07T20:54:04+00:00,yfinance,723.77001953125,0.0080221858849922,0.0169737063165198,0.1216768442297367,0.0395,0.0,,0.050000000000000266,0.01574803149606308,0.9586357874586092,-0.042244059906722545,transition_uncertainty,0.167657542093856,0.010953739079171,3.889155618166566e-05,0.9890073693639776,3.175,train,2.8836164474487305,0.2937691807746887,0.01143753994256258,62.495513916015625,-79.86222839355469,159.51084899902344,-0.29138355255126935,0.29138355255126935,0.08490437469739835,2.3238781334083853,selection
2026-05-05T00:00:00Z,SPY,SPY260605C00760000,call,760.0,0.08493150684931507,1.92,0.1278468563842773,2.08,2.11,2.0949999999999998,353.0,1375.0,2026-06-05,2026-05-07 19:55:31+00:00,-1.0200001,-34.69388,False,REGULAR,USD,2026-05-07T20:54:04+00:00,yfinance,723.77001953125,0.0080221858849922,0.0169737063165198,0.1216768442297367,0.0395,0.0,,0.029999999999999805,0.01431980906921232,0.9523289730674342,-0.04884474393807452,transition_uncertainty,0.167657542093856,0.010953739079171,3.889155618166566e-05,0.9890073693639776,2.0949999999999998,train,1.9634748697280884,0.21683214604854584,0.011154117994010448,55.79509735107422,-66.36970520019531,478.4028015136719,-0.13152513027191137,0.13152513027191137,0.017298859893043257,1.4822401534023442,selection
2026-05-05T00:00:00Z,SPY,SPY260605C00765000,call,765.0,0.08493150684931507,1.32,0.1248256463623046,1.32,1.36,1.34,591.0,430.0,2026-06-05,2026-05-07 20:08:37+00:00,-0.62,-31.958761,False,REGULAR,USD,2026-05-07T20:54:04+00:00,yfinance,723.77001953125,0.0080221858849922,0.0169737063165198,0.1216768442297367,0.0395,0.0,,0.040000000000000036,0.02985074626865674,0.9461046006944445,-0.05540214448423361,transition_uncertainty,0.167657542093856,0.010953739079171,3.889155618166566e-05,0.9890073693639776,1.34,train,1.406840205192566,0.16121692955493927,0.00853929203003645,48.958702087402344,-54.84983825683594,158.0802764892578,0.06684020519256584,0.06684020519256584,0.004467613030184305,0.9255926250212383,selection
2026-05-05T00:00:00Z,SPY,SPY260605C00770000,call,770.0,0.08493150684931507,0.83,0.1228115063476562,0.83,0.86,0.845,294.0,477.0,2026-06-05,2026-05-07 20:07:38+00:00,-0.46999997,-36.153843,False,REGULAR,USD,2026-05-07T20:54:04+00:00,yfinance,723.77001953125,0.0080221858849922,0.0169737063165198,0.1216768442297367,0.0395,0.0,,0.030000000000000027,0.03550295857988169,0.9399610643262987,-0.06191682550542736,transition_uncertainty,0.167657542093856,0.010953739079171,3.889155618166566e-05,0.9890073693639776,0.845,train,1.0436062812805176,0.12374116480350494,0.006392175331711769,42.23707962036133,-45.778324127197266,22.844669342041016,0.1986062812805176,0.1986062812805176,0.03944445496407608,0.5688472061555601,selection
2026-05-05T00:00:00Z,SPY,SPY260605C00775000,call,775.0,0.08493150684931507,0.53,0.1222011608886718,0.52,0.55,0.535,454.0,407.0,2026-06-05,2026-05-07 20:11:22+00:00,-0.35000002,-39.77273,False,REGULAR,USD,2026-05-07T20:54:04+00:00,yfinance,723.77001953125,0.0080221858849922,0.0169737063165198,0.1216768442297367,0.0395,0.0,,0.030000000000000027,0.056074766355140235,0.9338967993951612,-0.06838934001104485,transition_uncertainty,0.167657542093856,0.010953739079171,3.889155618166566e-05,0.9890073693639776,0.535,train,0.7827143669128418,0.09659146517515182,0.005022150464355946,35.83721923828125,-38.244056701660156,2.135620355606079,0.24771436691284177,0.24771436691284177,0.06136240757503,0.3557784190588862,selection
2026-05-05T00:00:00Z,SPY,SPY260605C00780000,call,780.0,0.08493150684931507,0.32,0.1228115063476562,0.34,0.36,0.35,144.0,353.0,2026-06-05,2026-05-07 19:57:17+00:00,-0.3,-48.3871,False,REGULAR,USD,2026-05-07T20:54:04+00:00,yfinance,723.77001953125,0.0080221858849922,0.0169737063165198,0.1216768442297367,0.0395,0.0,,0.019999999999999962,0.05714285714285704,0.9279102814503205,-0.07482023034133523,transition_uncertainty,0.167657542093856,0.010953739079171,3.889155618166566e-05,0.9890073693639776,0.35,train,0.5853838920593262,0.07540241628885269,0.004067377652972937,29.914684295654297,-31.678396224975586,0.1597404032945633,0.2353838920593262,0.2353838920593262,0.055405576640996525,0.22991512610658305,selection
2026-05-05T00:00:00Z,SPY,SPY260605C00785000,call,785.0,0.08493150684931507,0.2,0.1247646118164062,0.23,0.25,0.24,148.0,305.0,2026-06-05,2026-05-07 19:26:23+00:00,-0.21,-51.219513,False,REGULAR,USD,2026-05-07T20:54:04+00:00,yfinance,723.77001953125,0.0080221858849922,0.0169737063165198,0.1216768442297367,0.0395,0.0,,0.01999999999999999,0.0833333333333333,0.9220000248805732,-0.08121002844010627,transition_uncertainty,0.167657542093856,0.010953739079171,3.889155618166566e-05,0.9890073693639776,0.24,train,0.3679823577404022,0.058380044996738434,0.003310231724753976,24.57453727722168,-25.901582717895508,0.015385597944259644,0.12798235774040223,0.12798235774040223,0.016379483892792295,0.15780281504333438,selection
2026-05-05T00:00:00Z,SPY,SPY260605C00790000,call,790.0,0.08493150684931507,0.16,0.1276942700195312,0.16,0.18,0.16999999999999998,374.0,645.0,2026-06-05,2026-05-07 19:59:30+00:00,-0.18,-52.941177,False,REGULAR,USD,2026-05-07T20:54:04+00:00,yfinance,723.77001953125,0.0080221858849922,0.0169737063165198,0.1216768442297367,0.0395,0.0,,0.01999999999999999,0.11764705882352937,0.9161645816851266,-0.08755925611876496,transition_uncertainty,0.167657542093856,0.010953739079171,3.889155618166566e-05,0.9890073693639776,0.16999999999999998,train,0.13699734210968018,0.044682055711746216,0.002669143257662654,19.873680114746094,-20.871315002441406,0.002692907815799117,-0.03300265789031981,0.03300265789031981,0.0010891754278254883,0.1146501212801816,selection
2026-05-05T00:00:00Z,SPY,SPY260605C00795000,call,795.0,0.08493150684931507,0.16,0.1316004809570312,0.12,0.14,0.13,27.0,251.0,2026-06-05,2026-05-07 16:20:02+00:00,-0.08,-33.333336,False,REGULAR,USD,2026-05-07T20:54:04+00:00,yfinance,723.77001953125,0.0080221858849922,0.0169737063165198,0.1216768442297367,0.0395,0.0,,0.020000000000000018,0.15384615384615397,0.9104025402908805,-0.09386842531202967,transition_uncertainty,0.167657542093856,0.010953739079171,3.889155618166566e-05,0.9890073693639776,0.13,train,0.0,0.0,0.0,0.0,-0.0,0.0,-0.13,0.13,0.016900000000000002,0.08904360504179731,selection
2026-05-05T00:00:00Z,SPY,SPY260605C00800000,call,800.0,0.08493150684931507,0.11,0.1372156591796875,0.1,0.12,0.11,565.0,1415.0,2026-06-05,2026-05-07 19:53:51+00:00,-0.09,-45.0,False,REGULAR,USD,2026-05-07T20:54:04+00:00,yfinance,723.77001953125,0.0080221858849922,0.0169737063165198,0.1216768442297367,0.0395,0.0,,0.01999999999999999,0.18181818181818174,0.9047125244140625,-0.10013803832562512,transition_uncertainty,0.167657542093856,0.010953739079171,3.889155618166566e-05,0.9890073693639776,0.11,train,0.0,0.0,0.0,0.0,-0.0,0.0,-0.11,0.11,0.0121,0.07772011645462218,selection
2026-05-05T00:00:00Z,SPY,SPY260612C00677000,call,677.0,0.10410958904109589,60.81,0.2950815121459961,58.81,62.18,60.495000000000005,,1.0,2026-06-12,2026-05-06 15:03:16+00:00,0.0,0.0,True,REGULAR,USD,2026-05-07T20:54:04+00:00,yfinance,723.77001953125,0.0080221858849922,0.0169737063165198,0.1216768442297367,0.0395,0.0,,3.3699999999999974,0.05570708323001897,1.069084223827548,0.06680241643002718,transition_uncertainty,0.167657542093856,0.010953739079171,3.889155618166566e-05,0.9890073693639776,60.495000000000005,validation,61.64311981201172,0.4905675947666168,0.1455831676721573,38.07209014892578,-112.772216796875,942169.3125,1.1481198120117142,1.1481198120117142,1.318179102733814,58.34495828686704,selection
2026-05-05T00:00:00Z,SPY,SPY260612C00679000,call,679.0,0.10410958904109589,46.23,0.2903818521118163,56.97,60.32,58.644999999999996,,4.0,2026-06-12,2026-05-04 18:47:58+00:00,0.0,0.0,True,REGULAR,USD,2026-05-07T20:54:04+00:00,yfinance,723.77001953125,0.0080221858849922,0.0169737063165198,0.1216768442297367,0.0395,0.0,,3.3500000000000014,0.05712336942620857,1.0659352275865244,0.06385256178360614,transition_uncertainty,0.167657542093856,0.010953739079171,3.889155618166566e-05,0.9890073693639776,58.644999999999996,validation,59.73140335083008,0.4955735206604004,0.13848386704921722,40.8926887512207,-111.25015258789062,846634.0625,1.086403350830082,1.086403350830082,1.1802722406948305,56.520253262114124,selection
2026-05-05T00:00:00Z,SPY,SPY260612C00682000,call,682.0,0.10410958904109589,48.01,0.2833018447875975,54.05,57.54,55.795,,3.0,2026-06-12,2026-05-05 14:58:17+00:00,0.0,0.0,True,REGULAR,USD,2026-05-07T20:54:04+00:00,yfinance,723.77001953125,0.0080221858849922,0.0169737063165198,0.1216768442297367,0.0395,0.0,,3.490000000000002,0.06255040774262931,1.061246362949047,0.05944403149884014,transition_uncertainty,0.167657542093856,0.010953739079171,3.889155618166566e-05,0.9890073693639776,55.795,validation,56.8663444519043,0.5027645826339722,0.12801648676395416,45.25070571899414,-108.98680114746094,715114.75,1.0713444519042952,1.0713444519042952,1.1477789346261147,53.7939637604851,selection
2026-05-05T00:00:00Z,SPY,SPY260612C00688000,call,688.0,0.10410958904109589,48.66,0.2696606237792969,48.56,52.06,50.31,,22.0,2026-06-12,2026-05-06 14:13:59+00:00,0.0,0.0,True,REGULAR,USD,2026-05-07T20:54:04+00:00,yfinance,723.77001953125,0.0080221858849922,0.0169737063165198,0.1216768442297367,0.0395,0.0,,3.5,0.069568674219837,1.0519913074582121,0.05068485140895846,transition_uncertainty,0.167657542093856,0.010953739079171,3.889155618166566e-05,0.9890073693639776,50.31,validation,51.168739318847656,0.5150429010391235,0.10798034816980362,54.25644302368164,-104.6259765625,494304.875,0.858739318847654,0.858739318847654,0.7374332177349328,48.43179490332125,selection
2026-05-05T00:00:00Z,SPY,SPY260612C00696000,call,696.0,0.10410958904109589,37.95,0.2521742263793946,41.48,44.92,43.2,,9.0,2026-06-12,2026-05-05 19:34:47+00:00,0.0,0.0,True,REGULAR,USD,2026-05-07T20:54:04+00:00,yfinance,723.77001953125,0.0080221858849922,0.0169737063165198,0.1216768442297367,0.0395,0.0,,3.440000000000005,0.07962962962962973,1.0398994533494972,0.039124029007882616,transition_uncertainty,0.167657542093856,0.010953739079171,3.889155618166566e-05,0.9890073693639776,43.2,validation,43.72273254394531,0.5244225859642029,0.08368086069822311,66.22996520996094,-99.31316375732422,280944.0,0.5227325439453097,0.5227325439453097,0.2732493124995351,41.472926252300965,selection
2026-05-05T00:00:00Z,SPY,SPY260612C00701000,call,701.0,0.10410958904109589,30.5,0.2416152499389648,37.12,40.57,38.845,,1.0,2026-06-12,2026-05-04 14:20:08+00:00,0.0,0.0,True,REGULAR,USD,2026-05-07T20:54:04+00:00,yfinance,723.77001953125,0.0080221858849922,0.0169737063165198,0.1216768442297367,0.0395,0.0,,3.450000000000003,0.08881451924314591,1.0324821961929387,0.03196580230771214,transition_uncertainty,0.167657542093856,0.010953739079171,3.889155618166566e-05,0.9890073693639776,38.845,validation,39.211761474609375,0.5250563025474548,0.0700547993183136,73.23785400390625,-96.27995300292969,187446.5625,0.36676147460937614,0.36676147460937614,0.13451397925764405,37.25354633024972,selection
2026-05-05T00:00:00Z,SPY,SPY260612C00707000,call,707.0,0.10410958904109589,24.04,0.2292710130310059,32.12,35.49,33.805,,12.0,2026-06-12,2026-05-04 18:00:31+00:00,0.0,0.0,True,REGULAR,USD,2026-05-07T20:54:04+00:00,yfinance,723.77001953125,0.0080221858849922,0.0169737063165198,0.1216768442297367,0.0395,0.0,,3.3700000000000045,0.09968939505990251,1.0237199710484441,0.023443023445729464,transition_uncertainty,0.167657542093856,0.010953739079171,3.889155618166566e-05,0.9890073693639776,33.805,validation,33.99760437011719,0.5201513767242432,0.05522242560982704,80.69136810302734,-92.83085632324219,107102.03125,0.19260437011718778,0.19260437011718778,0.037096443388238656,32.34476692011691,selection
2026-05-05T00:00:00Z,SPY,SPY260612C00708000,call,708.0,0.10410958904109589,34.12,0.2271348039245605,31.28,34.65,32.965,,3.0,2026-06-12,2026-05-06 18:42:53+00:00,0.0,0.0,True,REGULAR,USD,2026-05-07T20:54:04+00:00,yfinance,723.77001953125,0.0080221858849922,0.0169737063165198,0.1216768442297367,0.0395,0.0,,3.3699999999999974,0.10222963749431206,1.0222740388859464,0.022029595648582485,transition_uncertainty,0.167657542093856,0.010953739079171,3.889155618166566e-05,0.9890073693639776,32.965,validation,33.15303039550781,0.5187613368034363,0.05289563536643982,81.8023681640625,-92.26654052734375,96529.3359375,0.1880303955078091,0.1880303955078091,0.03535542963482311,31.53526522945964,selection
2026-05-05T00:00:00Z,SPY,SPY260612C00709000,call,709.0,0.10410958904109589,31.22,0.2251969570922851,30.68,33.83,32.254999999999995,11.0,13.0,2026-06-12,2026-05-07 19:35:43+00:00,1.3499985,4.5195794,True,REGULAR,USD,2026-05-07T20:54:04+00:00,yfinance,723.77001953125,0.0080221858849922,0.0169737063165198,0.1216768442297367,0.0395,0.0,,3.1499999999999986,0.09765927763137495,1.0208321855165727,0.0206181628101748,transition_uncertainty,0.167657542093856,0.010953739079171,3.889155618166566e-05,0.9890073693639776,32.254999999999995,validation,32.315853118896484,0.5172225832939148,0.05060587823390961,82.87044525146484,-91.70325469970703,86663.1484375,0.06085311889648892,0.06085311889648892,0.003703102079430217,30.747678036622517,selection
2026-05-05T00:00:00Z,SPY,SPY260612C00710000,call,710.0,0.10410958904109589,30.43,0.2176897079467773,29.63,32.55,31.089999999999996,18.0,783.0,2026-06-12,2026-05-07 19:35:43+00:00,-1.289999,-4.066832,True,REGULAR,USD,2026-05-07T20:54:04+00:00,yfinance,723.77001953125,0.0080221858849922,0.0169737063165198,0.1216768442297367,0.0395,0.0,,2.919999999999998,0.09392087487938239,1.019394393705986,0.01920871930694113,transition_uncertainty,0.167657542093856,0.010953739079171,3.889155618166566e-05,0.9890073693639776,31.089999999999996,validation,31.486438751220703,0.51553875207901,0.04835149273276329,83.89403533935547,-91.1405258178711,77470.828125,0.3964387512207068,0.3964387512207068,0.15716368346943346,29.47944222581566,selection
2026-05-05T00:00:00Z,SPY,SPY260612C00715000,call,715.0,0.10410958904109589,27.99,0.207741076965332,26.12,28.51,27.315,10.0,281.0,2026-06-12,2026-05-07 16:06:51+00:00,-0.25,-0.8852691,True,REGULAR,USD,2026-05-07T20:54:04+00:00,yfinance,723.77001953125,0.0080221858849922,0.0169737063165198,0.1216768442297367,0.0395,0.0,,2.3900000000000006,0.08749771187991948,1.0122657615821677,0.012191146648294465,transition_uncertainty,0.167657542093856,0.010953739079171,3.889155618166566e-05,0.9890073693639776,27.315,validation,27.460630416870117,0.5052582025527954,0.0375337190926075,88.28541564941406,-88.3154525756836,40554.546875,0.1456304168701159,0.1456304168701159,0.02120821831776374,25.611156430042115,selection
2026-05-05T00:00:00Z,SPY,SPY260612C00720000,call,720.0,0.10410958904109589,22.14,0.1934589932250977,22.44,24.22,23.33,15.0,295.0,2026-06-12,2026-05-07 19:24:42+00:00,-3.5600014,-13.852144,True,REGULAR,USD,2026-05-07T20:54:04+00:00,yfinance,723.77001953125,0.0080221858849922,0.0169737063165198,0.1216768442297367,0.0395,0.0,,1.7799999999999976,0.07629661380197161,1.0052361382378472,0.005222477332201177,transition_uncertainty,0.167657542093856,0.010953739079171,3.889155618166566e-05,0.9890073693639776,23.33,validation,23.648727416992188,0.49289971590042114,0.0272526852786541,91.3399887084961,-85.45174407958984,16473.677734375,0.3187274169921892,0.3187274169921892,0.10158716634251286,21.49963413742836,selection
2026-05-05T00:00:00Z,SPY,SPY260612C00721000,call,721.0,0.10410958904109589,23.97,0.1952900296020507,21.74,23.8,22.77,11.0,192.0,2026-06-12,2026-05-06 18:19:02+00:00,0.0,0.0,True,REGULAR,USD,2026-05-07T20:54:04+00:00,yfinance,723.77001953125,0.0080221858849922,0.0169737063165198,0.1216768442297367,0.0395,0.0,,2.0600000000000023,0.09046991655687318,1.003841913358183,0.0038345520573531203,transition_uncertainty,0.167657542093856,0.010953739079171,3.889155618166566e-05,0.9890073693639776,22.77,validation,22.912952423095703,0.49032852053642273,0.02523288130760193,91.77886199951172,-84.87692260742188,12998.2021484375,0.14295242309570355,0.14295242309570355,0.020435395268933038,21.127643596137943,selection
2026-05-05T00:00:00Z,SPY,SPY260612C00722000,call,722.0,0.10410958904109589,20.84,0.1903767486572266,20.47,22.78,21.625,43.0,290.0,2026-06-12,2026-05-07 19:24:24+00:00,-2.539999,-10.863983,True,REGULAR,USD,2026-05-07T20:54:04+00:00,yfinance,723.77001953125,0.0080221858849922,0.0169737063165198,0.1216768442297367,0.0395,0.0,,2.3100000000000023,0.10682080924855501,1.002451550597299,0.002448550449475876,transition_uncertainty,0.167657542093856,0.010953739079171,3.889155618166566e-05,0.9890073693639776,21.625,validation,22.186176300048828,0.4877597987651825,0.023219510912895203,92.15872192382812,-84.30335235595703,9943.1455078125,0.5611763000488281,0.5611763000488281,0.3149188397364924,20.143015651551764,selection
2026-05-05T00:00:00Z,SPY,SPY260612C00723000,call,723.0,0.10410958904109589,20.33,0.1987537400817871,19.69,22.97,21.33,17.0,151.0,2026-06-12,2026-05-07 19:22:30+00:00,-1.8999996,-8.547008,True,REGULAR,USD,2026-05-07T20:54:04+00:00,yfinance,723.77001953125,0.0080221858849922,0.0169737063165198,0.1216768442297367,0.0395,0.0,,3.2799999999999976,0.1537740271917486,1.0010650339298064,0.0010644671835375486,transition_uncertainty,0.167657542093856,0.010953739079171,3.889155618166566e-05,0.9890073693639776,21.33,validation,21.468320846557617,0.4852122664451599,0.021210286766290665,92.47901916503906,-83.73238372802734,7301.56494140625,0.1383208465576189,0.1383208465576189,0.01913265659241635,20.394735862611753,selection
2026-05-05T00:00:00Z,SPY,SPY260612C00724000,call,724.0,0.10410958904109589,19.73,0.1970905487060547,19.02,22.26,20.64,17.0,440.0,2026-06-12,2026-05-07 17:33:29+00:00,-2.7000008,-12.037453,True,REGULAR,USD,2026-05-07T20:54:04+00:00,yfinance,723.77001953125,0.0080221858849922,0.0169737063165198,0.1216768442297367,0.0395,0.0,,3.240000000000002,0.1569767441860466,0.9996823474188536,-0.00031770304341410534,transition_uncertainty,0.167657542093856,0.010953739079171,3.889155618166566e-05,0.9890073693639776,20.64,validation,20.759572982788086,0.48270270228385925,0.019203390926122665,92.73937225341797,-83.16560363769531,5068.97265625,0.11957298278808537,0.11957298278808537,0.01429769821283976,19.727434667141665,selection
2026-05-05T00:00:00Z,SPY,SPY260612C00725000,call,725.0,0.10410958904109589,19.15,0.1781393222045898,19.68,19.98,19.83,79.0,648.0,2026-06-12,2026-05-07 19:56:56+00:00,-2.58,-11.872987,True,REGULAR,USD,2026-05-07T20:54:04+00:00,yfinance,723.77001953125,0.0080221858849922,0.0169737063165198,0.1216768442297367,0.0395,0.0,,0.3000000000000007,0.015128593040847238,0.9983034752155172,-0.0016979655123726006,transition_uncertainty,0.167657542093856,0.010953739079171,3.889155618166566e-05,0.9890073693639776,19.83,validation,20.059734344482422,0.48024651408195496,0.017197171226143837,92.93959045410156,-82.60498046875,3242.64697265625,0.22973434448242358,0.22973434448242358,0.052777869034768866,17.461464591404763,selection
2026-05-05T00:00:00Z,SPY,SPY260612C00726000,call,726.0,0.10410958904109589,17.93,0.1844411390686035,18.35,20.01,19.18,139.0,177.0,2026-06-12,2026-05-07 19:13:58+00:00,-2.7600002,-13.339779,True,REGULAR,USD,2026-05-07T20:54:04+00:00,yfinance,723.77001953125,0.0080221858849922,0.0169737063165198,0.1216768442297367,0.0395,0.0,,1.6600000000000001,0.08654848800834203,0.9969284015581956,-0.0030763254824938543,transition_uncertainty,0.167657542093856,0.010953739079171,3.889155618166566e-05,0.9890073693639776,19.18,validation,19.368833541870117,0.4778605103492737,0.015190549194812775,93.07949829101562,-82.05276489257812,1821.757568359375,0.18883354187011747,0.18883354187011747,0.03565810653521341,17.54947711943504,selection
2026-05-05T00:00:00Z,SPY,SPY260612C00728000,call,728.0,0.10410958904109589,18.39,0.1783987190246582,17.07,18.39,17.73,181.0,161.0,2026-06-12,2026-05-07 16:38:58+00:00,0.6399994,3.6056304,True,REGULAR,USD,2026-05-07T20:54:04+00:00,yfinance,723.77001953125,0.0080221858849922,0.0169737063165198,0.1216768442297367,0.0395,0.0,,1.3200000000000003,0.07445008460236888,0.9941895872682005,-0.00582735885438381,transition_uncertainty,0.167657542093856,0.010953739079171,3.889155618166566e-05,0.9890073693639776,17.73,validation,18.013912200927734,0.4733646810054779,0.01117533165961504,93.17835235595703,-80.98418426513672,199.20840454101562,0.28391220092773395,0.28391220092773395,0.08060613783562998,16.018812418195637,selection
2026-05-05T00:00:00Z,SPY,SPY260612C00729000,call,729.0,0.10410958904109589,17.1,0.1808553594970703,16.59,18.1,17.345,222.0,131.0,2026-06-12,2026-05-07 20:14:49+00:00,-1.6900005,-8.994148,True,REGULAR,USD,2026-05-07T20:54:04+00:00,yfinance,723.77001953125,0.0080221858849922,0.0169737063165198,0.1216768442297367,0.0395,0.0,,1.5100000000000016,0.08705678869991361,0.9928258155435528,-0.007200042666355996,transition_uncertainty,0.167657542093856,0.010953739079171,3.889155618166566e-05,0.9890073693639776,17.345,validation,17.349802017211914,0.4712825119495392,0.009168481454253197,93.13764953613281,-80.47407531738281,0.03393958508968353,0.004802017211915199,0.004802017211915199,2.3059369303529825e-05,15.777658252562162,selection
2026-05-05T00:00:00Z,SPY,SPY260612C00730000,call,730.0,0.10410958904109589,15.81,0.1698386239624023,15.84,16.57,16.205,126.0,631.0,2026-06-12,2026-05-07 19:53:12+00:00,-2.659999,-14.401727,True,REGULAR,USD,2026-05-07T20:54:04+00:00,yfinance,723.77001953125,0.0080221858849922,0.0169737063165198,0.1216768442297367,0.0395,0.0,,0.7300000000000004,0.04504782474544897,0.9914657801797945,-0.008570844800134652,transition_uncertainty,0.167657542093856,0.010953739079171,3.889155618166566e-05,0.9890073693639776,16.205,validation,16.69453239440918,0.46932268142700195,0.0071652596816420555,93.03718566894531,-79.9845962524414,209.4776611328125,0.4895323944091814,0.4895323944091814,0.23964196517598632,14.291867281542693,selection
2026-05-05T00:00:00Z,SPY,SPY260612C00731000,call,731.0,0.10410958904109589,15.83,0.1765219067382812,15.37,16.69,16.03,182.0,243.0,2026-06-12,2026-05-07 20:10:26+00:00,-1.9300003,-10.867119,True,REGULAR,USD,2026-05-07T20:54:04+00:00,yfinance,723.77001953125,0.0080221858849922,0.0169737063165198,0.1216768442297367,0.0395,0.0,,1.320000000000002,0.08234560199625714,0.9901094658430233,-0.009939770407476269,transition_uncertainty,0.167657542093856,0.010953739079171,3.889155618166566e-05,0.9890073693639776,16.03,validation,16.048004150390625,0.46749719977378845,0.00516982888802886,92.87750244140625,-79.5197982788086,825.1995849609375,0.018004150390623863,0.018004150390623863,0.0003241494312882014,14.462813752089687,selection
2026-05-05T00:00:00Z,SPY,SPY260612C00732000,call,732.0,0.10410958904109589,14.75,0.1656577575683594,15.13,15.19,15.16,221.0,266.0,2026-06-12,2026-05-07 20:02:05+00:00,-1.9899998,-11.887692,False,REGULAR,USD,2026-05-07T20:54:04+00:00,yfinance,723.77001953125,0.0080221858849922,0.0169737063165198,0.1216768442297367,0.0395,0.0,,0.05999999999999872,0.003957783641160865,0.9887568572831285,-0.011306824619009313,transition_uncertainty,0.167657542093856,0.010953739079171,3.889155618166566e-05,0.9890073693639776,15.16,validation,15.410289764404297,0.46580368280410767,0.0031883446499705315,92.6590576171875,-79.08345794677734,1840.5460205078125,0.25028976440429673,0.25028976440429673,0.06264496616555837,13.014574504114137,selection
2026-05-05T00:00:00Z,SPY,SPY260612C00733000,call,733.0,0.10410958904109589,14.02,0.1642539630126953,14.52,14.58,14.55,90.0,227.0,2026-06-12,2026-05-07 19:35:09+00:00,-2.209999,-13.616754,False,REGULAR,USD,2026-05-07T20:54:04+00:00,yfinance,723.77001953125,0.0080221858849922,0.0169737063165198,0.1216768442297367,0.0395,0.0,,0.0600000000000005,0.0041237113402062195,0.9874079393332197,-0.012672012544349244,transition_uncertainty,0.167657542093856,0.010953739079171,3.889155618166566e-05,0.9890073693639776,14.55,validation,14.78140640258789,0.4642429053783417,0.001228999812155962,92.38258361816406,-78.67991638183594,3242.5322265625,0.23140640258788991,0.23140640258788991,0.053548923158668583,12.455834015878679,selection
2026-05-05T00:00:00Z,SPY,SPY260612C00734000,call,734.0,0.10410958904109589,13.53,0.1627433580017089,13.91,13.97,13.940000000000001,264.0,222.0,2026-06-12,2026-05-07 20:00:03+00:00,-2.2800007,-14.421256,False,REGULAR,USD,2026-05-07T20:54:04+00:00,yfinance,723.77001953125,0.0080221858849922,0.0169737063165198,0.1216768442297367,0.0395,0.0,,0.0600000000000005,0.0043041606886657455,0.9860626969090599,-0.014035339272213421,transition_uncertainty,0.167657542093856,0.010953739079171,3.889155618166566e-05,0.9890073693639776,13.940000000000001,validation,14.161300659179688,0.4628019630908966,-0.0006973408162593842,92.04875183105469,-78.31311798095703,5009.1796875,0.22130065917968622,0.22130065917968622,0.04897398175336364,11.898250057364976,selection
2026-05-05T00:00:00Z,SPY,SPY260612C00735000,call,735.0,0.10410958904109589,13.31,0.1613243048095703,13.32,13.38,13.350000000000001,682.0,347.0,2026-06-12,2026-05-07 20:14:40+00:00,-1.5999994,-10.731049,False,REGULAR,USD,2026-05-07T20:54:04+00:00,yfinance,723.77001953125,0.0080221858849922,0.0169737063165198,0.1216768442297367,0.0395,0.0,,0.0600000000000005,0.004494382022471947,0.9847211150085035,-0.015396809870534415,transition_uncertainty,0.167657542093856,0.010953739079171,3.889155618166566e-05,0.9890073693639776,13.350000000000001,validation,13.55005931854248,0.46146461367607117,-0.0025770245119929314,91.65851593017578,-77.98710632324219,7106.92138671875,0.20005931854247905,0.20005931854247905,0.0400237309356811,11.360331482745949,selection
2026-05-05T00:00:00Z,SPY,SPY260612C00736000,call,736.0,0.10410958904109589,12.28,0.1599052516174316,12.74,12.8,12.77,636.0,216.0,2026-06-12,2026-05-07 19:36:10+00:00,-1.8800001,-13.276837,False,REGULAR,USD,2026-05-07T20:54:04+00:00,yfinance,723.77001953125,0.0080221858849922,0.0169737063165198,0.1216768442297367,0.0395,0.0,,0.0600000000000005,0.004698512137823062,0.9833831787109375,-0.016756429386574033,transition_uncertainty,0.167657542093856,0.010953739079171,3.889155618166566e-05,0.9890073693639776,12.77,validation,12.9476900100708,0.46020057797431946,-0.004393001087009907,91.21271514892578,-77.70527648925781,9487.3359375,0.1776900100708012,0.1776900100708012,0.03157373967896143,10.833843134561107,selection
2026-05-05T00:00:00Z,SPY,SPY260612C00737000,call,737.0,0.10410958904109589,12.26,0.1584709397888183,12.17,12.23,12.2,121.0,142.0,2026-06-12,2026-05-07 20:02:43+00:00,-1.71,-12.240515,False,REGULAR,USD,2026-05-07T20:54:04+00:00,yfinance,723.77001953125,0.0080221858849922,0.0169737063165198,0.1216768442297367,0.0395,0.0,,0.0600000000000005,0.004918032786885287,0.98204887317673,-0.01811420284703443,transition_uncertainty,0.167657542093856,0.010953739079171,3.889155618166566e-05,0.9890073693639776,12.2,validation,12.354500770568848,0.4589734375476837,-0.006125022191554308,90.71261596679688,-77.47063446044922,12084.9853515625,0.15450077056884837,0.15450077056884837,0.02387048810636792,10.317620256459804,selection
2026-05-05T00:00:00Z,SPY,SPY260612C00738000,call,738.0,0.10410958904109589,10.97,0.1570213693237305,11.62,11.67,11.645,161.0,173.0,2026-06-12,2026-05-07 20:01:34+00:00,-2.3999996,-17.950634,False,REGULAR,USD,2026-05-07T20:54:04+00:00,yfinance,723.77001953125,0.0080221858849922,0.0169737063165198,0.1216768442297367,0.0395,0.0,,0.05000000000000071,0.004293688278231062,0.9807181836466802,-0.019470135258170332,transition_uncertainty,0.167657542093856,0.010953739079171,3.889155618166566e-05,0.9890073693639776,11.645,validation,11.77066707611084,0.4577251076698303,-0.007749191951006651,90.15911865234375,-77.28462219238281,14814.8037109375,0.12566707611084027,0.12566707611084027,0.01579221401824772,9.811904498043987,selection
2026-05-05T00:00:00Z,SPY,SPY260612C00739000,call,739.0,0.10410958904109589,11.17,0.1556633506774902,11.08,11.13,11.105,303.0,164.0,2026-06-12,2026-05-07 20:02:43+00:00,-1.6400003,-12.8025,False,REGULAR,USD,2026-05-07T20:54:04+00:00,yfinance,723.77001953125,0.0080221858849922,0.0169737063165198,0.1216768442297367,0.0395,0.0,,0.05000000000000071,0.004502476361999163,0.979391095441475,-0.020824231605899576,transition_uncertainty,0.167657542093856,0.010953739079171,3.889155618166566e-05,0.9890073693639776,11.105,validation,11.196453094482422,0.4563903510570526,-0.009238154627382755,89.55358123779297,-77.14781951904297,17571.3671875,0.09145309448242145,0.09145309448242145,0.008363668490410705,9.326431413233422,selection
2026-05-05T00:00:00Z,SPY,SPY260612C00740000,call,740.0,0.10410958904109589,10.07,0.1543968838500977,10.55,10.61,10.58,1240.0,1197.0,2026-06-12,2026-05-07 19:42:23+00:00,-2.0,-16.57001,False,REGULAR,USD,2026-05-07T20:54:04+00:00,yfinance,723.77001953125,0.0080221858849922,0.0169737063165198,0.1216768442297367,0.0395,0.0,,0.05999999999999872,0.005671077504725777,0.9780675939611486,-0.022176496855913264,transition_uncertainty,0.167657542093856,0.010953739079171,3.889155618166566e-05,0.9890073693639776,10.58,validation,10.632261276245117,0.4548846483230591,-0.010561618953943253,88.89729309082031,-77.05867767333984,20230.080078125,0.052261276245117116,0.052261276245117116,0.0027312409947684428,8.861170469344927,selection
2026-05-05T00:00:00Z,SPY,SPY260612C00741000,call,741.0,0.10410958904109589,9.61,0.1530998997497559,10.04,10.1,10.07,247.0,490.0,2026-06-12,2026-05-07 19:56:45+00:00,-1.96,-16.940363,False,REGULAR,USD,2026-05-07T20:54:04+00:00,yfinance,723.77001953125,0.0080221858849922,0.0169737063165198,0.1216768442297367,0.0395,0.0,,0.0600000000000005,0.005958291956305908,0.9767476646845479,-0.023526935953784713,transition_uncertainty,0.167657542093856,0.010953739079171,3.889155618166566e-05,0.9890073693639776,10.07,validation,10.07867431640625,0.4531089961528778,-0.011687147431075573,88.1916732788086,-77.01344299316406,22651.068359375,0.008674316406249716,0.008674316406249716,7.524376511573299e-05,8.405411262430647,selection
2026-05-05T00:00:00Z,SPY,SPY260612C00742000,call,742.0,0.10410958904109589,9.82,0.1517876570129394,9.54,9.6,9.57,155.0,230.0,2026-06-12,2026-05-07 20:04:41+00:00,-1.3800001,-12.32143,False,REGULAR,USD,2026-05-07T20:54:04+00:00,yfinance,723.77001953125,0.0080221858849922,0.0169737063165198,0.1216768442297367,0.0395,0.0,,0.0600000000000005,0.00626959247648908,0.9754312931688005,-0.024875553825078275,transition_uncertainty,0.167657542093856,0.010953739079171,3.889155618166566e-05,0.9890073693639776,9.57,validation,9.536255836486816,0.4509497582912445,-0.012581358663737774,87.43824005126953,-77.00572204589844,24686.314453125,-0.03374416351318388,0.03374416351318388,0.0011386685712044902,7.960705151990766,selection
2026-05-05T00:00:00Z,SPY,SPY260612C00743000,call,743.0,0.10410958904109589,9.36,0.1505517074584961,9.06,9.12,9.09,184.0,412.0,2026-06-12,2026-05-07 20:02:44+00:00,-0.6199999,-6.212424,False,REGULAR,USD,2026-05-07T20:54:04+00:00,yfinance,723.77001953125,0.0080221858849922,0.0169737063165198,0.1216768442297367,0.0395,0.0,,0.05999999999999872,0.00660066006600646,0.9741184650487887,-0.02622235537545691,transition_uncertainty,0.167657542093856,0.010953739079171,3.889155618166566e-05,0.9890073693639776,9.09,validation,9.00577163696289,0.4482748508453369,-0.013211473822593689,86.63821411132812,-77.02555084228516,26190.01171875,-0.08422836303710923,0.08422836303710923,0.007094417139911069,7.535019280155183,selection
2026-05-05T00:00:00Z,SPY,SPY260612C00744000,call,744.0,0.10410958904109589,8.74,0.1493004992675781,8.6,8.65,8.625,64.0,188.0,2026-06-12,2026-05-07 20:05:07+00:00,-1.0700006,-10.907244,False,REGULAR,USD,2026-05-07T20:54:04+00:00,yfinance,723.77001953125,0.0080221858849922,0.0169737063165198,0.1216768442297367,0.0395,0.0,,0.05000000000000071,0.005797101449275445,0.9728091660366264,-0.02756734549078963,transition_uncertainty,0.167657542093856,0.010953739079171,3.889155618166566e-05,0.9890073693639776,8.625,validation,8.488131523132324,0.4449516534805298,-0.013548163697123528,85.79354858398438,-77.06040954589844,27034.443359375,-0.13686847686767578,0.13686847686767578,0.0187329799600775,7.120551441659757,selection
2026-05-05T00:00:00Z,SPY,SPY260612C00745000,call,745.0,0.10410958904109589,7.79,0.1481103256225586,8.15,8.2,8.175,132.0,362.0,2026-06-12,2026-05-07 19:41:50+00:00,-1.8500004,-19.190874,False,REGULAR,USD,2026-05-07T20:54:04+00:00,yfinance,723.77001953125,0.0080221858849922,0.0169737063165198,0.1216768442297367,0.0395,0.0,,0.049999999999998934,0.0061162079510702055,0.9715033819211409,-0.02891052903725731,transition_uncertainty,0.167657542093856,0.010953739079171,3.889155618166566e-05,0.9890073693639776,8.175,validation,7.9843292236328125,0.44083693623542786,-0.013567691668868065,84.90570831298828,-77.0937728881836,27124.908203125,-0.1906707763671882,0.1906707763671882,0.0363553449604663,6.723753762092713,selection
2026-05-05T00:00:00Z,SPY,SPY260612C00746000,call,746.0,0.10410958904109589,7.36,0.146920151977539,7.71,7.76,7.734999999999999,29.0,166.0,2026-06-12,2026-05-07 19:15:29+00:00,-1.8799996,-20.346317,False,REGULAR,USD,2026-05-07T20:54:04+00:00,yfinance,723.77001953125,0.0080221858849922,0.0169737063165198,0.1216768442297367,0.0395,0.0,,0.04999999999999982,0.006464124111182913,0.9702010985673593,-0.03025191086145864,transition_uncertainty,0.167657542093856,0.010953739079171,3.889155618166566e-05,0.9890073693639776,7.734999999999999,validation,7.495495319366455,0.43579357862472534,-0.013255118392407894,83.97657012939453,-77.10630798339844,26416.82421875,-0.23950468063354435,0.23950468063354435,0.05736249204537608,6.339525328716633,selection
2026-05-05T00:00:00Z,SPY,SPY260612C00747000,call,747.0,0.10410958904109589,6.9,0.1457910128784179,7.29,7.34,7.3149999999999995,114.0,257.0,2026-06-12,2026-05-07 19:34:25+00:00,-1.8200002,-20.871561,False,REGULAR,USD,2026-05-07T20:54:04+00:00,yfinance,723.77001953125,0.0080221858849922,0.0169737063165198,0.1216768442297367,0.0395,0.0,,0.04999999999999982,0.0068352699931647064,0.9689023019159974,-0.03159149579051507,transition_uncertainty,0.167657542093856,0.010953739079171,3.889155618166566e-05,0.9890073693639776,7.3149999999999995,validation,7.022816181182861,0.4296928942203522,-0.012607060372829437,83.00762176513672,-77.07546997070312,24928.052734375,-0.2921838188171382,0.2921838188171382,0.08537138397856622,5.972793190260745,selection
2026-05-05T00:00:00Z,SPY,SPY260612C00748000,call,748.0,0.10410958904109589,6.49,0.1447534255981445,6.88,6.94,6.91,85.0,106.0,2026-06-12,2026-05-07 19:48:09+00:00,-1.5500002,-19.278608,False,REGULAR,USD,2026-05-07T20:54:04+00:00,yfinance,723.77001953125,0.0080221858849922,0.0169737063165198,0.1216768442297367,0.0395,0.0,,0.0600000000000005,0.008683068017366208,0.9676069779829546,-0.032929288632174994,transition_uncertainty,0.167657542093856,0.010953739079171,3.889155618166566e-05,0.9890073693639776,6.91,validation,6.5675458908081055,0.4224332571029663,-0.011634367518126965,82.00094604492188,-76.97763061523438,22745.64453125,-0.3424541091918947,0.3424541091918947,0.11727481690241412,5.625716608991155,selection
2026-05-05T00:00:00Z,SPY,SPY260612C00749000,call,749.0,0.10410958904109589,5.97,0.1436853210449218,6.49,6.55,6.52,49.0,356.0,2026-06-12,2026-05-07 19:21:06+00:00,-1.6200004,-21.343878,False,REGULAR,USD,2026-05-07T20:54:04+00:00,yfinance,723.77001953125,0.0080221858849922,0.0169737063165198,0.1216768442297367,0.0395,0.0,,0.05999999999999961,0.009202453987730001,0.9663151128588118,-0.03426529417491724,transition_uncertainty,0.167657542093856,0.010953739079171,3.889155618166566e-05,0.9890073693639776,6.52,validation,6.130936145782471,0.4139409363269806,-0.010363392531871796,80.95822143554688,-76.78804016113281,20020.884765625,-0.38906385421752887,0.38906385421752887,0.15137068265859857,5.28854273842677,selection
2026-05-05T00:00:00Z,SPY,SPY260612C00750000,call,750.0,0.10410958904109589,6.2,0.14258669921875,6.12,6.17,6.145,559.0,722.0,2026-06-12,2026-05-07 20:05:07+00:00,-1.25,-16.778524,False,REGULAR,USD,2026-05-07T20:54:04+00:00,yfinance,723.77001953125,0.0080221858849922,0.0169737063165198,0.1216768442297367,0.0395,0.0,,0.04999999999999982,0.008136696501220475,0.9650266927083333,-0.03559951718805395,transition_uncertainty,0.167657542093856,0.010953739079171,3.889155618166566e-05,0.9890073693639776,6.145,validation,5.714244842529297,0.4041872024536133,-0.008836627006530762,79.8813705444336,-76.48324584960938,16955.20703125,-0.4307551574707027,0.4307551574707027,0.18555000568760988,4.961411859971008,selection
2026-05-05T00:00:00Z,SPY,SPY260612C00755000,call,755.0,0.10410958904109589,4.18,0.137703935546875,4.47,4.51,4.49,1027.0,546.0,2026-06-12,2026-05-07 19:53:32+00:00,-1.3200002,-24.000002,False,REGULAR,USD,2026-05-07T20:54:04+00:00,yfinance,723.77001953125,0.0080221858849922,0.0169737063165198,0.1216768442297367,0.0395,0.0,,0.040000000000000036,0.008908685968819607,0.9586357874586092,-0.042244059906722545,transition_uncertainty,0.167657542093856,0.010953739079171,3.889155618166566e-05,0.9890073693639776,4.49,validation,3.960500717163086,0.3389737606048584,0.000361965736374259,74.05300903320312,-72.678466796875,3657.720458984375,-0.5294992828369143,0.5294992828369143,0.28036949052480653,3.5511411611570054,selection
2026-05-05T00:00:00Z,SPY,SPY260612C00760000,call,760.0,0.10410958904109589,3.13,0.1336146209716797,3.17,3.21,3.19,4038.0,2813.0,2026-06-12,2026-05-07 20:11:22+00:00,-1.02,-24.578312,False,REGULAR,USD,2026-05-07T20:54:04+00:00,yfinance,723.77001953125,0.0080221858849922,0.0169737063165198,0.1216768442297367,0.0395,0.0,,0.040000000000000036,0.012539184952978068,0.9523289730674342,-0.04884474393807452,transition_uncertainty,0.167657542093856,0.010953739079171,3.889155618166566e-05,0.9890073693639776,3.19,validation,2.7651805877685547,0.2634536623954773,0.006502402015030384,67.66522216796875,-65.30525970458984,100.19151306152344,-0.42481941223144526,0.42481941223144526,0.1804715330086706,2.473263475900737,selection
2026-05-05T00:00:00Z,SPY,SPY260612C00765000,call,765.0,0.10410958904109589,2.2,0.1301051345825195,2.18,2.22,2.2,2972.0,2311.0,2026-06-12,2026-05-07 20:10:45+00:00,-0.79999995,-26.666664,False,REGULAR,USD,2026-05-07T20:54:04+00:00,yfinance,723.77001953125,0.0080221858849922,0.0169737063165198,0.1216768442297367,0.0395,0.0,,0.040000000000000036,0.018181818181818195,0.9461046006944445,-0.05540214448423361,transition_uncertainty,0.167657542093856,0.010953739079171,3.889155618166566e-05,0.9890073693639776,2.2,validation,2.010024309158325,0.2008792608976364,0.007635482586920261,60.96070861816406,-56.73661422729492,26.441402435302734,-0.18997569084167498,0.18997569084167498,0.036090763110771674,1.6719423888501979,selection
2026-05-05T00:00:00Z,SPY,SPY260612C00770000,call,770.0,0.10410958904109589,1.36,0.1275722009277343,1.47,1.51,1.49,388.0,485.0,2026-06-12,2026-05-07 20:00:48+00:00,-0.66999996,-33.00492,False,REGULAR,USD,2026-05-07T20:54:04+00:00,yfinance,723.77001953125,0.0080221858849922,0.0169737063165198,0.1216768442297367,0.0395,0.0,,0.040000000000000036,0.02684563758389264,0.9399610643262987,-0.06191682550542736,transition_uncertainty,0.167657542093856,0.010953739079171,3.889155618166566e-05,0.9890073693639776,1.49,validation,1.5210468769073486,0.15668748319149017,0.0066514466889202595,54.1650505065918,-48.873802185058594,20.394453048706055,0.03104687690734864,0.03104687690734864,0.0009639085657000584,1.113681338236411,selection
2026-05-05T00:00:00Z,SPY,SPY260612C00775000,call,775.0,0.10410958904109589,0.92,0.1256801300048828,0.98,1.01,0.995,166.0,51.0,2026-06-12,2026-05-07 20:00:48+00:00,-0.56,-37.837837,False,REGULAR,USD,2026-05-07T20:54:04+00:00,yfinance,723.77001953125,0.0080221858849922,0.0169737063165198,0.1216768442297367,0.0395,0.0,,0.030000000000000027,0.030150753768844248,0.9338967993951612,-0.06838934001104485,transition_uncertainty,0.167657542093856,0.010953739079171,3.889155618166566e-05,0.9890073693639776,0.995,validation,1.1755963563919067,0.12517718970775604,0.0055057210847735405,47.477622985839844,-42.03627395629883,4.125372409820557,0.18059635639190674,0.18059635639190674,0.032615043942032594,0.7295329033598534,selection
2026-05-05T00:00:00Z,SPY,SPY260612C00780000,call,780.0,0.10410958904109589,0.59,0.1248866809082031,0.66,0.68,0.67,102.0,255.0,2026-06-12,2026-05-07 18:54:54+00:00,-0.40000004,-40.404045,False,REGULAR,USD,2026-05-07T20:54:04+00:00,yfinance,723.77001953125,0.0080221858849922,0.0169737063165198,0.1216768442297367,0.0395,0.0,,0.020000000000000018,0.02985074626865674,0.9279102814503205,-0.07482023034133523,transition_uncertainty,0.167657542093856,0.010953739079171,3.889155618166566e-05,0.9890073693639776,0.67,validation,0.9129164814949036,0.10092217475175858,0.004597027320414782,41.06492614746094,-35.97873306274414,0.5118745565414429,0.24291648149490352,0.24291648149490352,0.05900841698186381,0.48293222673856917,selection
2026-05-05T00:00:00Z,SPY,SPY260612C00785000,call,785.0,0.10410958904109589,0.44,0.1253749572753906,0.45,0.47,0.45999999999999996,68.0,30.0,2026-06-12,2026-05-07 20:00:57+00:00,-0.28000003,-38.888893,False,REGULAR,USD,2026-05-07T20:54:04+00:00,yfinance,723.77001953125,0.0080221858849922,0.0169737063165198,0.1216768442297367,0.0395,0.0,,0.019999999999999962,0.04347826086956514,0.9220000248805732,-0.08121002844010627,transition_uncertainty,0.167657542093856,0.010953739079171,3.889155618166566e-05,0.9890073693639776,0.45999999999999996,validation,0.7062994241714478,0.0812021940946579,0.003865219186991453,35.057273864746094,-30.5220947265625,0.052277810871601105,0.2462994241714478,0.2462994241714478,0.06066340634718676,0.3312636802799105,selection
2026-05-05T00:00:00Z,SPY,SPY260612C00790000,call,790.0,0.10410958904109589,0.31,0.12696185546875,0.32,0.34,0.33,17.0,36.0,2026-06-12,2026-05-07 17:56:32+00:00,-0.06999999,-18.421051,False,REGULAR,USD,2026-05-07T20:54:04+00:00,yfinance,723.77001953125,0.0080221858849922,0.0169737063165198,0.1216768442297367,0.0395,0.0,,0.020000000000000018,0.060606060606060656,0.9161645816851266,-0.08755925611876496,transition_uncertainty,0.167657542093856,0.010953739079171,3.889155618166566e-05,0.9890073693639776,0.33,validation,0.5425431728363037,0.06486205756664276,0.0032398668117821217,29.54737091064453,-25.61043930053711,0.005707526113837957,0.2125431728363037,0.2125431728363037,0.04517460031932286,0.2375241935350232,selection
2026-05-05T00:00:00Z,SPY,SPY260612C00800000,call,800.0,0.10410958904109589,0.19,0.1317225500488281,0.18,0.19,0.185,159.0,365.0,2026-06-12,2026-05-07 20:14:56+00:00,-0.099999994,-34.482758,False,REGULAR,USD,2026-05-07T20:54:04+00:00,yfinance,723.77001953125,0.0080221858849922,0.0169737063165198,0.1216768442297367,0.0395,0.0,,0.010000000000000009,0.054054054054054106,0.9047125244140625,-0.10013803832562512,transition_uncertainty,0.167657542093856,0.010953739079171,3.889155618166566e-05,0.9890073693639776,0.185,validation,0.12408560514450073,0.0402328297495842,0.002211987739428878,20.21803092956543,-17.405792236328125,0.0006240276270546019,-0.060914394855499265,0.060914394855499265,0.0037105635006116754,0.13300281409577686,selection
2026-05-05T00:00:00Z,SPY,SPY260618C00660000,call,660.0,0.12054794520547946,76.3,0.3166877413940429,75.71,78.53,77.12,83.0,13593.0,2026-06-18,2026-05-07 18:31:32+00:00,-1.6699982,-2.1418471,True,REGULAR,USD,2026-05-07T20:54:04+00:00,yfinance,723.77001953125,0.0080221858849922,0.0169737063165198,0.1216768442297367,0.0395,0.0,,2.8200000000000074,0.03656639004149387,1.096621241714015,0.09223385432183093,transition_uncertainty,0.167657542093856,0.010953739079171,3.889155618166566e-05,0.9890073693639776,77.12,test,79.90293884277344,0.4903603196144104,0.11834932863712311,23.810483932495117,-125.47147369384766,572628.4375,2.782938842773433,2.782938842773433,7.744748602617134,74.76445804395587,selection
2026-05-05T00:00:00Z,SPY,SPY260618C00665000,call,665.0,0.12054794520547946,71.56,0.3054573849487304,70.97,73.79,72.38,69.0,13925.0,2026-06-18,2026-05-07 18:50:00+00:00,-2.6500015,-3.5709493,True,REGULAR,USD,2026-05-07T20:54:04+00:00,yfinance,723.77001953125,0.0080221858849922,0.0169737063165198,0.1216768442297367,0.0395,0.0,,2.8200000000000074,0.038961038961039064,1.0883759692199249,0.08468664868644811,transition_uncertainty,0.167657542093856,0.010953739079171,3.889155618166566e-05,0.9890073693639776,72.38,test,75.1859130859375,0.5044102072715759,0.10478274524211884,29.420412063598633,-120.54060363769531,438719.375,2.8059130859375045,2.8059130859375045,7.8731482458353295,70.09021466651632,selection
2026-05-05T00:00:00Z,SPY,SPY260618C00666000,call,666.0,0.12054794520547946,73.36,0.3033211758422851,70.02,72.85,71.435,,1.0,2026-06-18,2026-05-06 20:04:10+00:00,0.0,0.0,True,REGULAR,USD,2026-05-07T20:54:04+00:00,yfinance,723.77001953125,0.0080221858849922,0.0169737063165198,0.1216768442297367,0.0395,0.0,,2.8299999999999983,0.03961643452089309,1.086741771067943,0.08318401880191313,transition_uncertainty,0.167657542093856,0.010953739079171,3.889155618166566e-05,0.9890073693639776,71.435,test,74.23503875732422,0.5073961019515991,0.1020694151520729,30.624340057373047,-119.53050231933594,414112.03125,2.8000387573242165,2.8000387573242165,7.840217042517742,69.1658990831155,selection
2026-05-05T00:00:00Z,SPY,SPY260618C00669000,call,669.0,0.12054794520547946,61.0,0.2967294448852539,67.2,70.03,68.61500000000001,,2.0,2026-06-18,2026-05-05 15:54:12+00:00,0.0,0.0,True,REGULAR,USD,2026-05-07T20:54:04+00:00,yfinance,723.77001953125,0.0080221858849922,0.0169737063165198,0.1216768442297367,0.0395,0.0,,2.8299999999999983,0.041244625810682764,1.0818684895833333,0.07868962921407369,transition_uncertainty,0.167657542093856,0.010953739079171,3.889155618166566e-05,0.9890073693639776,68.61500000000001,test,71.3703842163086,0.5165289640426636,0.09398097544908524,34.39035415649414,-116.47975158691406,345027.46875,2.7553842163085847,2.7553842163085847,7.592142179482473,66.38773378048268,selection
2026-05-05T00:00:00Z,SPY,SPY260618C00670000,call,670.0,0.12054794520547946,66.77,0.2945322012329101,66.26,69.09,67.67500000000001,1868.0,20254.0,2026-06-18,2026-05-07 19:55:54+00:00,-2.8600006,-4.107426,True,REGULAR,USD,2026-05-07T20:54:04+00:00,yfinance,723.77001953125,0.0080221858849922,0.0169737063165198,0.1216768442297367,0.0395,0.0,,2.8299999999999983,0.0418175101588474,1.080253760494403,0.0771959769572904,transition_uncertainty,0.167657542093856,0.010953739079171,3.889155618166566e-05,0.9890073693639776,67.67500000000001,test,70.41192626953125,0.5195987820625305,0.09131067246198654,35.69463348388672,-115.46039581298828,323619.46875,2.7369262695312386,2.7369262695312386,7.490765404850182,65.4641458722316,selection
2026-05-05T00:00:00Z,SPY,SPY260618C00673000,call,673.0,0.12054794520547946,52.62,0.2879099530029295,63.47,66.28,64.875,,,2026-06-18,2026-05-04 17:14:33+00:00,0.0,0.0,True,REGULAR,USD,2026-05-07T20:54:04+00:00,yfinance,723.77001953125,0.0080221858849922,0.0169737063165198,0.1216768442297367,0.0395,0.0,,2.8100000000000023,0.04331406551059734,1.0754383648309807,0.07272835969757438,transition_uncertainty,0.167657542093856,0.010953739079171,3.889155618166566e-05,0.9890073693639776,64.875,test,67.52848815917969,0.5287453532218933,0.08341257274150848,39.741188049316406,-112.41236114501953,264350.625,2.6534881591796875,2.6534881591796875,7.040999410906807,62.69911225504461,selection
2026-05-05T00:00:00Z,SPY,SPY260618C00675000,call,675.0,0.12054794520547946,61.72,0.2836070175170897,61.61,64.42,63.015,122.0,19128.0,2026-06-18,2026-05-07 19:56:26+00:00,-3.1699982,-4.8851876,True,REGULAR,USD,2026-05-07T20:54:04+00:00,yfinance,723.77001953125,0.0080221858849922,0.0169737063165198,0.1216768442297367,0.0395,0.0,,2.8100000000000023,0.04459255732762044,1.072251880787037,0.06976099846977228,transition_uncertainty,0.167657542093856,0.010953739079171,3.889155618166566e-05,0.9890073693639776,63.015,test,65.60127258300781,0.5346904993057251,0.07826334238052368,42.540382385253906,-110.39958190917969,228960.96875,2.586272583007812,2.586272583007812,6.688805873617899,60.870784834660356,selection
2026-05-05T00:00:00Z,SPY,SPY260618C00678000,call,678.0,0.12054794520547946,42.93,0.2772899420166015,58.84,61.65,60.245000000000005,,15.0,2026-06-18,2026-04-29 17:32:46+00:00,0.0,0.0,True,REGULAR,USD,2026-05-07T20:54:04+00:00,yfinance,723.77001953125,0.0080221858849922,0.0169737063165198,0.1216768442297367,0.0395,0.0,,2.809999999999995,0.046642874927379785,1.0675074034384218,0.06532640140190658,transition_uncertainty,0.167657542093856,0.010953739079171,3.889155618166566e-05,0.9890073693639776,60.245000000000005,test,62.70724105834961,0.5431829690933228,0.07075294107198715,46.867759704589844,-107.42774963378906,181930.671875,2.462241058349605,2.462241058349605,6.062631029422582,58.15018268598726,selection
2026-05-05T00:00:00Z,SPY,SPY260618C00680000,call,680.0,0.12054794520547946,57.58,0.2730785583496093,57.0,59.81,58.405,106.0,17060.0,2026-06-18,2026-05-07 19:24:52+00:00,-2.4199982,-4.0333304,True,REGULAR,USD,2026-05-07T20:54:04+00:00,yfinance,723.77001953125,0.0080221858849922,0.0169737063165198,0.1216768442297367,0.0395,0.0,,2.8100000000000023,0.04811231915075768,1.06436767578125,0.06238089117214974,transition_uncertainty,0.167657542093856,0.010953739079171,3.889155618166566e-05,0.9890073693639776,58.405,test,60.778465270996094,0.5484522581100464,0.06590770930051804,49.82254409790039,-105.48665618896484,154471.6875,2.3734652709960926,2.3734652709960926,5.633337392624555,56.34506457086229,selection
2026-05-05T00:00:00Z,SPY,SPY260618C00681000,call,681.0,0.12054794520547946,56.69,0.271064418334961,56.08,58.9,57.489999999999995,15.0,48.0,2026-06-18,2026-05-06 16:58:13+00:00,0.0,0.0,True,REGULAR,USD,2026-05-07T20:54:04+00:00,yfinance,723.77001953125,0.0080221858849922,0.0169737063165198,0.1216768442297367,0.0395,0.0,,2.8200000000000003,0.049052009045051324,1.0628047276523496,0.060911383192789915,transition_uncertainty,0.167657542093856,0.010953739079171,3.889155618166566e-05,0.9890073693639776,57.489999999999995,test,59.81481170654297,0.5509438514709473,0.06353753060102463,51.316341400146484,-104.5295639038086,141861.5625,2.324811706542974,2.324811706542974,5.4047494708792545,55.45219708613445,selection
2026-05-05T00:00:00Z,SPY,SPY260618C00685000,call,685.0,0.12054794520547946,53.24,0.2627942373657227,52.44,55.26,53.849999999999994,223.0,15787.0,2026-06-18,2026-05-07 19:56:26+00:00,-2.7599983,-4.9285684,True,REGULAR,USD,2026-05-07T20:54:04+00:00,yfinance,723.77001953125,0.0080221858849922,0.0169737063165198,0.1216768442297367,0.0395,0.0,,2.8200000000000003,0.052367688022284135,1.0565985686587591,0.05505485108007691,transition_uncertainty,0.167657542093856,0.010953739079171,3.889155618166566e-05,0.9890073693639776,53.849999999999994,test,55.97161865234375,0.5597653388977051,0.05443037673830986,57.36341094970703,-100.79972076416016,98425.7734375,2.1216186523437557,2.1216186523437557,4.501265705972934,51.884637248611625,selection
2026-05-05T00:00:00Z,SPY,SPY260618C00690000,call,690.0,0.12054794520547946,48.38,0.2528150891113281,47.96,50.78,49.370000000000005,106.0,16495.0,2026-06-18,2026-05-07 19:07:52+00:00,-3.1699982,-6.149366,True,REGULAR,USD,2026-05-07T20:54:04+00:00,yfinance,723.77001953125,0.0080221858849922,0.0169737063165198,0.1216768442297367,0.0395,0.0,,2.8200000000000003,0.05711970832489366,1.0489420572916666,0.04778209175099704,transition_uncertainty,0.167657542093856,0.010953739079171,3.889155618166566e-05,0.9890073693639776,49.370000000000005,test,51.2114143371582,0.5677127242088318,0.04392697289586067,64.9520263671875,-96.36326599121094,58201.8515625,1.8414143371581986,1.8414143371581986,3.390806761091768,47.50410509598271,selection
2026-05-05T00:00:00Z,SPY,SPY260618C00695000,call,695.0,0.12054794520547946,44.12,0.2428664581298827,43.55,46.36,44.955,36.0,25224.0,2026-06-18,2026-05-07 19:25:04+00:00,-2.7800026,-5.9275103,True,REGULAR,USD,2026-05-07T20:54:04+00:00,yfinance,723.77001953125,0.0080221858849922,0.0169737063165198,0.1216768442297367,0.0395,0.0,,2.8100000000000023,0.06250695139584034,1.0413957115557555,0.040561843777510175,transition_uncertainty,0.167657542093856,0.010953739079171,3.889155618166566e-05,0.9890073693639776,44.955,test,46.52962112426758,0.5716714859008789,0.03440094739198685,72.3519287109375,-92.14739990234375,30846.0703125,1.5746211242675798,1.5746211242675798,2.479431684989697,43.1919315840928,selection
2026-05-05T00:00:00Z,SPY,SPY260618C00697000,call,697.0,0.12054794520547946,42.3,0.2390212817382812,41.81,44.62,43.215,10.0,23.0,2026-06-18,2026-05-07 19:16:26+00:00,-2.2600021,-5.071818,True,REGULAR,USD,2026-05-07T20:54:04+00:00,yfinance,723.77001953125,0.0080221858849922,0.0169737063165198,0.1216768442297367,0.0395,0.0,,2.809999999999995,0.0650237186162211,1.038407488567073,0.037688278581778256,transition_uncertainty,0.167657542093856,0.010953739079171,3.889155618166566e-05,0.9890073693639776,43.215,test,44.68590545654297,0.5720644593238831,0.03084847703576088,75.2037124633789,-90.5069808959961,22861.5546875,1.4709054565429653,1.4709054565429653,2.1635628620878693,41.49938285317654,selection
2026-05-05T00:00:00Z,SPY,SPY260618C00699000,call,699.0,0.12054794520547946,41.06,0.2351303294372558,40.08,42.89,41.485,86.0,39.0,2026-06-18,2026-05-07 19:44:02+00:00,-0.22999954,-0.5570345,True,REGULAR,USD,2026-05-07T20:54:04+00:00,yfinance,723.77001953125,0.0080221858849922,0.0169737063165198,0.1216768442297367,0.0395,0.0,,2.8100000000000023,0.06773532602145359,1.0354363655668812,0.034822947108491924,transition_uncertainty,0.167657542093856,0.010953739079171,3.889155618166566e-05,0.9890073693639776,41.485,test,42.86168670654297,0.5717714428901672,0.027431439608335495,77.96974182128906,-88.88326263427734,16315.03125,1.3766867065429693,1.3766867065429693,1.8952662879721278,39.81615898590837,selection
2026-05-05T00:00:00Z,SPY,SPY260618C00700000,call,700.0,0.12054794520547946,40.0,0.2331924826049805,39.22,42.03,40.625,926.0,30472.0,2026-06-18,2026-05-07 19:30:13+00:00,-2.709999,-6.345116,True,REGULAR,USD,2026-05-07T20:54:04+00:00,yfinance,723.77001953125,0.0080221858849922,0.0169737063165198,0.1216768442297367,0.0395,0.0,,2.8100000000000023,0.06916923076923083,1.0339571707589286,0.03339335429889753,transition_uncertainty,0.167657542093856,0.010953739079171,3.889155618166566e-05,0.9890073693639776,40.625,test,41.95746612548828,0.5713692307472229,0.02577037923038006,79.3159408569336,-88.07540893554688,13533.3759765625,1.3324661254882812,1.3324661254882812,1.775465975573752,38.98042127176251,selection
2026-05-05T00:00:00Z,SPY,SPY260618C00701000,call,701.0,0.12054794520547946,38.65,0.2313309289550781,38.37,41.18,39.775,13.0,6.0,2026-06-18,2026-05-07 19:18:33+00:00,-2.1399994,-5.246382,True,REGULAR,USD,2026-05-07T20:54:04+00:00,yfinance,723.77001953125,0.0080221858849922,0.0169737063165198,0.1216768442297367,0.0395,0.0,,2.8100000000000023,0.0706473915776242,1.0324821961929387,0.03196580230771214,transition_uncertainty,0.167657542093856,0.010953739079171,3.889155618166566e-05,0.9890073693639776,39.775,test,41.05875778198242,0.570801317691803,0.024139154702425003,80.63472747802734,-87.26886749267578,11056.3466796875,1.2837577819824233,1.2837577819824233,1.648034042800431,38.1550614480613,selection
2026-05-05T00:00:00Z,SPY,SPY260618C00705000,call,705.0,0.12054794520547946,35.91,0.2237321279907226,35.0,37.8,36.4,250.0,15568.0,2026-06-18,2026-05-07 19:59:02+00:00,-2.4500008,-6.386863,True,REGULAR,USD,2026-05-07T20:54:04+00:00,yfinance,723.77001953125,0.0080221858849922,0.0169737063165198,0.1216768442297367,0.0395,0.0,,2.799999999999997,0.07692307692307684,1.026624141179078,0.026275886530033505,transition_uncertainty,0.167657542093856,0.010953739079171,3.889155618166566e-05,0.9890073693639776,36.4,test,37.52410888671875,0.5669339895248413,0.017879795283079147,85.59919738769531,-84.03512573242188,3884.814208984375,1.1241088867187514,1.1241088867187514,1.2636207892000708,34.879137653649934,selection
2026-05-05T00:00:00Z,SPY,SPY260618C00710000,call,710.0,0.12054794520547946,31.41,0.214302290649414,30.93,33.67,32.3,274.0,33030.0,2026-06-18,2026-05-07 19:46:48+00:00,-2.8100014,-8.2115755,True,REGULAR,USD,2026-05-07T20:54:04+00:00,yfinance,723.77001953125,0.0080221858849922,0.0169737063165198,0.1216768442297367,0.0395,0.0,,2.740000000000002,0.08482972136222917,1.019394393705986,0.01920871930694113,transition_uncertainty,0.167657542093856,0.010953739079171,3.889155618166566e-05,0.9890073693639776,32.3,test,33.25492858886719,0.558915913105011,0.010516269132494926,90.97466278076172,-79.89769744873047,148.6484375,0.9549285888671903,0.9549285888671903,0.9118886098358835,30.887573347329692,selection
2026-05-05T00:00:00Z,SPY,SPY260618C00711000,call,711.0,0.12054794520547946,30.82,0.21289849609375,30.09,32.9,31.494999999999997,19.0,1770.0,2026-06-18,2026-05-07 18:42:07+00:00,-0.14999962,-0.48433846,True,REGULAR,USD,2026-05-07T20:54:04+00:00,yfinance,723.77001953125,0.0080221858849922,0.0169737063165198,0.1216768442297367,0.0395,0.0,,2.8099999999999987,0.0892205111922527,1.0179606463168074,0.017801259539061396,transition_uncertainty,0.167657542093856,0.010953739079171,3.889155618166566e-05,0.9890073693639776,31.494999999999997,test,32.42252731323242,0.5569606423377991,0.009085197001695633,91.92302703857422,-79.04756164550781,6.1662445068359375,0.9275273132324244,0.9275273132324244,0.86030691679216,30.149164991609098,selection
2026-05-05T00:00:00Z,SPY,SPY260618C00713000,call,713.0,0.12054794520547946,31.1,0.2081835774230956,28.52,31.2,29.86,13.0,1342.0,2026-06-18,2026-05-07 16:36:22+00:00,-0.86999893,-2.721298,True,REGULAR,USD,2026-05-07T20:54:04+00:00,yfinance,723.77001953125,0.0080221858849922,0.0169737063165198,0.1216768442297367,0.0395,0.0,,2.6799999999999997,0.08975217682518419,1.015105216733871,0.014992268928006298,transition_uncertainty,0.167657542093856,0.010953739079171,3.889155618166566e-05,0.9890073693639776,29.86,test,30.78069496154785,0.5527742505073547,0.006248080637305975,93.68140411376953,-77.3176498413086,279.8800048828125,0.9206949615478521,0.9206949615478521,0.847679212219601,28.50706482766242,selection
2026-05-05T00:00:00Z,SPY,SPY260618C00715000,call,715.0,0.12054794520547946,27.51,0.2041400387573241,27.07,29.58,28.325,102.0,38326.0,2026-06-18,2026-05-07 19:53:39+00:00,-2.83,-9.3276205,True,REGULAR,USD,2026-05-07T20:54:04+00:00,yfinance,723.77001953125,0.0080221858849922,0.0169737063165198,0.1216768442297367,0.0395,0.0,,2.509999999999998,0.08861429832303612,1.0122657615821677,0.012191146648294465,transition_uncertainty,0.167657542093856,0.010953739079171,3.889155618166566e-05,0.9890073693639776,28.325,test,29.169893264770508,0.5482921600341797,0.0034304941073060036,95.24726104736328,-75.54405975341797,1279.1094970703125,0.8448932647705085,0.8448932647705085,0.7138446288545686,26.94967521735009,selection
2026-05-05T00:00:00Z,SPY,SPY260618C00718000,call,718.0,0.12054794520547946,24.77,0.1981739118957519,24.87,27.2,26.035,64.0,792.0,2026-06-18,2026-05-07 17:27:08+00:00,-1.3199997,-5.0594087,True,REGULAR,USD,2026-05-07T20:54:04+00:00,yfinance,723.77001953125,0.0080221858849922,0.0169737063165198,0.1216768442297367,0.0395,0.0,,2.3299999999999983,0.0894949106971384,1.0080362389014623,0.008004120294077951,transition_uncertainty,0.167657542093856,0.010953739079171,3.889155618166566e-05,0.9890073693639776,26.035,test,26.813222885131836,0.5412263870239258,-0.0007936630863696337,97.21623229980469,-72.79532623291016,4124.80029296875,0.7782228851318358,0.7782228851318358,0.6056308589429185,24.666288540349,selection
2026-05-05T00:00:00Z,SPY,SPY260618C00720000,call,720.0,0.12054794520547946,24.42,0.1841207077026367,24.42,24.67,24.545,250.0,17087.0,2026-06-18,2026-05-07 20:11:01+00:00,-1.9300003,-7.324479,True,REGULAR,USD,2026-05-07T20:54:04+00:00,yfinance,723.77001953125,0.0080221858849922,0.0169737063165198,0.1216768442297367,0.0395,0.0,,0.25,0.010185373803218578,1.0052361382378472,0.005222477332201177,transition_uncertainty,0.167657542093856,0.010953739079171,3.889155618166566e-05,0.9890073693639776,24.545,test,25.282522201538086,0.5364392995834351,-0.003628114238381386,98.26536560058594,-70.90445709228516,6935.29150390625,0.7375222015380842,0.7375222015380842,0.5439389977615825,22.182109701208276,selection
2026-05-05T00:00:00Z,SPY,SPY260618C00721000,call,721.0,0.12054794520547946,23.15,0.1877675218200683,23.22,24.44,23.83,19.0,3405.0,2026-06-18,2026-05-07 17:35:54+00:00,-2.8500004,-10.961539,True,REGULAR,USD,2026-05-07T20:54:04+00:00,yfinance,723.77001953125,0.0080221858849922,0.0169737063165198,0.1216768442297367,0.0395,0.0,,1.2200000000000024,0.0511959714645406,1.003841913358183,0.0038345520573531203,transition_uncertainty,0.167657542093856,0.010953739079171,3.889155618166566e-05,0.9890073693639776,23.83,test,24.529510498046875,0.534064769744873,-0.005054827779531479,98.70872497558594,-69.94298553466797,8622.8037109375,0.6995104980468767,0.6995104980468767,0.4893149368777895,22.00020235287019,selection
2026-05-05T00:00:00Z,SPY,SPY260618C00722000,call,722.0,0.12054794520547946,22.13,0.192818130493164,21.76,24.36,23.060000000000002,459.0,4617.0,2026-06-18,2026-05-07 18:25:10+00:00,-2.6400013,-10.658059,True,REGULAR,USD,2026-05-07T20:54:04+00:00,yfinance,723.77001953125,0.0080221858849922,0.0169737063165198,0.1216768442297367,0.0395,0.0,,2.599999999999998,0.11274934952298342,1.002451550597299,0.002448550449475876,transition_uncertainty,0.167657542093856,0.010953739079171,3.889155618166566e-05,0.9890073693639776,23.060000000000002,test,23.784549713134766,0.5317201614379883,-0.006488698534667492,99.09723663330078,-68.97237396240234,10502.708984375,0.7245497131347634,0.7245497131347634,0.5249722868036678,21.968673586861826,selection
2026-05-05T00:00:00Z,SPY,SPY260618C00725000,call,725.0,0.12054794520547946,20.98,0.176216734008789,20.88,21.06,20.97,482.0,34348.0,2026-06-18,2026-05-07 20:14:49+00:00,-1.8500004,-8.1033745,True,REGULAR,USD,2026-05-07T20:54:04+00:00,yfinance,723.77001953125,0.0080221858849922,0.0169737063165198,0.1216768442297367,0.0395,0.0,,0.17999999999999972,0.00858369098712445,0.9983034752155172,-0.0016979655123726006,transition_uncertainty,0.167657542093856,0.010953739079171,3.889155618166566e-05,0.9890073693639776,20.97,test,21.59903335571289,0.5249996185302734,-0.010833552107214928,99.93000793457031,-66.02203369140625,17325.55859375,0.6290333557128918,0.6290333557128918,0.39568296259942143,18.765310231338844,selection
2026-05-05T00:00:00Z,SPY,SPY260618C00726000,call,726.0,0.12054794520547946,20.2,0.1825032922363281,20.0,21.14,20.57,50.0,350.0,2026-06-18,2026-05-07 20:02:38+00:00,-2.1899986,-9.781146,True,REGULAR,USD,2026-05-07T20:54:04+00:00,yfinance,723.77001953125,0.0080221858849922,0.0169737063165198,0.1216768442297367,0.0395,0.0,,1.1400000000000006,0.05542051531356347,0.9969284015581956,-0.0030763254824938543,transition_uncertainty,0.167657542093856,0.010953739079171,3.889155618166566e-05,0.9890073693639776,20.57,test,20.886857986450195,0.522903323173523,-0.012292657978832722,100.09586334228516,-65.03382110595703,19997.53515625,0.31685798645019503,0.31685798645019503,0.10039898357727198,18.893593102401837,selection
2026-05-05T00:00:00Z,SPY,SPY260618C00728000,call,728.0,0.12054794520547946,18.32,0.1801534622192382,17.9,19.85,18.875,83.0,886.0,2026-06-18,2026-05-07 19:28:22+00:00,-2.1000004,-10.284037,True,REGULAR,USD,2026-05-07T20:54:04+00:00,yfinance,723.77001953125,0.0080221858849922,0.0169737063165198,0.1216768442297367,0.0395,0.0,,1.9500000000000028,0.10331125827814584,0.9941895872682005,-0.00582735885438381,transition_uncertainty,0.167657542093856,0.010953739079171,3.889155618166566e-05,0.9890073693639776,18.875,test,19.487106323242188,0.5189830660820007,-0.015211823396384716,100.25955963134766,-63.070064544677734,25920.23828125,0.6121063232421875,0.6121063232421875,0.37467415095306933,17.68407475955553,selection
2026-05-05T00:00:00Z,SPY,SPY260618C00729000,call,729.0,0.12054794520547946,17.71,0.176491389465332,17.44,18.97,18.205,144.0,575.0,2026-06-18,2026-05-07 19:28:22+00:00,-2.040001,-10.329119,True,REGULAR,USD,2026-05-07T20:54:04+00:00,yfinance,723.77001953125,0.0080221858849922,0.0169737063165198,0.1216768442297367,0.0395,0.0,,1.5299999999999976,0.08404284537215038,0.9928258155435528,-0.007200042666355996,transition_uncertainty,0.167657542093856,0.010953739079171,3.889155618166566e-05,0.9890073693639776,18.205,test,18.79932975769043,0.5171696543693542,-0.016662422567605972,100.25757598876953,-62.103519439697266,29150.654296875,0.5943297576904314,0.5943297576904314,0.3532278608763669,16.84286084491822,selection
2026-05-05T00:00:00Z,SPY,SPY260618C00730000,call,730.0,0.12054794520547946,17.6,0.1687400021362305,17.51,17.69,17.6,747.0,19104.0,2026-06-18,2026-05-07 20:14:49+00:00,-1.6900005,-8.761019,True,REGULAR,USD,2026-05-07T20:54:04+00:00,yfinance,723.77001953125,0.0080221858849922,0.0169737063165198,0.1216768442297367,0.0395,0.0,,0.17999999999999972,0.01022727272727271,0.9914657801797945,-0.008570844800134652,transition_uncertainty,0.167657542093856,0.010953739079171,3.889155618166566e-05,0.9890073693639776,17.6,test,18.11972427368164,0.5154546499252319,-0.018098575994372368,100.1999740600586,-61.15408706665039,32537.611328125,0.5197242736816392,0.5197242736816392,0.2701133206539074,15.600957570677906,selection
2026-05-05T00:00:00Z,SPY,SPY260618C00731000,call,731.0,0.12054794520547946,16.32,0.1666343103027344,16.91,16.98,16.945,1186.0,454.0,2026-06-18,2026-05-07 19:53:10+00:00,-2.4300003,-12.960002,True,REGULAR,USD,2026-05-07T20:54:04+00:00,yfinance,723.77001953125,0.0080221858849922,0.0169737063165198,0.1216768442297367,0.0395,0.0,,0.07000000000000028,0.004131012097964018,0.9901094658430233,-0.009939770407476269,transition_uncertainty,0.167657542093856,0.010953739079171,3.889155618166566e-05,0.9890073693639776,16.945,test,17.44829750061035,0.5138378739356995,-0.019511742517352104,100.0871353149414,-60.22797393798828,36054.30078125,0.5032975006103513,0.5032975006103513,0.25330837412062657,14.934617899434556,selection
2026-05-05T00:00:00Z,SPY,SPY260618C00732000,call,732.0,0.12054794520547946,16.23,0.1652305157470703,16.28,16.35,16.315,277.0,886.0,2026-06-18,2026-05-07 20:12:30+00:00,-1.8199997,-10.083101,False,REGULAR,USD,2026-05-07T20:54:04+00:00,yfinance,723.77001953125,0.0080221858849922,0.0169737063165198,0.1216768442297367,0.0395,0.0,,0.07000000000000028,0.0042905301869445465,0.9887568572831285,-0.011306824619009313,transition_uncertainty,0.167657542093856,0.010953739079171,3.889155618166566e-05,0.9890073693639776,16.315,test,16.785018920898438,0.5123066902160645,-0.0208911020308733,99.9194107055664,-59.33216094970703,39663.4296875,0.4700189208984362,0.4700189208984362,0.22091778600253045,14.348332534190604,selection
2026-05-05T00:00:00Z,SPY,SPY260618C00733000,call,733.0,0.12054794520547946,15.63,0.1638267211914063,15.66,15.73,15.695,566.0,1867.0,2026-06-18,2026-05-07 20:13:04+00:00,-2.0500002,-11.595023,False,REGULAR,USD,2026-05-07T20:54:04+00:00,yfinance,723.77001953125,0.0080221858849922,0.0169737063165198,0.1216768442297367,0.0395,0.0,,0.07000000000000028,0.004460019114367651,0.9874079393332197,-0.012672012544349244,transition_uncertainty,0.167657542093856,0.010953739079171,3.889155618166566e-05,0.9890073693639776,15.695,test,16.129993438720703,0.5108455419540405,-0.02222394198179245,99.69731140136719,-58.47417449951172,43317.08203125,0.43499343872070284,0.43499343872070284,0.18921929173006186,13.771991187238655,selection
2026-05-05T00:00:00Z,SPY,SPY260618C00734000,call,734.0,0.12054794520547946,14.62,0.1624381852722168,15.05,15.12,15.085,1775.0,10310.0,2026-06-18,2026-05-07 19:36:11+00:00,-2.0600004,-12.350122,False,REGULAR,USD,2026-05-07T20:54:04+00:00,yfinance,723.77001953125,0.0080221858849922,0.0169737063165198,0.1216768442297367,0.0395,0.0,,0.06999999999999851,0.004640371229698277,0.9860626969090599,-0.014035339272213421,transition_uncertainty,0.167657542093856,0.010953739079171,3.889155618166566e-05,0.9890073693639776,15.085,test,15.483223915100098,0.5094307661056519,-0.023494770750403404,99.42140197753906,-57.662452697753906,46953.2734375,0.3982239151000968,0.3982239151000968,0.1585822865576491,13.207320203781933,selection
2026-05-05T00:00:00Z,SPY,SPY260618C00735000,call,735.0,0.12054794520547946,14.53,0.161141201171875,14.46,14.53,14.495000000000001,1081.0,17274.0,2026-06-18,2026-05-07 20:05:01+00:00,-1.8800001,-11.45643,False,REGULAR,USD,2026-05-07T20:54:04+00:00,yfinance,723.77001953125,0.0080221858849922,0.0169737063165198,0.1216768442297367,0.0395,0.0,,0.06999999999999851,0.004829251466022663,0.9847211150085035,-0.015396809870534415,transition_uncertainty,0.167657542093856,0.010953739079171,3.889155618166566e-05,0.9890073693639776,14.495000000000001,test,14.844935417175293,0.5080317258834839,-0.024686073884367943,99.09234619140625,-56.905845642089844,50497.296875,0.349935417175292,0.349935417175292,0.12245479619364563,12.662061123017224,selection
2026-05-05T00:00:00Z,SPY,SPY260618C00736000,call,736.0,0.12054794520547946,14.15,0.1597526652526855,13.87,13.94,13.905,880.0,832.0,2026-06-18,2026-05-07 20:02:44+00:00,-1.1900005,-7.7575,False,REGULAR,USD,2026-05-07T20:54:04+00:00,yfinance,723.77001953125,0.0080221858849922,0.0169737063165198,0.1216768442297367,0.0395,0.0,,0.07000000000000028,0.00503416037396622,0.9833831787109375,-0.016756429386574033,transition_uncertainty,0.167657542093856,0.010953739079171,3.889155618166566e-05,0.9890073693639776,13.905,test,14.215275764465332,0.5066077709197998,-0.02577734738588333,98.71095275878906,-56.21384811401367,53858.44921875,0.31027576446533267,0.31027576446533267,0.0962710500145466,12.118262013886465,selection
2026-05-05T00:00:00Z,SPY,SPY260618C00737000,call,737.0,0.12054794520547946,13.27,0.1584556811523437,13.31,13.37,13.34,340.0,732.0,2026-06-18,2026-05-07 20:10:15+00:00,-1.6899996,-11.296788,False,REGULAR,USD,2026-05-07T20:54:04+00:00,yfinance,723.77001953125,0.0080221858849922,0.0169737063165198,0.1216768442297367,0.0395,0.0,,0.05999999999999872,0.004497751124437685,0.98204887317673,-0.01811420284703443,transition_uncertainty,0.167657542093856,0.010953739079171,3.889155618166566e-05,0.9890073693639776,13.34,test,13.594526290893555,0.5051069855690002,-0.026745807379484177,98.2780532836914,-55.59606170654297,56932.3359375,0.25452629089355483,0.25452629089355483,0.0647836327560305,11.594189233904842,selection
2026-05-05T00:00:00Z,SPY,SPY260618C00738000,call,738.0,0.12054794520547946,13.08,0.1572502488708496,12.75,12.82,12.785,130.0,610.0,2026-06-18,2026-05-07 20:04:43+00:00,-1.4200001,-9.793103,False,REGULAR,USD,2026-05-07T20:54:04+00:00,yfinance,723.77001953125,0.0080221858849922,0.0169737063165198,0.1216768442297367,0.0395,0.0,,0.07000000000000028,0.005475166210402838,0.9807181836466802,-0.019470135258170332,transition_uncertainty,0.167657542093856,0.010953739079171,3.889155618166566e-05,0.9890073693639776,12.785,test,12.982982635498047,0.5034654140472412,-0.027566228061914444,97.79450988769531,-55.062225341796875,59601.4921875,0.19798263549804673,0.19798263549804673,0.03919712395875243,11.08987946715888,selection
2026-05-05T00:00:00Z,SPY,SPY260618C00739000,call,739.0,0.12054794520547946,12.3,0.1559380061340332,12.21,12.27,12.24,319.0,792.0,2026-06-18,2026-05-07 20:04:08+00:00,-1.7799997,-12.642043,False,REGULAR,USD,2026-05-07T20:54:04+00:00,yfinance,723.77001953125,0.0080221858849922,0.0169737063165198,0.1216768442297367,0.0395,0.0,,0.05999999999999872,0.004901960784313621,0.979391095441475,-0.020824231605899576,transition_uncertainty,0.167657542093856,0.010953739079171,3.889155618166566e-05,0.9890073693639776,12.24,test,12.38105583190918,0.5016070008277893,-0.02821185812354088,97.26124572753906,-54.62145233154297,61740.375,0.14105583190917947,0.14105583190917947,0.019896747715590694,10.586147904091717,selection
2026-05-05T00:00:00Z,SPY,SPY260618C00740000,call,740.0,0.12054794520547946,11.8,0.1547173152160644,11.68,11.74,11.71,3279.0,32767.0,2026-06-18,2026-05-07 20:04:10+00:00,-1.4799995,-11.144575,False,REGULAR,USD,2026-05-07T20:54:04+00:00,yfinance,723.77001953125,0.0080221858849922,0.0169737063165198,0.1216768442297367,0.0395,0.0,,0.0600000000000005,0.005123825789923184,0.9780675939611486,-0.022176496855913264,transition_uncertainty,0.167657542093856,0.010953739079171,3.889155618166566e-05,0.9890073693639776,11.71,test,11.78925895690918,0.49944639205932617,-0.028654813766479492,96.67935180664062,-54.28233337402344,63220.36328125,0.07925895690917883,0.07925895690917883,0.006281982250331068,10.102416695291424,selection
2026-05-05T00:00:00Z,SPY,SPY260618C00741000,call,741.0,0.12054794520547946,10.79,0.1535881761169433,11.16,11.23,11.195,147.0,846.0,2026-06-18,2026-05-07 19:41:26+00:00,-1.8100004,-14.365083,False,REGULAR,USD,2026-05-07T20:54:04+00:00,yfinance,723.77001953125,0.0080221858849922,0.0169737063165198,0.1216768442297367,0.0395,0.0,,0.07000000000000028,0.006252791424743214,0.9767476646845479,-0.023526935953784713,transition_uncertainty,0.167657542093856,0.010953739079171,3.889155618166566e-05,0.9890073693639776,11.195,test,11.208183288574219,0.49688440561294556,-0.028867170214653015,96.04983520507812,-54.051971435546875,63917.93359375,0.013183288574218466,0.013183288574218466,0.00017379909763111915,9.638629448620634,selection
2026-05-05T00:00:00Z,SPY,SPY260618C00742000,call,742.0,0.12054794520547946,10.63,0.1523522265625,10.66,10.72,10.690000000000001,1578.0,2032.0,2026-06-18,2026-05-07 20:12:59+00:00,-1.3099995,-10.971519,False,REGULAR,USD,2026-05-07T20:54:04+00:00,yfinance,723.77001953125,0.0080221858849922,0.0169737063165198,0.1216768442297367,0.0395,0.0,,0.0600000000000005,0.005612722170252618,0.9754312931688005,-0.024875553825078275,transition_uncertainty,0.167657542093856,0.010953739079171,3.889155618166566e-05,0.9890073693639776,10.690000000000001,test,10.63851261138916,0.4938173294067383,-0.028822509571909904,95.37408447265625,-53.93583679199219,63726.0546875,-0.05148738861084112,0.05148738861084112,0.002650951185963772,9.176000812679632,selection
2026-05-05T00:00:00Z,SPY,SPY260618C00743000,call,743.0,0.12054794520547946,9.79,0.1511925701904297,10.17,10.23,10.2,363.0,660.0,2026-06-18,2026-05-07 19:56:50+00:00,-1.8400002,-15.821154,False,REGULAR,USD,2026-05-07T20:54:04+00:00,yfinance,723.77001953125,0.0080221858849922,0.0169737063165198,0.1216768442297367,0.0395,0.0,,0.0600000000000005,0.00588235294117652,0.9741184650487887,-0.02622235537545691,transition_uncertainty,0.167657542093856,0.010953739079171,3.889155618166566e-05,0.9890073693639776,10.2,test,10.081117630004883,0.4901312589645386,-0.028497545048594475,94.65326690673828,-53.9365234375,62565.8984375,-0.11888236999511648,0.11888236999511648,0.014133017895655771,8.732027262993967,selection
2026-05-05T00:00:00Z,SPY,SPY260618C00744000,call,744.0,0.12054794520547946,9.31,0.150124465637207,9.69,9.76,9.725,378.0,717.0,2026-06-18,2026-05-07 19:41:35+00:00,-1.6999998,-15.440507,False,REGULAR,USD,2026-05-07T20:54:04+00:00,yfinance,723.77001953125,0.0080221858849922,0.0169737063165198,0.1216768442297367,0.0395,0.0,,0.07000000000000028,0.007197943444730107,0.9728091660366264,-0.02756734549078963,transition_uncertainty,0.167657542093856,0.010953739079171,3.889155618166566e-05,0.9890073693639776,9.725,test,9.536920547485352,0.4857083261013031,-0.02787398360669613,93.8884048461914,-54.053306579589844,60399.2421875,-0.18807945251464808,0.18807945251464808,0.035373880458209765,8.308004066124482,selection
2026-05-05T00:00:00Z,SPY,SPY260618C00745000,call,745.0,0.12054794520547946,9.24,0.1490411024475098,9.23,9.3,9.265,717.0,20678.0,2026-06-18,2026-05-07 20:08:17+00:00,-1.5700006,-14.523594,False,REGULAR,USD,2026-05-07T20:54:04+00:00,yfinance,723.77001953125,0.0080221858849922,0.0169737063165198,0.1216768442297367,0.0395,0.0,,0.07000000000000028,0.007555315704263387,0.9715033819211409,-0.02891052903725731,transition_uncertainty,0.167657542093856,0.010953739079171,3.889155618166566e-05,0.9890073693639776,9.265,test,9.006861686706543,0.4804384112358093,-0.026940282434225082,93.08121490478516,-54.282474517822266,57239.234375,-0.2581383132934576,0.2581383132934576,0.06663538878999127,7.894008796410503,selection
2026-05-05T00:00:00Z,SPY,SPY260618C00746000,call,746.0,0.12054794520547946,8.79,0.1479577392578125,8.79,8.85,8.82,119.0,888.0,2026-06-18,2026-05-07 20:07:43+00:00,-1.2399998,-12.362909,False,REGULAR,USD,2026-05-07T20:54:04+00:00,yfinance,723.77001953125,0.0080221858849922,0.0169737063165198,0.1216768442297367,0.0395,0.0,,0.0600000000000005,0.00680272108843543,0.9702010985673593,-0.03025191086145864,transition_uncertainty,0.167657542093856,0.010953739079171,3.889155618166566e-05,0.9890073693639776,8.82,test,8.492107391357422,0.4742157757282257,-0.02569451555609703,92.23294067382812,-54.6153564453125,53160.62890625,-0.3278926086425784,0.3278926086425784,0.10751356280243508,7.491544612943699,selection
2026-05-05T00:00:00Z,SPY,SPY260618C00747000,call,747.0,0.12054794520547946,7.75,0.1468286001586914,8.35,8.41,8.379999999999999,279.0,790.0,2026-06-18,2026-05-07 19:28:49+00:00,-2.0299997,-20.756643,False,REGULAR,USD,2026-05-07T20:54:04+00:00,yfinance,723.77001953125,0.0080221858849922,0.0169737063165198,0.1216768442297367,0.0395,0.0,,0.0600000000000005,0.007159904534606265,0.9689023019159974,-0.03159149579051507,transition_uncertainty,0.167657542093856,0.010953739079171,3.889155618166566e-05,0.9890073693639776,8.379999999999999,test,7.9937615394592285,0.4669504463672638,-0.024145182222127914,91.34493255615234,-55.039024353027344,48299.2109375,-0.3862384605407705,0.3862384605407705,0.14918014840090432,7.0966350025081795,selection
2026-05-05T00:00:00Z,SPY,SPY260618C00748000,call,748.0,0.12054794520547946,8.2,0.1458062715148925,7.93,7.99,7.96,164.0,1100.0,2026-06-18,2026-05-07 20:02:45+00:00,-0.9000006,-9.890116,False,REGULAR,USD,2026-05-07T20:54:04+00:00,yfinance,723.77001953125,0.0080221858849922,0.0169737063165198,0.1216768442297367,0.0395,0.0,,0.0600000000000005,0.007537688442211117,0.9676069779829546,-0.032929288632174994,transition_uncertainty,0.167657542093856,0.010953739079171,3.889155618166566e-05,0.9890073693639776,7.96,test,7.513049125671387,0.458577036857605,-0.022313326597213745,90.41875457763672,-55.53605270385742,42849.60546875,-0.44695087432861325,0.44695087432861325,0.19976508406311183,6.7228154550724355,selection
2026-05-05T00:00:00Z,SPY,SPY260618C00749000,call,749.0,0.12054794520547946,7.1,0.1448754946899414,7.53,7.59,7.5600000000000005,157.0,928.0,2026-06-18,2026-05-07 18:50:56+00:00,-1.6799998,-19.134396,False,REGULAR,USD,2026-05-07T20:54:04+00:00,yfinance,723.77001953125,0.0080221858849922,0.0169737063165198,0.1216768442297367,0.0395,0.0,,0.05999999999999961,0.007936507936507884,0.9663151128588118,-0.03426529417491724,transition_uncertainty,0.167657542093856,0.010953739079171,3.889155618166566e-05,0.9890073693639776,7.5600000000000005,test,7.051093578338623,0.4490582048892975,-0.02023213915526867,89.45590209960938,-56.08494186401367,37049.23046875,-0.5089064216613775,0.5089064216613775,0.2589857460081877,6.368377024185776,selection
2026-05-05T00:00:00Z,SPY,SPY260618C00750000,call,750.0,0.12054794520547946,7.15,0.143914200592041,7.14,7.2,7.17,4366.0,25680.0,2026-06-18,2026-05-07 20:14:22+00:00,-1.44,-16.763678,False,REGULAR,USD,2026-05-07T20:54:04+00:00,yfinance,723.77001953125,0.0080221858849922,0.0169737063165198,0.1216768442297367,0.0395,0.0,,0.0600000000000005,0.008368200836820152,0.9650266927083333,-0.03559951718805395,transition_uncertainty,0.167657542093856,0.010953739079171,3.889155618166566e-05,0.9890073693639776,7.17,test,6.6090898513793945,0.4383945167064667,-0.01794736459851265,88.45793151855469,-56.66040802001953,31160.474609375,-0.5609101486206054,0.5609101486206054,0.3146201948255896,6.022661952591022,selection
2026-05-05T00:00:00Z,SPY,SPY260618C00751000,call,751.0,0.12054794520547946,6.49,0.142937647857666,6.76,6.82,6.79,411.0,1611.0,2026-06-18,2026-05-07 19:40:35+00:00,-1.4500003,-18.261969,False,REGULAR,USD,2026-05-07T20:54:04+00:00,yfinance,723.77001953125,0.0080221858849922,0.0169737063165198,0.1216768442297367,0.0395,0.0,,0.0600000000000005,0.008836524300441899,0.9637417037699734,-0.03693196242183254,transition_uncertainty,0.167657542093856,0.010953739079171,3.889155618166566e-05,0.9890073693639776,6.79,test,6.187933444976807,0.4266228675842285,-0.015514237806200981,87.42643737792969,-57.235191345214844,25441.65625,-0.6020665550231934,0.6020665550231934,0.36248413667749596,5.687068577450276,selection
2026-05-05T00:00:00Z,SPY,SPY260618C00755000,call,755.0,0.12054794520547946,5.35,0.1394129028320312,5.39,5.45,5.42,2231.0,27848.0,2026-06-18,2026-05-07 20:09:02+00:00,-1.3200002,-19.790108,False,REGULAR,USD,2026-05-07T20:54:04+00:00,yfinance,723.77001953125,0.0080221858849922,0.0169737063165198,0.1216768442297367,0.0395,0.0,,0.0600000000000005,0.011070110701107102,0.9586357874586092,-0.042244059906722545,transition_uncertainty,0.167657542093856,0.010953739079171,3.889155618166566e-05,0.9890073693639776,5.42,test,4.725703716278076,0.37062138319015503,-0.005593448877334595,82.99834442138672,-58.97002029418945,8053.6328125,-0.6942962837219238,0.6942962837219238,0.48204732959007407,4.487479290292754,selection
2026-05-05T00:00:00Z,SPY,SPY260618C00760000,call,760.0,0.12054794520547946,3.94,0.1355066918945313,3.98,4.03,4.005,2355.0,13801.0,2026-06-18,2026-05-07 20:09:02+00:00,-1.06,-21.199999,False,REGULAR,USD,2026-05-07T20:54:04+00:00,yfinance,723.77001953125,0.0080221858849922,0.0169737063165198,0.1216768442297367,0.0395,0.0,,0.050000000000000266,0.012484394506866484,0.9523289730674342,-0.04884474393807452,transition_uncertainty,0.167657542093856,0.010953739079171,3.889155618166566e-05,0.9890073693639776,4.005,test,3.3983659744262695,0.2938918173313141,0.0032081708777695894,76.90916442871094,-58.42074966430664,704.0112915039062,-0.6066340255737304,0.6066340255737304,0.3680048409837893,3.2648317522072006,selection
2026-05-05T00:00:00Z,SPY,SPY260618C00765000,call,765.0,0.12054794520547946,2.86,0.1323023782348633,2.88,2.92,2.9,3273.0,12235.0,2026-06-18,2026-05-07 20:13:28+00:00,-0.75,-20.775623,False,REGULAR,USD,2026-05-07T20:54:04+00:00,yfinance,723.77001953125,0.0080221858849922,0.0169737063165198,0.1216768442297367,0.0395,0.0,,0.040000000000000036,0.013793103448275874,0.9461046006944445,-0.05540214448423361,transition_uncertainty,0.167657542093856,0.010953739079171,3.889155618166566e-05,0.9890073693639776,2.9,test,2.526784896850586,0.22878345847129822,0.006368033587932587,70.40108489990234,-54.71942901611328,1.9453983306884766,-0.373215103149414,0.373215103149414,0.1392895132188277,2.328257412330032,selection
2026-05-05T00:00:00Z,SPY,SPY260618C00770000,call,770.0,0.12054794520547946,2.06,0.1295863409423828,2.04,2.07,2.0549999999999997,1008.0,12076.0,2026-06-18,2026-05-07 20:10:23+00:00,-0.6700001,-24.542128,False,REGULAR,USD,2026-05-07T20:54:04+00:00,yfinance,723.77001953125,0.0080221858849922,0.0169737063165198,0.1216768442297367,0.0395,0.0,,0.029999999999999805,0.014598540145985309,0.9399610643262987,-0.06191682550542736,transition_uncertainty,0.167657542093856,0.010953739079171,3.889155618166566e-05,0.9890073693639776,2.0549999999999997,test,1.9488099813461304,0.18146604299545288,0.006418587174266577,63.676795959472656,-49.42220687866211,8.671360969543457,-0.10619001865386934,0.10619001865386934,0.01127632006170912,1.6240757369985488,selection
2026-05-05T00:00:00Z,SPY,SPY260618C00775000,call,775.0,0.12054794520547946,1.43,0.1278163391113281,1.42,1.46,1.44,1011.0,6891.0,2026-06-18,2026-05-07 20:10:23+00:00,-0.65,-31.250002,False,REGULAR,USD,2026-05-07T20:54:04+00:00,yfinance,723.77001953125,0.0080221858849922,0.0169737063165198,0.1216768442297367,0.0395,0.0,,0.040000000000000036,0.027777777777777804,0.9338967993951612,-0.06838934001104485,transition_uncertainty,0.167657542093856,0.010953739079171,3.889155618166566e-05,0.9890073693639776,1.44,test,1.537158489227295,0.14742735028266907,0.0056498004123568535,56.92251205444336,-43.818058013916016,3.732267141342163,0.09715848922729498,0.09715848922729498,0.009439772028930394,1.1279876300112122,selection
2026-05-05T00:00:00Z,SPY,SPY260618C00780000,call,780.0,0.12054794520547946,1.01,0.1266566827392578,0.99,1.02,1.005,654.0,8502.0,2026-06-18,2026-05-07 20:13:28+00:00,-0.49,-32.666668,False,REGULAR,USD,2026-05-07T20:54:04+00:00,yfinance,723.77001953125,0.0080221858849922,0.0169737063165198,0.1216768442297367,0.0395,0.0,,0.030000000000000027,0.029850746268656747,0.9279102814503205,-0.07482023034133523,transition_uncertainty,0.167657542093856,0.010953739079171,3.889155618166566e-05,0.9890073693639776,1.005,test,1.2218624353408813,0.12125620990991592,0.004867499228566885,50.301849365234375,-38.422637939453125,0.6922062039375305,0.21686243534088145,0.21686243534088145,0.04702931586197799,0.7784590860716349,selection
2026-05-05T00:00:00Z,SPY,SPY260618C00785000,call,785.0,0.12054794520547946,0.65,0.125985302734375,0.69,0.71,0.7,320.0,4512.0,2026-06-18,2026-05-07 18:39:50+00:00,-0.42000008,-39.252342,False,REGULAR,USD,2026-05-07T20:54:04+00:00,yfinance,723.77001953125,0.0080221858849922,0.0169737063165198,0.1216768442297367,0.0395,0.0,,0.020000000000000018,0.0285714285714286,0.9220000248805732,-0.08121002844010627,transition_uncertainty,0.167657542093856,0.010953739079171,3.889155618166566e-05,0.9890073693639776,0.7,test,0.9702326059341431,0.09986069053411484,0.004191850312054157,43.952049255371094,-33.370914459228516,0.09462129324674606,0.2702326059341431,0.2702326059341431,0.07302566130995788,0.5349340398304143,selection
2026-05-05T00:00:00Z,SPY,SPY260618C00790000,call,790.0,0.12054794520547946,0.5,0.1265346136474609,0.49,0.51,0.5,252.0,7675.0,2026-06-18,2026-05-07 20:07:48+00:00,-0.3,-37.5,False,REGULAR,USD,2026-05-07T20:54:04+00:00,yfinance,723.77001953125,0.0080221858849922,0.0169737063165198,0.1216768442297367,0.0395,0.0,,0.020000000000000018,0.040000000000000036,0.9161645816851266,-0.08755925611876496,transition_uncertainty,0.167657542093856,0.010953739079171,3.889155618166566e-05,0.9890073693639776,0.5,test,0.7665048241615295,0.08185625076293945,0.00359987816773355,37.9808235168457,-28.701013565063477,0.012658224441111088,0.26650482416152954,0.26650482416152954,0.07102482130136778,0.381160584676568,selection
2026-05-05T00:00:00Z,SPY,SPY260618C00795000,call,795.0,0.12054794520547946,0.37,0.1280604772949218,0.36,0.38,0.37,111.0,3481.0,2026-06-18,2026-05-07 17:38:41+00:00,-0.19999999,-35.087715,False,REGULAR,USD,2026-05-07T20:54:04+00:00,yfinance,723.77001953125,0.0080221858849922,0.0169737063165198,0.1216768442297367,0.0395,0.0,,0.020000000000000018,0.054054054054054106,0.9104025402908805,-0.09386842531202967,transition_uncertainty,0.167657542093856,0.010953739079171,3.889155618166566e-05,0.9890073693639776,0.37,test,0.601496696472168,0.06661532819271088,0.0030700690113008022,32.46603775024414,-24.43669319152832,0.0022069322876632214,0.23149669647216797,0.23149669647216797,0.05359072047752707,0.2825203648359462,selection
2026-05-05T00:00:00Z,SPY,SPY260618C00800000,call,800.0,0.12054794520547946,0.27,0.1301356518554687,0.27,0.29,0.28,952.0,20594.0,2026-06-18,2026-05-07 19:54:29+00:00,-0.19999999,-42.55319,False,REGULAR,USD,2026-05-07T20:54:04+00:00,yfinance,723.77001953125,0.0080221858849922,0.0169737063165198,0.1216768442297367,0.0395,0.0,,0.019999999999999962,0.07142857142857129,0.9047125244140625,-0.10013803832562512,transition_uncertainty,0.167657542093856,0.010953739079171,3.889155618166566e-05,0.9890073693639776,0.28,test,0.4371854066848755,0.05377451330423355,0.002594518940895796,27.457983016967773,-20.5954532623291,0.0006984509527683258,0.15718540668487546,0.15718540668487546,0.02470725207468969,0.21523457481821495,selection
2026-05-05T00:00:00Z,SPY,SPY260618C00660000,call,660.0,0.12054794520547946,76.3,0.3166877413940429,75.71,78.53,77.12,83.0,13593.0,2026-06-18,2026-05-07 18:31:32+00:00,-1.6699982,-2.1418471,True,REGULAR,USD,2026-05-07T20:54:04+00:00,yfinance,723.77001953125,0.0080221858849922,0.0169737063165198,0.1216768442297367,0.0395,0.0,,2.8200000000000074,0.03656639004149387,1.096621241714015,0.09223385432183093,transition_uncertainty,0.167657542093856,0.010953739079171,3.889155618166566e-05,0.9890073693639776,77.12,test,76.94984436035156,0.29204779863357544,0.18411532044410706,23.82082176208496,-25.478656768798828,1783174.25,-0.17015563964844205,0.17015563964844205,0.028952941704170464,74.76445804395587,final
2026-05-05T00:00:00Z,SPY,SPY260618C00665000,call,665.0,0.12054794520547946,71.56,0.3054573849487304,70.97,73.79,72.38,69.0,13925.0,2026-06-18,2026-05-07 18:50:00+00:00,-2.6500015,-3.5709493,True,REGULAR,USD,2026-05-07T20:54:04+00:00,yfinance,723.77001953125,0.0080221858849922,0.0169737063165198,0.1216768442297367,0.0395,0.0,,2.8200000000000074,0.038961038961039064,1.0883759692199249,0.08468664868644811,transition_uncertainty,0.167657542093856,0.010953739079171,3.889155618166566e-05,0.9890073693639776,72.38,test,72.42820739746094,0.28040796518325806,0.17034481465816498,29.428560256958008,-30.34086799621582,1510331.75,0.04820739746094205,0.04820739746094205,0.0023239531699572416,70.09021466651632,final
2026-05-05T00:00:00Z,SPY,SPY260618C00666000,call,666.0,0.12054794520547946,73.36,0.3033211758422851,70.02,72.85,71.435,,1.0,2026-06-18,2026-05-06 20:04:10+00:00,0.0,0.0,True,REGULAR,USD,2026-05-07T20:54:04+00:00,yfinance,723.77001953125,0.0080221858849922,0.0169737063165198,0.1216768442297367,0.0395,0.0,,2.8299999999999983,0.03961643452089309,1.086741771067943,0.08318401880191313,transition_uncertainty,0.167657542093856,0.010953739079171,3.889155618166566e-05,0.9890073693639776,71.435,test,71.51932525634766,0.2787136137485504,0.1674363762140274,30.632057189941406,-31.234577178955078,1455971.0,0.08432525634765398,0.08432525634765398,0.0071107488580975575,69.1658990831155,final
2026-05-05T00:00:00Z,SPY,SPY260618C00669000,call,669.0,0.12054794520547946,61.0,0.2967294448852539,67.2,70.03,68.61500000000001,,2.0,2026-06-18,2026-05-05 15:54:12+00:00,0.0,0.0,True,REGULAR,USD,2026-05-07T20:54:04+00:00,yfinance,723.77001953125,0.0080221858849922,0.0169737063165198,0.1216768442297367,0.0395,0.0,,2.8299999999999983,0.041244625810682764,1.0818684895833333,0.07868962921407369,transition_uncertainty,0.167657542093856,0.010953739079171,3.889155618166566e-05,0.9890073693639776,68.61500000000001,test,68.78523254394531,0.27484530210494995,0.15846890211105347,34.39680099487305,-33.778038024902344,1295199.625,0.1702325439453034,0.1702325439453034,0.028979119018089656,66.38773378048268,final
2026-05-05T00:00:00Z,SPY,SPY260618C00670000,call,670.0,0.12054794520547946,66.77,0.2945322012329101,66.26,69.09,67.67500000000001,1868.0,20254.0,2026-06-18,2026-05-07 19:55:54+00:00,-2.8600006,-4.107426,True,REGULAR,USD,2026-05-07T20:54:04+00:00,yfinance,723.77001953125,0.0080221858849922,0.0169737063165198,0.1216768442297367,0.0395,0.0,,2.8299999999999983,0.0418175101588474,1.080253760494403,0.0771959769572904,transition_uncertainty,0.167657542093856,0.010953739079171,3.889155618166566e-05,0.9890073693639776,67.67500000000001,test,67.8716049194336,0.27394798398017883,0.1554120033979416,35.70066452026367,-34.58368682861328,1242705.875,0.19660491943358238,0.19660491943358238,0.03865349434548542,65.4641458722316,final
2026-05-05T00:00:00Z,SPY,SPY260618C00673000,call,673.0,0.12054794520547946,52.62,0.2879099530029295,63.47,66.28,64.875,,,2026-06-18,2026-05-04 17:14:33+00:00,0.0,0.0,True,REGULAR,USD,2026-05-07T20:54:04+00:00,yfinance,723.77001953125,0.0080221858849922,0.0169737063165198,0.1216768442297367,0.0395,0.0,,2.8100000000000023,0.04331406551059734,1.0754383648309807,0.07272835969757438,transition_uncertainty,0.167657542093856,0.010953739079171,3.889155618166566e-05,0.9890073693639776,64.875,test,65.1256332397461,0.2723597288131714,0.1460956186056137,39.74599838256836,-36.88901138305664,1089798.625,0.25063323974609375,0.25063323974609375,0.06281702086562291,62.69911225504461,final
2026-05-05T00:00:00Z,SPY,SPY260618C00675000,call,675.0,0.12054794520547946,61.72,0.2836070175170897,61.61,64.42,63.015,122.0,19128.0,2026-06-18,2026-05-07 19:56:26+00:00,-3.1699982,-4.8851876,True,REGULAR,USD,2026-05-07T20:54:04+00:00,yfinance,723.77001953125,0.0080221858849922,0.0169737063165198,0.1216768442297367,0.0395,0.0,,2.8100000000000023,0.04459255732762044,1.072251880787037,0.06976099846977228,transition_uncertainty,0.167657542093856,0.010953739079171,3.889155618166566e-05,0.9890073693639776,63.015,test,63.291900634765625,0.27215367555618286,0.1398051232099533,42.544403076171875,-38.34379577636719,992480.375,0.27690063476562443,0.27690063476562443,0.07667396153360574,60.870784834660356,final
2026-05-05T00:00:00Z,SPY,SPY260618C00678000,call,678.0,0.12054794520547946,42.93,0.2772899420166015,58.84,61.65,60.245000000000005,,15.0,2026-06-18,2026-04-29 17:32:46+00:00,0.0,0.0,True,REGULAR,USD,2026-05-07T20:54:04+00:00,yfinance,723.77001953125,0.0080221858849922,0.0169737063165198,0.1216768442297367,0.0395,0.0,,2.809999999999995,0.046642874927379785,1.0675074034384218,0.06532640140190658,transition_uncertainty,0.167657542093856,0.010953739079171,3.889155618166566e-05,0.9890073693639776,60.245000000000005,test,60.53962326049805,0.2729659080505371,0.13033480942249298,46.870635986328125,-40.422977447509766,854814.8125,0.2946232604980423,0.2946232604980423,0.0868028656264973,58.15018268598726,final
2026-05-05T00:00:00Z,SPY,SPY260618C00680000,call,680.0,0.12054794520547946,57.58,0.2730785583496093,57.0,59.81,58.405,106.0,17060.0,2026-06-18,2026-05-07 19:24:52+00:00,-2.4199982,-4.0333304,True,REGULAR,USD,2026-05-07T20:54:04+00:00,yfinance,723.77001953125,0.0080221858849922,0.0169737063165198,0.1216768442297367,0.0395,0.0,,2.8100000000000023,0.04811231915075768,1.06436767578125,0.06238089117214974,transition_uncertainty,0.167657542093856,0.010953739079171,3.889155618166566e-05,0.9890073693639776,58.405,test,58.705692291259766,0.2741495966911316,0.12404707819223404,49.82468795776367,-41.75103759765625,769212.625,0.3006922912597645,0.3006922912597645,0.09041585402304704,56.34506457086229,final
2026-05-05T00:00:00Z,SPY,SPY260618C00681000,call,681.0,0.12054794520547946,56.69,0.271064418334961,56.08,58.9,57.489999999999995,15.0,48.0,2026-06-18,2026-05-06 16:58:13+00:00,0.0,0.0,True,REGULAR,USD,2026-05-07T20:54:04+00:00,yfinance,723.77001953125,0.0080221858849922,0.0169737063165198,0.1216768442297367,0.0395,0.0,,2.8200000000000003,0.049052009045051324,1.0628047276523496,0.060911383192789915,transition_uncertainty,0.167657542093856,0.010953739079171,3.889155618166566e-05,0.9890073693639776,57.489999999999995,test,57.78940200805664,0.27490660548210144,0.12092282623052597,51.31813049316406,-42.40008544921875,728384.625,0.29940200805664574,0.29940200805664574,0.08964156242835176,55.45219708613445,final
2026-05-05T00:00:00Z,SPY,SPY260618C00685000,call,685.0,0.12054794520547946,53.24,0.2627942373657227,52.44,55.26,53.849999999999994,223.0,15787.0,2026-06-18,2026-05-07 19:56:26+00:00,-2.7599983,-4.9285684,True,REGULAR,USD,2026-05-07T20:54:04+00:00,yfinance,723.77001953125,0.0080221858849922,0.0169737063165198,0.1216768442297367,0.0395,0.0,,2.8200000000000003,0.052367688022284135,1.0565985686587591,0.05505485108007691,transition_uncertainty,0.167657542093856,0.010953739079171,3.889155618166566e-05,0.9890073693639776,53.849999999999994,test,54.13416290283203,0.2787794768810272,0.1086476743221283,57.363826751708984,-44.912410736083984,578851.9375,0.28416290283203693,0.28416290283203693,0.08074855534592966,51.884637248611625,final
2026-05-05T00:00:00Z,SPY,SPY260618C00690000,call,690.0,0.12054794520547946,48.38,0.2528150891113281,47.96,50.78,49.370000000000005,106.0,16495.0,2026-06-18,2026-05-07 19:07:52+00:00,-3.1699982,-6.149366,True,REGULAR,USD,2026-05-07T20:54:04+00:00,yfinance,723.77001953125,0.0080221858849922,0.0169737063165198,0.1216768442297367,0.0395,0.0,,2.8200000000000003,0.05711970832489366,1.0489420572916666,0.04778209175099704,transition_uncertainty,0.167657542093856,0.010953739079171,3.889155618166566e-05,0.9890073693639776,49.370000000000005,test,49.602447509765625,0.2847006916999817,0.09405753761529922,64.95085906982422,-47.90325164794922,423492.09375,0.23244750976562045,0.23244750976562045,0.05403184479623822,47.50410509598271,final
2026-05-05T00:00:00Z,SPY,SPY260618C00695000,call,695.0,0.12054794520547946,44.12,0.2428664581298827,43.55,46.36,44.955,36.0,25224.0,2026-06-18,2026-05-07 19:25:04+00:00,-2.7800026,-5.9275103,True,REGULAR,USD,2026-05-07T20:54:04+00:00,yfinance,723.77001953125,0.0080221858849922,0.0169737063165198,0.1216768442297367,0.0395,0.0,,2.8100000000000023,0.06250695139584034,1.0413957115557555,0.040561843777510175,transition_uncertainty,0.167657542093856,0.010953739079171,3.889155618166566e-05,0.9890073693639776,44.955,test,45.13840866088867,0.29053032398223877,0.08062984049320221,72.34930419921875,-50.76144790649414,301827.03125,0.18340866088867358,0.18340866088867358,0.033638736888976464,43.1919315840928,final
2026-05-05T00:00:00Z,SPY,SPY260618C00697000,call,697.0,0.12054794520547946,42.3,0.2390212817382812,41.81,44.62,43.215,10.0,23.0,2026-06-18,2026-05-07 19:16:26+00:00,-2.2600021,-5.071818,True,REGULAR,USD,2026-05-07T20:54:04+00:00,yfinance,723.77001953125,0.0080221858849922,0.0169737063165198,0.1216768442297367,0.0395,0.0,,2.809999999999995,0.0650237186162211,1.038407488567073,0.037688278581778256,transition_uncertainty,0.167657542093856,0.010953739079171,3.889155618166566e-05,0.9890073693639776,43.215,test,43.37824249267578,0.2925417721271515,0.0756407231092453,75.2005386352539,-51.869590759277344,261811.390625,0.16324249267577784,0.16324249267577784,0.026648111415001383,41.49938285317654,final
2026-05-05T00:00:00Z,SPY,SPY260618C00699000,call,699.0,0.12054794520547946,41.06,0.2351303294372558,40.08,42.89,41.485,86.0,39.0,2026-06-18,2026-05-07 19:44:02+00:00,-0.22999954,-0.5570345,True,REGULAR,USD,2026-05-07T20:54:04+00:00,yfinance,723.77001953125,0.0080221858849922,0.0169737063165198,0.1216768442297367,0.0395,0.0,,2.8100000000000023,0.06773532602145359,1.0354363655668812,0.034822947108491924,transition_uncertainty,0.167657542093856,0.010953739079171,3.889155618166566e-05,0.9890073693639776,41.485,test,41.63543701171875,0.2942565977573395,0.07088571786880493,77.96602630615234,-52.95655822753906,226288.46875,0.15043701171875057,0.15043701171875057,0.022631294494867497,39.81615898590837,final
2026-05-05T00:00:00Z,SPY,SPY260618C00700000,call,700.0,0.12054794520547946,40.0,0.2331924826049805,39.22,42.03,40.625,926.0,30472.0,2026-06-18,2026-05-07 19:30:13+00:00,-2.709999,-6.345116,True,REGULAR,USD,2026-05-07T20:54:04+00:00,yfinance,723.77001953125,0.0080221858849922,0.0169737063165198,0.1216768442297367,0.0395,0.0,,2.8100000000000023,0.06916923076923083,1.0339571707589286,0.03339335429889753,transition_uncertainty,0.167657542093856,0.010953739079171,3.889155618166566e-05,0.9890073693639776,40.625,test,40.7711181640625,0.29497992992401123,0.06859790533781052,79.31196594238281,-53.49177169799805,210106.515625,0.1461181640625,0.1461181640625,0.021350517868995667,38.98042127176251,final
2026-05-05T00:00:00Z,SPY,SPY260618C00701000,call,701.0,0.12054794520547946,38.65,0.2313309289550781,38.37,41.18,39.775,13.0,6.0,2026-06-18,2026-05-07 19:18:33+00:00,-2.1399994,-5.246382,True,REGULAR,USD,2026-05-07T20:54:04+00:00,yfinance,723.77001953125,0.0080221858849922,0.0169737063165198,0.1216768442297367,0.0395,0.0,,2.8100000000000023,0.0706473915776242,1.0324821961929387,0.03196580230771214,transition_uncertainty,0.167657542093856,0.010953739079171,3.889155618166566e-05,0.9890073693639776,39.775,test,39.911773681640625,0.29560598731040955,0.0663706511259079,80.6304931640625,-54.02113342285156,194920.84375,0.13677368164062642,0.13677368164062642,0.018707039989531427,38.1550614480613,final
2026-05-05T00:00:00Z,SPY,SPY260618C00705000,call,705.0,0.12054794520547946,35.91,0.2237321279907226,35.0,37.8,36.4,250.0,15568.0,2026-06-18,2026-05-07 19:59:02+00:00,-2.4500008,-6.386863,True,REGULAR,USD,2026-05-07T20:54:04+00:00,yfinance,723.77001953125,0.0080221858849922,0.0169737063165198,0.1216768442297367,0.0395,0.0,,2.799999999999997,0.07692307692307684,1.026624141179078,0.026275886530033505,transition_uncertainty,0.167657542093856,0.010953739079171,3.889155618166566e-05,0.9890073693639776,36.4,test,36.52938461303711,0.29699164628982544,0.05807053670287132,85.59393310546875,-56.075469970703125,143268.90625,0.1293846130371108,0.1293846130371108,0.0167403780907629,34.879137653649934,final
2026-05-05T00:00:00Z,SPY,SPY260618C00710000,call,710.0,0.12054794520547946,31.41,0.214302290649414,30.93,33.67,32.3,274.0,33030.0,2026-06-18,2026-05-07 19:46:48+00:00,-2.8100014,-8.2115755,True,REGULAR,USD,2026-05-07T20:54:04+00:00,yfinance,723.77001953125,0.0080221858849922,0.0169737063165198,0.1216768442297367,0.0395,0.0,,2.740000000000002,0.08482972136222917,1.019394393705986,0.01920871930694113,transition_uncertainty,0.167657542093856,0.010953739079171,3.889155618166566e-05,0.9890073693639776,32.3,test,32.44004440307617,0.29584693908691406,0.04904252290725708,90.96813201904297,-58.48866271972656,95949.3359375,0.14004440307617472,0.14004440307617472,0.019612434832962093,30.887573347329692,final
2026-05-05T00:00:00Z,SPY,SPY260618C00711000,call,711.0,0.12054794520547946,30.82,0.21289849609375,30.09,32.9,31.494999999999997,19.0,1770.0,2026-06-18,2026-05-07 18:42:07+00:00,-0.14999962,-0.48433846,True,REGULAR,USD,2026-05-07T20:54:04+00:00,yfinance,723.77001953125,0.0080221858849922,0.0169737063165198,0.1216768442297367,0.0395,0.0,,2.8099999999999987,0.0892205111922527,1.0179606463168074,0.017801259539061396,transition_uncertainty,0.167657542093856,0.010953739079171,3.889155618166566e-05,0.9890073693639776,31.494999999999997,test,31.642452239990234,0.29520589113235474,0.047409527003765106,91.9162368774414,-58.949859619140625,88379.046875,0.14745223999023693,0.14745223999023693,0.021742163078138428,30.149164991609098,final
2026-05-05T00:00:00Z,SPY,SPY260618C00713000,call,713.0,0.12054794520547946,31.1,0.2081835774230956,28.52,31.2,29.86,13.0,1342.0,2026-06-18,2026-05-07 16:36:22+00:00,-0.86999893,-2.721298,True,REGULAR,USD,2026-05-07T20:54:04+00:00,yfinance,723.77001953125,0.0080221858849922,0.0169737063165198,0.1216768442297367,0.0395,0.0,,2.6799999999999997,0.08975217682518419,1.015105216733871,0.014992268928006298,transition_uncertainty,0.167657542093856,0.010953739079171,3.889155618166566e-05,0.9890073693639776,29.86,test,30.0693302154541,0.29350337386131287,0.04430825263261795,93.67408752441406,-59.85099411010742,74838.2109375,0.20933021545410213,0.20933021545410213,0.04381913910206082,28.50706482766242,final
2026-05-05T00:00:00Z,SPY,SPY260618C00715000,call,715.0,0.12054794520547946,27.51,0.2041400387573241,27.07,29.58,28.325,102.0,38326.0,2026-06-18,2026-05-07 19:53:39+00:00,-2.83,-9.3276205,True,REGULAR,USD,2026-05-07T20:54:04+00:00,yfinance,723.77001953125,0.0080221858849922,0.0169737063165198,0.1216768442297367,0.0395,0.0,,2.509999999999998,0.08861429832303612,1.0122657615821677,0.012191146648294465,transition_uncertainty,0.167657542093856,0.010953739079171,3.889155618166566e-05,0.9890073693639776,28.325,test,28.526294708251953,0.29125112295150757,0.04141766205430031,95.2394027709961,-60.725914001464844,63204.87109375,0.20129470825195384,0.20129470825195384,0.040519559570239214,26.94967521735009,final
2026-05-05T00:00:00Z,SPY,SPY260618C00718000,call,718.0,0.12054794520547946,24.77,0.1981739118957519,24.87,27.2,26.035,64.0,792.0,2026-06-18,2026-05-07 17:27:08+00:00,-1.3199997,-5.0594087,True,REGULAR,USD,2026-05-07T20:54:04+00:00,yfinance,723.77001953125,0.0080221858849922,0.0169737063165198,0.1216768442297367,0.0395,0.0,,2.3299999999999983,0.0894949106971384,1.0080362389014623,0.008004120294077951,transition_uncertainty,0.167657542093856,0.010953739079171,3.889155618166566e-05,0.9890073693639776,26.035,test,26.27029037475586,0.2868964374065399,0.03745174780488014,97.20752716064453,-61.997711181640625,48796.859375,0.23529037475585923,0.23529037475585923,0.05536156045275268,24.666288540349,final
2026-05-05T00:00:00Z,SPY,SPY260618C00720000,call,720.0,0.12054794520547946,24.42,0.1841207077026367,24.42,24.67,24.545,250.0,17087.0,2026-06-18,2026-05-07 20:11:01+00:00,-1.9300003,-7.324479,True,REGULAR,USD,2026-05-07T20:54:04+00:00,yfinance,723.77001953125,0.0080221858849922,0.0169737063165198,0.1216768442297367,0.0395,0.0,,0.25,0.010185373803218578,1.0052361382378472,0.005222477332201177,transition_uncertainty,0.167657542093856,0.010953739079171,3.889155618166566e-05,0.9890073693639776,24.545,test,24.806638717651367,0.2833997905254364,0.03503650426864624,98.25606536865234,-62.827308654785156,40903.62890625,0.2616387176513655,0.2616387176513655,0.06845481857425095,22.182109701208276,final
2026-05-05T00:00:00Z,SPY,SPY260618C00721000,call,721.0,0.12054794520547946,23.15,0.1877675218200683,23.22,24.44,23.83,19.0,3405.0,2026-06-18,2026-05-07 17:35:54+00:00,-2.8500004,-10.961539,True,REGULAR,USD,2026-05-07T20:54:04+00:00,yfinance,723.77001953125,0.0080221858849922,0.0169737063165198,0.1216768442297367,0.0395,0.0,,1.2200000000000024,0.0511959714645406,1.003841913358183,0.0038345520573531203,transition_uncertainty,0.167657542093856,0.010953739079171,3.889155618166566e-05,0.9890073693639776,23.83,test,24.087295532226562,0.2814936637878418,0.033892709761857986,98.69911193847656,-63.239593505859375,37398.5546875,0.2572955322265642,0.2572955322265642,0.06620099090375094,22.00020235287019,final
2026-05-05T00:00:00Z,SPY,SPY260618C00722000,call,722.0,0.12054794520547946,22.13,0.192818130493164,21.76,24.36,23.060000000000002,459.0,4617.0,2026-06-18,2026-05-07 18:25:10+00:00,-2.6400013,-10.658059,True,REGULAR,USD,2026-05-07T20:54:04+00:00,yfinance,723.77001953125,0.0080221858849922,0.0169737063165198,0.1216768442297367,0.0395,0.0,,2.599999999999998,0.11274934952298342,1.002451550597299,0.002448550449475876,transition_uncertainty,0.167657542093856,0.010953739079171,3.889155618166566e-05,0.9890073693639776,23.060000000000002,test,23.37618064880371,0.2794950306415558,0.03278906270861626,99.08731079101562,-63.65206527709961,34158.46875,0.31618064880370866,0.31618064880370866,0.09997020267793416,21.968673586861826,final
2026-05-05T00:00:00Z,SPY,SPY260618C00725000,call,725.0,0.12054794520547946,20.98,0.176216734008789,20.88,21.06,20.97,482.0,34348.0,2026-06-18,2026-05-07 20:14:49+00:00,-1.8500004,-8.1033745,True,REGULAR,USD,2026-05-07T20:54:04+00:00,yfinance,723.77001953125,0.0080221858849922,0.0169737063165198,0.1216768442297367,0.0395,0.0,,0.17999999999999972,0.00858369098712445,0.9983034752155172,-0.0016979655123726006,transition_uncertainty,0.167657542093856,0.010953739079171,3.889155618166566e-05,0.9890073693639776,20.97,test,21.293834686279297,0.2730347812175751,0.029703032225370407,99.9190902709961,-64.9049301147461,25838.728515625,0.323834686279298,0.323834686279298,0.10486890403761136,18.765310231338844,final
2026-05-05T00:00:00Z,SPY,SPY260618C00726000,call,726.0,0.12054794520547946,20.2,0.1825032922363281,20.0,21.14,20.57,50.0,350.0,2026-06-18,2026-05-07 20:02:38+00:00,-2.1899986,-9.781146,True,REGULAR,USD,2026-05-07T20:54:04+00:00,yfinance,723.77001953125,0.0080221858849922,0.0169737063165198,0.1216768442297367,0.0395,0.0,,1.1400000000000006,0.05542051531356347,0.9969284015581956,-0.0030763254824938543,transition_uncertainty,0.167657542093856,0.010953739079171,3.889155618166566e-05,0.9890073693639776,20.57,test,20.616790771484375,0.27076607942581177,0.02874353528022766,100.08460235595703,-65.33349609375,23474.36328125,0.046790771484374716,0.046790771484374716,0.002189376296102974,18.893593102401837,final
2026-05-05T00:00:00Z,SPY,SPY260618C00728000,call,728.0,0.12054794520547946,18.32,0.1801534622192382,17.9,19.85,18.875,83.0,886.0,2026-06-18,2026-05-07 19:28:22+00:00,-2.1000004,-10.284037,True,REGULAR,USD,2026-05-07T20:54:04+00:00,yfinance,723.77001953125,0.0080221858849922,0.0169737063165198,0.1216768442297367,0.0395,0.0,,1.9500000000000028,0.10331125827814584,0.9941895872682005,-0.00582735885438381,transition_uncertainty,0.167657542093856,0.010953739079171,3.889155618166566e-05,0.9890073693639776,18.875,test,19.288734436035156,0.2661328613758087,0.02691815234720707,100.2475814819336,-66.21836853027344,19268.0625,0.41373443603515625,0.41373443603515625,0.1711761835613288,17.68407475955553,final
2026-05-05T00:00:00Z,SPY,SPY260618C00729000,call,729.0,0.12054794520547946,17.71,0.176491389465332,17.44,18.97,18.205,144.0,575.0,2026-06-18,2026-05-07 19:28:22+00:00,-2.040001,-10.329119,True,REGULAR,USD,2026-05-07T20:54:04+00:00,yfinance,723.77001953125,0.0080221858849922,0.0169737063165198,0.1216768442297367,0.0395,0.0,,1.5299999999999976,0.08404284537215038,0.9928258155435528,-0.007200042666355996,transition_uncertainty,0.167657542093856,0.010953739079171,3.889155618166566e-05,0.9890073693639776,18.205,test,18.63761329650879,0.26380008459091187,0.026048695668578148,100.2452392578125,-66.67891693115234,17399.37109375,0.43261329650879077,0.43261329650879077,0.1871542643162029,16.84286084491822,final
2026-05-05T00:00:00Z,SPY,SPY260618C00730000,call,730.0,0.12054794520547946,17.6,0.1687400021362305,17.51,17.69,17.6,747.0,19104.0,2026-06-18,2026-05-07 20:14:49+00:00,-1.6900005,-8.761019,True,REGULAR,USD,2026-05-07T20:54:04+00:00,yfinance,723.77001953125,0.0080221858849922,0.0169737063165198,0.1216768442297367,0.0395,0.0,,0.17999999999999972,0.01022727272727271,0.9914657801797945,-0.008570844800134652,transition_uncertainty,0.167657542093856,0.010953739079171,3.889155618166566e-05,0.9890073693639776,17.6,test,17.995250701904297,0.26147469878196716,0.02520591951906681,100.18727111816406,-67.15413665771484,15671.4111328125,0.39525070190429545,0.39525070190429545,0.15622311735583821,15.600957570677906,final
2026-05-05T00:00:00Z,SPY,SPY260618C00731000,call,731.0,0.12054794520547946,16.32,0.1666343103027344,16.91,16.98,16.945,1186.0,454.0,2026-06-18,2026-05-07 19:53:10+00:00,-2.4300003,-12.960002,True,REGULAR,USD,2026-05-07T20:54:04+00:00,yfinance,723.77001953125,0.0080221858849922,0.0169737063165198,0.1216768442297367,0.0395,0.0,,0.07000000000000028,0.004131012097964018,0.9901094658430233,-0.009939770407476269,transition_uncertainty,0.167657542093856,0.010953739079171,3.889155618166566e-05,0.9890073693639776,16.945,test,17.361669540405273,0.25917699933052063,0.02438811957836151,100.07405853271484,-67.64613342285156,14073.5302734375,0.41666954040527315,0.41666954040527315,0.17361350590154156,14.934617899434556,final
2026-05-05T00:00:00Z,SPY,SPY260618C00732000,call,732.0,0.12054794520547946,16.23,0.1652305157470703,16.28,16.35,16.315,277.0,886.0,2026-06-18,2026-05-07 20:12:30+00:00,-1.8199997,-10.083101,False,REGULAR,USD,2026-05-07T20:54:04+00:00,yfinance,723.77001953125,0.0080221858849922,0.0169737063165198,0.1216768442297367,0.0395,0.0,,0.07000000000000028,0.0042905301869445465,0.9887568572831285,-0.011306824619009313,transition_uncertainty,0.167657542093856,0.010953739079171,3.889155618166566e-05,0.9890073693639776,16.315,test,16.736848831176758,0.2569223642349243,0.02359357848763466,99.90596008300781,-68.15676879882812,12595.9794921875,0.42184883117675653,0.42184883117675653,0.17795643636519565,14.348332534190604,final
2026-05-05T00:00:00Z,SPY,SPY260618C00733000,call,733.0,0.12054794520547946,15.63,0.1638267211914063,15.66,15.73,15.695,566.0,1867.0,2026-06-18,2026-05-07 20:13:04+00:00,-2.0500002,-11.595023,False,REGULAR,USD,2026-05-07T20:54:04+00:00,yfinance,723.77001953125,0.0080221858849922,0.0169737063165198,0.1216768442297367,0.0395,0.0,,0.07000000000000028,0.004460019114367651,0.9874079393332197,-0.012672012544349244,transition_uncertainty,0.167657542093856,0.010953739079171,3.889155618166566e-05,0.9890073693639776,15.695,test,16.120872497558594,0.25472724437713623,0.022820711135864258,99.68350219726562,-68.68758392333984,11230.1533203125,0.42587249755859347,0.42587249755859347,0.1813673841767942,13.771991187238655,final
2026-05-05T00:00:00Z,SPY,SPY260618C00734000,call,734.0,0.12054794520547946,14.62,0.1624381852722168,15.05,15.12,15.085,1775.0,10310.0,2026-06-18,2026-05-07 19:36:11+00:00,-2.0600004,-12.350122,False,REGULAR,USD,2026-05-07T20:54:04+00:00,yfinance,723.77001953125,0.0080221858849922,0.0169737063165198,0.1216768442297367,0.0395,0.0,,0.06999999999999851,0.004640371229698277,0.9860626969090599,-0.014035339272213421,transition_uncertainty,0.167657542093856,0.010953739079171,3.889155618166566e-05,0.9890073693639776,15.085,test,15.513710975646973,0.25261062383651733,0.022067876532673836,99.40723419189453,-69.23998260498047,9968.197265625,0.4287109756469718,0.4287109756469718,0.18379310064017845,13.207320203781933,final
2026-05-05T00:00:00Z,SPY,SPY260618C00735000,call,735.0,0.12054794520547946,14.53,0.161141201171875,14.46,14.53,14.495000000000001,1081.0,17274.0,2026-06-18,2026-05-07 20:05:01+00:00,-1.8800001,-11.45643,False,REGULAR,USD,2026-05-07T20:54:04+00:00,yfinance,723.77001953125,0.0080221858849922,0.0169737063165198,0.1216768442297367,0.0395,0.0,,0.06999999999999851,0.004829251466022663,0.9847211150085035,-0.015396809870534415,transition_uncertainty,0.167657542093856,0.010953739079171,3.889155618166566e-05,0.9890073693639776,14.495000000000001,test,14.915518760681152,0.2505892217159271,0.021333562210202217,99.07782745361328,-69.81478881835938,8803.244140625,0.42051876068115135,0.42051876068115135,0.17683602808481144,12.662061123017224,final
2026-05-05T00:00:00Z,SPY,SPY260618C00736000,call,736.0,0.12054794520547946,14.15,0.1597526652526855,13.87,13.94,13.905,880.0,832.0,2026-06-18,2026-05-07 20:02:44+00:00,-1.1900005,-7.7575,False,REGULAR,USD,2026-05-07T20:54:04+00:00,yfinance,723.77001953125,0.0080221858849922,0.0169737063165198,0.1216768442297367,0.0395,0.0,,0.07000000000000028,0.00503416037396622,0.9833831787109375,-0.016756429386574033,transition_uncertainty,0.167657542093856,0.010953739079171,3.889155618166566e-05,0.9890073693639776,13.905,test,14.326340675354004,0.2486814260482788,0.020616315305233,98.69611358642578,-70.41236877441406,7729.24169921875,0.42134067535400455,0.42134067535400455,0.17752796470776866,12.118262013886465,final
2026-05-05T00:00:00Z,SPY,SPY260618C00737000,call,737.0,0.12054794520547946,13.27,0.1584556811523437,13.31,13.37,13.34,340.0,732.0,2026-06-18,2026-05-07 20:10:15+00:00,-1.6899996,-11.296788,False,REGULAR,USD,2026-05-07T20:54:04+00:00,yfinance,723.77001953125,0.0080221858849922,0.0169737063165198,0.1216768442297367,0.0395,0.0,,0.05999999999999872,0.004497751124437685,0.98204887317673,-0.01811420284703443,transition_uncertainty,0.167657542093856,0.010953739079171,3.889155618166566e-05,0.9890073693639776,13.34,test,13.746318817138672,0.24690285325050354,0.01991475373506546,98.26290130615234,-71.0322036743164,6740.93359375,0.406318817138672,0.406318817138672,0.1650949811609696,11.594189233904842,final
2026-05-05T00:00:00Z,SPY,SPY260618C00738000,call,738.0,0.12054794520547946,13.08,0.1572502488708496,12.75,12.82,12.785,130.0,610.0,2026-06-18,2026-05-07 20:04:43+00:00,-1.4200001,-9.793103,False,REGULAR,USD,2026-05-07T20:54:04+00:00,yfinance,723.77001953125,0.0080221858849922,0.0169737063165198,0.1216768442297367,0.0395,0.0,,0.07000000000000028,0.005475166210402838,0.9807181836466802,-0.019470135258170332,transition_uncertainty,0.167657542093856,0.010953739079171,3.889155618166566e-05,0.9890073693639776,12.785,test,13.175559043884277,0.2452680766582489,0.019227616488933563,97.7790756225586,-71.67290496826172,5833.8037109375,0.3905590438842772,0.3905590438842772,0.15253636675980076,11.08987946715888,final
2026-05-05T00:00:00Z,SPY,SPY260618C00739000,call,739.0,0.12054794520547946,12.3,0.1559380061340332,12.21,12.27,12.24,319.0,792.0,2026-06-18,2026-05-07 20:04:08+00:00,-1.7799997,-12.642043,False,REGULAR,USD,2026-05-07T20:54:04+00:00,yfinance,723.77001953125,0.0080221858849922,0.0169737063165198,0.1216768442297367,0.0395,0.0,,0.05999999999999872,0.004901960784313621,0.979391095441475,-0.020824231605899576,transition_uncertainty,0.167657542093856,0.010953739079171,3.889155618166566e-05,0.9890073693639776,12.24,test,12.614238739013672,0.24378833174705505,0.018553756177425385,97.24557495117188,-72.33184051513672,5004.017578125,0.37423873901367166,0.37423873901367166,0.14005463377854305,10.586147904091717,final
2026-05-05T00:00:00Z,SPY,SPY260618C00740000,call,740.0,0.12054794520547946,11.8,0.1547173152160644,11.68,11.74,11.71,3279.0,32767.0,2026-06-18,2026-05-07 20:04:10+00:00,-1.4799995,-11.144575,False,REGULAR,USD,2026-05-07T20:54:04+00:00,yfinance,723.77001953125,0.0080221858849922,0.0169737063165198,0.1216768442297367,0.0395,0.0,,0.0600000000000005,0.005123825789923184,0.9780675939611486,-0.022176496855913264,transition_uncertainty,0.167657542093856,0.010953739079171,3.889155618166566e-05,0.9890073693639776,11.71,test,12.062580108642578,0.24247434735298157,0.017892301082611084,96.66348266601562,-73.00523376464844,4248.4375,0.3525801086425773,0.3525801086425773,0.1243127330104116,10.102416695291424,final
2026-05-05T00:00:00Z,SPY,SPY260618C00741000,call,741.0,0.12054794520547946,10.79,0.1535881761169433,11.16,11.23,11.195,147.0,846.0,2026-06-18,2026-05-07 19:41:26+00:00,-1.8100004,-14.365083,False,REGULAR,USD,2026-05-07T20:54:04+00:00,yfinance,723.77001953125,0.0080221858849922,0.0169737063165198,0.1216768442297367,0.0395,0.0,,0.07000000000000028,0.006252791424743214,0.9767476646845479,-0.023526935953784713,transition_uncertainty,0.167657542093856,0.010953739079171,3.889155618166566e-05,0.9890073693639776,11.195,test,11.52082347869873,0.2413315325975418,0.01724250242114067,96.03382110595703,-73.68753051757812,3564.37744140625,0.3258234786987302,0.3258234786987302,0.10616093927134189,9.638629448620634,final
2026-05-05T00:00:00Z,SPY,SPY260618C00742000,call,742.0,0.12054794520547946,10.63,0.1523522265625,10.66,10.72,10.690000000000001,1578.0,2032.0,2026-06-18,2026-05-07 20:12:59+00:00,-1.3099995,-10.971519,False,REGULAR,USD,2026-05-07T20:54:04+00:00,yfinance,723.77001953125,0.0080221858849922,0.0169737063165198,0.1216768442297367,0.0395,0.0,,0.0600000000000005,0.005612722170252618,0.9754312931688005,-0.024875553825078275,transition_uncertainty,0.167657542093856,0.010953739079171,3.889155618166566e-05,0.9890073693639776,10.690000000000001,test,10.989253044128418,0.24036502838134766,0.01660393550992012,95.35799407958984,-74.3719253540039,2949.57666015625,0.2992530441284167,0.2992530441284167,0.0895523844201241,9.176000812679632,final
2026-05-05T00:00:00Z,SPY,SPY260618C00743000,call,743.0,0.12054794520547946,9.79,0.1511925701904297,10.17,10.23,10.2,363.0,660.0,2026-06-18,2026-05-07 19:56:50+00:00,-1.8400002,-15.821154,False,REGULAR,USD,2026-05-07T20:54:04+00:00,yfinance,723.77001953125,0.0080221858849922,0.0169737063165198,0.1216768442297367,0.0395,0.0,,0.0600000000000005,0.00588235294117652,0.9741184650487887,-0.02622235537545691,transition_uncertainty,0.167657542093856,0.010953739079171,3.889155618166566e-05,0.9890073693639776,10.2,test,10.468277931213379,0.2395702302455902,0.015976523980498314,94.63716125488281,-75.04924011230469,2402.109619140625,0.2682779312133796,0.2682779312133796,0.07197304837613085,8.732027262993967,final
2026-05-05T00:00:00Z,SPY,SPY260618C00744000,call,744.0,0.12054794520547946,9.31,0.150124465637207,9.69,9.76,9.725,378.0,717.0,2026-06-18,2026-05-07 19:41:35+00:00,-1.6999998,-15.440507,False,REGULAR,USD,2026-05-07T20:54:04+00:00,yfinance,723.77001953125,0.0080221858849922,0.0169737063165198,0.1216768442297367,0.0395,0.0,,0.07000000000000028,0.007197943444730107,0.9728091660366264,-0.02756734549078963,transition_uncertainty,0.167657542093856,0.010953739079171,3.889155618166566e-05,0.9890073693639776,9.725,test,9.9583158493042,0.23893555998802185,0.015360528603196144,93.87236785888672,-75.70829010009766,1920.1121826171875,0.23331584930419957,0.23331584930419957,0.054436285536539966,8.308004066124482,final
2026-05-05T00:00:00Z,SPY,SPY260618C00745000,call,745.0,0.12054794520547946,9.24,0.1490411024475098,9.23,9.3,9.265,717.0,20678.0,2026-06-18,2026-05-07 20:08:17+00:00,-1.5700006,-14.523594,False,REGULAR,USD,2026-05-07T20:54:04+00:00,yfinance,723.77001953125,0.0080221858849922,0.0169737063165198,0.1216768442297367,0.0395,0.0,,0.07000000000000028,0.007555315704263387,0.9715033819211409,-0.02891052903725731,transition_uncertainty,0.167657542093856,0.010953739079171,3.889155618166566e-05,0.9890073693639776,9.265,test,9.459760665893555,0.23845067620277405,0.014756557531654835,93.06533813476562,-76.33645629882812,1501.5701904296875,0.19476066589355412,0.19476066589355412,0.03793171697930062,7.894008796410503,final
2026-05-05T00:00:00Z,SPY,SPY260618C00746000,call,746.0,0.12054794520547946,8.79,0.1479577392578125,8.79,8.85,8.82,119.0,888.0,2026-06-18,2026-05-07 20:07:43+00:00,-1.2399998,-12.362909,False,REGULAR,USD,2026-05-07T20:54:04+00:00,yfinance,723.77001953125,0.0080221858849922,0.0169737063165198,0.1216768442297367,0.0395,0.0,,0.0600000000000005,0.00680272108843543,0.9702010985673593,-0.03025191086145864,transition_uncertainty,0.167657542093856,0.010953739079171,3.889155618166566e-05,0.9890073693639776,8.82,test,8.973214149475098,0.2380906045436859,0.014165724627673626,92.2173080444336,-76.91856384277344,1144.26513671875,0.15321414947509737,0.15321414947509737,0.02347457559937748,7.491544612943699,final
2026-05-05T00:00:00Z,SPY,SPY260618C00747000,call,747.0,0.12054794520547946,7.75,0.1468286001586914,8.35,8.41,8.379999999999999,279.0,790.0,2026-06-18,2026-05-07 19:28:49+00:00,-2.0299997,-20.756643,False,REGULAR,USD,2026-05-07T20:54:04+00:00,yfinance,723.77001953125,0.0080221858849922,0.0169737063165198,0.1216768442297367,0.0395,0.0,,0.0600000000000005,0.007159904534606265,0.9689023019159974,-0.03159149579051507,transition_uncertainty,0.167657542093856,0.010953739079171,3.889155618166566e-05,0.9890073693639776,8.379999999999999,test,8.499213218688965,0.23782525956630707,0.013589520938694477,91.32964324951172,-77.43775939941406,845.454833984375,0.11921321868896584,0.11921321868896584,0.014211791510183194,7.0966350025081795,final
2026-05-05T00:00:00Z,SPY,SPY260618C00748000,call,748.0,0.12054794520547946,8.2,0.1458062715148925,7.93,7.99,7.96,164.0,1100.0,2026-06-18,2026-05-07 20:02:45+00:00,-0.9000006,-9.890116,False,REGULAR,USD,2026-05-07T20:54:04+00:00,yfinance,723.77001953125,0.0080221858849922,0.0169737063165198,0.1216768442297367,0.0395,0.0,,0.0600000000000005,0.007537688442211117,0.9676069779829546,-0.032929288632174994,transition_uncertainty,0.167657542093856,0.010953739079171,3.889155618166566e-05,0.9890073693639776,7.96,test,8.038446426391602,0.23761731386184692,0.013029847294092178,90.4039077758789,-77.8759765625,601.731689453125,0.0784464263916016,0.0784464263916016,0.006153841813612968,6.7228154550724355,final
2026-05-05T00:00:00Z,SPY,SPY260618C00749000,call,749.0,0.12054794520547946,7.1,0.1448754946899414,7.53,7.59,7.5600000000000005,157.0,928.0,2026-06-18,2026-05-07 18:50:56+00:00,-1.6799998,-19.134396,False,REGULAR,USD,2026-05-07T20:54:04+00:00,yfinance,723.77001953125,0.0080221858849922,0.0169737063165198,0.1216768442297367,0.0395,0.0,,0.05999999999999961,0.007936507936507884,0.9663151128588118,-0.03426529417491724,transition_uncertainty,0.167657542093856,0.010953739079171,3.889155618166566e-05,0.9890073693639776,7.5600000000000005,test,7.591545581817627,0.23742255568504333,0.0124889574944973,89.44160461425781,-78.21401977539062,408.9305114746094,0.031545581817626456,0.031545581817626456,0.0009951237322125648,6.368377024185776,final
2026-05-05T00:00:00Z,SPY,SPY260618C00750000,call,750.0,0.12054794520547946,7.15,0.143914200592041,7.14,7.2,7.17,4366.0,25680.0,2026-06-18,2026-05-07 20:14:22+00:00,-1.44,-16.763678,False,REGULAR,USD,2026-05-07T20:54:04+00:00,yfinance,723.77001953125,0.0080221858849922,0.0169737063165198,0.1216768442297367,0.0395,0.0,,0.0600000000000005,0.008368200836820152,0.9650266927083333,-0.03559951718805395,transition_uncertainty,0.167657542093856,0.010953739079171,3.889155618166566e-05,0.9890073693639776,7.17,test,7.159313678741455,0.23718899488449097,0.01196938194334507,88.44425964355469,-78.43254089355469,262.07098388671875,-0.01068632125854485,0.01068632125854485,0.0001141974620408276,6.022661952591022,final
2026-05-05T00:00:00Z,SPY,SPY260618C00751000,call,751.0,0.12054794520547946,6.49,0.142937647857666,6.76,6.82,6.79,411.0,1611.0,2026-06-18,2026-05-07 19:40:35+00:00,-1.4500003,-18.261969,False,REGULAR,USD,2026-05-07T20:54:04+00:00,yfinance,723.77001953125,0.0080221858849922,0.0169737063165198,0.1216768442297367,0.0395,0.0,,0.0600000000000005,0.008836524300441899,0.9637417037699734,-0.03693196242183254,transition_uncertainty,0.167657542093856,0.010953739079171,3.889155618166566e-05,0.9890073693639776,6.79,test,6.742356300354004,0.23686254024505615,0.01147361658513546,87.41349029541016,-78.51258850097656,155.39324951171875,-0.04764369964599613,0.04764369964599613,0.002269922115957892,5.687068577450276,final
2026-05-05T00:00:00Z,SPY,SPY260618C00755000,call,755.0,0.12054794520547946,5.35,0.1394129028320312,5.39,5.45,5.42,2231.0,27848.0,2026-06-18,2026-05-07 20:09:02+00:00,-1.3200002,-19.790108,False,REGULAR,USD,2026-05-07T20:54:04+00:00,yfinance,723.77001953125,0.0080221858849922,0.0169737063165198,0.1216768442297367,0.0395,0.0,,0.0600000000000005,0.011070110701107102,0.9586357874586092,-0.042244059906722545,transition_uncertainty,0.167657542093856,0.010953739079171,3.889155618166566e-05,0.9890073693639776,5.42,test,5.240896701812744,0.2334548830986023,0.009773224592208862,82.98883819580078,-77.1424560546875,1.6353318691253662,-0.1791032981872558,0.1791032981872558,0.03207799142155306,4.487479290292754,final
2026-05-05T00:00:00Z,SPY,SPY260618C00760000,call,760.0,0.12054794520547946,3.94,0.1355066918945313,3.98,4.03,4.005,2355.0,13801.0,2026-06-18,2026-05-07 20:09:02+00:00,-1.06,-21.199999,False,REGULAR,USD,2026-05-07T20:54:04+00:00,yfinance,723.77001953125,0.0080221858849922,0.0169737063165198,0.1216768442297367,0.0395,0.0,,0.050000000000000266,0.012484394506866484,0.9523289730674342,-0.04884474393807452,transition_uncertainty,0.167657542093856,0.010953739079171,3.889155618166566e-05,0.9890073693639776,4.005,test,3.7703700065612793,0.22104476392269135,0.008320183493196964,76.90398406982422,-71.31275939941406,15.101245880126953,-0.2346299934387206,0.2346299934387206,0.05505123382105407,3.2648317522072006,final
2026-05-05T00:00:00Z,SPY,SPY260618C00765000,call,765.0,0.12054794520547946,2.86,0.1323023782348633,2.88,2.92,2.9,3273.0,12235.0,2026-06-18,2026-05-07 20:13:28+00:00,-0.75,-20.775623,False,REGULAR,USD,2026-05-07T20:54:04+00:00,yfinance,723.77001953125,0.0080221858849922,0.0169737063165198,0.1216768442297367,0.0395,0.0,,0.040000000000000036,0.013793103448275874,0.9461046006944445,-0.05540214448423361,transition_uncertainty,0.167657542093856,0.010953739079171,3.889155618166566e-05,0.9890073693639776,2.9,test,2.7371320724487305,0.19887489080429077,0.007350965868681669,70.39884185791016,-62.44342803955078,7.537385940551758,-0.16286792755126944,0.16286792755126944,0.026525961824845554,2.328257412330032,final
2026-05-05T00:00:00Z,SPY,SPY260618C00770000,call,770.0,0.12054794520547946,2.06,0.1295863409423828,2.04,2.07,2.0549999999999997,1008.0,12076.0,2026-06-18,2026-05-07 20:10:23+00:00,-0.6700001,-24.542128,False,REGULAR,USD,2026-05-07T20:54:04+00:00,yfinance,723.77001953125,0.0080221858849922,0.0169737063165198,0.1216768442297367,0.0395,0.0,,0.029999999999999805,0.014598540145985309,0.9399610643262987,-0.06191682550542736,transition_uncertainty,0.167657542093856,0.010953739079171,3.889155618166566e-05,0.9890073693639776,2.0549999999999997,test,2.0455570220947266,0.17172718048095703,0.006496075075119734,63.67598342895508,-53.3134880065918,0.4333820044994354,-0.009442977905273153,0.009442977905273153,8.916983171947695e-05,1.6240757369985488,final
2026-05-05T00:00:00Z,SPY,SPY260618C00775000,call,775.0,0.12054794520547946,1.43,0.1278163391113281,1.42,1.46,1.44,1011.0,6891.0,2026-06-18,2026-05-07 20:10:23+00:00,-0.65,-31.250002,False,REGULAR,USD,2026-05-07T20:54:04+00:00,yfinance,723.77001953125,0.0080221858849922,0.0169737063165198,0.1216768442297367,0.0395,0.0,,0.040000000000000036,0.027777777777777804,0.9338967993951612,-0.06838934001104485,transition_uncertainty,0.167657542093856,0.010953739079171,3.889155618166566e-05,0.9890073693639776,1.44,test,1.5750658512115479,0.14483527839183807,0.005657101050019264,56.92225646972656,-45.49186706542969,0.0558113232254982,0.1350658512115479,0.1350658512115479,0.018242784163499996,1.1279876300112122,final
2026-05-05T00:00:00Z,SPY,SPY260618C00780000,call,780.0,0.12054794520547946,1.01,0.1266566827392578,0.99,1.02,1.005,654.0,8502.0,2026-06-18,2026-05-07 20:13:28+00:00,-0.49,-32.666668,False,REGULAR,USD,2026-05-07T20:54:04+00:00,yfinance,723.77001953125,0.0080221858849922,0.0169737063165198,0.1216768442297367,0.0395,0.0,,0.030000000000000027,0.029850746268656747,0.9279102814503205,-0.07482023034133523,transition_uncertainty,0.167657542093856,0.010953739079171,3.889155618166566e-05,0.9890073693639776,1.005,test,1.235047459602356,0.12068892270326614,0.004885708913207054,50.30177688598633,-39.05514144897461,0.10037137567996979,0.23004745960235606,0.23004745960235606,0.052921833669497646,0.7784590860716349,final
2026-05-05T00:00:00Z,SPY,SPY260618C00785000,call,785.0,0.12054794520547946,0.65,0.125985302734375,0.69,0.71,0.7,320.0,4512.0,2026-06-18,2026-05-07 18:39:50+00:00,-0.42000008,-39.252342,False,REGULAR,USD,2026-05-07T20:54:04+00:00,yfinance,723.77001953125,0.0080221858849922,0.0169737063165198,0.1216768442297367,0.0395,0.0,,0.020000000000000018,0.0285714285714286,0.9220000248805732,-0.08121002844010627,transition_uncertainty,0.167657542093856,0.010953739079171,3.889155618166566e-05,0.9890073693639776,0.7,test,0.9744349122047424,0.09976503252983093,0.0042063104920089245,43.952030181884766,-33.58709716796875,0.03801744431257248,0.2744349122047425,0.2744349122047425,0.0753145210368247,0.5349340398304143,final
2026-05-05T00:00:00Z,SPY,SPY260618C00790000,call,790.0,0.12054794520547946,0.5,0.1265346136474609,0.49,0.51,0.5,252.0,7675.0,2026-06-18,2026-05-07 20:07:48+00:00,-0.3,-37.5,False,REGULAR,USD,2026-05-07T20:54:04+00:00,yfinance,723.77001953125,0.0080221858849922,0.0169737063165198,0.1216768442297367,0.0395,0.0,,0.020000000000000018,0.040000000000000036,0.9161645816851266,-0.08755925611876496,transition_uncertainty,0.167657542093856,0.010953739079171,3.889155618166566e-05,0.9890073693639776,0.5,test,0.7677607536315918,0.08184842765331268,0.003607210237532854,37.98081970214844,-28.769479751586914,0.009555378928780556,0.2677607536315918,0.2677607536315918,0.071695821185358,0.381160584676568,final
2026-05-05T00:00:00Z,SPY,SPY260618C00795000,call,795.0,0.12054794520547946,0.37,0.1280604772949218,0.36,0.38,0.37,111.0,3481.0,2026-06-18,2026-05-07 17:38:41+00:00,-0.19999999,-35.087715,False,REGULAR,USD,2026-05-07T20:54:04+00:00,yfinance,723.77001953125,0.0080221858849922,0.0169737063165198,0.1216768442297367,0.0395,0.0,,0.020000000000000018,0.054054054054054106,0.9104025402908805,-0.09386842531202967,transition_uncertainty,0.167657542093856,0.010953739079171,3.889155618166566e-05,0.9890073693639776,0.37,test,0.601854681968689,0.06661806255578995,0.003073033643886447,32.46603775024414,-24.45716667175293,0.0023420911747962236,0.23185468196868897,0.23185468196868897,0.0537565935508019,0.2825203648359462,final
2026-05-05T00:00:00Z,SPY,SPY260618C00800000,call,800.0,0.12054794520547946,0.27,0.1301356518554687,0.27,0.29,0.28,952.0,20594.0,2026-06-18,2026-05-07 19:54:29+00:00,-0.19999999,-42.55319,False,REGULAR,USD,2026-05-07T20:54:04+00:00,yfinance,723.77001953125,0.0080221858849922,0.0169737063165198,0.1216768442297367,0.0395,0.0,,0.019999999999999962,0.07142857142857129,0.9047125244140625,-0.10013803832562512,transition_uncertainty,0.167657542093856,0.010953739079171,3.889155618166566e-05,0.9890073693639776,0.28,test,0.4372905194759369,0.05377655476331711,0.002595634199678898,27.457983016967773,-20.601709365844727,0.0008086437010206282,0.15729051947593686,0.15729051947593686,0.024740307517010073,0.21523457481821495,final
