date,vix_fred,dgs10,dgs2,fedfunds,cpi,unemployment,dollar_index,term_spread_10y_2y
2010-09-09,22.81,2.77,0.57,0.19,218.275,9.5,93.7033,2.2
2010-09-10,21.99,2.81,0.58,0.19,218.275,9.5,93.6768,2.23
2010-09-13,21.21,2.74,0.53,0.19,218.275,9.5,93.0767,2.21
2010-09-14,21.56,2.68,0.5,0.19,218.275,9.5,92.6182,2.18
2010-09-15,22.1,2.74,0.5,0.19,218.275,9.5,92.9313,2.24
2010-09-16,21.72,2.77,0.48,0.19,218.275,9.5,92.9108,2.29
2010-09-17,22.01,2.75,0.48,0.19,218.275,9.5,92.9418,2.27
2010-09-20,21.5,2.72,0.47,0.19,218.275,9.5,92.7496,2.25
2010-09-21,22.35,2.61,0.43,0.19,218.275,9.5,92.6684,2.1799999999999997
2010-09-22,22.51,2.56,0.44,0.19,218.275,9.5,92.0647,2.12
2010-09-23,23.87,2.56,0.45,0.19,218.275,9.5,92.0233,2.11
2010-09-24,21.71,2.62,0.45,0.19,218.275,9.5,91.5996,2.17
2010-09-27,22.54,2.54,0.44,0.19,218.275,9.5,91.4803,2.1
2010-09-28,22.6,2.48,0.37,0.19,218.275,9.5,91.3493,2.11
2010-09-29,23.25,2.52,0.44,0.19,218.275,9.5,91.1632,2.08
2010-09-30,23.7,2.53,0.42,0.19,218.275,9.5,91.3415,2.11
2010-10-01,22.5,2.54,0.42,0.19,219.035,9.4,90.836,2.12
2010-10-04,23.53,2.5,0.41,0.19,219.035,9.4,91.0015,2.09
2010-10-05,21.76,2.5,0.41,0.19,219.035,9.4,90.5622,2.09
2010-10-06,21.49,2.41,0.38,0.19,219.035,9.4,90.1411,2.0300000000000002
2010-10-07,21.56,2.41,0.36,0.19,219.035,9.4,90.286,2.0500000000000003
2010-10-08,20.71,2.41,0.35,0.19,219.035,9.4,90.1133,2.06
2010-10-11,18.96,2.41,0.35,0.19,219.035,9.4,90.1133,2.06
2010-10-12,18.93,2.44,0.37,0.19,219.035,9.4,90.2203,2.07
2010-10-13,19.07,2.46,0.37,0.19,219.035,9.4,89.7779,2.09
2010-10-14,19.88,2.52,0.38,0.19,219.035,9.4,89.5228,2.14
2010-10-15,19.03,2.59,0.37,0.19,219.035,9.4,89.6815,2.2199999999999998
2010-10-18,19.09,2.52,0.38,0.19,219.035,9.4,89.8484,2.14
2010-10-19,20.63,2.5,0.37,0.19,219.035,9.4,90.5499,2.13
2010-10-20,19.79,2.51,0.35,0.19,219.035,9.4,90.1446,2.1599999999999997
2010-10-21,19.27,2.57,0.37,0.19,219.035,9.4,90.138,2.1999999999999997
2010-10-22,18.78,2.59,0.35,0.19,219.035,9.4,90.4063,2.2399999999999998
2010-10-25,19.85,2.59,0.37,0.19,219.035,9.4,89.9328,2.2199999999999998
2010-10-26,20.22,2.67,0.4,0.19,219.035,9.4,90.2818,2.27
2010-10-27,20.71,2.75,0.4,0.19,219.035,9.4,90.8038,2.35
2010-10-28,20.88,2.69,0.37,0.19,219.035,9.4,90.2407,2.32
2010-10-29,21.2,2.63,0.34,0.19,219.035,9.4,90.0935,2.29
2010-11-01,21.83,2.66,0.34,0.19,219.59,9.8,90.0307,2.3200000000000003
2010-11-02,21.57,2.63,0.34,0.19,219.59,9.8,89.6847,2.29
2010-11-03,19.56,2.67,0.34,0.19,219.59,9.8,89.7079,2.33
2010-11-04,18.52,2.53,0.33,0.19,219.59,9.8,88.9831,2.1999999999999997
2010-11-05,18.26,2.58,0.38,0.19,219.59,9.8,89.2441,2.2
2010-11-08,18.29,2.6,0.41,0.19,219.59,9.8,89.5711,2.19
2010-11-09,19.08,2.72,0.46,0.19,219.59,9.8,89.558,2.2600000000000002
2010-11-10,18.47,2.65,0.44,0.19,219.59,9.8,89.9056,2.21
2010-11-11,18.64,2.65,0.44,0.19,219.59,9.8,89.9056,2.21
2010-11-12,20.61,2.76,0.51,0.19,219.59,9.8,90.1701,2.25
2010-11-15,20.2,2.92,0.53,0.19,219.59,9.8,90.4331,2.3899999999999997
2010-11-16,22.58,2.85,0.51,0.19,219.59,9.8,91.1102,2.34
2010-11-17,21.76,2.89,0.5,0.19,219.59,9.8,90.9282,2.39
2010-11-18,18.75,2.9,0.52,0.19,219.59,9.8,90.649,2.38
2010-11-19,18.04,2.88,0.52,0.19,219.59,9.8,90.6986,2.36
2010-11-22,18.37,2.8,0.49,0.19,219.59,9.8,90.7023,2.3099999999999996
2010-11-23,20.63,2.77,0.45,0.19,219.59,9.8,91.4318,2.32
2010-11-24,19.56,2.93,0.53,0.19,219.59,9.8,91.2179,2.4000000000000004
2010-11-26,22.22,2.87,0.51,0.19,219.59,9.8,91.8152,2.3600000000000003
2010-11-29,21.53,2.84,0.52,0.19,219.59,9.8,92.1997,2.32
2010-11-30,23.54,2.81,0.45,0.19,219.59,9.8,92.1494,2.36
2010-12-01,21.36,2.97,0.53,0.18,220.472,9.3,91.6799,2.4400000000000004
2010-12-02,19.39,3.01,0.55,0.18,220.472,9.3,91.2651,2.46
2010-12-03,18.01,3.03,0.49,0.18,220.472,9.3,90.8788,2.54
2010-12-06,18.02,2.95,0.42,0.18,220.472,9.3,91.0167,2.5300000000000002
2010-12-07,17.99,3.15,0.54,0.18,220.472,9.3,90.9732,2.61
2010-12-08,17.74,3.26,0.63,0.18,220.472,9.3,91.3376,2.63
2010-12-09,17.25,3.23,0.64,0.18,220.472,9.3,91.3923,2.59
2010-12-10,17.61,3.32,0.64,0.18,220.472,9.3,91.2831,2.6799999999999997
2010-12-13,17.55,3.29,0.61,0.18,220.472,9.3,90.8837,2.68
2010-12-14,17.61,3.49,0.66,0.18,220.472,9.3,90.764,2.83
2010-12-15,17.94,3.53,0.68,0.18,220.472,9.3,91.094,2.8499999999999996
2010-12-16,17.39,3.47,0.66,0.18,220.472,9.3,91.3773,2.81
2010-12-17,16.11,3.33,0.61,0.18,220.472,9.3,91.5555,2.72
2010-12-20,16.41,3.36,0.62,0.18,220.472,9.3,91.6398,2.7399999999999998
2010-12-21,16.49,3.35,0.63,0.18,220.472,9.3,91.519,2.72
2010-12-22,15.45,3.36,0.65,0.18,220.472,9.3,91.429,2.71
2010-12-23,16.47,3.41,0.67,0.18,220.472,9.3,91.3013,2.74
2010-12-27,17.67,3.36,0.71,0.18,220.472,9.3,91.1963,2.65
2010-12-28,17.52,3.5,0.75,0.18,220.472,9.3,90.9848,2.75
2010-12-29,17.28,3.35,0.64,0.18,220.472,9.3,90.7669,2.71
2010-12-30,17.52,3.38,0.66,0.18,220.472,9.3,90.5146,2.7199999999999998
2010-12-31,17.75,3.3,0.61,0.18,220.472,9.3,90.5146,2.69
2011-01-03,17.61,3.36,0.61,0.17,221.187,9.1,89.9524,2.75
2011-01-04,17.38,3.36,0.63,0.17,221.187,9.1,90.3277,2.73
2011-01-05,17.02,3.5,0.71,0.17,221.187,9.1,90.5715,2.79
2011-01-06,17.4,3.44,0.68,0.17,221.187,9.1,90.9125,2.76
2011-01-07,17.14,3.34,0.6,0.17,221.187,9.1,91.0001,2.7399999999999998
2011-01-10,17.54,3.32,0.59,0.17,221.187,9.1,91.03,2.73
2011-01-11,16.89,3.37,0.6,0.17,221.187,9.1,90.8431,2.77
2011-01-12,16.24,3.4,0.61,0.17,221.187,9.1,90.4111,2.79
2011-01-13,16.39,3.34,0.59,0.17,221.187,9.1,89.9019,2.75
2011-01-14,15.46,3.35,0.59,0.17,221.187,9.1,90.0461,2.7600000000000002
2011-01-18,15.87,3.39,0.6,0.17,221.187,9.1,89.821,2.79
2011-01-19,17.31,3.37,0.6,0.17,221.187,9.1,89.6948,2.77
2011-01-20,17.99,3.47,0.65,0.17,221.187,9.1,90.1316,2.8200000000000003
2011-01-21,18.47,3.44,0.63,0.17,221.187,9.1,89.7204,2.81
2011-01-24,17.65,3.43,0.65,0.17,221.187,9.1,89.5375,2.7800000000000002
2011-01-25,17.59,3.35,0.62,0.17,221.187,9.1,89.7279,2.73
2011-01-26,16.64,3.45,0.62,0.17,221.187,9.1,89.5091,2.83
2011-01-27,16.15,3.42,0.59,0.17,221.187,9.1,89.5728,2.83
2011-01-28,20.04,3.36,0.54,0.17,221.187,9.1,89.8189,2.82
2011-01-31,19.53,3.42,0.58,0.17,221.187,9.1,89.694,2.84
2011-02-01,17.63,3.48,0.61,0.16,221.898,9.0,89.1436,2.87
2011-02-02,17.3,3.52,0.67,0.16,221.898,9.0,89.0737,2.85
2011-02-03,16.69,3.58,0.71,0.16,221.898,9.0,89.2522,2.87
2011-02-04,15.93,3.68,0.77,0.16,221.898,9.0,89.391,2.91
2011-02-07,16.28,3.68,0.78,0.16,221.898,9.0,89.3556,2.9000000000000004
2011-02-08,15.81,3.75,0.86,0.16,221.898,9.0,89.1241,2.89
2011-02-09,15.87,3.65,0.81,0.16,221.898,9.0,89.4166,2.84
2011-02-10,16.09,3.7,0.85,0.16,221.898,9.0,89.6266,2.85
2011-02-11,15.69,3.64,0.85,0.16,221.898,9.0,89.8784,2.79
2011-02-14,15.95,3.62,0.87,0.16,221.898,9.0,89.8543,2.75
2011-02-15,16.37,3.61,0.84,0.16,221.898,9.0,89.8871,2.77
2011-02-16,16.72,3.62,0.86,0.16,221.898,9.0,89.7059,2.7600000000000002
2011-02-17,16.59,3.58,0.8,0.16,221.898,9.0,89.4102,2.7800000000000002
2011-02-18,16.43,3.59,0.78,0.16,221.898,9.0,89.1974,2.8099999999999996
2011-02-22,20.8,3.46,0.74,0.16,221.898,9.0,89.4617,2.7199999999999998
2011-02-23,22.13,3.49,0.74,0.16,221.898,9.0,89.4186,2.75
2011-02-24,21.32,3.46,0.73,0.16,221.898,9.0,89.2346,2.73
2011-02-25,19.22,3.42,0.72,0.16,221.898,9.0,89.1664,2.7
2011-02-28,18.35,3.42,0.69,0.16,221.898,9.0,88.9391,2.73
2011-03-01,21.01,3.41,0.66,0.14,223.046,9.0,88.831,2.75
2011-03-02,20.7,3.46,0.69,0.14,223.046,9.0,88.7317,2.77
2011-03-03,18.6,3.58,0.79,0.14,223.046,9.0,88.637,2.79
2011-03-04,19.06,3.49,0.68,0.14,223.046,9.0,88.4898,2.81
2011-03-07,20.66,3.51,0.7,0.14,223.046,9.0,88.5207,2.8099999999999996
2011-03-08,19.82,3.56,0.73,0.14,223.046,9.0,88.6454,2.83
2011-03-09,20.22,3.48,0.7,0.14,223.046,9.0,88.5328,2.7800000000000002
2011-03-10,21.88,3.37,0.65,0.14,223.046,9.0,88.8698,2.72
2011-03-11,20.08,3.4,0.64,0.14,223.046,9.0,88.691,2.76
2011-03-14,21.13,3.36,0.61,0.14,223.046,9.0,88.5191,2.75
2011-03-15,24.32,3.33,0.63,0.14,223.046,9.0,88.7845,2.7
2011-03-16,29.4,3.22,0.58,0.14,223.046,9.0,88.9785,2.64
2011-03-17,26.37,3.25,0.6,0.14,223.046,9.0,88.6549,2.65
2011-03-18,24.44,3.28,0.61,0.14,223.046,9.0,88.5221,2.67
2011-03-21,20.61,3.34,0.67,0.14,223.046,9.0,88.2032,2.67
2011-03-22,20.21,3.34,0.68,0.14,223.046,9.0,88.0665,2.6599999999999997
2011-03-23,19.17,3.36,0.69,0.14,223.046,9.0,88.3328,2.67
2011-03-24,18.0,3.42,0.72,0.14,223.046,9.0,88.0592,2.7
2011-03-25,17.91,3.46,0.79,0.14,223.046,9.0,88.1716,2.67
2011-03-28,19.44,3.47,0.81,0.14,223.046,9.0,88.3058,2.66
2011-03-29,18.16,3.5,0.81,0.14,223.046,9.0,88.3991,2.69
2011-03-30,17.71,3.47,0.8,0.14,223.046,9.0,88.2298,2.67
2011-03-31,17.74,3.47,0.8,0.14,223.046,9.0,88.0299,2.67
2011-04-01,17.4,3.46,0.8,0.1,224.093,9.1,87.7993,2.66
2011-04-04,17.5,3.45,0.77,0.1,224.093,9.1,87.8406,2.68
2011-04-05,17.25,3.5,0.84,0.1,224.093,9.1,87.7483,2.66
2011-04-06,16.9,3.56,0.85,0.1,224.093,9.1,87.4913,2.71
2011-04-07,17.11,3.58,0.81,0.1,224.093,9.1,87.532,2.77
2011-04-08,17.87,3.59,0.83,0.1,224.093,9.1,87.1493,2.76
2011-04-11,16.59,3.59,0.85,0.1,224.093,9.1,87.094,2.7399999999999998
2011-04-12,17.09,3.52,0.77,0.1,224.093,9.1,87.2943,2.75
2011-04-13,16.92,3.49,0.75,0.1,224.093,9.1,87.2093,2.74
2011-04-14,16.27,3.51,0.77,0.1,224.093,9.1,87.0802,2.7399999999999998
2011-04-15,15.32,3.43,0.71,0.1,224.093,9.1,87.005,2.72
2011-04-18,16.96,3.4,0.69,0.1,224.093,9.1,87.5081,2.71
2011-04-19,15.83,3.39,0.68,0.1,224.093,9.1,87.0791,2.71
2011-04-20,15.07,3.43,0.69,0.1,224.093,9.1,86.5642,2.74
2011-04-21,14.69,3.42,0.68,0.1,224.093,9.1,86.2256,2.7399999999999998
2011-04-25,15.77,3.39,0.67,0.1,224.093,9.1,86.4026,2.72
2011-04-26,15.62,3.34,0.65,0.1,224.093,9.1,86.2576,2.69
2011-04-27,15.35,3.39,0.65,0.1,224.093,9.1,86.2519,2.74
2011-04-28,14.62,3.34,0.62,0.1,224.093,9.1,85.8419,2.7199999999999998
2011-04-29,14.75,3.32,0.61,0.1,224.093,9.1,85.5999,2.71
2011-05-02,15.99,3.31,0.61,0.09,224.806,9.0,85.5199,2.7
2011-05-03,16.7,3.28,0.61,0.09,224.806,9.0,85.6352,2.67
2011-05-04,17.08,3.25,0.6,0.09,224.806,9.0,85.8917,2.65
2011-05-05,18.2,3.18,0.58,0.09,224.806,9.0,86.508,2.6
2011-05-06,18.4,3.19,0.57,0.09,224.806,9.0,86.4575,2.62
2011-05-09,17.16,3.17,0.57,0.09,224.806,9.0,86.8346,2.6
2011-05-10,15.91,3.23,0.59,0.09,224.806,9.0,86.6518,2.64
2011-05-11,16.95,3.19,0.56,0.09,224.806,9.0,86.7195,2.63
2011-05-12,16.03,3.22,0.57,0.09,224.806,9.0,87.0767,2.6500000000000004
2011-05-13,17.07,3.18,0.57,0.09,224.806,9.0,87.4176,2.6100000000000003
2011-05-16,18.24,3.15,0.54,0.09,224.806,9.0,87.3311,2.61
2011-05-17,17.55,3.12,0.55,0.09,224.806,9.0,87.6307,2.5700000000000003
2011-05-18,16.23,3.18,0.58,0.09,224.806,9.0,87.295,2.6
2011-05-19,15.52,3.17,0.55,0.09,224.806,9.0,87.2638,2.62
2011-05-20,17.43,3.15,0.55,0.09,224.806,9.0,87.3044,2.5999999999999996
2011-05-23,18.27,3.13,0.55,0.09,224.806,9.0,87.8941,2.58
2011-05-24,17.82,3.12,0.56,0.09,224.806,9.0,87.662,2.56
2011-05-25,17.07,3.13,0.54,0.09,224.806,9.0,87.6136,2.59
2011-05-26,16.09,3.07,0.48,0.09,224.806,9.0,87.5588,2.59
2011-05-27,15.98,3.07,0.48,0.09,224.806,9.0,86.9525,2.59
2011-05-31,15.45,3.05,0.45,0.09,224.806,9.0,86.656,2.5999999999999996
2011-06-01,18.3,2.96,0.44,0.09,224.806,9.1,86.5964,2.52
2011-06-02,18.09,3.04,0.45,0.09,224.806,9.1,86.8435,2.59
2011-06-03,17.95,2.99,0.42,0.09,224.806,9.1,86.4234,2.5700000000000003
2011-06-06,18.49,3.01,0.43,0.09,224.806,9.1,86.4669,2.5799999999999996
2011-06-07,18.07,3.01,0.39,0.09,224.806,9.1,86.3627,2.6199999999999997
2011-06-08,18.79,2.98,0.39,0.09,224.806,9.1,86.5714,2.59
2011-06-09,17.77,3.01,0.43,0.09,224.806,9.1,86.5913,2.5799999999999996
2011-06-10,18.86,2.99,0.41,0.09,224.806,9.1,87.042,2.58
2011-06-13,19.61,3.0,0.4,0.09,224.806,9.1,87.0579,2.6
2011-06-14,18.26,3.11,0.45,0.09,224.806,9.1,86.6771,2.6599999999999997
2011-06-15,21.32,2.98,0.38,0.09,224.806,9.1,87.3342,2.6
2011-06-16,22.73,2.93,0.38,0.09,224.806,9.1,87.6917,2.5500000000000003
2011-06-17,21.85,2.94,0.38,0.09,224.806,9.1,87.2179,2.56
2011-06-20,19.99,2.97,0.38,0.09,224.806,9.1,87.1908,2.5900000000000003
2011-06-21,18.86,2.99,0.4,0.09,224.806,9.1,86.857,2.5900000000000003
2011-06-22,18.52,3.01,0.39,0.09,224.806,9.1,86.8067,2.6199999999999997
2011-06-23,19.29,2.93,0.35,0.09,224.806,9.1,87.455,2.58
2011-06-24,21.1,2.88,0.35,0.09,224.806,9.1,87.5014,2.53
2011-06-27,20.56,2.95,0.41,0.09,224.806,9.1,87.5225,2.54
2011-06-28,19.17,3.05,0.48,0.09,224.806,9.1,87.2178,2.57
2011-06-29,17.27,3.14,0.47,0.09,224.806,9.1,86.8014,2.67
2011-06-30,16.52,3.18,0.45,0.09,224.806,9.1,86.4786,2.73
2011-07-01,15.87,3.22,0.5,0.07,225.395,9.0,86.3613,2.72
2011-07-05,16.06,3.16,0.44,0.07,225.395,9.0,86.4253,2.72
2011-07-06,16.34,3.12,0.43,0.07,225.395,9.0,86.6825,2.69
2011-07-07,15.95,3.17,0.49,0.07,225.395,9.0,86.4825,2.6799999999999997
2011-07-08,15.95,3.03,0.4,0.07,225.395,9.0,86.615,2.63
2011-07-11,18.39,2.94,0.37,0.07,225.395,9.0,87.1013,2.57
2011-07-12,19.87,2.92,0.37,0.07,225.395,9.0,87.1701,2.55
2011-07-13,19.91,2.92,0.37,0.07,225.395,9.0,86.5697,2.55
2011-07-14,20.8,2.98,0.38,0.07,225.395,9.0,86.5234,2.6
2011-07-15,19.53,2.94,0.37,0.07,225.395,9.0,86.5169,2.57
2011-07-18,20.95,2.94,0.37,0.07,225.395,9.0,86.9549,2.57
2011-07-19,19.21,2.91,0.39,0.07,225.395,9.0,86.4386,2.52
2011-07-20,19.09,2.96,0.4,0.07,225.395,9.0,86.2794,2.56
2011-07-21,17.56,3.03,0.4,0.07,225.395,9.0,85.8378,2.63
2011-07-22,17.52,2.99,0.4,0.07,225.395,9.0,85.8623,2.5900000000000003
2011-07-25,19.35,3.03,0.42,0.07,225.395,9.0,85.8006,2.61
2011-07-26,20.23,2.99,0.41,0.07,225.395,9.0,85.4692,2.58
2011-07-27,22.98,3.01,0.44,0.07,225.395,9.0,85.7126,2.57
2011-07-28,23.74,2.98,0.42,0.07,225.395,9.0,85.8245,2.56
2011-07-29,25.25,2.82,0.36,0.07,225.395,9.0,85.7282,2.46
2011-08-01,23.66,2.77,0.38,0.1,226.106,9.0,86.0391,2.39
2011-08-02,24.79,2.66,0.33,0.1,226.106,9.0,86.0533,2.33
2011-08-03,23.38,2.64,0.33,0.1,226.106,9.0,86.0706,2.31
2011-08-04,31.66,2.47,0.27,0.1,226.106,9.0,86.9299,2.2
2011-08-05,32.0,2.58,0.28,0.1,226.106,9.0,87.1084,2.3
2011-08-08,48.0,2.4,0.27,0.1,226.106,9.0,87.1873,2.13
2011-08-09,35.06,2.2,0.19,0.1,226.106,9.0,87.3919,2.0100000000000002
2011-08-10,42.99,2.17,0.19,0.1,226.106,9.0,87.3792,1.98
2011-08-11,39.0,2.34,0.19,0.1,226.106,9.0,87.3215,2.15
2011-08-12,36.36,2.24,0.2,0.1,226.106,9.0,87.177,2.04
2011-08-15,31.87,2.29,0.19,0.1,226.106,9.0,86.7515,2.1
2011-08-16,32.85,2.23,0.2,0.1,226.106,9.0,86.7115,2.03
2011-08-17,31.58,2.17,0.19,0.1,226.106,9.0,86.5518,1.98
2011-08-18,42.67,2.08,0.2,0.1,226.106,9.0,87.1271,1.8800000000000001
2011-08-19,43.05,2.07,0.2,0.1,226.106,9.0,86.8286,1.8699999999999999
2011-08-22,42.44,2.1,0.22,0.1,226.106,9.0,87.0753,1.8800000000000001
2011-08-23,36.27,2.15,0.22,0.1,226.106,9.0,86.9001,1.93
2011-08-24,35.9,2.29,0.23,0.1,226.106,9.0,87.1316,2.06
2011-08-25,39.76,2.23,0.22,0.1,226.106,9.0,87.2306,2.01
2011-08-26,35.59,2.19,0.2,0.1,226.106,9.0,87.0751,1.99
2011-08-29,32.28,2.28,0.2,0.1,226.106,9.0,86.8433,2.0799999999999996
2011-08-30,32.89,2.19,0.2,0.1,226.106,9.0,87.001,1.99
2011-08-31,31.62,2.23,0.2,0.1,226.106,9.0,86.7739,2.03
2011-09-01,31.82,2.15,0.19,0.08,226.597,9.0,86.8512,1.96
2011-09-02,33.92,2.02,0.2,0.08,226.597,9.0,87.1797,1.82
2011-09-06,37.0,1.98,0.21,0.08,226.597,9.0,88.1645,1.77
2011-09-07,33.38,2.05,0.21,0.08,226.597,9.0,87.9699,1.8399999999999999
2011-09-08,34.32,2.0,0.19,0.08,226.597,9.0,88.1162,1.81
2011-09-09,38.52,1.93,0.17,0.08,226.597,9.0,88.9514,1.76
2011-09-12,38.59,1.94,0.21,0.08,226.597,9.0,89.2192,1.73
2011-09-13,36.91,2.0,0.21,0.08,226.597,9.0,89.2653,1.79
2011-09-14,34.6,2.03,0.19,0.08,226.597,9.0,89.419,1.8399999999999999
2011-09-15,31.97,2.09,0.21,0.08,226.597,9.0,89.0647,1.88
2011-09-16,30.98,2.08,0.18,0.08,226.597,9.0,89.1108,1.9000000000000001
2011-09-19,32.73,1.97,0.16,0.08,226.597,9.0,89.9336,1.81
2011-09-20,32.86,1.95,0.18,0.08,226.597,9.0,89.8777,1.77
2011-09-21,37.32,1.88,0.21,0.08,226.597,9.0,90.3453,1.67
2011-09-22,41.35,1.72,0.2,0.08,226.597,9.0,92.075,1.52
2011-09-23,41.25,1.84,0.23,0.08,226.597,9.0,91.6904,1.61
2011-09-26,39.02,1.91,0.25,0.08,226.597,9.0,91.7724,1.66
2011-09-27,37.71,2.0,0.25,0.08,226.597,9.0,90.8985,1.75
2011-09-28,41.08,2.03,0.27,0.08,226.597,9.0,91.0227,1.7599999999999998
2011-09-29,38.84,1.99,0.27,0.08,226.597,9.0,91.3033,1.72
2011-09-30,42.96,1.92,0.25,0.08,226.597,9.0,91.9998,1.67
2011-10-03,45.45,1.8,0.24,0.07,226.75,8.8,92.5128,1.56
2011-10-04,40.82,1.81,0.25,0.07,226.75,8.8,92.9508,1.56
2011-10-05,37.81,1.92,0.25,0.07,226.75,8.8,92.3008,1.67
2011-10-06,36.27,2.01,0.29,0.07,226.75,8.8,91.9661,1.7199999999999998
2011-10-07,36.2,2.1,0.3,0.07,226.75,8.8,91.2469,1.8
2011-10-10,33.02,2.1,0.3,0.07,226.75,8.8,91.2469,1.8
2011-10-11,32.86,2.18,0.32,0.07,226.75,8.8,90.9162,1.86
2011-10-12,31.26,2.24,0.29,0.07,226.75,8.8,90.3378,1.9500000000000002
2011-10-13,30.7,2.19,0.29,0.07,226.75,8.8,90.6603,1.9
2011-10-14,28.24,2.26,0.28,0.07,226.75,8.8,90.2116,1.9799999999999998
2011-10-17,33.39,2.18,0.28,0.07,226.75,8.8,90.266,1.9000000000000001
2011-10-18,31.56,2.19,0.28,0.07,226.75,8.8,90.5907,1.91
2011-10-19,34.44,2.18,0.28,0.07,226.75,8.8,90.3317,1.9000000000000001
2011-10-20,34.78,2.2,0.28,0.07,226.75,8.8,91.1026,1.9200000000000002
2011-10-21,31.32,2.23,0.3,0.07,226.75,8.8,90.279,1.93
2011-10-24,29.26,2.25,0.3,0.07,226.75,8.8,89.8558,1.95
2011-10-25,32.22,2.14,0.26,0.07,226.75,8.8,89.9525,1.8800000000000001
2011-10-26,29.86,2.23,0.28,0.07,226.75,8.8,90.0836,1.95
2011-10-27,25.46,2.42,0.31,0.07,226.75,8.8,88.7882,2.11
2011-10-28,24.53,2.34,0.28,0.07,226.75,8.8,88.6382,2.0599999999999996
2011-10-31,29.96,2.17,0.25,0.07,226.75,8.8,89.2053,1.92
2011-11-01,34.77,2.01,0.23,0.08,227.169,8.6,90.7296,1.7799999999999998
2011-11-02,32.74,2.03,0.23,0.08,227.169,8.6,90.244,1.7999999999999998
2011-11-03,30.5,2.09,0.24,0.08,227.169,8.6,90.2961,1.8499999999999999
2011-11-04,30.16,2.06,0.22,0.08,227.169,8.6,90.3154,1.84
2011-11-07,29.85,2.04,0.25,0.08,227.169,8.6,90.3832,1.79
2011-11-08,27.48,2.1,0.25,0.08,227.169,8.6,90.172,1.85
2011-11-09,36.16,2.0,0.24,0.08,227.169,8.6,90.6991,1.76
2011-11-10,32.81,2.04,0.24,0.08,227.169,8.6,90.8588,1.8
2011-11-11,30.04,2.04,0.24,0.08,227.169,8.6,90.8588,1.8
2011-11-14,31.13,2.04,0.24,0.08,227.169,8.6,90.7215,1.8
2011-11-15,31.22,2.06,0.26,0.08,227.169,8.6,91.1081,1.8
2011-11-16,33.51,2.01,0.26,0.08,227.169,8.6,91.1237,1.7499999999999998
2011-11-17,34.51,1.96,0.27,0.08,227.169,8.6,91.1822,1.69
2011-11-18,32.0,2.01,0.29,0.08,227.169,8.6,91.3676,1.7199999999999998
2011-11-21,32.91,1.97,0.27,0.08,227.169,8.6,91.9978,1.7
2011-11-22,31.97,1.94,0.26,0.08,227.169,8.6,92.0193,1.68
2011-11-23,33.98,1.89,0.26,0.08,227.169,8.6,92.7463,1.63
2011-11-25,34.47,1.97,0.28,0.08,227.169,8.6,93.1455,1.69
2011-11-28,32.13,1.97,0.26,0.08,227.169,8.6,92.4983,1.71
2011-11-29,30.64,2.0,0.27,0.08,227.169,8.6,92.2163,1.73
2011-11-30,27.8,2.08,0.25,0.08,227.169,8.6,91.4728,1.83
2011-12-01,27.41,2.11,0.27,0.07,227.223,8.5,91.227,1.8399999999999999
2011-12-02,27.52,2.05,0.25,0.07,227.223,8.5,91.3532,1.7999999999999998
2011-12-05,27.84,2.04,0.27,0.07,227.223,8.5,91.1087,1.77
2011-12-06,28.13,2.08,0.25,0.07,227.223,8.5,91.2817,1.83
2011-12-07,28.67,2.02,0.24,0.07,227.223,8.5,91.2331,1.78
2011-12-08,30.59,1.99,0.22,0.07,227.223,8.5,91.668,1.77
2011-12-09,26.38,2.07,0.22,0.07,227.223,8.5,91.6122,1.8499999999999999
2011-12-12,25.67,2.03,0.24,0.07,227.223,8.5,92.3375,1.7899999999999998
2011-12-13,25.41,1.96,0.24,0.07,227.223,8.5,92.5456,1.72
2011-12-14,26.04,1.92,0.25,0.07,227.223,8.5,93.2176,1.67
2011-12-15,25.11,1.92,0.26,0.07,227.223,8.5,92.8858,1.66
2011-12-16,24.29,1.86,0.24,0.07,227.223,8.5,92.8252,1.62
2011-12-19,24.92,1.82,0.24,0.07,227.223,8.5,92.8685,1.58
2011-12-20,23.22,1.94,0.26,0.07,227.223,8.5,92.432,1.68
2011-12-21,21.43,1.98,0.28,0.07,227.223,8.5,92.5262,1.7
2011-12-22,21.16,1.97,0.28,0.07,227.223,8.5,92.3883,1.69
2011-12-23,20.73,2.03,0.28,0.07,227.223,8.5,92.3897,1.7499999999999998
2011-12-27,21.91,2.02,0.3,0.07,227.223,8.5,92.4137,1.72
2011-12-28,23.52,1.93,0.28,0.07,227.223,8.5,92.8374,1.65
2011-12-29,22.65,1.91,0.28,0.07,227.223,8.5,92.7398,1.63
2011-12-30,23.4,1.89,0.25,0.07,227.223,8.5,92.4262,1.64
2012-01-03,22.97,1.97,0.27,0.08,227.842,8.3,91.7551,1.7
2012-01-04,22.22,2.0,0.25,0.08,227.842,8.3,92.0345,1.75
2012-01-05,21.48,2.02,0.27,0.08,227.842,8.3,92.5773,1.75
2012-01-06,20.63,1.98,0.25,0.08,227.842,8.3,92.7183,1.73
2012-01-09,21.07,1.98,0.26,0.08,227.842,8.3,92.7418,1.72
2012-01-10,20.69,2.0,0.24,0.08,227.842,8.3,92.2461,1.76
2012-01-11,21.05,1.93,0.24,0.08,227.842,8.3,92.554,1.69
2012-01-12,20.47,1.94,0.22,0.08,227.842,8.3,92.2274,1.72
2012-01-13,20.91,1.89,0.24,0.08,227.842,8.3,92.5385,1.65
2012-01-17,22.2,1.87,0.21,0.08,227.842,8.3,92.0142,1.6600000000000001
2012-01-18,20.89,1.92,0.24,0.08,227.842,8.3,91.6943,1.68
2012-01-19,19.87,2.01,0.26,0.08,227.842,8.3,91.3316,1.7499999999999998
2012-01-20,18.28,2.05,0.26,0.08,227.842,8.3,91.3661,1.7899999999999998
2012-01-23,18.67,2.09,0.26,0.08,227.842,8.3,90.986,1.8299999999999998
2012-01-24,18.91,2.08,0.24,0.08,227.842,8.3,91.181,1.84
2012-01-25,18.31,2.01,0.22,0.08,227.842,8.3,91.277,1.7899999999999998
2012-01-26,18.57,1.96,0.22,0.08,227.842,8.3,90.3962,1.74
2012-01-27,18.53,1.93,0.22,0.08,227.842,8.3,90.2559,1.71
2012-01-30,19.4,1.87,0.22,0.08,227.842,8.3,90.4762,1.6500000000000001
2012-01-31,19.44,1.83,0.22,0.08,227.842,8.3,90.5538,1.61
2012-02-01,18.55,1.87,0.23,0.1,228.329,8.3,90.0963,1.6400000000000001
2012-02-02,17.98,1.86,0.23,0.1,228.329,8.3,89.8765,1.6300000000000001
2012-02-03,17.1,1.97,0.23,0.1,228.329,8.3,89.8491,1.74
2012-02-06,17.76,1.93,0.24,0.1,228.329,8.3,89.7907,1.69
2012-02-07,17.65,2.0,0.25,0.1,228.329,8.3,89.5968,1.75
2012-02-08,18.16,2.01,0.27,0.1,228.329,8.3,89.6555,1.7399999999999998
2012-02-09,18.63,2.04,0.27,0.1,228.329,8.3,89.6246,1.77
2012-02-10,20.79,1.96,0.27,0.1,228.329,8.3,90.1024,1.69
2012-02-13,19.04,1.99,0.29,0.1,228.329,8.3,89.8895,1.7
2012-02-14,19.54,1.92,0.29,0.1,228.329,8.3,90.1919,1.63
2012-02-15,21.14,1.93,0.29,0.1,228.329,8.3,90.1932,1.64
2012-02-16,19.22,1.99,0.29,0.1,228.329,8.3,90.3109,1.7
2012-02-17,17.78,2.01,0.29,0.1,228.329,8.3,90.23,1.7199999999999998
2012-02-21,18.19,2.05,0.31,0.1,228.329,8.3,90.0117,1.7399999999999998
2012-02-22,18.19,2.01,0.29,0.1,228.329,8.3,90.2472,1.7199999999999998
2012-02-23,16.8,1.99,0.31,0.1,228.329,8.3,90.1108,1.68
2012-02-24,17.31,1.98,0.31,0.1,228.329,8.3,89.9104,1.67
2012-02-27,18.19,1.92,0.3,0.1,228.329,8.3,89.9635,1.6199999999999999
2012-02-28,17.96,1.94,0.3,0.1,228.329,8.3,89.8103,1.64
2012-02-29,18.43,1.98,0.3,0.1,228.329,8.3,89.7487,1.68
2012-03-01,17.26,2.03,0.3,0.13,228.807,8.2,89.7817,1.7299999999999998
2012-03-02,17.29,1.99,0.28,0.13,228.807,8.2,90.135,1.71
2012-03-05,18.05,2.0,0.31,0.13,228.807,8.2,90.2748,1.69
2012-03-06,20.87,1.96,0.3,0.13,228.807,8.2,90.8237,1.66
2012-03-07,19.07,1.98,0.3,0.13,228.807,8.2,90.6837,1.68
2012-03-08,17.95,2.03,0.32,0.13,228.807,8.2,90.2598,1.7099999999999997
2012-03-09,17.11,2.04,0.33,0.13,228.807,8.2,90.4341,1.71
2012-03-12,15.64,2.04,0.33,0.13,228.807,8.2,90.6643,1.71
2012-03-13,14.8,2.14,0.35,0.13,228.807,8.2,90.5363,1.79
2012-03-14,15.31,2.29,0.4,0.13,228.807,8.2,90.9325,1.8900000000000001
2012-03-15,15.42,2.29,0.37,0.13,228.807,8.2,90.7866,1.92
2012-03-16,14.47,2.31,0.37,0.13,228.807,8.2,90.5245,1.94
2012-03-19,15.04,2.39,0.39,0.13,228.807,8.2,90.292,2.0
2012-03-20,15.58,2.38,0.41,0.13,228.807,8.2,90.6065,1.97
2012-03-21,15.13,2.31,0.39,0.13,228.807,8.2,90.6761,1.92
2012-03-22,15.57,2.29,0.37,0.13,228.807,8.2,90.8225,1.92
2012-03-23,14.82,2.25,0.37,0.13,228.807,8.2,90.6156,1.88
2012-03-26,14.26,2.26,0.36,0.13,228.807,8.2,90.3266,1.9
2012-03-27,15.59,2.2,0.33,0.13,228.807,8.2,90.2796,1.87
2012-03-28,15.47,2.21,0.34,0.13,228.807,8.2,90.603,1.8699999999999999
2012-03-29,15.48,2.18,0.33,0.13,228.807,8.2,90.7285,1.85
2012-03-30,15.5,2.23,0.33,0.13,228.807,8.2,90.4593,1.9
2012-04-02,15.64,2.22,0.33,0.14,229.187,8.2,90.247,1.8900000000000001
2012-04-03,15.66,2.3,0.36,0.14,229.187,8.2,90.1921,1.94
2012-04-04,16.44,2.25,0.35,0.14,229.187,8.2,90.8284,1.9
2012-04-05,16.7,2.19,0.35,0.14,229.187,8.2,90.8781,1.8399999999999999
2012-04-09,18.81,2.06,0.32,0.14,229.187,8.2,90.9624,1.74
2012-04-10,20.39,2.01,0.28,0.14,229.187,8.2,91.2728,1.7299999999999998
2012-04-11,20.02,2.05,0.3,0.14,229.187,8.2,91.1768,1.7499999999999998
2012-04-12,17.2,2.08,0.29,0.14,229.187,8.2,90.7694,1.79
2012-04-13,19.55,2.02,0.27,0.14,229.187,8.2,91.0558,1.75
2012-04-16,19.55,2.0,0.27,0.14,229.187,8.2,91.2355,1.73
2012-04-17,18.46,2.03,0.27,0.14,229.187,8.2,90.7661,1.7599999999999998
2012-04-18,18.64,2.0,0.27,0.14,229.187,8.2,90.9326,1.73
2012-04-19,18.36,1.98,0.27,0.14,229.187,8.2,91.0833,1.71
2012-04-20,17.44,1.99,0.29,0.14,229.187,8.2,90.8066,1.7
2012-04-23,18.97,1.96,0.27,0.14,229.187,8.2,91.079,1.69
2012-04-24,18.1,2.0,0.27,0.14,229.187,8.2,90.8153,1.73
2012-04-25,16.82,2.01,0.26,0.14,229.187,8.2,90.756,1.7499999999999998
2012-04-26,16.24,1.98,0.26,0.14,229.187,8.2,90.6428,1.72
2012-04-27,16.32,1.96,0.26,0.14,229.187,8.2,90.3269,1.7
2012-04-30,17.15,1.95,0.27,0.14,229.187,8.2,90.3634,1.68
2012-05-01,16.6,1.98,0.27,0.16,228.713,8.2,90.3227,1.71
2012-05-02,16.88,1.96,0.27,0.16,228.713,8.2,90.6144,1.69
2012-05-03,17.56,1.96,0.28,0.16,228.713,8.2,90.6839,1.68
2012-05-04,19.16,1.91,0.27,0.16,228.713,8.2,91.0497,1.64
2012-05-07,18.94,1.92,0.27,0.16,228.713,8.2,91.0747,1.65
2012-05-08,19.05,1.88,0.27,0.16,228.713,8.2,91.4107,1.6099999999999999
2012-05-09,20.08,1.87,0.27,0.16,228.713,8.2,91.7632,1.6
2012-05-10,18.83,1.89,0.27,0.16,228.713,8.2,91.7077,1.6199999999999999
2012-05-11,19.89,1.84,0.27,0.16,228.713,8.2,91.7306,1.57
2012-05-14,21.87,1.78,0.29,0.16,228.713,8.2,92.2491,1.49
2012-05-15,21.97,1.76,0.29,0.16,228.713,8.2,92.5235,1.47
2012-05-16,22.27,1.76,0.3,0.16,228.713,8.2,92.903,1.46
2012-05-17,24.49,1.7,0.32,0.16,228.713,8.2,92.9632,1.38
2012-05-18,25.1,1.71,0.32,0.16,228.713,8.2,93.1395,1.39
2012-05-21,22.01,1.75,0.3,0.16,228.713,8.2,93.0945,1.45
2012-05-22,22.48,1.79,0.3,0.16,228.713,8.2,93.1113,1.49
2012-05-23,22.33,1.73,0.28,0.16,228.713,8.2,93.8855,1.45
2012-05-24,21.54,1.77,0.29,0.16,228.713,8.2,93.8027,1.48
2012-05-25,21.76,1.75,0.3,0.16,228.713,8.2,93.9488,1.45
2012-05-29,21.03,1.74,0.3,0.16,228.713,8.2,93.875,1.44
2012-05-30,24.14,1.63,0.27,0.16,228.713,8.2,94.302,1.3599999999999999
2012-05-31,24.06,1.59,0.27,0.16,228.713,8.2,94.6856,1.32
2012-06-01,26.66,1.47,0.25,0.16,228.524,8.2,94.6979,1.22
2012-06-04,26.12,1.53,0.25,0.16,228.524,8.2,94.5184,1.28
2012-06-05,24.68,1.57,0.25,0.16,228.524,8.2,94.6184,1.32
2012-06-06,22.16,1.66,0.26,0.16,228.524,8.2,94.0362,1.4
2012-06-07,21.72,1.66,0.27,0.16,228.524,8.2,93.774,1.39
2012-06-08,21.23,1.65,0.28,0.16,228.524,8.2,94.2024,1.3699999999999999
2012-06-11,23.56,1.6,0.27,0.16,228.524,8.2,94.0369,1.33
2012-06-12,22.09,1.67,0.3,0.16,228.524,8.2,94.0693,1.3699999999999999
2012-06-13,24.27,1.61,0.3,0.16,228.524,8.2,93.8309,1.31
2012-06-14,21.68,1.64,0.3,0.16,228.524,8.2,93.8152,1.3399999999999999
2012-06-15,21.11,1.6,0.29,0.16,228.524,8.2,93.5203,1.31
2012-06-18,18.32,1.59,0.29,0.16,228.524,8.2,93.6431,1.3
2012-06-19,18.38,1.64,0.3,0.16,228.524,8.2,93.0524,1.3399999999999999
2012-06-20,17.24,1.65,0.32,0.16,228.524,8.2,93.1602,1.3299999999999998
2012-06-21,20.08,1.63,0.32,0.16,228.524,8.2,93.6378,1.3099999999999998
2012-06-22,18.11,1.69,0.31,0.16,228.524,8.2,93.9205,1.38
2012-06-25,20.38,1.63,0.31,0.16,228.524,8.2,94.1757,1.3199999999999998
2012-06-26,19.72,1.66,0.31,0.16,228.524,8.2,93.9859,1.3499999999999999
2012-06-27,19.45,1.65,0.31,0.16,228.524,8.2,93.8728,1.3399999999999999
2012-06-28,19.71,1.6,0.31,0.16,228.524,8.2,94.0203,1.29
2012-06-29,17.08,1.67,0.33,0.16,228.524,8.2,92.9096,1.3399999999999999
2012-07-02,16.8,1.61,0.3,0.16,228.59,8.2,92.951,1.31
2012-07-03,16.66,1.65,0.3,0.16,228.59,8.2,92.6508,1.3499999999999999
2012-07-05,17.5,1.62,0.28,0.16,228.59,8.2,93.2211,1.34
2012-07-06,17.1,1.57,0.27,0.16,228.59,8.2,93.7087,1.3
2012-07-09,17.98,1.53,0.27,0.16,228.59,8.2,93.6974,1.26
2012-07-10,18.72,1.53,0.27,0.16,228.59,8.2,93.5552,1.26
2012-07-11,17.95,1.54,0.27,0.16,228.59,8.2,93.5981,1.27
2012-07-12,18.33,1.5,0.25,0.16,228.59,8.2,93.9298,1.25
2012-07-13,16.74,1.52,0.25,0.16,228.59,8.2,93.5515,1.27
2012-07-16,17.11,1.5,0.24,0.16,228.59,8.2,93.3746,1.26
2012-07-17,16.48,1.53,0.25,0.16,228.59,8.2,93.3479,1.28
2012-07-18,16.16,1.52,0.22,0.16,228.59,8.2,93.0973,1.3
2012-07-19,15.45,1.54,0.22,0.16,228.59,8.2,93.0438,1.32
2012-07-20,16.27,1.49,0.22,0.16,228.59,8.2,93.3653,1.27
2012-07-23,18.62,1.47,0.22,0.16,228.59,8.2,93.9297,1.25
2012-07-24,20.47,1.44,0.22,0.16,228.59,8.2,94.2635,1.22
2012-07-25,19.34,1.43,0.22,0.16,228.59,8.2,94.0564,1.21
2012-07-26,17.53,1.45,0.23,0.16,228.59,8.2,93.3595,1.22
2012-07-27,16.7,1.58,0.25,0.16,228.59,8.2,92.9333,1.33
2012-07-30,18.03,1.53,0.23,0.16,228.59,8.2,93.0524,1.3
2012-07-31,18.93,1.51,0.23,0.16,228.59,8.2,92.8422,1.28
2012-08-01,18.96,1.56,0.24,0.13,229.918,8.1,92.8905,1.32
2012-08-02,17.57,1.51,0.24,0.13,229.918,8.1,93.4269,1.27
2012-08-03,15.64,1.6,0.24,0.13,229.918,8.1,92.6048,1.36
2012-08-06,15.95,1.59,0.24,0.13,229.918,8.1,92.4339,1.35
2012-08-07,15.99,1.66,0.27,0.13,229.918,8.1,92.5128,1.39
2012-08-08,15.32,1.68,0.29,0.13,229.918,8.1,92.5407,1.39
2012-08-09,15.28,1.69,0.29,0.13,229.918,8.1,92.6057,1.4
2012-08-10,14.74,1.65,0.27,0.13,229.918,8.1,92.5129,1.38
2012-08-13,13.7,1.65,0.27,0.13,229.918,8.1,92.5955,1.38
2012-08-14,14.85,1.73,0.27,0.13,229.918,8.1,92.6152,1.46
2012-08-15,14.63,1.8,0.27,0.13,229.918,8.1,92.6838,1.53
2012-08-16,14.29,1.83,0.29,0.13,229.918,8.1,92.5737,1.54
2012-08-17,13.45,1.81,0.29,0.13,229.918,8.1,92.711,1.52
2012-08-20,14.02,1.82,0.29,0.13,229.918,8.1,92.6263,1.53
2012-08-21,15.02,1.8,0.31,0.13,229.918,8.1,92.3053,1.49
2012-08-22,15.11,1.71,0.26,0.13,229.918,8.1,92.4362,1.45
2012-08-23,15.96,1.68,0.26,0.13,229.918,8.1,92.1057,1.42
2012-08-24,15.18,1.68,0.28,0.13,229.918,8.1,92.2785,1.4
2012-08-27,16.35,1.65,0.28,0.13,229.918,8.1,92.3135,1.3699999999999999
2012-08-28,16.49,1.64,0.27,0.13,229.918,8.1,92.2033,1.3699999999999999
2012-08-29,17.06,1.66,0.27,0.13,229.918,8.1,92.3823,1.39
2012-08-30,17.83,1.63,0.27,0.13,229.918,8.1,92.6239,1.3599999999999999
2012-08-31,17.47,1.57,0.22,0.13,229.918,8.1,92.1677,1.35
2012-09-04,17.98,1.59,0.23,0.14,231.015,7.8,92.1582,1.36
2012-09-05,17.74,1.6,0.25,0.14,231.015,7.8,92.1262,1.35
2012-09-06,15.6,1.68,0.27,0.14,231.015,7.8,91.8973,1.41
2012-09-07,14.38,1.67,0.25,0.14,231.015,7.8,91.3469,1.42
2012-09-10,16.28,1.68,0.25,0.14,231.015,7.8,91.3102,1.43
2012-09-11,16.41,1.7,0.25,0.14,231.015,7.8,91.0575,1.45
2012-09-12,15.8,1.77,0.25,0.14,231.015,7.8,91.0477,1.52
2012-09-13,14.05,1.75,0.24,0.14,231.015,7.8,90.9632,1.51
2012-09-14,14.51,1.88,0.27,0.14,231.015,7.8,90.1436,1.6099999999999999
2012-09-17,14.59,1.85,0.25,0.14,231.015,7.8,90.2837,1.6
2012-09-18,14.18,1.82,0.25,0.14,231.015,7.8,90.5029,1.57
2012-09-19,13.88,1.79,0.27,0.14,231.015,7.8,90.4646,1.52
2012-09-20,14.07,1.8,0.27,0.14,231.015,7.8,90.7631,1.53
2012-09-21,13.98,1.77,0.27,0.14,231.015,7.8,90.5342,1.5
2012-09-24,14.15,1.74,0.27,0.14,231.015,7.8,90.8263,1.47
2012-09-25,15.43,1.7,0.27,0.14,231.015,7.8,90.6074,1.43
2012-09-26,16.81,1.64,0.26,0.14,231.015,7.8,91.0028,1.38
2012-09-27,14.84,1.66,0.25,0.14,231.015,7.8,90.7538,1.41
2012-09-28,15.73,1.65,0.23,0.14,231.015,7.8,90.8342,1.42
2012-10-01,16.32,1.64,0.25,0.16,231.638,7.8,90.7011,1.39
2012-10-02,15.71,1.64,0.23,0.16,231.638,7.8,90.644,1.41
2012-10-03,15.43,1.64,0.23,0.16,231.638,7.8,90.8726,1.41
2012-10-04,14.55,1.7,0.23,0.16,231.638,7.8,90.4932,1.47
2012-10-05,14.33,1.75,0.27,0.16,231.638,7.8,90.2851,1.48
2012-10-08,15.11,1.75,0.27,0.16,231.638,7.8,90.2851,1.48
2012-10-09,16.37,1.74,0.25,0.16,231.638,7.8,90.8703,1.49
2012-10-10,16.29,1.72,0.27,0.16,231.638,7.8,90.883,1.45
2012-10-11,15.59,1.7,0.28,0.16,231.638,7.8,90.7437,1.42
2012-10-12,16.14,1.69,0.27,0.16,231.638,7.8,90.6833,1.42
2012-10-15,15.27,1.7,0.27,0.16,231.638,7.8,90.6409,1.43
2012-10-16,15.22,1.75,0.27,0.16,231.638,7.8,90.5583,1.48
2012-10-17,15.07,1.83,0.3,0.16,231.638,7.8,90.2309,1.53
2012-10-18,15.03,1.86,0.29,0.16,231.638,7.8,90.3804,1.57
2012-10-19,17.06,1.79,0.3,0.16,231.638,7.8,90.8107,1.49
2012-10-22,16.62,1.83,0.32,0.16,231.638,7.8,90.7911,1.51
2012-10-23,18.83,1.79,0.29,0.16,231.638,7.8,91.0945,1.5
2012-10-24,18.33,1.8,0.29,0.16,231.638,7.8,91.1275,1.51
2012-10-25,18.12,1.86,0.31,0.16,231.638,7.8,91.02,1.55
2012-10-26,17.81,1.78,0.3,0.16,231.638,7.8,91.1411,1.48
2012-10-31,18.6,1.72,0.3,0.16,231.638,7.8,91.1609,1.42
2012-11-01,16.69,1.75,0.3,0.16,231.249,7.7,91.1217,1.45
2012-11-02,17.59,1.75,0.28,0.16,231.249,7.7,91.281,1.47
2012-11-05,18.42,1.72,0.28,0.16,231.249,7.7,91.4778,1.44
2012-11-06,17.58,1.78,0.3,0.16,231.249,7.7,91.2908,1.48
2012-11-07,19.08,1.68,0.27,0.16,231.249,7.7,91.4514,1.41
2012-11-08,18.49,1.62,0.27,0.16,231.249,7.7,91.5375,1.35
2012-11-09,18.61,1.61,0.27,0.16,231.249,7.7,91.6871,1.34
2012-11-12,16.68,1.61,0.27,0.16,231.249,7.7,91.6871,1.34
2012-11-13,16.65,1.59,0.27,0.16,231.249,7.7,91.7356,1.32
2012-11-14,17.92,1.59,0.25,0.16,231.249,7.7,91.7942,1.34
2012-11-15,17.99,1.58,0.24,0.16,231.249,7.7,91.8837,1.34
2012-11-16,16.41,1.58,0.24,0.16,231.249,7.7,92.0095,1.34
2012-11-19,15.24,1.61,0.25,0.16,231.249,7.7,91.5653,1.36
2012-11-20,15.08,1.66,0.27,0.16,231.249,7.7,91.556,1.39
2012-11-21,15.31,1.69,0.27,0.16,231.249,7.7,91.6645,1.42
2012-11-23,15.14,1.7,0.29,0.16,231.249,7.7,91.2616,1.41
2012-11-26,15.5,1.66,0.27,0.16,231.249,7.7,91.2789,1.39
2012-11-27,15.92,1.64,0.27,0.16,231.249,7.7,91.2608,1.3699999999999999
2012-11-28,15.51,1.63,0.27,0.16,231.249,7.7,91.33,1.3599999999999999
2012-11-29,15.06,1.62,0.25,0.16,231.249,7.7,91.2104,1.37
2012-11-30,15.87,1.62,0.25,0.16,231.249,7.7,91.1038,1.37
2012-12-03,16.64,1.63,0.25,0.16,231.221,7.9,91.0084,1.38
2012-12-04,17.12,1.62,0.25,0.16,231.221,7.9,90.9748,1.37
2012-12-05,16.46,1.6,0.25,0.16,231.221,7.9,90.9423,1.35
2012-12-06,16.58,1.59,0.25,0.16,231.221,7.9,91.0629,1.34
2012-12-07,15.9,1.64,0.25,0.16,231.221,7.9,91.0437,1.39
2012-12-10,16.05,1.63,0.24,0.16,231.221,7.9,90.9631,1.39
2012-12-11,15.57,1.66,0.24,0.16,231.221,7.9,90.8403,1.42
2012-12-12,15.95,1.72,0.25,0.16,231.221,7.9,90.7708,1.47
2012-12-13,16.56,1.74,0.27,0.16,231.221,7.9,90.776,1.47
2012-12-14,17.0,1.72,0.24,0.16,231.221,7.9,90.7156,1.48
2012-12-17,16.34,1.78,0.25,0.16,231.221,7.9,90.6193,1.53
2012-12-18,15.57,1.84,0.28,0.16,231.221,7.9,90.5161,1.56
2012-12-19,17.36,1.82,0.28,0.16,231.221,7.9,90.4896,1.54
2012-12-20,17.67,1.81,0.28,0.16,231.221,7.9,90.6002,1.53
2012-12-21,17.84,1.77,0.26,0.16,231.221,7.9,90.9597,1.51
2012-12-24,17.84,1.79,0.26,0.16,231.221,7.9,91.0354,1.53
2012-12-26,19.48,1.77,0.26,0.16,231.221,7.9,91.0606,1.51
2012-12-27,19.47,1.74,0.26,0.16,231.221,7.9,91.1037,1.48
2012-12-28,22.72,1.73,0.27,0.16,231.221,7.9,91.0419,1.46
2012-12-31,18.02,1.78,0.25,0.16,231.221,7.9,91.0834,1.53
2013-01-02,14.68,1.86,0.27,0.14,231.679,8.0,90.6941,1.59
2013-01-03,14.56,1.92,0.27,0.14,231.679,8.0,90.8097,1.65
2013-01-04,13.83,1.93,0.27,0.14,231.679,8.0,91.1025,1.66
2013-01-07,13.79,1.92,0.27,0.14,231.679,8.0,90.9852,1.65
2013-01-08,13.62,1.89,0.25,0.14,231.679,8.0,91.057,1.64
2013-01-09,13.81,1.88,0.24,0.14,231.679,8.0,91.0088,1.64
2013-01-10,13.49,1.91,0.26,0.14,231.679,8.0,90.6425,1.65
2013-01-11,13.36,1.89,0.26,0.14,231.679,8.0,90.5352,1.63
2013-01-14,13.52,1.89,0.26,0.14,231.679,8.0,90.4935,1.63
2013-01-15,13.55,1.86,0.26,0.14,231.679,8.0,90.5191,1.6
2013-01-16,13.42,1.84,0.26,0.14,231.679,8.0,90.596,1.58
2013-01-17,13.57,1.89,0.28,0.14,231.679,8.0,90.5401,1.6099999999999999
2013-01-18,12.46,1.87,0.26,0.14,231.679,8.0,90.8697,1.61
2013-01-22,12.43,1.86,0.26,0.14,231.679,8.0,90.7892,1.6
2013-01-23,12.46,1.86,0.26,0.14,231.679,8.0,90.8376,1.6
2013-01-24,12.69,1.88,0.23,0.14,231.679,8.0,90.9112,1.65
2013-01-25,12.89,1.98,0.28,0.14,231.679,8.0,91.0868,1.7
2013-01-28,13.57,2.0,0.29,0.14,231.679,8.0,91.2354,1.71
2013-01-29,13.31,2.03,0.3,0.14,231.679,8.0,90.9406,1.7299999999999998
2013-01-30,14.32,2.03,0.27,0.14,231.679,8.0,90.8836,1.7599999999999998
2013-01-31,14.28,2.02,0.27,0.14,231.679,8.0,90.798,1.75
2013-02-01,12.9,2.04,0.27,0.15,232.937,7.7,90.6923,1.77
2013-02-04,14.67,2.0,0.25,0.15,232.937,7.7,90.9774,1.75
2013-02-05,13.72,2.04,0.27,0.15,232.937,7.7,90.881,1.77
2013-02-06,13.41,2.0,0.27,0.15,232.937,7.7,91.0176,1.73
2013-02-07,13.5,1.99,0.25,0.15,232.937,7.7,91.2912,1.74
2013-02-08,13.02,1.99,0.25,0.15,232.937,7.7,91.3056,1.74
2013-02-11,12.94,1.99,0.27,0.15,232.937,7.7,91.4451,1.72
2013-02-12,12.64,2.02,0.29,0.15,232.937,7.7,91.2779,1.73
2013-02-13,12.98,2.05,0.29,0.15,232.937,7.7,91.2709,1.7599999999999998
2013-02-14,12.66,2.0,0.27,0.15,232.937,7.7,91.366,1.73
2013-02-15,12.46,2.01,0.29,0.15,232.937,7.7,91.4551,1.7199999999999998
2013-02-19,12.31,2.03,0.29,0.15,232.937,7.7,91.5073,1.7399999999999998
2013-02-20,14.68,2.02,0.27,0.15,232.937,7.7,91.6689,1.75
2013-02-21,15.22,1.99,0.26,0.15,232.937,7.7,92.0394,1.73
2013-02-22,14.17,1.97,0.27,0.15,232.937,7.7,92.1197,1.7
2013-02-25,18.99,1.88,0.25,0.15,232.937,7.7,92.1975,1.63
2013-02-26,16.87,1.88,0.25,0.15,232.937,7.7,92.4247,1.63
2013-02-27,14.73,1.91,0.27,0.15,232.937,7.7,92.234,1.64
2013-02-28,15.51,1.89,0.25,0.15,232.937,7.7,92.295,1.64
2013-03-01,15.36,1.86,0.25,0.14,232.282,7.5,92.6177,1.61
2013-03-04,14.01,1.88,0.24,0.14,232.282,7.5,92.6316,1.64
2013-03-05,13.48,1.9,0.25,0.14,232.282,7.5,92.4965,1.65
2013-03-06,13.53,1.95,0.25,0.14,232.282,7.5,92.4965,1.7
2013-03-07,13.06,2.0,0.25,0.14,232.282,7.5,92.5462,1.75
2013-03-08,12.59,2.06,0.27,0.14,232.282,7.5,92.6252,1.79
2013-03-11,11.56,2.07,0.27,0.14,232.282,7.5,92.5351,1.7999999999999998
2013-03-12,12.27,2.03,0.27,0.14,232.282,7.5,92.3853,1.7599999999999998
2013-03-13,11.83,2.04,0.27,0.14,232.282,7.5,92.4709,1.77
2013-03-14,11.3,2.04,0.27,0.14,232.282,7.5,92.4695,1.77
2013-03-15,11.3,2.01,0.25,0.14,232.282,7.5,92.128,1.7599999999999998
2013-03-18,13.36,1.96,0.26,0.14,232.282,7.5,92.3377,1.7
2013-03-19,14.39,1.92,0.24,0.14,232.282,7.5,92.526,1.68
2013-03-20,12.67,1.96,0.26,0.14,232.282,7.5,92.4141,1.7
2013-03-21,13.99,1.95,0.27,0.14,232.282,7.5,92.3322,1.68
2013-03-22,13.57,1.93,0.26,0.14,232.282,7.5,92.2051,1.67
2013-03-25,13.74,1.93,0.24,0.14,232.282,7.5,92.3081,1.69
2013-03-26,12.77,1.92,0.25,0.14,232.282,7.5,92.232,1.67
2013-03-27,13.15,1.87,0.25,0.14,232.282,7.5,92.446,1.62
2013-03-28,12.7,1.87,0.25,0.14,232.282,7.5,92.2544,1.62
2013-04-01,13.58,1.86,0.23,0.15,231.797,7.6,92.1687,1.6300000000000001
2013-04-02,12.78,1.88,0.25,0.15,231.797,7.6,92.1432,1.63
2013-04-03,14.21,1.83,0.24,0.15,231.797,7.6,92.104,1.59
2013-04-04,13.89,1.78,0.22,0.15,231.797,7.6,92.3896,1.56
2013-04-05,13.92,1.72,0.24,0.15,231.797,7.6,92.1043,1.48
2013-04-08,13.19,1.76,0.24,0.15,231.797,7.6,92.2317,1.52
2013-04-09,12.84,1.78,0.24,0.15,231.797,7.6,91.9669,1.54
2013-04-10,12.36,1.84,0.24,0.15,231.797,7.6,91.9598,1.6
2013-04-11,12.24,1.82,0.24,0.15,231.797,7.6,91.6972,1.58
2013-04-12,12.06,1.75,0.22,0.15,231.797,7.6,91.7967,1.53
2013-04-15,17.27,1.72,0.22,0.15,231.797,7.6,91.9457,1.5
2013-04-16,13.96,1.75,0.24,0.15,231.797,7.6,91.8451,1.51
2013-04-17,16.51,1.73,0.24,0.15,231.797,7.6,92.1372,1.49
2013-04-18,17.56,1.72,0.24,0.15,231.797,7.6,92.176,1.48
2013-04-19,14.97,1.73,0.24,0.15,231.797,7.6,92.2166,1.49
2013-04-22,14.39,1.72,0.24,0.15,231.797,7.6,92.3591,1.48
2013-04-23,13.48,1.74,0.23,0.15,231.797,7.6,92.3836,1.51
2013-04-24,13.61,1.73,0.23,0.15,231.797,7.6,92.4581,1.5
2013-04-25,13.62,1.74,0.23,0.15,231.797,7.6,92.0394,1.51
2013-04-26,13.61,1.7,0.22,0.15,231.797,7.6,91.9012,1.48
2013-04-29,13.71,1.7,0.2,0.15,231.797,7.6,91.6539,1.5
2013-04-30,13.52,1.7,0.22,0.15,231.797,7.6,91.3741,1.48
2013-05-01,14.49,1.66,0.2,0.11,231.893,7.5,91.4331,1.46
2013-05-02,13.59,1.66,0.2,0.11,231.893,7.5,91.6174,1.46
2013-05-03,12.85,1.78,0.22,0.11,231.893,7.5,91.5087,1.56
2013-05-06,12.66,1.8,0.22,0.11,231.893,7.5,91.6387,1.58
2013-05-07,12.83,1.82,0.22,0.11,231.893,7.5,91.5201,1.6
2013-05-08,12.66,1.81,0.22,0.11,231.893,7.5,91.1848,1.59
2013-05-09,13.13,1.81,0.22,0.11,231.893,7.5,91.3036,1.59
2013-05-10,12.59,1.9,0.26,0.11,231.893,7.5,92.2527,1.64
2013-05-13,12.55,1.92,0.24,0.11,231.893,7.5,92.2711,1.68
2013-05-14,12.77,1.96,0.26,0.11,231.893,7.5,92.3697,1.7
2013-05-15,12.81,1.94,0.26,0.11,231.893,7.5,92.7691,1.68
2013-05-16,13.07,1.87,0.23,0.11,231.893,7.5,92.6602,1.6400000000000001
2013-05-17,12.45,1.95,0.26,0.11,231.893,7.5,93.1617,1.69
2013-05-20,13.02,1.97,0.26,0.11,231.893,7.5,93.0359,1.71
2013-05-21,13.37,1.94,0.26,0.11,231.893,7.5,92.9662,1.68
2013-05-22,13.82,2.03,0.26,0.11,231.893,7.5,93.3104,1.7699999999999998
2013-05-23,14.07,2.02,0.26,0.11,231.893,7.5,93.2113,1.76
2013-05-24,13.99,2.01,0.26,0.11,231.893,7.5,93.2768,1.7499999999999998
2013-05-28,14.48,2.15,0.29,0.11,231.893,7.5,93.5853,1.8599999999999999
2013-05-29,14.83,2.13,0.3,0.11,231.893,7.5,93.531,1.8299999999999998
2013-05-30,14.53,2.13,0.31,0.11,231.893,7.5,93.4219,1.8199999999999998
2013-05-31,16.3,2.16,0.3,0.11,231.893,7.5,93.6076,1.86
2013-06-03,16.28,2.13,0.3,0.09,232.445,7.5,93.163,1.8299999999999998
2013-06-04,16.27,2.14,0.32,0.09,232.445,7.5,93.3067,1.82
2013-06-05,17.5,2.1,0.3,0.09,232.445,7.5,93.275,1.8
2013-06-06,16.63,2.08,0.3,0.09,232.445,7.5,92.809,1.78
2013-06-07,15.14,2.17,0.32,0.09,232.445,7.5,92.6056,1.8499999999999999
2013-06-10,15.44,2.22,0.32,0.09,232.445,7.5,92.973,1.9000000000000001
2013-06-11,17.07,2.2,0.34,0.09,232.445,7.5,92.7996,1.86
2013-06-12,18.59,2.25,0.34,0.09,232.445,7.5,92.4775,1.91
2013-06-13,16.41,2.19,0.32,0.09,232.445,7.5,92.3449,1.8699999999999999
2013-06-14,17.15,2.14,0.29,0.09,232.445,7.5,92.1886,1.85
2013-06-17,16.8,2.19,0.27,0.09,232.445,7.5,92.3332,1.92
2013-06-18,16.61,2.2,0.27,0.09,232.445,7.5,92.5432,1.9300000000000002
2013-06-19,16.64,2.33,0.31,0.09,232.445,7.5,92.4755,2.02
2013-06-20,20.49,2.41,0.33,0.09,232.445,7.5,94.125,2.08
2013-06-21,18.9,2.52,0.38,0.09,232.445,7.5,94.4243,2.14
2013-06-24,20.11,2.57,0.42,0.09,232.445,7.5,94.5714,2.15
2013-06-25,18.47,2.6,0.43,0.09,232.445,7.5,94.3285,2.17
2013-06-26,17.21,2.55,0.39,0.09,232.445,7.5,94.3807,2.1599999999999997
2013-06-27,16.86,2.49,0.36,0.09,232.445,7.5,94.2429,2.1300000000000003
2013-06-28,16.86,2.52,0.36,0.09,232.445,7.5,94.3047,2.16
2013-07-01,16.37,2.5,0.34,0.09,232.9,7.3,94.0998,2.16
2013-07-02,16.44,2.48,0.34,0.09,232.9,7.3,94.4051,2.14
2013-07-03,16.2,2.52,0.36,0.09,232.9,7.3,94.4767,2.16
2013-07-05,14.89,2.73,0.4,0.09,232.9,7.3,95.0639,2.33
2013-07-08,14.78,2.65,0.37,0.09,232.9,7.3,94.9954,2.28
2013-07-09,14.35,2.65,0.37,0.09,232.9,7.3,94.9467,2.28
2013-07-10,14.21,2.7,0.38,0.09,232.9,7.3,94.7595,2.3200000000000003
2013-07-11,14.01,2.6,0.34,0.09,232.9,7.3,93.949,2.2600000000000002
2013-07-12,13.84,2.61,0.37,0.09,232.9,7.3,94.0029,2.2399999999999998
2013-07-15,13.79,2.57,0.34,0.09,232.9,7.3,93.9729,2.23
2013-07-16,14.42,2.55,0.34,0.09,232.9,7.3,93.5232,2.21
2013-07-17,13.78,2.52,0.32,0.09,232.9,7.3,93.5498,2.2
2013-07-18,13.77,2.56,0.32,0.09,232.9,7.3,93.681,2.24
2013-07-19,12.54,2.5,0.32,0.09,232.9,7.3,93.4759,2.18
2013-07-22,12.29,2.5,0.32,0.09,232.9,7.3,93.2253,2.18
2013-07-23,12.66,2.53,0.33,0.09,232.9,7.3,93.1631,2.1999999999999997
2013-07-24,13.18,2.61,0.34,0.09,232.9,7.3,93.3124,2.27
2013-07-25,12.97,2.61,0.32,0.09,232.9,7.3,93.2862,2.29
2013-07-26,12.72,2.58,0.31,0.09,232.9,7.3,93.1695,2.27
2013-07-29,13.39,2.61,0.33,0.09,232.9,7.3,93.1663,2.28
2013-07-30,13.39,2.63,0.33,0.09,232.9,7.3,93.3976,2.3
2013-07-31,13.45,2.6,0.31,0.09,232.9,7.3,93.5703,2.29
2013-08-01,12.94,2.74,0.35,0.08,233.456,7.2,93.7972,2.39
2013-08-02,11.98,2.63,0.3,0.08,233.456,7.2,93.5789,2.33
2013-08-05,11.84,2.67,0.32,0.08,233.456,7.2,93.507,2.35
2013-08-06,12.72,2.67,0.32,0.08,233.456,7.2,93.3199,2.35
2013-08-07,12.98,2.61,0.32,0.08,233.456,7.2,93.2652,2.29
2013-08-08,12.73,2.58,0.3,0.08,233.456,7.2,92.8483,2.2800000000000002
2013-08-09,13.41,2.57,0.32,0.08,233.456,7.2,92.8394,2.25
2013-08-12,12.81,2.61,0.32,0.08,233.456,7.2,92.9178,2.29
2013-08-13,12.31,2.71,0.34,0.08,233.456,7.2,93.476,2.37
2013-08-14,13.04,2.71,0.34,0.08,233.456,7.2,93.382,2.37
2013-08-15,14.73,2.77,0.36,0.08,233.456,7.2,93.5059,2.41
2013-08-16,14.37,2.84,0.36,0.08,233.456,7.2,93.4255,2.48
2013-08-19,15.1,2.88,0.36,0.08,233.456,7.2,93.6623,2.52
2013-08-20,14.91,2.82,0.36,0.08,233.456,7.2,93.5536,2.46
2013-08-21,15.94,2.87,0.38,0.08,233.456,7.2,94.0362,2.49
2013-08-22,14.76,2.9,0.42,0.08,233.456,7.2,94.2804,2.48
2013-08-23,13.98,2.82,0.4,0.08,233.456,7.2,93.9466,2.42
2013-08-26,14.99,2.79,0.41,0.08,233.456,7.2,94.1853,2.38
2013-08-27,16.77,2.72,0.38,0.08,233.456,7.2,94.3934,2.3400000000000003
2013-08-28,16.49,2.78,0.4,0.08,233.456,7.2,94.4127,2.38
2013-08-29,16.81,2.75,0.39,0.08,233.456,7.2,94.6398,2.36
2013-08-30,17.01,2.78,0.39,0.08,233.456,7.2,94.7541,2.3899999999999997
2013-09-03,16.61,2.86,0.43,0.08,233.544,7.2,94.9574,2.4299999999999997
2013-09-04,15.88,2.9,0.46,0.08,233.544,7.2,94.5739,2.44
2013-09-05,15.77,2.98,0.52,0.08,233.544,7.2,94.8891,2.46
2013-09-06,15.85,2.94,0.46,0.08,233.544,7.2,94.2487,2.48
2013-09-09,15.63,2.9,0.45,0.08,233.544,7.2,94.0009,2.4499999999999997
2013-09-10,14.53,2.96,0.5,0.08,233.544,7.2,93.938,2.46
2013-09-11,13.82,2.93,0.47,0.08,233.544,7.2,93.7112,2.46
2013-09-12,14.29,2.92,0.45,0.08,233.544,7.2,93.5903,2.4699999999999998
2013-09-13,14.16,2.9,0.45,0.08,233.544,7.2,93.6666,2.4499999999999997
2013-09-16,14.38,2.88,0.41,0.08,233.544,7.2,93.2875,2.4699999999999998
2013-09-17,14.53,2.86,0.39,0.08,233.544,7.2,93.2231,2.4699999999999998
2013-09-18,13.59,2.69,0.34,0.08,233.544,7.2,93.2569,2.35
2013-09-19,13.16,2.76,0.34,0.08,233.544,7.2,92.4082,2.42
2013-09-20,13.12,2.75,0.34,0.08,233.544,7.2,92.6049,2.41
2013-09-23,14.31,2.72,0.35,0.08,233.544,7.2,92.613,2.37
2013-09-24,14.08,2.67,0.35,0.08,233.544,7.2,92.7691,2.32
2013-09-25,14.01,2.63,0.36,0.08,233.544,7.2,92.7675,2.27
2013-09-26,14.06,2.66,0.34,0.08,233.544,7.2,93.0096,2.3200000000000003
2013-09-27,15.46,2.64,0.34,0.08,233.544,7.2,92.9747,2.3000000000000003
2013-09-30,16.6,2.64,0.33,0.08,233.544,7.2,92.9207,2.31
2013-10-01,15.54,2.66,0.33,0.09,233.669,7.2,92.9515,2.33
2013-10-02,16.6,2.63,0.31,0.09,233.669,7.2,92.772,2.32
2013-10-03,17.67,2.62,0.33,0.09,233.669,7.2,92.7461,2.29
2013-10-04,16.74,2.66,0.33,0.09,233.669,7.2,92.6469,2.33
2013-10-07,19.41,2.65,0.37,0.09,233.669,7.2,92.6725,2.28
2013-10-08,20.34,2.66,0.4,0.09,233.669,7.2,92.7558,2.2600000000000002
2013-10-09,19.6,2.68,0.37,0.09,233.669,7.2,93.0829,2.31
2013-10-10,16.48,2.71,0.35,0.09,233.669,7.2,92.8579,2.36
2013-10-11,15.72,2.7,0.35,0.09,233.669,7.2,92.854,2.35
2013-10-14,16.07,2.7,0.35,0.09,233.669,7.2,92.854,2.35
2013-10-15,18.66,2.75,0.37,0.09,233.669,7.2,92.7642,2.38
2013-10-16,14.71,2.69,0.34,0.09,233.669,7.2,92.6819,2.35
2013-10-17,13.48,2.61,0.33,0.09,233.669,7.2,92.0246,2.28
2013-10-18,13.04,2.6,0.33,0.09,233.669,7.2,91.9989,2.27
2013-10-21,13.16,2.63,0.33,0.09,233.669,7.2,92.2498,2.3
2013-10-22,13.33,2.54,0.31,0.09,233.669,7.2,91.9563,2.23
2013-10-23,13.42,2.51,0.31,0.09,233.669,7.2,92.0947,2.1999999999999997
2013-10-24,13.2,2.53,0.33,0.09,233.669,7.2,92.1867,2.1999999999999997
2013-10-25,13.09,2.53,0.32,0.09,233.669,7.2,92.1623,2.21
2013-10-28,13.31,2.54,0.32,0.09,233.669,7.2,92.1872,2.22
2013-10-29,13.41,2.53,0.31,0.09,233.669,7.2,92.301,2.2199999999999998
2013-10-30,13.65,2.55,0.33,0.09,233.669,7.2,92.3057,2.2199999999999998
2013-10-31,13.75,2.57,0.31,0.09,233.669,7.2,92.731,2.26
2013-11-01,13.28,2.65,0.33,0.08,234.1,6.9,93.155,2.32
2013-11-04,12.93,2.63,0.32,0.08,234.1,6.9,92.9359,2.31
2013-11-05,13.27,2.69,0.32,0.08,234.1,6.9,93.2112,2.37
2013-11-06,12.67,2.67,0.3,0.08,234.1,6.9,93.0943,2.37
2013-11-07,13.91,2.63,0.29,0.08,234.1,6.9,93.4003,2.34
2013-11-08,12.9,2.77,0.32,0.08,234.1,6.9,93.6619,2.45
2013-11-11,12.53,2.77,0.32,0.08,234.1,6.9,93.6619,2.45
2013-11-12,12.82,2.8,0.34,0.08,234.1,6.9,93.7651,2.46
2013-11-13,12.52,2.75,0.32,0.08,234.1,6.9,93.4848,2.43
2013-11-14,12.37,2.69,0.29,0.08,234.1,6.9,93.4328,2.4
2013-11-15,12.19,2.71,0.31,0.08,234.1,6.9,93.2854,2.4
2013-11-18,13.1,2.67,0.31,0.08,234.1,6.9,92.9824,2.36
2013-11-19,13.39,2.71,0.29,0.08,234.1,6.9,93.0649,2.42
2013-11-20,13.4,2.8,0.28,0.08,234.1,6.9,93.2501,2.5199999999999996
2013-11-21,12.66,2.79,0.29,0.08,234.1,6.9,93.5638,2.5
2013-11-22,12.26,2.75,0.31,0.08,234.1,6.9,93.4198,2.44
2013-11-25,12.79,2.74,0.3,0.08,234.1,6.9,93.5539,2.4400000000000004
2013-11-26,12.81,2.71,0.29,0.08,234.1,6.9,93.5226,2.42
2013-11-27,12.98,2.74,0.28,0.08,234.1,6.9,93.6864,2.46
2013-11-29,13.7,2.75,0.28,0.08,234.1,6.9,93.6291,2.4699999999999998
2013-12-02,14.23,2.81,0.3,0.09,234.719,6.7,93.8856,2.5100000000000002
2013-12-03,14.55,2.79,0.28,0.09,234.719,6.7,93.8251,2.51
2013-12-04,14.7,2.84,0.3,0.09,234.719,6.7,93.8997,2.54
2013-12-05,15.08,2.88,0.3,0.09,234.719,6.7,93.4954,2.58
2013-12-06,13.79,2.88,0.3,0.09,234.719,6.7,93.4045,2.58
2013-12-09,13.49,2.86,0.3,0.09,234.719,6.7,93.1444,2.56
2013-12-10,13.91,2.81,0.3,0.09,234.719,6.7,93.1444,2.5100000000000002
2013-12-11,15.42,2.86,0.31,0.09,234.719,6.7,93.0842,2.55
2013-12-12,15.54,2.89,0.34,0.09,234.719,6.7,93.4292,2.5500000000000003
2013-12-13,15.76,2.88,0.34,0.09,234.719,6.7,93.3568,2.54
2013-12-16,16.03,2.89,0.34,0.09,234.719,6.7,93.2175,2.5500000000000003
2013-12-17,16.21,2.85,0.34,0.09,234.719,6.7,93.302,2.5100000000000002
2013-12-18,13.8,2.89,0.32,0.09,234.719,6.7,93.4207,2.5700000000000003
2013-12-19,14.15,2.94,0.35,0.09,234.719,6.7,93.7368,2.59
2013-12-20,13.79,2.89,0.37,0.09,234.719,6.7,93.7211,2.52
2013-12-23,13.04,2.94,0.38,0.09,234.719,6.7,93.572,2.56
2013-12-24,12.48,2.99,0.38,0.09,234.719,6.7,93.6734,2.6100000000000003
2013-12-26,12.33,3.0,0.42,0.09,234.719,6.7,93.766,2.58
2013-12-27,12.46,3.02,0.4,0.09,234.719,6.7,93.7018,2.62
2013-12-30,13.56,2.99,0.39,0.09,234.719,6.7,93.4866,2.6
2013-12-31,13.72,3.04,0.38,0.09,234.719,6.7,93.5576,2.66
2014-01-02,14.23,3.0,0.39,0.07,235.288,6.6,93.8192,2.61
2014-01-03,13.76,3.01,0.41,0.07,235.288,6.6,93.853,2.5999999999999996
2014-01-06,13.55,2.98,0.4,0.07,235.288,6.6,93.9109,2.58
2014-01-07,12.92,2.96,0.4,0.07,235.288,6.6,94.0398,2.56
2014-01-08,12.87,3.01,0.43,0.07,235.288,6.6,94.2181,2.5799999999999996
2014-01-09,12.89,2.97,0.44,0.07,235.288,6.6,94.3299,2.5300000000000002
2014-01-10,12.14,2.88,0.39,0.07,235.288,6.6,94.0045,2.4899999999999998
2014-01-13,13.28,2.84,0.39,0.07,235.288,6.6,93.899,2.4499999999999997
2014-01-14,12.28,2.88,0.39,0.07,235.288,6.6,94.0303,2.4899999999999998
2014-01-15,12.28,2.9,0.41,0.07,235.288,6.6,94.341,2.4899999999999998
2014-01-16,12.53,2.86,0.41,0.07,235.288,6.6,94.5507,2.4499999999999997
2014-01-17,12.44,2.84,0.4,0.07,235.288,6.6,94.5846,2.44
2014-01-21,12.87,2.85,0.4,0.07,235.288,6.6,94.679,2.45
2014-01-22,12.84,2.87,0.44,0.07,235.288,6.6,94.8479,2.43
2014-01-23,13.77,2.79,0.39,0.07,235.288,6.6,94.8415,2.4
2014-01-24,18.14,2.75,0.37,0.07,235.288,6.6,94.8555,2.38
2014-01-27,17.42,2.78,0.37,0.07,235.288,6.6,94.9059,2.4099999999999997
2014-01-28,15.8,2.77,0.38,0.07,235.288,6.6,94.88,2.39
2014-01-29,17.35,2.69,0.36,0.07,235.288,6.6,94.8621,2.33
2014-01-30,17.29,2.72,0.36,0.07,235.288,6.6,95.1294,2.3600000000000003
2014-01-31,18.41,2.67,0.34,0.07,235.288,6.6,95.1774,2.33
2014-02-03,21.44,2.61,0.3,0.07,235.547,6.7,95.2469,2.31
2014-02-04,19.11,2.64,0.31,0.07,235.547,6.7,95.0438,2.33
2014-02-05,19.95,2.7,0.32,0.07,235.547,6.7,95.0285,2.3800000000000003
2014-02-06,17.23,2.73,0.33,0.07,235.547,6.7,94.7177,2.4
2014-02-07,15.29,2.71,0.3,0.07,235.547,6.7,94.7457,2.41
2014-02-10,15.26,2.7,0.32,0.07,235.547,6.7,94.7189,2.3800000000000003
2014-02-11,14.51,2.75,0.35,0.07,235.547,6.7,94.6377,2.4
2014-02-12,14.3,2.8,0.35,0.07,235.547,6.7,94.6209,2.4499999999999997
2014-02-13,14.14,2.73,0.32,0.07,235.547,6.7,94.6209,2.41
2014-02-14,13.57,2.75,0.32,0.07,235.547,6.7,94.2711,2.43
2014-02-18,13.87,2.71,0.31,0.07,235.547,6.7,94.1934,2.4
2014-02-19,15.5,2.73,0.33,0.07,235.547,6.7,94.38,2.4
2014-02-20,14.79,2.76,0.34,0.07,235.547,6.7,94.6571,2.42
2014-02-21,14.68,2.73,0.33,0.07,235.547,6.7,94.6571,2.4
2014-02-24,14.23,2.75,0.35,0.07,235.547,6.7,94.4042,2.4
2014-02-25,13.67,2.7,0.34,0.07,235.547,6.7,94.4735,2.3600000000000003
2014-02-26,14.35,2.67,0.33,0.07,235.547,6.7,94.7754,2.34
2014-02-27,14.04,2.65,0.33,0.07,235.547,6.7,94.6722,2.32
2014-02-28,14.0,2.66,0.33,0.07,235.547,6.7,94.3879,2.33
2014-03-03,16.0,2.6,0.32,0.08,236.028,6.7,94.3879,2.2800000000000002
2014-03-04,14.1,2.7,0.33,0.08,236.028,6.7,94.6568,2.37
2014-03-05,13.89,2.7,0.33,0.08,236.028,6.7,94.4679,2.37
2014-03-06,14.21,2.74,0.37,0.08,236.028,6.7,93.9858,2.37
2014-03-07,14.11,2.8,0.38,0.08,236.028,6.7,94.2532,2.42
2014-03-10,14.2,2.79,0.37,0.08,236.028,6.7,94.3731,2.42
2014-03-11,14.8,2.77,0.37,0.08,236.028,6.7,94.387,2.4
2014-03-12,14.47,2.73,0.37,0.08,236.028,6.7,94.462,2.36
2014-03-13,16.22,2.66,0.34,0.08,236.028,6.7,94.1872,2.3200000000000003
2014-03-14,17.82,2.65,0.36,0.08,236.028,6.7,94.243,2.29
2014-03-17,15.64,2.7,0.38,0.08,236.028,6.7,94.243,2.3200000000000003
2014-03-18,14.52,2.68,0.36,0.08,236.028,6.7,94.2631,2.3200000000000003
2014-03-19,15.12,2.78,0.47,0.08,236.028,6.7,94.3752,2.3099999999999996
2014-03-20,14.52,2.79,0.45,0.08,236.028,6.7,94.9986,2.34
2014-03-21,15.0,2.75,0.45,0.08,236.028,6.7,94.8547,2.3
2014-03-24,15.09,2.74,0.47,0.08,236.028,6.7,94.759,2.2700000000000005
2014-03-25,14.02,2.75,0.47,0.08,236.028,6.7,94.6379,2.2800000000000002
2014-03-26,14.93,2.71,0.45,0.08,236.028,6.7,94.5281,2.26
2014-03-27,14.62,2.69,0.45,0.08,236.028,6.7,94.3315,2.2399999999999998
2014-03-28,14.41,2.73,0.45,0.08,236.028,6.7,94.3683,2.28
2014-03-31,13.88,2.73,0.44,0.08,236.028,6.7,94.2432,2.29
2014-04-01,13.1,2.77,0.44,0.09,236.468,6.2,94.1244,2.33
2014-04-02,13.09,2.82,0.47,0.09,236.468,6.2,94.3103,2.3499999999999996
2014-04-03,13.37,2.8,0.46,0.09,236.468,6.2,94.512,2.34
2014-04-04,13.96,2.74,0.43,0.09,236.468,6.2,94.2191,2.31
2014-04-07,15.57,2.71,0.41,0.09,236.468,6.2,94.0881,2.3
2014-04-08,14.89,2.69,0.4,0.09,236.468,6.2,93.6579,2.29
2014-04-09,13.82,2.71,0.37,0.09,236.468,6.2,93.6716,2.34
2014-04-10,15.89,2.65,0.37,0.09,236.468,6.2,93.5123,2.28
2014-04-11,17.03,2.63,0.37,0.09,236.468,6.2,93.6395,2.26
2014-04-14,16.11,2.65,0.37,0.09,236.468,6.2,93.8046,2.28
2014-04-15,15.61,2.64,0.39,0.09,236.468,6.2,93.9486,2.25
2014-04-16,14.18,2.65,0.39,0.09,236.468,6.2,93.9461,2.26
2014-04-17,13.36,2.73,0.43,0.09,236.468,6.2,93.8936,2.3
2014-04-21,13.25,2.73,0.42,0.09,236.468,6.2,94.0337,2.31
2014-04-22,13.19,2.73,0.45,0.09,236.468,6.2,94.0802,2.28
2014-04-23,13.27,2.7,0.43,0.09,236.468,6.2,94.149,2.27
2014-04-24,13.32,2.7,0.43,0.09,236.468,6.2,94.1294,2.27
2014-04-25,14.06,2.68,0.43,0.09,236.468,6.2,94.1623,2.25
2014-04-28,13.97,2.7,0.44,0.09,236.468,6.2,94.1374,2.2600000000000002
2014-04-29,13.71,2.71,0.44,0.09,236.468,6.2,94.0295,2.27
2014-04-30,13.41,2.67,0.42,0.09,236.468,6.2,93.8896,2.25
2014-05-01,13.25,2.63,0.41,0.09,236.918,6.3,93.8707,2.2199999999999998
2014-05-02,12.91,2.6,0.42,0.09,236.918,6.3,93.8182,2.18
2014-05-05,13.29,2.63,0.43,0.09,236.918,6.3,93.7334,2.1999999999999997
2014-05-06,13.8,2.61,0.43,0.09,236.918,6.3,93.4324,2.1799999999999997
2014-05-07,13.4,2.62,0.41,0.09,236.918,6.3,93.4337,2.21
2014-05-08,13.43,2.61,0.4,0.09,236.918,6.3,93.3686,2.21
2014-05-09,12.92,2.62,0.4,0.09,236.918,6.3,93.6614,2.22
2014-05-12,12.23,2.66,0.41,0.09,236.918,6.3,93.6537,2.25
2014-05-13,12.13,2.61,0.39,0.09,236.918,6.3,93.6755,2.2199999999999998
2014-05-14,12.17,2.54,0.39,0.09,236.918,6.3,93.5968,2.15
2014-05-15,13.17,2.5,0.38,0.09,236.918,6.3,93.7065,2.12
2014-05-16,12.44,2.52,0.38,0.09,236.918,6.3,93.6073,2.14
2014-05-19,12.42,2.54,0.36,0.09,236.918,6.3,93.502,2.18
2014-05-20,12.96,2.52,0.35,0.09,236.918,6.3,93.6699,2.17
2014-05-21,11.91,2.54,0.37,0.09,236.918,6.3,93.7629,2.17
2014-05-22,12.03,2.56,0.37,0.09,236.918,6.3,93.6944,2.19
2014-05-23,11.36,2.54,0.37,0.09,236.918,6.3,93.7042,2.17
2014-05-27,11.51,2.52,0.39,0.09,236.918,6.3,93.8418,2.13
2014-05-28,11.68,2.44,0.37,0.09,236.918,6.3,93.8793,2.07
2014-05-29,11.57,2.45,0.37,0.09,236.918,6.3,93.6973,2.08
2014-05-30,11.4,2.48,0.37,0.09,236.918,6.3,93.7606,2.11
2014-06-02,11.58,2.54,0.39,0.1,237.231,6.1,94.0006,2.15
2014-06-03,11.87,2.6,0.41,0.1,237.231,6.1,94.0536,2.19
2014-06-04,12.08,2.61,0.41,0.1,237.231,6.1,94.1239,2.1999999999999997
2014-06-05,11.68,2.59,0.4,0.1,237.231,6.1,93.9732,2.19
2014-06-06,10.73,2.6,0.41,0.1,237.231,6.1,93.9069,2.19
2014-06-09,11.15,2.62,0.43,0.1,237.231,6.1,93.9628,2.19
2014-06-10,10.99,2.64,0.45,0.1,237.231,6.1,94.0638,2.19
2014-06-11,11.6,2.65,0.44,0.1,237.231,6.1,93.9744,2.21
2014-06-12,12.56,2.58,0.42,0.1,237.231,6.1,93.8155,2.16
2014-06-13,12.18,2.6,0.45,0.1,237.231,6.1,93.9168,2.15
2014-06-16,12.65,2.61,0.49,0.1,237.231,6.1,93.8639,2.12
2014-06-17,12.06,2.66,0.51,0.1,237.231,6.1,94.0829,2.1500000000000004
2014-06-18,10.61,2.61,0.48,0.1,237.231,6.1,94.0525,2.13
2014-06-19,10.62,2.64,0.48,0.1,237.231,6.1,93.752,2.16
2014-06-20,10.85,2.63,0.5,0.1,237.231,6.1,93.7591,2.13
2014-06-23,10.98,2.63,0.48,0.1,237.231,6.1,93.628,2.15
2014-06-24,12.13,2.59,0.49,0.1,237.231,6.1,93.7093,2.0999999999999996
2014-06-25,11.59,2.57,0.48,0.1,237.231,6.1,93.5851,2.09
2014-06-26,11.63,2.53,0.46,0.1,237.231,6.1,93.5471,2.07
2014-06-27,11.26,2.54,0.45,0.1,237.231,6.1,93.3983,2.09
2014-06-30,11.57,2.53,0.47,0.1,237.231,6.1,93.2058,2.0599999999999996
2014-07-01,11.15,2.58,0.47,0.09,237.498,6.2,93.1365,2.1100000000000003
2014-07-02,10.82,2.64,0.49,0.09,237.498,6.2,93.2478,2.1500000000000004
2014-07-03,10.32,2.65,0.52,0.09,237.498,6.2,93.3149,2.13
2014-07-07,11.33,2.63,0.52,0.09,237.498,6.2,93.3803,2.11
2014-07-08,11.98,2.58,0.51,0.09,237.498,6.2,93.323,2.0700000000000003
2014-07-09,11.65,2.57,0.51,0.09,237.498,6.2,93.228,2.0599999999999996
2014-07-10,12.59,2.55,0.46,0.09,237.498,6.2,93.3152,2.09
2014-07-11,12.08,2.53,0.48,0.09,237.498,6.2,93.4171,2.05
2014-07-14,11.82,2.55,0.48,0.09,237.498,6.2,93.4101,2.07
2014-07-15,11.96,2.56,0.49,0.09,237.498,6.2,93.5796,2.0700000000000003
2014-07-16,11.0,2.55,0.5,0.09,237.498,6.2,93.5991,2.05
2014-07-17,14.54,2.47,0.47,0.09,237.498,6.2,93.6586,2.0
2014-07-18,12.06,2.5,0.51,0.09,237.498,6.2,93.6608,1.99
2014-07-21,12.81,2.49,0.51,0.09,237.498,6.2,93.6069,1.9800000000000002
2014-07-22,12.24,2.48,0.49,0.09,237.498,6.2,93.6306,1.99
2014-07-23,11.52,2.48,0.5,0.09,237.498,6.2,93.5951,1.98
2014-07-24,11.84,2.52,0.53,0.09,237.498,6.2,93.6836,1.99
2014-07-25,12.69,2.48,0.53,0.09,237.498,6.2,93.8294,1.95
2014-07-28,12.56,2.5,0.54,0.09,237.498,6.2,93.83,1.96
2014-07-29,13.28,2.47,0.54,0.09,237.498,6.2,94.0443,1.9300000000000002
2014-07-30,13.33,2.57,0.56,0.09,237.498,6.2,94.3473,2.01
2014-07-31,16.95,2.58,0.53,0.09,237.498,6.2,94.4467,2.05
2014-08-01,17.03,2.52,0.47,0.09,237.46,6.1,94.4754,2.05
2014-08-04,15.12,2.51,0.47,0.09,237.46,6.1,94.448,2.04
2014-08-05,16.87,2.49,0.47,0.09,237.46,6.1,94.6754,2.0200000000000005
2014-08-06,16.37,2.49,0.48,0.09,237.46,6.1,94.6092,2.0100000000000002
2014-08-07,16.66,2.43,0.44,0.09,237.46,6.1,94.6364,1.9900000000000002
2014-08-08,15.77,2.44,0.45,0.09,237.46,6.1,94.6027,1.99
2014-08-11,14.23,2.44,0.47,0.09,237.46,6.1,94.4767,1.97
2014-08-12,14.13,2.46,0.45,0.09,237.46,6.1,94.5211,2.01
2014-08-13,12.9,2.43,0.43,0.09,237.46,6.1,94.4681,2.0
2014-08-14,12.42,2.4,0.42,0.09,237.46,6.1,94.3508,1.98
2014-08-15,13.15,2.34,0.42,0.09,237.46,6.1,94.2941,1.92
2014-08-18,12.32,2.39,0.44,0.09,237.46,6.1,94.2519,1.9500000000000002
2014-08-19,12.21,2.4,0.46,0.09,237.46,6.1,94.4356,1.94
2014-08-20,11.78,2.43,0.49,0.09,237.46,6.1,94.5937,1.9400000000000002
2014-08-21,11.76,2.41,0.49,0.09,237.46,6.1,94.673,1.9200000000000002
2014-08-22,11.47,2.4,0.53,0.09,237.46,6.1,94.8012,1.8699999999999999
2014-08-25,11.7,2.39,0.53,0.09,237.46,6.1,94.9159,1.86
2014-08-26,11.63,2.39,0.52,0.09,237.46,6.1,94.8617,1.87
2014-08-27,11.78,2.37,0.51,0.09,237.46,6.1,94.6863,1.86
2014-08-28,12.05,2.34,0.5,0.09,237.46,6.1,94.6947,1.8399999999999999
2014-08-29,11.98,2.35,0.48,0.09,237.46,6.1,94.7251,1.87
2014-09-02,12.25,2.42,0.53,0.09,237.477,5.9,95.063,1.89
2014-09-03,12.36,2.41,0.52,0.09,237.477,5.9,94.8709,1.8900000000000001
2014-09-04,12.64,2.45,0.54,0.09,237.477,5.9,95.2641,1.9100000000000001
2014-09-05,12.09,2.46,0.52,0.09,237.477,5.9,95.2203,1.94
2014-09-08,12.66,2.48,0.54,0.09,237.477,5.9,95.4167,1.94
2014-09-09,13.5,2.5,0.56,0.09,237.477,5.9,95.8811,1.94
2014-09-10,12.88,2.54,0.58,0.09,237.477,5.9,95.8641,1.96
2014-09-11,12.8,2.54,0.58,0.09,237.477,5.9,95.9184,1.96
2014-09-12,13.31,2.62,0.58,0.09,237.477,5.9,96.0748,2.04
2014-09-15,14.12,2.6,0.58,0.09,237.477,5.9,96.1195,2.02
2014-09-16,12.73,2.6,0.55,0.09,237.477,5.9,95.8483,2.05
2014-09-17,12.65,2.62,0.59,0.09,237.477,5.9,95.9106,2.0300000000000002
2014-09-18,12.03,2.63,0.59,0.09,237.477,5.9,96.1284,2.04
2014-09-19,12.11,2.59,0.59,0.09,237.477,5.9,96.3417,2.0
2014-09-22,13.69,2.57,0.58,0.09,237.477,5.9,96.4625,1.9899999999999998
2014-09-23,14.93,2.54,0.57,0.09,237.477,5.9,96.5112,1.9700000000000002
2014-09-24,13.27,2.57,0.59,0.09,237.477,5.9,96.6574,1.98
2014-09-25,15.64,2.52,0.56,0.09,237.477,5.9,96.8988,1.96
2014-09-26,14.85,2.54,0.59,0.09,237.477,5.9,97.208,1.9500000000000002
2014-09-29,15.98,2.5,0.58,0.09,237.477,5.9,97.3523,1.92
2014-09-30,16.31,2.52,0.58,0.09,237.477,5.9,97.5261,1.94
2014-10-01,16.71,2.42,0.53,0.09,237.43,5.7,97.5387,1.89
2014-10-02,16.16,2.44,0.53,0.09,237.43,5.7,97.3062,1.91
2014-10-03,14.55,2.45,0.57,0.09,237.43,5.7,97.9846,1.8800000000000003
2014-10-06,15.46,2.43,0.54,0.09,237.43,5.7,97.5513,1.8900000000000001
2014-10-07,17.2,2.36,0.52,0.09,237.43,5.7,97.4459,1.8399999999999999
2014-10-08,15.11,2.35,0.46,0.09,237.43,5.7,97.4945,1.8900000000000001
2014-10-09,18.76,2.34,0.46,0.09,237.43,5.7,97.1711,1.88
2014-10-10,21.24,2.31,0.45,0.09,237.43,5.7,97.4144,1.86
2014-10-13,24.64,2.31,0.45,0.09,237.43,5.7,97.4144,1.86
2014-10-14,22.79,2.21,0.39,0.09,237.43,5.7,97.3943,1.8199999999999998
2014-10-15,26.25,2.15,0.34,0.09,237.43,5.7,97.3532,1.8099999999999998
2014-10-16,25.2,2.17,0.35,0.09,237.43,5.7,97.2869,1.8199999999999998
2014-10-17,21.99,2.22,0.39,0.09,237.43,5.7,97.3067,1.83
2014-10-20,18.57,2.2,0.37,0.09,237.43,5.7,97.2874,1.83
2014-10-21,16.08,2.23,0.38,0.09,237.43,5.7,97.2488,1.85
2014-10-22,17.87,2.25,0.41,0.09,237.43,5.7,97.459,1.84
2014-10-23,16.53,2.29,0.41,0.09,237.43,5.7,97.6047,1.8800000000000001
2014-10-24,16.11,2.29,0.41,0.09,237.43,5.7,97.4772,1.8800000000000001
2014-10-27,16.04,2.27,0.41,0.09,237.43,5.7,97.5423,1.86
2014-10-28,14.39,2.3,0.42,0.09,237.43,5.7,97.2173,1.88
2014-10-29,15.15,2.34,0.48,0.09,237.43,5.7,97.0145,1.8599999999999999
2014-10-30,14.52,2.32,0.48,0.09,237.43,5.7,97.456,1.8399999999999999
2014-10-31,14.03,2.35,0.5,0.09,237.43,5.7,98.1163,1.85
2014-11-03,14.73,2.36,0.52,0.09,236.983,5.8,98.5336,1.8399999999999999
2014-11-04,14.89,2.35,0.52,0.09,236.983,5.8,98.5576,1.83
2014-11-05,14.17,2.36,0.52,0.09,236.983,5.8,98.8086,1.8399999999999999
2014-11-06,13.67,2.39,0.54,0.09,236.983,5.8,99.1325,1.85
2014-11-07,13.12,2.32,0.51,0.09,236.983,5.8,99.0236,1.8099999999999998
2014-11-10,12.67,2.38,0.55,0.09,236.983,5.8,98.9305,1.8299999999999998
2014-11-11,12.92,2.38,0.55,0.09,236.983,5.8,98.9305,1.8299999999999998
2014-11-12,13.02,2.37,0.55,0.09,236.983,5.8,98.8897,1.82
2014-11-13,13.79,2.35,0.53,0.09,236.983,5.8,99.1045,1.82
2014-11-14,13.31,2.32,0.54,0.09,236.983,5.8,99.0917,1.7799999999999998
2014-11-17,13.99,2.34,0.54,0.09,236.983,5.8,99.2188,1.7999999999999998
2014-11-18,13.86,2.32,0.53,0.09,236.983,5.8,99.0185,1.7899999999999998
2014-11-19,13.96,2.36,0.54,0.09,236.983,5.8,99.2424,1.8199999999999998
2014-11-20,13.58,2.34,0.53,0.09,236.983,5.8,99.2554,1.8099999999999998
2014-11-21,12.9,2.31,0.53,0.09,236.983,5.8,99.2894,1.78
2014-11-24,12.62,2.3,0.53,0.09,236.983,5.8,99.4227,1.7699999999999998
2014-11-25,12.25,2.27,0.51,0.09,236.983,5.8,99.2837,1.76
2014-11-26,12.07,2.24,0.53,0.09,236.983,5.8,99.1893,1.7100000000000002
2014-11-28,13.33,2.18,0.47,0.09,236.983,5.8,100.0719,1.7100000000000002
2014-12-01,14.29,2.22,0.49,0.12,236.252,5.6,99.8964,1.7300000000000002
2014-12-02,12.85,2.28,0.55,0.12,236.252,5.6,100.4478,1.7299999999999998
2014-12-03,12.47,2.29,0.57,0.12,236.252,5.6,100.5696,1.7200000000000002
2014-12-04,12.38,2.25,0.55,0.12,236.252,5.6,100.3931,1.7
2014-12-05,11.82,2.31,0.65,0.12,236.252,5.6,101.0989,1.6600000000000001
2014-12-08,14.21,2.26,0.64,0.12,236.252,5.6,101.31,1.6199999999999997
2014-12-09,14.89,2.22,0.64,0.12,236.252,5.6,100.8095,1.58
2014-12-10,18.53,2.18,0.59,0.12,236.252,5.6,101.0212,1.5900000000000003
2014-12-11,20.08,2.19,0.62,0.12,236.252,5.6,101.4448,1.5699999999999998
2014-12-12,21.08,2.1,0.56,0.12,236.252,5.6,101.3735,1.54
2014-12-15,20.42,2.12,0.6,0.12,236.252,5.6,101.674,1.52
2014-12-16,23.57,2.07,0.58,0.12,236.252,5.6,101.526,1.4899999999999998
2014-12-17,19.44,2.14,0.62,0.12,236.252,5.6,101.5527,1.52
2014-12-18,16.81,2.22,0.67,0.12,236.252,5.6,101.7531,1.5500000000000003
2014-12-19,16.49,2.17,0.67,0.12,236.252,5.6,102.0483,1.5
2014-12-22,15.25,2.17,0.71,0.12,236.252,5.6,101.9942,1.46
2014-12-23,14.8,2.26,0.73,0.12,236.252,5.6,102.348,1.5299999999999998
2014-12-24,14.37,2.27,0.73,0.12,236.252,5.6,102.3028,1.54
2014-12-26,14.5,2.25,0.73,0.12,236.252,5.6,102.3028,1.52
2014-12-29,15.06,2.22,0.72,0.12,236.252,5.6,102.3767,1.5000000000000002
2014-12-30,15.92,2.2,0.69,0.12,236.252,5.6,102.1019,1.5100000000000002
2014-12-31,19.2,2.17,0.67,0.12,236.252,5.6,102.2843,1.5
2015-01-02,17.79,2.12,0.66,0.11,234.747,5.7,102.9027,1.46
2015-01-05,19.92,2.04,0.68,0.11,234.747,5.7,103.4976,1.3599999999999999
2015-01-06,21.12,1.97,0.65,0.11,234.747,5.7,103.2938,1.3199999999999998
2015-01-07,19.31,1.96,0.62,0.11,234.747,5.7,103.6316,1.3399999999999999
2015-01-08,17.01,2.03,0.62,0.11,234.747,5.7,103.2799,1.4099999999999997
2015-01-09,17.55,1.98,0.59,0.11,234.747,5.7,103.1213,1.3900000000000001
2015-01-12,19.6,1.92,0.56,0.11,234.747,5.7,103.2372,1.3599999999999999
2015-01-13,20.56,1.91,0.54,0.11,234.747,5.7,103.27,1.3699999999999999
2015-01-14,21.48,1.86,0.51,0.11,234.747,5.7,103.0903,1.35
2015-01-15,22.39,1.77,0.44,0.11,234.747,5.7,103.0829,1.33
2015-01-16,20.95,1.83,0.49,0.11,234.747,5.7,103.2189,1.34
2015-01-20,19.89,1.82,0.53,0.11,234.747,5.7,103.5233,1.29
2015-01-21,18.85,1.87,0.53,0.11,234.747,5.7,103.7858,1.34
2015-01-22,16.4,1.9,0.53,0.11,234.747,5.7,103.9271,1.3699999999999999
2015-01-23,16.66,1.81,0.52,0.11,234.747,5.7,104.3676,1.29
2015-01-26,15.52,1.83,0.54,0.11,234.747,5.7,104.4818,1.29
2015-01-27,17.22,1.83,0.54,0.11,234.747,5.7,104.1646,1.29
2015-01-28,20.44,1.73,0.5,0.11,234.747,5.7,104.4737,1.23
2015-01-29,18.76,1.77,0.51,0.11,234.747,5.7,105.2763,1.26
2015-01-30,20.97,1.68,0.47,0.11,234.747,5.7,105.5884,1.21
2015-02-02,19.43,1.68,0.49,0.11,235.342,5.5,105.2058,1.19
2015-02-03,17.33,1.79,0.52,0.11,235.342,5.5,104.6063,1.27
2015-02-04,18.33,1.81,0.52,0.11,235.342,5.5,104.785,1.29
2015-02-05,16.85,1.83,0.52,0.11,235.342,5.5,104.4915,1.31
2015-02-06,17.29,1.95,0.65,0.11,235.342,5.5,105.1283,1.2999999999999998
2015-02-09,18.55,1.96,0.65,0.11,235.342,5.5,104.9889,1.31
2015-02-10,17.23,2.01,0.67,0.11,235.342,5.5,105.2897,1.3399999999999999
2015-02-11,16.96,2.0,0.67,0.11,235.342,5.5,105.7901,1.33
2015-02-12,15.34,1.99,0.61,0.11,235.342,5.5,104.9385,1.38
2015-02-13,14.69,2.02,0.66,0.11,235.342,5.5,104.8452,1.3599999999999999
2015-02-17,15.8,2.14,0.7,0.11,235.342,5.5,104.8452,1.4400000000000002
2015-02-18,15.45,2.07,0.62,0.11,235.342,5.5,105.2514,1.4499999999999997
2015-02-19,15.29,2.11,0.67,0.11,235.342,5.5,105.1407,1.44
2015-02-20,14.3,2.13,0.67,0.11,235.342,5.5,105.3387,1.46
2015-02-23,14.56,2.06,0.64,0.11,235.342,5.5,105.5359,1.42
2015-02-24,13.69,1.99,0.6,0.11,235.342,5.5,105.5472,1.3900000000000001
2015-02-25,13.84,1.96,0.61,0.11,235.342,5.5,105.0503,1.35
2015-02-26,13.91,2.03,0.66,0.11,235.342,5.5,105.5021,1.3699999999999997
2015-02-27,13.34,2.0,0.63,0.11,235.342,5.5,105.5981,1.37
2015-03-02,13.04,2.08,0.66,0.11,235.976,5.4,105.8151,1.42
2015-03-03,13.86,2.12,0.68,0.11,235.976,5.4,105.5562,1.44
2015-03-04,14.23,2.12,0.66,0.11,235.976,5.4,106.1333,1.46
2015-03-05,14.04,2.11,0.65,0.11,235.976,5.4,106.1333,1.46
2015-03-06,15.2,2.24,0.73,0.11,235.976,5.4,107.4337,1.5100000000000002
2015-03-09,15.06,2.2,0.7,0.11,235.976,5.4,107.5199,1.5000000000000002
2015-03-10,16.69,2.14,0.7,0.11,235.976,5.4,108.1165,1.4400000000000002
2015-03-11,16.87,2.11,0.7,0.11,235.976,5.4,108.5235,1.41
2015-03-12,15.42,2.1,0.67,0.11,235.976,5.4,108.1741,1.4300000000000002
2015-03-13,16.0,2.13,0.68,0.11,235.976,5.4,108.9174,1.4499999999999997
2015-03-16,15.61,2.1,0.66,0.11,235.976,5.4,108.6422,1.44
2015-03-17,15.66,2.06,0.7,0.11,235.976,5.4,108.5805,1.36
2015-03-18,13.97,1.93,0.57,0.11,235.976,5.4,108.408,1.3599999999999999
2015-03-19,14.07,1.98,0.63,0.11,235.976,5.4,108.1826,1.35
2015-03-20,13.02,1.93,0.6,0.11,235.976,5.4,107.1671,1.33
2015-03-23,13.41,1.92,0.6,0.11,235.976,5.4,106.5022,1.3199999999999998
2015-03-24,13.62,1.88,0.58,0.11,235.976,5.4,106.4401,1.2999999999999998
2015-03-25,15.44,1.93,0.59,0.11,235.976,5.4,106.2636,1.3399999999999999
2015-03-26,15.8,2.01,0.61,0.11,235.976,5.4,106.5582,1.4
2015-03-27,15.07,1.95,0.58,0.11,235.976,5.4,106.8916,1.37
2015-03-30,14.51,1.96,0.58,0.11,235.976,5.4,107.3941,1.38
2015-03-31,15.29,1.94,0.56,0.11,235.976,5.4,107.4396,1.38
2015-04-01,15.11,1.87,0.55,0.12,236.222,5.4,107.06,1.32
2015-04-02,14.67,1.92,0.55,0.12,236.222,5.4,106.6738,1.3699999999999999
2015-04-06,14.74,1.92,0.51,0.12,236.222,5.4,105.7876,1.41
2015-04-07,14.78,1.89,0.52,0.12,236.222,5.4,106.4488,1.3699999999999999
2015-04-08,13.98,1.92,0.54,0.12,236.222,5.4,106.4231,1.38
2015-04-09,13.09,1.97,0.56,0.12,236.222,5.4,107.0335,1.41
2015-04-10,12.58,1.96,0.57,0.12,236.222,5.4,107.4526,1.3900000000000001
2015-04-13,13.94,1.94,0.54,0.12,236.222,5.4,107.7508,1.4
2015-04-14,13.67,1.9,0.53,0.12,236.222,5.4,107.0547,1.3699999999999999
2015-04-15,12.84,1.91,0.51,0.12,236.222,5.4,107.1855,1.4
2015-04-16,12.6,1.9,0.5,0.12,236.222,5.4,106.2761,1.4
2015-04-17,13.89,1.87,0.51,0.12,236.222,5.4,106.329,1.36
2015-04-20,13.3,1.9,0.55,0.12,236.222,5.4,106.4902,1.3499999999999999
2015-04-21,13.25,1.92,0.55,0.12,236.222,5.4,106.5582,1.3699999999999999
2015-04-22,12.71,1.99,0.57,0.12,236.222,5.4,106.5815,1.42
2015-04-23,12.48,1.96,0.55,0.12,236.222,5.4,106.1658,1.41
2015-04-24,12.29,1.93,0.54,0.12,236.222,5.4,105.905,1.39
2015-04-27,13.12,1.94,0.54,0.12,236.222,5.4,105.6891,1.4
2015-04-28,12.41,2.0,0.56,0.12,236.222,5.4,105.1234,1.44
2015-04-29,13.39,2.06,0.56,0.12,236.222,5.4,104.5634,1.5
2015-04-30,14.55,2.05,0.58,0.12,236.222,5.4,105.312,1.4699999999999998
2015-05-01,12.7,2.12,0.6,0.12,237.001,5.6,105.6382,1.52
2015-05-04,12.85,2.16,0.6,0.12,237.001,5.6,105.6679,1.56
2015-05-05,14.31,2.19,0.62,0.12,237.001,5.6,105.2396,1.5699999999999998
2015-05-06,15.15,2.25,0.65,0.12,237.001,5.6,104.6935,1.6
2015-05-07,15.13,2.18,0.63,0.12,237.001,5.6,105.1941,1.5500000000000003
2015-05-08,12.86,2.16,0.59,0.12,237.001,5.6,104.8424,1.5700000000000003
2015-05-11,13.85,2.28,0.62,0.12,237.001,5.6,105.3075,1.6599999999999997
2015-05-12,13.86,2.28,0.61,0.12,237.001,5.6,104.8924,1.67
2015-05-13,13.76,2.27,0.59,0.12,237.001,5.6,104.3608,1.6800000000000002
2015-05-14,12.74,2.23,0.56,0.12,237.001,5.6,104.2359,1.67
2015-05-15,12.38,2.14,0.55,0.12,237.001,5.6,104.0202,1.59
2015-05-18,12.73,2.23,0.58,0.12,237.001,5.6,104.6068,1.65
2015-05-19,12.85,2.27,0.63,0.12,237.001,5.6,105.3448,1.6400000000000001
2015-05-20,12.88,2.26,0.6,0.12,237.001,5.6,105.5605,1.6599999999999997
2015-05-21,12.11,2.19,0.6,0.12,237.001,5.6,105.3808,1.5899999999999999
2015-05-22,12.13,2.21,0.64,0.12,237.001,5.6,105.8487,1.5699999999999998
2015-05-26,14.06,2.14,0.64,0.12,237.001,5.6,106.7294,1.5
2015-05-27,13.27,2.14,0.64,0.12,237.001,5.6,106.908,1.5
2015-05-28,13.31,2.13,0.62,0.12,237.001,5.6,106.92,1.5099999999999998
2015-05-29,13.84,2.12,0.61,0.12,237.001,5.6,106.7388,1.5100000000000002
2015-06-01,13.97,2.19,0.64,0.13,237.657,5.3,107.2238,1.5499999999999998
2015-06-02,14.24,2.27,0.64,0.13,237.657,5.3,106.4507,1.63
2015-06-03,13.66,2.38,0.69,0.13,237.657,5.3,106.1443,1.69
2015-06-04,14.71,2.31,0.66,0.13,237.657,5.3,106.4725,1.65
2015-06-05,14.21,2.41,0.73,0.13,237.657,5.3,107.1336,1.6800000000000002
2015-06-08,15.29,2.39,0.7,0.13,237.657,5.3,106.7693,1.6900000000000002
2015-06-09,14.47,2.42,0.72,0.13,237.657,5.3,106.2238,1.7
2015-06-10,13.22,2.5,0.75,0.13,237.657,5.3,105.8037,1.75
2015-06-11,12.85,2.39,0.73,0.13,237.657,5.3,106.0934,1.6600000000000001
2015-06-12,13.78,2.39,0.74,0.13,237.657,5.3,105.9015,1.6500000000000001
2015-06-15,15.39,2.36,0.72,0.13,237.657,5.3,105.9989,1.64
2015-06-16,14.81,2.32,0.71,0.13,237.657,5.3,106.0473,1.6099999999999999
2015-06-17,14.5,2.32,0.67,0.13,237.657,5.3,106.058,1.65
2015-06-18,13.19,2.35,0.66,0.13,237.657,5.3,105.102,1.69
2015-06-19,13.96,2.26,0.65,0.13,237.657,5.3,105.4496,1.6099999999999999
2015-06-22,12.74,2.37,0.68,0.13,237.657,5.3,105.3846,1.69
2015-06-23,12.11,2.42,0.7,0.13,237.657,5.3,105.9678,1.72
2015-06-24,13.26,2.38,0.68,0.13,237.657,5.3,106.2522,1.6999999999999997
2015-06-25,14.01,2.4,0.68,0.13,237.657,5.3,106.1515,1.7199999999999998
2015-06-26,14.02,2.49,0.72,0.13,237.657,5.3,106.4116,1.7700000000000002
2015-06-29,18.85,2.33,0.64,0.13,237.657,5.3,106.3785,1.69
2015-06-30,18.23,2.35,0.64,0.13,237.657,5.3,106.5191,1.71
2015-07-01,16.09,2.43,0.69,0.13,238.034,5.2,107.0101,1.7400000000000002
2015-07-02,16.79,2.4,0.64,0.13,238.034,5.2,106.9106,1.7599999999999998
2015-07-06,17.01,2.3,0.6,0.13,238.034,5.2,107.1343,1.6999999999999997
2015-07-07,16.09,2.27,0.58,0.13,238.034,5.2,107.785,1.69
2015-07-08,19.66,2.22,0.55,0.13,238.034,5.2,107.4734,1.6700000000000002
2015-07-09,19.97,2.32,0.6,0.13,238.034,5.2,107.5595,1.7199999999999998
2015-07-10,16.83,2.42,0.65,0.13,238.034,5.2,107.213,1.77
2015-07-13,13.9,2.44,0.69,0.13,238.034,5.2,107.5849,1.75
2015-07-14,13.37,2.41,0.66,0.13,238.034,5.2,107.4843,1.75
2015-07-15,13.23,2.36,0.64,0.13,238.034,5.2,108.0149,1.7199999999999998
2015-07-16,12.11,2.36,0.67,0.13,238.034,5.2,108.1726,1.69
2015-07-17,11.95,2.34,0.68,0.13,238.034,5.2,108.5374,1.6599999999999997
2015-07-20,12.25,2.38,0.71,0.13,238.034,5.2,108.6944,1.67
2015-07-21,12.22,2.35,0.71,0.13,238.034,5.2,108.3893,1.6400000000000001
2015-07-22,12.12,2.33,0.75,0.13,238.034,5.2,108.7817,1.58
2015-07-23,12.64,2.28,0.71,0.13,238.034,5.2,108.7565,1.5699999999999998
2015-07-24,13.74,2.27,0.7,0.13,238.034,5.2,109.0174,1.57
2015-07-27,15.6,2.23,0.68,0.13,238.034,5.2,108.6924,1.5499999999999998
2015-07-28,13.44,2.26,0.69,0.13,238.034,5.2,108.6881,1.5699999999999998
2015-07-29,12.5,2.29,0.7,0.13,238.034,5.2,108.604,1.59
2015-07-30,12.13,2.28,0.72,0.13,238.034,5.2,109.4328,1.5599999999999998
2015-07-31,12.12,2.2,0.67,0.13,238.034,5.2,108.7819,1.5300000000000002
2015-08-03,12.56,2.16,0.68,0.14,238.033,5.1,109.214,1.48
2015-08-04,13.0,2.23,0.74,0.14,238.033,5.1,109.2244,1.49
2015-08-05,12.51,2.28,0.73,0.14,238.033,5.1,109.842,1.5499999999999998
2015-08-06,13.77,2.23,0.71,0.14,238.033,5.1,109.722,1.52
2015-08-07,13.39,2.18,0.73,0.14,238.033,5.1,109.4376,1.4500000000000002
2015-08-10,12.23,2.24,0.73,0.14,238.033,5.1,109.1931,1.5100000000000002
2015-08-11,13.71,2.15,0.68,0.14,238.033,5.1,109.9464,1.4699999999999998
2015-08-12,13.61,2.14,0.67,0.14,238.033,5.1,109.4655,1.4700000000000002
2015-08-13,13.49,2.19,0.72,0.14,238.033,5.1,109.9025,1.47
2015-08-14,12.83,2.2,0.73,0.14,238.033,5.1,109.9174,1.4700000000000002
2015-08-17,13.02,2.16,0.72,0.14,238.033,5.1,110.1435,1.4400000000000002
2015-08-18,13.79,2.2,0.74,0.14,238.033,5.1,110.2504,1.4600000000000002
2015-08-19,15.25,2.12,0.67,0.14,238.033,5.1,110.4333,1.4500000000000002
2015-08-20,19.14,2.09,0.69,0.14,238.033,5.1,110.1077,1.4
2015-08-21,28.03,2.05,0.64,0.14,238.033,5.1,110.1443,1.4099999999999997
2015-08-24,40.74,2.01,0.59,0.14,238.033,5.1,109.9306,1.42
2015-08-25,36.02,2.12,0.67,0.14,238.033,5.1,110.3394,1.4500000000000002
2015-08-26,30.32,2.18,0.67,0.14,238.033,5.1,110.5807,1.5100000000000002
2015-08-27,26.1,2.18,0.68,0.14,238.033,5.1,110.4834,1.5
2015-08-28,26.05,2.19,0.72,0.14,238.033,5.1,110.6714,1.47
2015-08-31,28.43,2.21,0.74,0.14,238.033,5.1,110.5621,1.47
2015-09-01,31.4,2.17,0.7,0.14,237.498,5.0,110.4506,1.47
2015-09-02,26.09,2.2,0.72,0.14,237.498,5.0,110.7979,1.4800000000000002
2015-09-03,25.61,2.18,0.71,0.14,237.498,5.0,110.8566,1.4700000000000002
2015-09-04,27.8,2.13,0.71,0.14,237.498,5.0,111.1018,1.42
2015-09-08,24.9,2.2,0.74,0.14,237.498,5.0,110.7942,1.4600000000000002
2015-09-09,26.23,2.21,0.75,0.14,237.498,5.0,110.9225,1.46
2015-09-10,24.37,2.23,0.75,0.14,237.498,5.0,110.6331,1.48
2015-09-11,23.2,2.2,0.71,0.14,237.498,5.0,110.6109,1.4900000000000002
2015-09-14,24.25,2.18,0.73,0.14,237.498,5.0,110.5005,1.4500000000000002
2015-09-15,22.54,2.28,0.82,0.14,237.498,5.0,110.6394,1.46
2015-09-16,21.35,2.3,0.82,0.14,237.498,5.0,110.1021,1.48
2015-09-17,21.14,2.21,0.7,0.14,237.498,5.0,110.1212,1.51
2015-09-18,22.28,2.13,0.69,0.14,237.498,5.0,109.8165,1.44
2015-09-21,20.14,2.2,0.72,0.14,237.498,5.0,110.6414,1.4800000000000002
2015-09-22,22.44,2.14,0.69,0.14,237.498,5.0,111.1967,1.4500000000000002
2015-09-23,22.13,2.16,0.7,0.14,237.498,5.0,111.6287,1.4600000000000002
2015-09-24,23.47,2.13,0.67,0.14,237.498,5.0,111.4454,1.46
2015-09-25,23.62,2.17,0.7,0.14,237.498,5.0,111.3725,1.47
2015-09-28,27.63,2.1,0.67,0.14,237.498,5.0,111.3914,1.4300000000000002
2015-09-29,26.83,2.05,0.64,0.14,237.498,5.0,111.5219,1.4099999999999997
2015-09-30,24.5,2.06,0.64,0.14,237.498,5.0,111.3311,1.42
2015-10-01,22.55,2.05,0.64,0.12,237.733,5.0,111.0439,1.4099999999999997
2015-10-02,20.94,1.99,0.58,0.12,237.733,5.0,110.7006,1.4100000000000001
2015-10-05,19.54,2.07,0.61,0.12,237.733,5.0,110.4445,1.46
2015-10-06,19.4,2.05,0.61,0.12,237.733,5.0,110.1371,1.44
2015-10-07,18.4,2.08,0.65,0.12,237.733,5.0,109.8162,1.4300000000000002
2015-10-08,17.42,2.12,0.65,0.12,237.733,5.0,109.6452,1.4700000000000002
2015-10-09,17.08,2.12,0.65,0.12,237.733,5.0,109.0782,1.4700000000000002
2015-10-12,16.17,2.12,0.65,0.12,237.733,5.0,109.0782,1.4700000000000002
2015-10-13,17.67,2.06,0.64,0.12,237.733,5.0,109.4119,1.42
2015-10-14,18.03,1.99,0.57,0.12,237.733,5.0,109.1244,1.42
2015-10-15,16.05,2.04,0.61,0.12,237.733,5.0,108.6671,1.4300000000000002
2015-10-16,15.05,2.04,0.61,0.12,237.733,5.0,108.9956,1.4300000000000002
2015-10-19,14.98,2.04,0.61,0.12,237.733,5.0,109.3858,1.4300000000000002
2015-10-20,15.75,2.08,0.66,0.12,237.733,5.0,109.3368,1.42
2015-10-21,16.7,2.04,0.64,0.12,237.733,5.0,109.7746,1.4
2015-10-22,14.45,2.04,0.61,0.12,237.733,5.0,110.0342,1.4300000000000002
2015-10-23,14.46,2.09,0.66,0.12,237.733,5.0,110.4329,1.4299999999999997
2015-10-26,15.29,2.07,0.66,0.12,237.733,5.0,110.2089,1.4099999999999997
2015-10-27,15.43,2.05,0.65,0.12,237.733,5.0,110.4875,1.4
2015-10-28,14.33,2.1,0.73,0.12,237.733,5.0,110.2334,1.37
2015-10-29,14.61,2.19,0.75,0.12,237.733,5.0,110.8083,1.44
2015-10-30,15.07,2.16,0.75,0.12,237.733,5.0,110.2079,1.4100000000000001
2015-11-02,14.15,2.2,0.77,0.12,238.017,5.1,110.2188,1.4300000000000002
2015-11-03,14.54,2.23,0.8,0.12,238.017,5.1,110.244,1.43
2015-11-04,15.51,2.25,0.84,0.12,238.017,5.1,110.7139,1.4100000000000001
2015-11-05,15.05,2.26,0.85,0.12,238.017,5.1,110.8302,1.4099999999999997
2015-11-06,14.33,2.34,0.9,0.12,238.017,5.1,111.7603,1.44
2015-11-09,16.52,2.36,0.89,0.12,238.017,5.1,111.9112,1.4699999999999998
2015-11-10,15.29,2.32,0.87,0.12,238.017,5.1,111.9919,1.4499999999999997
2015-11-11,16.06,2.32,0.87,0.12,238.017,5.1,111.9919,1.4499999999999997
2015-11-12,18.37,2.32,0.89,0.12,238.017,5.1,111.7965,1.4299999999999997
2015-11-13,20.08,2.28,0.86,0.12,238.017,5.1,112.0264,1.42
2015-11-16,18.16,2.27,0.88,0.12,238.017,5.1,112.2199,1.3900000000000001
2015-11-17,18.84,2.25,0.86,0.12,238.017,5.1,112.3141,1.3900000000000001
2015-11-18,16.85,2.27,0.9,0.12,238.017,5.1,112.3663,1.37
2015-11-19,16.99,2.24,0.91,0.12,238.017,5.1,111.5749,1.33
2015-11-20,15.47,2.26,0.93,0.12,238.017,5.1,111.7799,1.3299999999999996
2015-11-23,15.62,2.25,0.94,0.12,238.017,5.1,112.1125,1.31
2015-11-24,15.93,2.24,0.93,0.12,238.017,5.1,111.7638,1.31
2015-11-25,15.19,2.23,0.93,0.12,238.017,5.1,111.8936,1.2999999999999998
2015-11-27,15.12,2.22,0.92,0.12,238.017,5.1,112.2824,1.3000000000000003
2015-11-30,16.13,2.21,0.94,0.12,238.017,5.1,112.34,1.27
2015-12-01,14.67,2.15,0.91,0.24,237.761,5.0,112.1134,1.2399999999999998
2015-12-02,15.91,2.18,0.94,0.24,237.761,5.0,112.3715,1.2400000000000002
2015-12-03,18.11,2.33,0.96,0.24,237.761,5.0,111.6407,1.37
2015-12-04,14.81,2.28,0.96,0.24,237.761,5.0,111.5463,1.3199999999999998
2015-12-07,15.84,2.23,0.94,0.24,237.761,5.0,112.3056,1.29
2015-12-08,17.6,2.24,0.94,0.24,237.761,5.0,112.5485,1.3000000000000003
2015-12-09,19.61,2.22,0.93,0.24,237.761,5.0,112.1918,1.29
2015-12-10,19.34,2.24,0.95,0.24,237.761,5.0,112.2672,1.2900000000000003
2015-12-11,24.39,2.13,0.88,0.24,237.761,5.0,112.7147,1.25
2015-12-14,22.73,2.23,0.97,0.24,237.761,5.0,112.7521,1.26
2015-12-15,20.95,2.28,0.98,0.24,237.761,5.0,112.8609,1.2999999999999998
2015-12-16,17.86,2.3,1.02,0.24,237.761,5.0,112.9864,1.2799999999999998
2015-12-17,18.94,2.24,1.0,0.24,237.761,5.0,113.8177,1.2400000000000002
2015-12-18,20.7,2.19,0.97,0.24,237.761,5.0,113.2837,1.22
2015-12-21,18.7,2.2,0.96,0.24,237.761,5.0,113.4144,1.2400000000000002
2015-12-22,16.6,2.24,0.99,0.24,237.761,5.0,113.211,1.2500000000000002
2015-12-23,15.57,2.27,1.01,0.24,237.761,5.0,113.1847,1.26
2015-12-24,15.74,2.25,1.03,0.24,237.761,5.0,113.0496,1.22
2015-12-28,16.91,2.24,1.05,0.24,237.761,5.0,113.0461,1.1900000000000002
2015-12-29,16.08,2.32,1.09,0.24,237.761,5.0,113.1664,1.2299999999999998
2015-12-30,17.29,2.31,1.08,0.24,237.761,5.0,113.4707,1.23
2015-12-31,18.21,2.27,1.06,0.24,237.761,5.0,113.3429,1.21
2016-01-04,20.7,2.24,1.02,0.34,237.652,4.8,114.1595,1.2200000000000002
2016-01-05,19.34,2.25,1.04,0.34,237.652,4.8,114.2649,1.21
2016-01-06,20.59,2.18,0.99,0.34,237.652,4.8,114.6177,1.1900000000000002
2016-01-07,24.99,2.16,0.96,0.34,237.652,4.8,114.6516,1.2000000000000002
2016-01-08,27.01,2.13,0.94,0.34,237.652,4.8,115.0095,1.19
2016-01-11,24.3,2.17,0.94,0.34,237.652,4.8,115.0139,1.23
2016-01-12,22.47,2.12,0.93,0.34,237.652,4.8,115.3128,1.19
2016-01-13,25.22,2.08,0.91,0.34,237.652,4.8,115.1425,1.17
2016-01-14,23.95,2.1,0.9,0.34,237.652,4.8,115.3846,1.2000000000000002
2016-01-15,27.02,2.03,0.85,0.34,237.652,4.8,115.7404,1.1799999999999997
2016-01-19,26.05,2.06,0.88,0.34,237.652,4.8,115.8155,1.1800000000000002
2016-01-20,27.59,2.01,0.85,0.34,237.652,4.8,116.3498,1.1599999999999997
2016-01-21,26.69,2.02,0.84,0.34,237.652,4.8,115.9833,1.1800000000000002
2016-01-22,22.34,2.07,0.88,0.34,237.652,4.8,115.9833,1.19
2016-01-25,24.15,2.03,0.88,0.34,237.652,4.8,115.9833,1.15
2016-01-26,22.5,2.01,0.85,0.34,237.652,4.8,115.9833,1.1599999999999997
2016-01-27,23.11,2.02,0.84,0.34,237.652,4.8,115.5087,1.1800000000000002
2016-01-28,22.42,2.0,0.83,0.34,237.652,4.8,115.2224,1.17
2016-01-29,20.2,1.94,0.76,0.34,237.652,4.8,115.5731,1.18
2016-02-01,19.98,1.97,0.81,0.38,237.336,4.9,115.3331,1.16
2016-02-02,21.98,1.87,0.75,0.38,237.336,4.9,115.553,1.12
2016-02-03,21.65,1.88,0.72,0.38,237.336,4.9,114.6144,1.16
2016-02-04,21.84,1.87,0.7,0.38,237.336,4.9,113.6012,1.1700000000000002
2016-02-05,23.38,1.86,0.74,0.38,237.336,4.9,114.2935,1.12
2016-02-08,26.0,1.75,0.66,0.38,237.336,4.9,114.4351,1.0899999999999999
2016-02-09,26.54,1.74,0.69,0.38,237.336,4.9,114.127,1.05
2016-02-10,26.29,1.71,0.71,0.38,237.336,4.9,114.2877,1.0
2016-02-11,28.14,1.63,0.64,0.38,237.336,4.9,114.1845,0.9899999999999999
2016-02-12,25.4,1.74,0.71,0.38,237.336,4.9,114.2992,1.03
2016-02-16,24.11,1.78,0.74,0.38,237.336,4.9,114.4905,1.04
2016-02-17,22.31,1.81,0.74,0.38,237.336,4.9,113.8634,1.07
2016-02-18,21.64,1.75,0.71,0.38,237.336,4.9,113.8897,1.04
2016-02-19,20.53,1.76,0.76,0.38,237.336,4.9,113.9558,1.0
2016-02-22,19.38,1.77,0.78,0.38,237.336,4.9,113.8232,0.99
2016-02-23,20.98,1.74,0.76,0.38,237.336,4.9,114.177,0.98
2016-02-24,20.72,1.75,0.75,0.38,237.336,4.9,114.1716,1.0
2016-02-25,19.11,1.71,0.72,0.38,237.336,4.9,113.9222,0.99
2016-02-26,19.81,1.76,0.8,0.38,237.336,4.9,114.3708,0.96
2016-02-29,20.55,1.74,0.78,0.38,237.336,4.9,114.2418,0.96
2016-03-01,17.7,1.83,0.85,0.36,238.08,5.0,113.9265,0.9800000000000001
2016-03-02,17.09,1.84,0.85,0.36,238.08,5.0,113.7965,0.9900000000000001
2016-03-03,16.7,1.83,0.85,0.36,238.08,5.0,113.2482,0.9800000000000001
2016-03-04,16.86,1.88,0.88,0.36,238.08,5.0,112.6387,0.9999999999999999
2016-03-07,17.35,1.91,0.91,0.36,238.08,5.0,112.6219,0.9999999999999999
2016-03-08,18.67,1.83,0.88,0.36,238.08,5.0,112.8465,0.9500000000000001
2016-03-09,18.34,1.9,0.9,0.36,238.08,5.0,112.4268,0.9999999999999999
2016-03-10,18.05,1.93,0.93,0.36,238.08,5.0,112.4191,0.9999999999999999
2016-03-11,16.5,1.98,0.97,0.36,238.08,5.0,111.741,1.01
2016-03-14,16.92,1.97,0.97,0.36,238.08,5.0,112.1688,1.0
2016-03-15,16.84,1.97,0.98,0.36,238.08,5.0,112.5545,0.99
2016-03-16,14.99,1.94,0.87,0.36,238.08,5.0,112.7759,1.0699999999999998
2016-03-17,14.44,1.91,0.87,0.36,238.08,5.0,110.445,1.04
2016-03-18,14.02,1.88,0.84,0.36,238.08,5.0,110.4002,1.04
2016-03-21,13.79,1.92,0.87,0.36,238.08,5.0,110.737,1.0499999999999998
2016-03-22,14.17,1.94,0.91,0.36,238.08,5.0,110.7877,1.0299999999999998
2016-03-23,14.94,1.88,0.87,0.36,238.08,5.0,111.5473,1.0099999999999998
2016-03-24,14.74,1.91,0.89,0.36,238.08,5.0,111.816,1.02
2016-03-28,15.24,1.89,0.89,0.36,238.08,5.0,111.3578,0.9999999999999999
2016-03-29,13.82,1.81,0.78,0.36,238.08,5.0,111.3736,1.03
2016-03-30,13.56,1.83,0.76,0.36,238.08,5.0,110.2301,1.07
2016-03-31,13.95,1.78,0.73,0.36,238.08,5.0,109.9191,1.05
2016-04-01,13.1,1.79,0.76,0.37,238.992,5.1,110.2977,1.03
2016-04-04,14.12,1.78,0.75,0.37,238.992,5.1,110.3987,1.03
2016-04-05,15.42,1.73,0.72,0.37,238.992,5.1,110.9478,1.01
2016-04-06,14.09,1.76,0.73,0.37,238.992,5.1,110.5347,1.03
2016-04-07,16.16,1.7,0.7,0.37,238.992,5.1,110.8876,1.0
2016-04-08,15.36,1.72,0.7,0.37,238.992,5.1,110.4213,1.02
2016-04-11,16.26,1.73,0.7,0.37,238.992,5.1,109.9758,1.03
2016-04-12,14.85,1.79,0.74,0.37,238.992,5.1,109.816,1.05
2016-04-13,13.84,1.77,0.75,0.37,238.992,5.1,110.1436,1.02
2016-04-14,13.72,1.8,0.77,0.37,238.992,5.1,110.1691,1.03
2016-04-15,13.62,1.76,0.74,0.37,238.992,5.1,110.1933,1.02
2016-04-18,13.35,1.78,0.75,0.37,238.992,5.1,109.9892,1.03
2016-04-19,13.24,1.79,0.77,0.37,238.992,5.1,109.2782,1.02
2016-04-20,13.28,1.85,0.8,0.37,238.992,5.1,109.3926,1.05
2016-04-21,13.95,1.88,0.82,0.37,238.992,5.1,109.8533,1.06
2016-04-22,13.22,1.89,0.84,0.37,238.992,5.1,110.2331,1.0499999999999998
2016-04-25,14.08,1.91,0.85,0.37,238.992,5.1,110.1865,1.06
2016-04-26,13.96,1.94,0.86,0.37,238.992,5.1,109.7496,1.08
2016-04-27,13.77,1.87,0.83,0.37,238.992,5.1,109.8483,1.04
2016-04-28,15.22,1.84,0.78,0.37,238.992,5.1,109.2148,1.06
2016-04-29,15.7,1.83,0.77,0.37,238.992,5.1,108.8274,1.06
2016-05-02,14.68,1.88,0.8,0.37,239.557,4.8,108.671,1.0799999999999998
2016-05-03,15.6,1.81,0.75,0.37,239.557,4.8,109.3613,1.06
2016-05-04,16.05,1.79,0.75,0.37,239.557,4.8,109.9952,1.04
2016-05-05,15.91,1.76,0.72,0.37,239.557,4.8,110.2417,1.04
2016-05-06,14.72,1.79,0.74,0.37,239.557,4.8,110.3801,1.05
2016-05-09,14.57,1.77,0.72,0.37,239.557,4.8,110.9466,1.05
2016-05-10,13.63,1.77,0.72,0.37,239.557,4.8,110.8225,1.05
2016-05-11,14.69,1.73,0.74,0.37,239.557,4.8,110.2806,0.99
2016-05-12,14.41,1.75,0.76,0.37,239.557,4.8,110.6935,0.99
2016-05-13,15.04,1.71,0.76,0.37,239.557,4.8,111.2521,0.95
2016-05-16,14.68,1.75,0.79,0.37,239.557,4.8,111.1217,0.96
2016-05-17,15.57,1.76,0.82,0.37,239.557,4.8,111.0867,0.9400000000000001
2016-05-18,15.95,1.87,0.9,0.37,239.557,4.8,111.4995,0.9700000000000001
2016-05-19,16.33,1.85,0.89,0.37,239.557,4.8,112.2331,0.9600000000000001
2016-05-20,15.2,1.85,0.89,0.37,239.557,4.8,112.1822,0.9600000000000001
2016-05-23,15.82,1.84,0.91,0.37,239.557,4.8,112.284,0.93
2016-05-24,14.42,1.86,0.92,0.37,239.557,4.8,112.2912,0.9400000000000001
2016-05-25,13.9,1.87,0.92,0.37,239.557,4.8,112.2001,0.9500000000000001
2016-05-26,13.43,1.83,0.87,0.37,239.557,4.8,111.8979,0.9600000000000001
2016-05-27,13.12,1.85,0.9,0.37,239.557,4.8,112.0822,0.9500000000000001
2016-05-31,14.19,1.84,0.87,0.37,239.557,4.8,112.4276,0.9700000000000001
2016-06-01,14.2,1.85,0.91,0.38,240.222,4.9,112.462,0.9400000000000001
2016-06-02,13.63,1.81,0.89,0.38,240.222,4.9,112.4564,0.92
2016-06-03,13.47,1.71,0.78,0.38,240.222,4.9,111.4451,0.9299999999999999
2016-06-06,13.65,1.73,0.8,0.38,240.222,4.9,111.2295,0.9299999999999999
2016-06-07,14.05,1.72,0.78,0.38,240.222,4.9,110.8378,0.94
2016-06-08,14.08,1.71,0.78,0.38,240.222,4.9,110.1916,0.9299999999999999
2016-06-09,14.64,1.68,0.77,0.38,240.222,4.9,110.6168,0.9099999999999999
2016-06-10,17.03,1.64,0.73,0.38,240.222,4.9,111.1027,0.9099999999999999
2016-06-13,20.97,1.62,0.73,0.38,240.222,4.9,111.5036,0.8900000000000001
2016-06-14,20.5,1.62,0.74,0.38,240.222,4.9,111.9826,0.8800000000000001
2016-06-15,20.14,1.6,0.69,0.38,240.222,4.9,111.7671,0.9100000000000001
2016-06-16,19.37,1.57,0.7,0.38,240.222,4.9,112.2347,0.8700000000000001
2016-06-17,19.41,1.62,0.7,0.38,240.222,4.9,111.5332,0.9200000000000002
2016-06-20,18.37,1.67,0.74,0.38,240.222,4.9,110.8693,0.9299999999999999
2016-06-21,18.48,1.71,0.76,0.38,240.222,4.9,111.0077,0.95
2016-06-22,21.17,1.69,0.75,0.38,240.222,4.9,110.7681,0.94
2016-06-23,17.25,1.74,0.78,0.38,240.222,4.9,110.262,0.96
2016-06-24,25.76,1.57,0.64,0.38,240.222,4.9,112.1355,0.93
2016-06-27,23.85,1.46,0.61,0.38,240.222,4.9,113.1301,0.85
2016-06-28,18.75,1.46,0.61,0.38,240.222,4.9,112.7545,0.85
2016-06-29,16.64,1.5,0.62,0.38,240.222,4.9,111.8597,0.88
2016-06-30,15.63,1.49,0.58,0.38,240.222,4.9,112.1618,0.91
2016-07-01,14.77,1.46,0.59,0.39,240.101,4.8,111.6509,0.87
2016-07-05,15.58,1.37,0.56,0.39,240.101,4.8,112.4231,0.81
2016-07-06,14.96,1.38,0.58,0.39,240.101,4.8,112.5438,0.7999999999999999
2016-07-07,14.76,1.4,0.58,0.39,240.101,4.8,112.5775,0.82
2016-07-08,13.2,1.37,0.61,0.39,240.101,4.8,112.3963,0.7600000000000001
2016-07-11,13.54,1.43,0.66,0.39,240.101,4.8,112.5254,0.7699999999999999
2016-07-12,13.55,1.53,0.69,0.39,240.101,4.8,112.1102,0.8400000000000001
2016-07-13,13.04,1.48,0.68,0.39,240.101,4.8,112.0266,0.7999999999999999
2016-07-14,12.82,1.53,0.68,0.39,240.101,4.8,111.7692,0.85
2016-07-15,12.67,1.6,0.71,0.39,240.101,4.8,112.2833,0.8900000000000001
2016-07-18,12.44,1.59,0.68,0.39,240.101,4.8,112.2463,0.91
2016-07-19,11.97,1.56,0.7,0.39,240.101,4.8,112.638,0.8600000000000001
2016-07-20,11.77,1.59,0.73,0.39,240.101,4.8,112.6743,0.8600000000000001
2016-07-21,12.74,1.57,0.7,0.39,240.101,4.8,112.6239,0.8700000000000001
2016-07-22,12.02,1.57,0.71,0.39,240.101,4.8,112.989,0.8600000000000001
2016-07-25,12.87,1.58,0.72,0.39,240.101,4.8,113.1784,0.8600000000000001
2016-07-26,13.05,1.57,0.75,0.39,240.101,4.8,113.0593,0.8200000000000001
2016-07-27,12.83,1.52,0.73,0.39,240.101,4.8,113.217,0.79
2016-07-28,12.72,1.52,0.72,0.39,240.101,4.8,112.7393,0.8
2016-07-29,11.87,1.46,0.67,0.39,240.101,4.8,111.874,0.7899999999999999
2016-08-01,12.44,1.51,0.67,0.4,240.545,4.9,111.9757,0.84
2016-08-02,13.37,1.55,0.67,0.4,240.545,4.9,111.7124,0.88
2016-08-03,12.86,1.55,0.67,0.4,240.545,4.9,111.9419,0.88
2016-08-04,12.42,1.51,0.64,0.4,240.545,4.9,111.9149,0.87
2016-08-05,11.39,1.59,0.72,0.4,240.545,4.9,112.3589,0.8700000000000001
2016-08-08,11.5,1.59,0.74,0.4,240.545,4.9,112.1456,0.8500000000000001
2016-08-09,11.66,1.55,0.71,0.4,240.545,4.9,111.722,0.8400000000000001
2016-08-10,12.05,1.5,0.69,0.4,240.545,4.9,111.3238,0.81
2016-08-11,11.68,1.57,0.76,0.4,240.545,4.9,111.1954,0.81
2016-08-12,11.55,1.51,0.71,0.4,240.545,4.9,111.1787,0.8
2016-08-15,11.81,1.55,0.72,0.4,240.545,4.9,110.9212,0.8300000000000001
2016-08-16,12.64,1.57,0.76,0.4,240.545,4.9,110.4295,0.81
2016-08-17,12.19,1.56,0.74,0.4,240.545,4.9,110.9459,0.8200000000000001
2016-08-18,11.43,1.53,0.71,0.4,240.545,4.9,110.3134,0.8200000000000001
2016-08-19,11.34,1.58,0.76,0.4,240.545,4.9,110.8163,0.8200000000000001
2016-08-22,12.27,1.55,0.76,0.4,240.545,4.9,110.9997,0.79
2016-08-23,12.38,1.55,0.74,0.4,240.545,4.9,110.9414,0.81
2016-08-24,13.45,1.56,0.76,0.4,240.545,4.9,111.2958,0.8
2016-08-25,13.63,1.58,0.78,0.4,240.545,4.9,111.1726,0.8
2016-08-26,13.65,1.62,0.84,0.4,240.545,4.9,111.2035,0.7800000000000001
2016-08-29,12.94,1.57,0.81,0.4,240.545,4.9,111.8775,0.76
2016-08-30,13.12,1.57,0.8,0.4,240.545,4.9,112.2928,0.77
2016-08-31,13.42,1.58,0.8,0.4,240.545,4.9,112.4036,0.78
2016-09-01,13.48,1.57,0.78,0.4,241.176,5.0,112.1733,0.79
2016-09-02,11.98,1.6,0.8,0.4,241.176,5.0,112.0009,0.8
2016-09-06,12.02,1.55,0.74,0.4,241.176,5.0,110.9613,0.81
2016-09-07,11.94,1.54,0.74,0.4,241.176,5.0,110.9717,0.8
2016-09-08,12.51,1.61,0.78,0.4,241.176,5.0,111.2609,0.8300000000000001
2016-09-09,17.5,1.67,0.79,0.4,241.176,5.0,111.9879,0.8799999999999999
2016-09-12,15.16,1.68,0.79,0.4,241.176,5.0,112.1516,0.8899999999999999
2016-09-13,17.85,1.73,0.8,0.4,241.176,5.0,112.5207,0.9299999999999999
2016-09-14,18.14,1.7,0.77,0.4,241.176,5.0,112.4678,0.9299999999999999
2016-09-15,16.3,1.71,0.74,0.4,241.176,5.0,112.4753,0.97
2016-09-16,15.37,1.7,0.77,0.4,241.176,5.0,113.1765,0.9299999999999999
2016-09-19,15.53,1.7,0.79,0.4,241.176,5.0,112.903,0.9099999999999999
2016-09-20,15.92,1.69,0.79,0.4,241.176,5.0,113.1848,0.8999999999999999
2016-09-21,13.3,1.66,0.79,0.4,241.176,5.0,112.9842,0.8699999999999999
2016-09-22,12.02,1.63,0.79,0.4,241.176,5.0,112.2592,0.8399999999999999
2016-09-23,12.29,1.62,0.77,0.4,241.176,5.0,112.7166,0.8500000000000001
2016-09-26,14.5,1.59,0.76,0.4,241.176,5.0,112.7112,0.8300000000000001
2016-09-27,13.1,1.56,0.75,0.4,241.176,5.0,112.5515,0.81
2016-09-28,12.39,1.57,0.75,0.4,241.176,5.0,112.6283,0.8200000000000001
2016-09-29,14.02,1.56,0.73,0.4,241.176,5.0,112.2879,0.8300000000000001
2016-09-30,13.29,1.6,0.77,0.4,241.176,5.0,112.2795,0.8300000000000001
2016-10-03,13.57,1.63,0.8,0.4,241.741,4.9,112.5077,0.8299999999999998
2016-10-04,13.63,1.69,0.82,0.4,241.741,4.9,112.6579,0.87
2016-10-05,12.99,1.72,0.85,0.4,241.741,4.9,112.7946,0.87
2016-10-06,12.84,1.75,0.86,0.4,241.741,4.9,113.0066,0.89
2016-10-07,13.48,1.73,0.83,0.4,241.741,4.9,113.2915,0.9
2016-10-10,13.38,1.73,0.83,0.4,241.741,4.9,113.2915,0.9
2016-10-11,15.36,1.77,0.87,0.4,241.741,4.9,113.4461,0.9
2016-10-12,15.91,1.79,0.87,0.4,241.741,4.9,113.7442,0.92
2016-10-13,16.69,1.75,0.85,0.4,241.741,4.9,113.6238,0.9
2016-10-14,16.12,1.8,0.84,0.4,241.741,4.9,113.7119,0.9600000000000001
2016-10-17,16.21,1.77,0.81,0.4,241.741,4.9,113.5488,0.96
2016-10-18,15.28,1.75,0.82,0.4,241.741,4.9,113.1393,0.93
2016-10-19,14.41,1.76,0.81,0.4,241.741,4.9,113.0547,0.95
2016-10-20,13.75,1.76,0.84,0.4,241.741,4.9,113.4033,0.92
2016-10-21,13.34,1.74,0.84,0.4,241.741,4.9,113.9015,0.9
2016-10-24,13.02,1.77,0.84,0.4,241.741,4.9,113.8571,0.93
2016-10-25,13.46,1.77,0.86,0.4,241.741,4.9,113.6801,0.91
2016-10-26,14.24,1.79,0.86,0.4,241.741,4.9,113.8131,0.93
2016-10-27,15.36,1.85,0.87,0.4,241.741,4.9,114.1998,0.9800000000000001
2016-10-28,16.19,1.86,0.86,0.4,241.741,4.9,114.0931,1.0
2016-10-31,17.06,1.84,0.86,0.4,241.741,4.9,114.0188,0.9800000000000001
2016-11-01,18.56,1.83,0.83,0.41,242.026,4.7,113.9915,1.0
2016-11-02,19.32,1.81,0.81,0.41,242.026,4.7,113.9206,1.0
2016-11-03,22.08,1.82,0.81,0.41,242.026,4.7,113.7664,1.01
2016-11-04,22.51,1.79,0.8,0.41,242.026,4.7,113.5828,0.99
2016-11-07,18.71,1.83,0.82,0.41,242.026,4.7,113.5443,1.0100000000000002
2016-11-08,18.74,1.88,0.87,0.41,242.026,4.7,113.3017,1.0099999999999998
2016-11-09,14.38,2.07,0.9,0.41,242.026,4.7,114.6956,1.17
2016-11-10,14.74,2.15,0.92,0.41,242.026,4.7,115.9375,1.23
2016-11-11,14.17,2.15,0.92,0.41,242.026,4.7,115.9375,1.23
2016-11-14,14.48,2.23,1.0,0.41,242.026,4.7,117.2245,1.23
2016-11-15,13.37,2.23,1.02,0.41,242.026,4.7,116.7724,1.21
2016-11-16,13.72,2.22,1.0,0.41,242.026,4.7,116.8062,1.2200000000000002
2016-11-17,13.35,2.29,1.04,0.41,242.026,4.7,116.8952,1.25
2016-11-18,12.85,2.34,1.07,0.41,242.026,4.7,117.5936,1.2699999999999998
2016-11-21,12.42,2.33,1.08,0.41,242.026,4.7,117.4762,1.25
2016-11-22,12.41,2.31,1.07,0.41,242.026,4.7,117.4508,1.24
2016-11-23,12.43,2.36,1.12,0.41,242.026,4.7,118.0356,1.2399999999999998
2016-11-25,12.34,2.36,1.12,0.41,242.026,4.7,118.02,1.2399999999999998
2016-11-28,13.15,2.32,1.11,0.41,242.026,4.7,117.7278,1.2099999999999997
2016-11-29,12.9,2.3,1.09,0.41,242.026,4.7,117.644,1.2099999999999997
2016-11-30,13.33,2.37,1.11,0.41,242.026,4.7,117.7636,1.26
2016-12-01,14.07,2.45,1.14,0.54,242.637,4.7,117.6642,1.3100000000000003
2016-12-02,14.12,2.4,1.11,0.54,242.637,4.7,117.3116,1.2899999999999998
2016-12-05,12.14,2.39,1.13,0.54,242.637,4.7,117.1008,1.2600000000000002
2016-12-06,11.79,2.39,1.12,0.54,242.637,4.7,116.9225,1.27
2016-12-07,12.22,2.34,1.1,0.54,242.637,4.7,116.672,1.2399999999999998
2016-12-08,12.64,2.4,1.12,0.54,242.637,4.7,117.0327,1.2799999999999998
2016-12-09,11.75,2.47,1.15,0.54,242.637,4.7,117.2834,1.3200000000000003
2016-12-12,12.64,2.49,1.15,0.54,242.637,4.7,116.9161,1.3400000000000003
2016-12-13,12.72,2.48,1.17,0.54,242.637,4.7,116.8029,1.31
2016-12-14,13.19,2.54,1.27,0.54,242.637,4.7,116.7332,1.27
2016-12-15,12.79,2.6,1.29,0.54,242.637,4.7,118.8072,1.31
2016-12-16,12.2,2.6,1.28,0.54,242.637,4.7,118.3584,1.32
2016-12-19,11.71,2.54,1.24,0.54,242.637,4.7,118.3875,1.3
2016-12-20,11.45,2.57,1.25,0.54,242.637,4.7,118.63,1.3199999999999998
2016-12-21,11.27,2.55,1.21,0.54,242.637,4.7,118.581,1.3399999999999999
2016-12-22,11.43,2.55,1.22,0.54,242.637,4.7,118.8209,1.3299999999999998
2016-12-23,11.44,2.55,1.22,0.54,242.637,4.7,118.7856,1.3299999999999998
2016-12-27,11.99,2.57,1.28,0.54,242.637,4.7,118.9506,1.2899999999999998
2016-12-28,12.95,2.51,1.26,0.54,242.637,4.7,119.2305,1.2499999999999998
2016-12-29,13.37,2.49,1.22,0.54,242.637,4.7,118.6637,1.2700000000000002
2016-12-30,14.04,2.45,1.2,0.54,242.637,4.7,118.3466,1.2500000000000002
2017-01-03,12.85,2.45,1.22,0.65,243.618,4.7,119.0903,1.2300000000000002
2017-01-04,11.85,2.46,1.24,0.65,243.618,4.7,118.8803,1.22
2017-01-05,11.67,2.37,1.17,0.65,243.618,4.7,117.9999,1.2000000000000002
2017-01-06,11.32,2.42,1.22,0.65,243.618,4.7,118.3495,1.2
2017-01-09,11.56,2.38,1.21,0.65,243.618,4.7,118.4111,1.17
2017-01-10,11.49,2.38,1.19,0.65,243.618,4.7,118.5386,1.19
2017-01-11,11.26,2.38,1.2,0.65,243.618,4.7,119.0219,1.18
2017-01-12,11.54,2.36,1.18,0.65,243.618,4.7,117.8001,1.18
2017-01-13,11.23,2.4,1.21,0.65,243.618,4.7,117.9884,1.19
2017-01-17,11.87,2.33,1.17,0.65,243.618,4.7,117.2656,1.1600000000000001
2017-01-18,12.48,2.42,1.23,0.65,243.618,4.7,117.7242,1.19
2017-01-19,12.78,2.47,1.25,0.65,243.618,4.7,118.3182,1.2200000000000002
2017-01-20,11.54,2.48,1.2,0.65,243.618,4.7,118.3182,1.28
2017-01-23,11.77,2.41,1.16,0.65,243.618,4.7,117.2479,1.2500000000000002
2017-01-24,11.07,2.47,1.21,0.65,243.618,4.7,117.0516,1.2600000000000002
2017-01-25,10.81,2.53,1.23,0.65,243.618,4.7,116.9355,1.2999999999999998
2017-01-26,10.63,2.51,1.21,0.65,243.618,4.7,117.2766,1.2999999999999998
2017-01-27,10.58,2.49,1.22,0.65,243.618,4.7,117.0735,1.2700000000000002
2017-01-30,11.88,2.49,1.22,0.65,243.618,4.7,116.7325,1.2700000000000002
2017-01-31,11.99,2.45,1.19,0.65,243.618,4.7,116.2241,1.2600000000000002
2017-02-01,11.81,2.48,1.22,0.66,244.006,4.6,116.3914,1.26
2017-02-02,11.93,2.48,1.21,0.66,244.006,4.6,115.903,1.27
2017-02-03,10.97,2.49,1.21,0.66,244.006,4.6,115.6259,1.2800000000000002
2017-02-06,11.37,2.42,1.16,0.66,244.006,4.6,116.0504,1.26
2017-02-07,11.29,2.4,1.16,0.66,244.006,4.6,116.4082,1.24
2017-02-08,11.45,2.34,1.15,0.66,244.006,4.6,116.1382,1.19
2017-02-09,10.88,2.4,1.2,0.66,244.006,4.6,116.306,1.2
2017-02-10,10.85,2.41,1.2,0.66,244.006,4.6,116.148,1.2100000000000002
2017-02-13,11.07,2.43,1.2,0.66,244.006,4.6,116.3427,1.2300000000000002
2017-02-14,10.74,2.47,1.25,0.66,244.006,4.6,116.3949,1.2200000000000002
2017-02-15,11.97,2.51,1.27,0.66,244.006,4.6,116.2162,1.2399999999999998
2017-02-16,11.76,2.45,1.22,0.66,244.006,4.6,116.0067,1.2300000000000002
2017-02-17,11.49,2.42,1.21,0.66,244.006,4.6,116.4035,1.21
2017-02-21,11.57,2.43,1.22,0.66,244.006,4.6,116.5921,1.2100000000000002
2017-02-22,11.74,2.42,1.22,0.66,244.006,4.6,116.2136,1.2
2017-02-23,11.71,2.38,1.18,0.66,244.006,4.6,115.6527,1.2
2017-02-24,11.47,2.31,1.12,0.66,244.006,4.6,115.8143,1.19
2017-02-27,12.09,2.36,1.2,0.66,244.006,4.6,115.6764,1.16
2017-02-28,12.92,2.36,1.22,0.66,244.006,4.6,116.0032,1.14
2017-03-01,12.54,2.46,1.29,0.79,243.892,4.4,116.438,1.17
2017-03-02,11.81,2.49,1.32,0.79,243.892,4.4,116.8429,1.1700000000000002
2017-03-03,10.96,2.49,1.32,0.79,243.892,4.4,116.6438,1.1700000000000002
2017-03-06,11.24,2.49,1.31,0.79,243.892,4.4,116.4313,1.1800000000000002
2017-03-07,11.45,2.52,1.32,0.79,243.892,4.4,116.4303,1.2
2017-03-08,11.86,2.57,1.36,0.79,243.892,4.4,116.875,1.2099999999999997
2017-03-09,12.3,2.6,1.37,0.79,243.892,4.4,116.9959,1.23
2017-03-10,11.66,2.58,1.36,0.79,243.892,4.4,116.616,1.22
2017-03-13,11.35,2.62,1.4,0.79,243.892,4.4,116.4004,1.2200000000000002
2017-03-14,12.3,2.6,1.4,0.79,243.892,4.4,116.5646,1.2000000000000002
2017-03-15,11.63,2.51,1.33,0.79,243.892,4.4,116.3584,1.1799999999999997
2017-03-16,11.21,2.53,1.35,0.79,243.892,4.4,115.4456,1.1799999999999997
2017-03-17,11.28,2.5,1.33,0.79,243.892,4.4,115.2783,1.17
2017-03-20,11.34,2.47,1.3,0.79,243.892,4.4,115.0426,1.1700000000000002
2017-03-21,12.47,2.43,1.27,0.79,243.892,4.4,114.8119,1.1600000000000001
2017-03-22,12.81,2.4,1.27,0.79,243.892,4.4,114.7937,1.13
2017-03-23,13.12,2.41,1.26,0.79,243.892,4.4,114.7899,1.1500000000000001
2017-03-24,12.96,2.4,1.26,0.79,243.892,4.4,114.6372,1.14
2017-03-27,12.5,2.38,1.27,0.79,243.892,4.4,114.2347,1.1099999999999999
2017-03-28,11.53,2.42,1.3,0.79,243.892,4.4,114.419,1.1199999999999999
2017-03-29,11.42,2.39,1.26,0.79,243.892,4.4,114.7167,1.1300000000000001
2017-03-30,11.54,2.42,1.28,0.79,243.892,4.4,114.5245,1.14
2017-03-31,12.37,2.4,1.27,0.79,243.892,4.4,114.7938,1.13
2017-04-03,12.38,2.35,1.24,0.9,244.193,4.4,114.8734,1.11
2017-04-04,11.79,2.36,1.25,0.9,244.193,4.4,115.0038,1.1099999999999999
2017-04-05,12.89,2.34,1.24,0.9,244.193,4.4,114.9494,1.0999999999999999
2017-04-06,12.39,2.34,1.24,0.9,244.193,4.4,115.0181,1.0999999999999999
2017-04-07,12.87,2.38,1.29,0.9,244.193,4.4,115.0547,1.0899999999999999
2017-04-10,14.05,2.37,1.29,0.9,244.193,4.4,115.11,1.08
2017-04-11,15.07,2.32,1.24,0.9,244.193,4.4,115.009,1.0799999999999998
2017-04-12,15.77,2.28,1.24,0.9,244.193,4.4,114.9162,1.0399999999999998
2017-04-13,15.96,2.24,1.21,0.9,244.193,4.4,114.5059,1.0300000000000002
2017-04-17,14.66,2.26,1.21,0.9,244.193,4.4,114.3283,1.0499999999999998
2017-04-18,14.42,2.18,1.18,0.9,244.193,4.4,114.2575,1.0000000000000002
2017-04-19,14.93,2.21,1.19,0.9,244.193,4.4,114.7923,1.02
2017-04-20,14.15,2.24,1.21,0.9,244.193,4.4,114.6205,1.0300000000000002
2017-04-21,14.63,2.24,1.2,0.9,244.193,4.4,114.8128,1.0400000000000003
2017-04-24,10.84,2.28,1.25,0.9,244.193,4.4,114.3659,1.0299999999999998
2017-04-25,10.76,2.35,1.29,0.9,244.193,4.4,114.5111,1.06
2017-04-26,10.85,2.32,1.28,0.9,244.193,4.4,114.9479,1.0399999999999998
2017-04-27,10.36,2.3,1.25,0.9,244.193,4.4,114.9946,1.0499999999999998
2017-04-28,10.82,2.29,1.28,0.9,244.193,4.4,114.7877,1.01
2017-05-01,10.11,2.33,1.28,0.91,244.004,4.4,114.5921,1.05
2017-05-02,10.59,2.29,1.27,0.91,244.004,4.4,114.6792,1.02
2017-05-03,10.68,2.33,1.3,0.91,244.004,4.4,114.6637,1.03
2017-05-04,10.46,2.36,1.32,0.91,244.004,4.4,114.9076,1.0399999999999998
2017-05-05,10.57,2.36,1.32,0.91,244.004,4.4,114.7725,1.0399999999999998
2017-05-08,9.77,2.39,1.33,0.91,244.004,4.4,115.0895,1.06
2017-05-09,9.96,2.42,1.37,0.91,244.004,4.4,115.3933,1.0499999999999998
2017-05-10,10.21,2.41,1.35,0.91,244.004,4.4,115.1145,1.06
2017-05-11,10.6,2.39,1.35,0.91,244.004,4.4,115.0669,1.04
2017-05-12,10.4,2.33,1.29,0.91,244.004,4.4,114.7479,1.04
2017-05-15,10.42,2.34,1.31,0.91,244.004,4.4,114.3504,1.0299999999999998
2017-05-16,10.65,2.33,1.29,0.91,244.004,4.4,113.9923,1.04
2017-05-17,15.59,2.22,1.26,0.91,244.004,4.4,113.7506,0.9600000000000002
2017-05-18,14.66,2.23,1.27,0.91,244.004,4.4,114.2683,0.96
2017-05-19,12.04,2.23,1.28,0.91,244.004,4.4,113.7001,0.95
2017-05-22,10.93,2.25,1.29,0.91,244.004,4.4,113.5442,0.96
2017-05-23,10.72,2.29,1.31,0.91,244.004,4.4,113.6862,0.98
2017-05-24,10.02,2.26,1.29,0.91,244.004,4.4,113.675,0.9699999999999998
2017-05-25,9.99,2.25,1.3,0.91,244.004,4.4,113.3719,0.95
2017-05-26,9.81,2.25,1.3,0.91,244.004,4.4,113.4839,0.95
2017-05-30,10.38,2.21,1.28,0.91,244.004,4.4,113.5552,0.9299999999999999
2017-05-31,10.41,2.21,1.28,0.91,244.004,4.4,113.2956,0.9299999999999999
2017-06-01,9.89,2.21,1.28,1.04,244.163,4.3,113.3017,0.9299999999999999
2017-06-02,9.75,2.15,1.28,1.04,244.163,4.3,113.1908,0.8699999999999999
2017-06-05,10.07,2.18,1.32,1.04,244.163,4.3,112.9755,0.8600000000000001
2017-06-06,10.45,2.14,1.3,1.04,244.163,4.3,112.7095,0.8400000000000001
2017-06-07,10.39,2.18,1.32,1.04,244.163,4.3,112.8191,0.8600000000000001
2017-06-08,10.16,2.19,1.33,1.04,244.163,4.3,112.8351,0.8599999999999999
2017-06-09,10.7,2.21,1.35,1.04,244.163,4.3,112.9562,0.8599999999999999
2017-06-12,11.46,2.21,1.35,1.04,244.163,4.3,112.9837,0.8599999999999999
2017-06-13,10.42,2.21,1.38,1.04,244.163,4.3,112.6271,0.8300000000000001
2017-06-14,10.64,2.15,1.35,1.04,244.163,4.3,112.0734,0.7999999999999998
2017-06-15,10.9,2.16,1.35,1.04,244.163,4.3,112.8708,0.81
2017-06-16,10.38,2.16,1.32,1.04,244.163,4.3,112.6155,0.8400000000000001
2017-06-19,10.37,2.19,1.36,1.04,244.163,4.3,112.7576,0.8299999999999998
2017-06-20,10.86,2.16,1.36,1.04,244.163,4.3,113.2698,0.8
2017-06-21,10.75,2.16,1.36,1.04,244.163,4.3,113.3327,0.8
2017-06-22,10.48,2.15,1.34,1.04,244.163,4.3,113.1654,0.8099999999999998
2017-06-23,10.02,2.15,1.34,1.04,244.163,4.3,112.8665,0.8099999999999998
2017-06-26,9.9,2.14,1.36,1.04,244.163,4.3,112.7633,0.78
2017-06-27,11.06,2.21,1.38,1.04,244.163,4.3,112.55,0.8300000000000001
2017-06-28,10.03,2.22,1.34,1.04,244.163,4.3,112.0747,0.8800000000000001
2017-06-29,11.44,2.27,1.38,1.04,244.163,4.3,111.998,0.8900000000000001
2017-06-30,11.18,2.31,1.38,1.04,244.163,4.3,111.9896,0.9300000000000002
2017-07-03,11.22,2.35,1.41,1.15,244.243,4.3,112.4268,0.9400000000000002
2017-07-05,11.07,2.33,1.41,1.15,244.243,4.3,112.6534,0.9200000000000002
2017-07-06,12.54,2.37,1.4,1.15,244.243,4.3,112.4199,0.9700000000000002
2017-07-07,11.19,2.39,1.4,1.15,244.243,4.3,112.3137,0.9900000000000002
2017-07-10,11.11,2.38,1.4,1.15,244.243,4.3,112.1587,0.98
2017-07-11,10.89,2.37,1.37,1.15,244.243,4.3,112.1434,1.0
2017-07-12,10.3,2.33,1.35,1.15,244.243,4.3,111.5904,0.98
2017-07-13,9.9,2.35,1.37,1.15,244.243,4.3,111.5365,0.98
2017-07-14,9.51,2.33,1.35,1.15,244.243,4.3,110.9075,0.98
2017-07-17,9.82,2.31,1.36,1.15,244.243,4.3,110.9304,0.95
2017-07-18,9.89,2.27,1.36,1.15,244.243,4.3,110.4356,0.9099999999999999
2017-07-19,9.79,2.27,1.37,1.15,244.243,4.3,110.4339,0.8999999999999999
2017-07-20,9.58,2.27,1.37,1.15,244.243,4.3,110.2512,0.8999999999999999
2017-07-21,9.36,2.24,1.36,1.15,244.243,4.3,110.191,0.8800000000000001
2017-07-24,9.43,2.26,1.37,1.15,244.243,4.3,110.2004,0.8899999999999997
2017-07-25,9.43,2.33,1.4,1.15,244.243,4.3,110.2835,0.9300000000000002
2017-07-26,9.6,2.29,1.36,1.15,244.243,4.3,110.3811,0.9299999999999999
2017-07-27,10.11,2.32,1.36,1.15,244.243,4.3,110.216,0.9599999999999997
2017-07-28,10.29,2.3,1.34,1.15,244.243,4.3,109.92,0.9599999999999997
2017-07-31,10.26,2.3,1.34,1.15,244.243,4.3,109.8177,0.9599999999999997
2017-08-01,10.09,2.26,1.34,1.16,245.183,4.4,109.8495,0.9199999999999997
2017-08-02,10.28,2.27,1.36,1.16,245.183,4.4,109.7503,0.9099999999999999
2017-08-03,10.44,2.24,1.34,1.16,245.183,4.4,109.8332,0.9000000000000001
2017-08-04,10.03,2.27,1.36,1.16,245.183,4.4,110.2808,0.9099999999999999
2017-08-07,9.93,2.26,1.36,1.16,245.183,4.4,110.373,0.8999999999999997
2017-08-08,10.96,2.29,1.36,1.16,245.183,4.4,110.396,0.9299999999999999
2017-08-09,11.11,2.24,1.33,1.16,245.183,4.4,110.3671,0.9100000000000001
2017-08-10,16.04,2.2,1.33,1.16,245.183,4.4,110.1886,0.8700000000000001
2017-08-11,15.51,2.19,1.3,1.16,245.183,4.4,110.0422,0.8899999999999999
2017-08-14,12.33,2.22,1.33,1.16,245.183,4.4,110.095,0.8900000000000001
2017-08-15,12.04,2.27,1.35,1.16,245.183,4.4,110.4846,0.9199999999999999
2017-08-16,11.74,2.23,1.33,1.16,245.183,4.4,110.4394,0.8999999999999999
2017-08-17,15.55,2.19,1.32,1.16,245.183,4.4,110.1673,0.8699999999999999
2017-08-18,14.26,2.19,1.33,1.16,245.183,4.4,110.041,0.8599999999999999
2017-08-21,13.19,2.18,1.32,1.16,245.183,4.4,109.7349,0.8600000000000001
2017-08-22,11.35,2.22,1.33,1.16,245.183,4.4,109.8386,0.8900000000000001
2017-08-23,12.25,2.17,1.32,1.16,245.183,4.4,109.8095,0.8499999999999999
2017-08-24,12.23,2.19,1.33,1.16,245.183,4.4,109.7524,0.8599999999999999
2017-08-25,11.28,2.17,1.35,1.16,245.183,4.4,109.3415,0.8199999999999998
2017-08-28,11.32,2.16,1.33,1.16,245.183,4.4,109.1815,0.8300000000000001
2017-08-29,11.7,2.13,1.33,1.16,245.183,4.4,109.0946,0.7999999999999998
2017-08-30,11.22,2.15,1.33,1.16,245.183,4.4,109.4052,0.8199999999999998
2017-08-31,10.59,2.12,1.33,1.16,245.183,4.4,109.3686,0.79
2017-09-01,10.13,2.16,1.35,1.15,246.435,4.3,109.0504,0.81
2017-09-05,12.23,2.07,1.3,1.15,246.435,4.3,108.8664,0.7699999999999998
2017-09-06,11.63,2.1,1.3,1.15,246.435,4.3,108.4897,0.8
2017-09-07,11.55,2.05,1.27,1.15,246.435,4.3,107.9224,0.7799999999999998
2017-09-08,12.12,2.06,1.27,1.15,246.435,4.3,107.808,0.79
2017-09-11,10.73,2.14,1.32,1.15,246.435,4.3,108.153,0.8200000000000001
2017-09-12,10.58,2.17,1.33,1.15,246.435,4.3,108.3239,0.8399999999999999
2017-09-13,10.5,2.2,1.35,1.15,246.435,4.3,108.6628,0.8500000000000001
2017-09-14,10.44,2.2,1.37,1.15,246.435,4.3,108.618,0.8300000000000001
2017-09-15,10.17,2.2,1.39,1.15,246.435,4.3,108.3147,0.8100000000000003
2017-09-18,10.15,2.23,1.4,1.15,246.435,4.3,108.6401,0.8300000000000001
2017-09-19,10.18,2.24,1.4,1.15,246.435,4.3,108.6142,0.8400000000000003
2017-09-20,9.78,2.28,1.45,1.15,246.435,4.3,108.4329,0.8299999999999998
2017-09-21,9.67,2.27,1.45,1.15,246.435,4.3,108.9267,0.8200000000000001
2017-09-22,9.59,2.26,1.46,1.15,246.435,4.3,108.7542,0.7999999999999998
2017-09-25,10.21,2.22,1.44,1.15,246.435,4.3,109.3302,0.7800000000000002
2017-09-26,10.17,2.24,1.45,1.15,246.435,4.3,109.7769,0.7900000000000003
2017-09-27,9.87,2.31,1.47,1.15,246.435,4.3,110.0722,0.8400000000000001
2017-09-28,9.55,2.31,1.45,1.15,246.435,4.3,110.2415,0.8600000000000001
2017-09-29,9.51,2.33,1.47,1.15,246.435,4.3,110.0867,0.8600000000000001
2017-10-02,9.45,2.34,1.49,1.15,246.626,4.2,110.3686,0.8499999999999999
2017-10-03,9.51,2.33,1.47,1.15,246.626,4.2,110.3281,0.8600000000000001
2017-10-04,9.63,2.33,1.47,1.15,246.626,4.2,110.2425,0.8600000000000001
2017-10-05,9.19,2.35,1.49,1.15,246.626,4.2,110.5823,0.8600000000000001
2017-10-06,9.65,2.37,1.54,1.15,246.626,4.2,110.7841,0.8300000000000001
2017-10-09,10.33,2.37,1.54,1.15,246.626,4.2,110.7841,0.8300000000000001
2017-10-10,10.08,2.35,1.51,1.15,246.626,4.2,110.3034,0.8400000000000001
2017-10-11,9.85,2.35,1.51,1.15,246.626,4.2,110.3037,0.8400000000000001
2017-10-12,9.91,2.33,1.51,1.15,246.626,4.2,110.3152,0.8200000000000001
2017-10-13,9.61,2.28,1.51,1.15,246.626,4.2,110.2669,0.7699999999999998
2017-10-16,9.91,2.3,1.54,1.15,246.626,4.2,110.5432,0.7599999999999998
2017-10-17,10.31,2.3,1.54,1.15,246.626,4.2,110.9141,0.7599999999999998
2017-10-18,10.07,2.34,1.59,1.15,246.626,4.2,110.7214,0.7499999999999998
2017-10-19,10.05,2.33,1.58,1.15,246.626,4.2,110.4577,0.75
2017-10-20,9.97,2.39,1.6,1.15,246.626,4.2,111.0375,0.79
2017-10-23,11.07,2.38,1.58,1.15,246.626,4.2,111.2134,0.7999999999999998
2017-10-24,11.16,2.42,1.6,1.15,246.626,4.2,111.4027,0.8199999999999998
2017-10-25,11.23,2.44,1.61,1.15,246.626,4.2,111.3904,0.8299999999999998
2017-10-26,11.3,2.46,1.63,1.15,246.626,4.2,111.6418,0.8300000000000001
2017-10-27,9.8,2.42,1.59,1.15,246.626,4.2,112.1495,0.8299999999999998
2017-10-30,10.5,2.37,1.58,1.15,246.626,4.2,111.901,0.79
2017-10-31,10.18,2.38,1.6,1.15,246.626,4.2,111.8052,0.7799999999999998
2017-11-01,10.2,2.37,1.61,1.16,247.284,4.2,111.7942,0.76
2017-11-02,9.93,2.35,1.61,1.16,247.284,4.2,111.5474,0.74
2017-11-03,9.14,2.34,1.63,1.16,247.284,4.2,111.9383,0.71
2017-11-06,9.4,2.32,1.61,1.16,247.284,4.2,111.7197,0.7099999999999997
2017-11-07,9.89,2.32,1.63,1.16,247.284,4.2,111.9446,0.69
2017-11-08,9.78,2.32,1.65,1.16,247.284,4.2,111.6935,0.6699999999999999
2017-11-09,10.5,2.33,1.63,1.16,247.284,4.2,111.5626,0.7000000000000002
2017-11-10,11.29,2.4,1.67,1.16,247.284,4.2,111.5626,0.73
2017-11-13,11.5,2.4,1.7,1.16,247.284,4.2,111.7833,0.7
2017-11-14,11.59,2.38,1.68,1.16,247.284,4.2,111.5097,0.7
2017-11-15,13.13,2.33,1.68,1.16,247.284,4.2,111.4809,0.6500000000000001
2017-11-16,11.76,2.37,1.72,1.16,247.284,4.2,111.2568,0.6500000000000001
2017-11-17,11.43,2.35,1.73,1.16,247.284,4.2,111.0016,0.6200000000000001
2017-11-20,10.65,2.37,1.77,1.16,247.284,4.2,111.2599,0.6000000000000001
2017-11-21,9.73,2.36,1.77,1.16,247.284,4.2,110.9828,0.5899999999999999
2017-11-22,9.88,2.32,1.74,1.16,247.284,4.2,110.5632,0.5799999999999998
2017-11-24,9.67,2.34,1.75,1.16,247.284,4.2,110.0253,0.5899999999999999
2017-11-27,9.87,2.32,1.74,1.16,247.284,4.2,110.1136,0.5799999999999998
2017-11-28,10.03,2.34,1.75,1.16,247.284,4.2,110.3018,0.5899999999999999
2017-11-29,10.7,2.37,1.78,1.16,247.284,4.2,110.3265,0.5900000000000001
2017-11-30,11.28,2.42,1.78,1.16,247.284,4.2,110.4648,0.6399999999999999
2017-12-01,11.43,2.37,1.78,1.3,247.805,4.1,110.1413,0.5900000000000001
2017-12-04,11.68,2.37,1.8,1.3,247.805,4.1,110.397,0.5700000000000001
2017-12-05,11.33,2.36,1.83,1.3,247.805,4.1,110.4905,0.5299999999999998
2017-12-06,11.02,2.33,1.78,1.3,247.805,4.1,110.8711,0.55
2017-12-07,10.16,2.37,1.8,1.3,247.805,4.1,111.0178,0.5700000000000001
2017-12-08,9.58,2.38,1.8,1.3,247.805,4.1,111.2273,0.5799999999999998
2017-12-11,9.34,2.39,1.82,1.3,247.805,4.1,111.0827,0.5700000000000001
2017-12-12,9.92,2.4,1.83,1.3,247.805,4.1,111.5214,0.5699999999999998
2017-12-13,10.18,2.36,1.79,1.3,247.805,4.1,111.2759,0.5699999999999998
2017-12-14,10.49,2.35,1.82,1.3,247.805,4.1,111.0893,0.53
2017-12-15,9.42,2.35,1.84,1.3,247.805,4.1,111.1286,0.51
2017-12-18,9.53,2.39,1.84,1.3,247.805,4.1,110.9086,0.55
2017-12-19,10.03,2.46,1.87,1.3,247.805,4.1,111.1255,0.5899999999999999
2017-12-20,9.72,2.49,1.87,1.3,247.805,4.1,110.8361,0.6200000000000001
2017-12-21,9.62,2.48,1.89,1.3,247.805,4.1,110.8786,0.5900000000000001
2017-12-22,9.9,2.48,1.91,1.3,247.805,4.1,111.0997,0.5700000000000001
2017-12-26,10.25,2.47,1.92,1.3,247.805,4.1,110.9758,0.5500000000000003
2017-12-27,10.47,2.42,1.89,1.3,247.805,4.1,110.8553,0.53
2017-12-28,10.18,2.43,1.91,1.3,247.805,4.1,110.5154,0.5200000000000002
2017-12-29,11.04,2.4,1.89,1.3,247.805,4.1,110.0783,0.51
2018-01-02,9.77,2.46,1.92,1.41,248.859,4.0,109.6445,0.54
2018-01-03,9.15,2.44,1.94,1.41,248.859,4.0,109.6751,0.5
2018-01-04,9.22,2.46,1.96,1.41,248.859,4.0,109.4777,0.5
2018-01-05,9.22,2.47,1.96,1.41,248.859,4.0,109.3496,0.5100000000000002
2018-01-08,9.52,2.49,1.96,1.41,248.859,4.0,109.5681,0.5300000000000002
2018-01-09,10.08,2.55,1.98,1.41,248.859,4.0,109.9025,0.5699999999999998
2018-01-10,9.82,2.55,1.98,1.41,248.859,4.0,109.628,0.5699999999999998
2018-01-11,9.88,2.54,1.98,1.41,248.859,4.0,109.4888,0.56
2018-01-12,10.16,2.55,1.99,1.41,248.859,4.0,108.901,0.5599999999999998
2018-01-16,11.66,2.54,2.03,1.41,248.859,4.0,108.3218,0.5100000000000002
2018-01-17,11.91,2.57,2.05,1.41,248.859,4.0,108.1526,0.52
2018-01-18,12.22,2.62,2.05,1.41,248.859,4.0,108.0655,0.5700000000000003
2018-01-19,11.27,2.64,2.06,1.41,248.859,4.0,107.9455,0.5800000000000001
2018-01-22,11.03,2.66,2.08,1.41,248.859,4.0,108.107,0.5800000000000001
2018-01-23,11.1,2.63,2.06,1.41,248.859,4.0,107.9979,0.5699999999999998
2018-01-24,11.47,2.65,2.08,1.41,248.859,4.0,107.0802,0.5699999999999998
2018-01-25,11.58,2.63,2.08,1.41,248.859,4.0,106.5052,0.5499999999999998
2018-01-26,11.08,2.66,2.13,1.41,248.859,4.0,106.6911,0.5300000000000002
2018-01-29,13.84,2.7,2.11,1.41,248.859,4.0,107.1142,0.5900000000000003
2018-01-30,14.79,2.73,2.13,1.41,248.859,4.0,107.1064,0.6000000000000001
2018-01-31,13.54,2.72,2.14,1.41,248.859,4.0,106.7696,0.5800000000000001
2018-02-01,13.47,2.78,2.16,1.42,249.529,4.1,106.4877,0.6199999999999997
2018-02-02,17.31,2.84,2.15,1.42,249.529,4.1,107.1151,0.69
2018-02-05,37.32,2.77,2.08,1.42,249.529,4.1,107.33,0.69
2018-02-06,29.98,2.79,2.1,1.42,249.529,4.1,107.5204,0.69
2018-02-07,27.73,2.84,2.15,1.42,249.529,4.1,107.7175,0.69
2018-02-08,33.46,2.85,2.13,1.42,249.529,4.1,108.3025,0.7200000000000002
2018-02-09,29.06,2.83,2.05,1.42,249.529,4.1,108.2582,0.7800000000000002
2018-02-12,25.61,2.86,2.09,1.42,249.529,4.1,108.0332,0.77
2018-02-13,24.97,2.83,2.1,1.42,249.529,4.1,107.7574,0.73
2018-02-14,19.26,2.91,2.17,1.42,249.529,4.1,107.4691,0.7400000000000002
2018-02-15,19.13,2.9,2.19,1.42,249.529,4.1,106.9867,0.71
2018-02-16,19.46,2.87,2.21,1.42,249.529,4.1,107.0359,0.6600000000000001
2018-02-20,20.6,2.88,2.25,1.42,249.529,4.1,107.6249,0.6299999999999999
2018-02-21,20.02,2.94,2.26,1.42,249.529,4.1,107.8679,0.6800000000000002
2018-02-22,18.72,2.92,2.25,1.42,249.529,4.1,107.8668,0.6699999999999999
2018-02-23,16.49,2.88,2.25,1.42,249.529,4.1,107.6804,0.6299999999999999
2018-02-26,15.8,2.86,2.22,1.42,249.529,4.1,107.7347,0.6399999999999997
2018-02-27,18.59,2.9,2.27,1.42,249.529,4.1,108.1731,0.6299999999999999
2018-02-28,19.85,2.87,2.25,1.42,249.529,4.1,108.3903,0.6200000000000001
2018-03-01,22.47,2.81,2.22,1.51,249.577,4.0,108.5358,0.5899999999999999
2018-03-02,19.59,2.86,2.25,1.51,249.577,4.0,108.5358,0.6099999999999999
2018-03-05,18.73,2.88,2.24,1.51,249.577,4.0,108.3614,0.6399999999999997
2018-03-06,18.36,2.88,2.25,1.51,249.577,4.0,107.7969,0.6299999999999999
2018-03-07,17.76,2.89,2.25,1.51,249.577,4.0,108.0911,0.6400000000000001
2018-03-08,16.54,2.86,2.25,1.51,249.577,4.0,108.2671,0.6099999999999999
2018-03-09,14.64,2.9,2.27,1.51,249.577,4.0,107.923,0.6299999999999999
2018-03-12,15.78,2.87,2.27,1.51,249.577,4.0,107.9438,0.6000000000000001
2018-03-13,16.35,2.84,2.26,1.51,249.577,4.0,107.7384,0.5800000000000001
2018-03-14,17.23,2.81,2.26,1.51,249.577,4.0,107.8623,0.5500000000000003
2018-03-15,16.59,2.82,2.29,1.51,249.577,4.0,108.2032,0.5299999999999998
2018-03-16,15.8,2.85,2.31,1.51,249.577,4.0,108.4332,0.54
2018-03-19,19.02,2.85,2.31,1.51,249.577,4.0,108.3145,0.54
2018-03-20,18.2,2.89,2.34,1.51,249.577,4.0,108.4953,0.5500000000000003
2018-03-21,17.86,2.89,2.31,1.51,249.577,4.0,108.4953,0.5800000000000001
2018-03-22,23.34,2.83,2.29,1.51,249.577,4.0,107.9935,0.54
2018-03-23,24.87,2.82,2.28,1.51,249.577,4.0,107.7495,0.54
2018-03-26,21.03,2.85,2.33,1.51,249.577,4.0,107.1819,0.52
2018-03-27,22.5,2.78,2.26,1.51,249.577,4.0,107.3359,0.52
2018-03-28,22.87,2.77,2.28,1.51,249.577,4.0,107.5733,0.4900000000000002
2018-03-29,19.97,2.74,2.27,1.51,249.577,4.0,107.665,0.4700000000000002
2018-04-02,23.62,2.73,2.25,1.69,250.227,4.0,107.7033,0.48
2018-04-03,21.1,2.79,2.28,1.69,250.227,4.0,107.5624,0.5100000000000002
2018-04-04,20.06,2.79,2.28,1.69,250.227,4.0,107.6361,0.5100000000000002
2018-04-05,18.94,2.83,2.3,1.69,250.227,4.0,107.7281,0.5300000000000002
2018-04-06,21.49,2.77,2.27,1.69,250.227,4.0,107.7886,0.5
2018-04-09,21.77,2.78,2.29,1.69,250.227,4.0,107.5316,0.48999999999999977
2018-04-10,20.47,2.8,2.32,1.69,250.227,4.0,107.3659,0.48
2018-04-11,20.24,2.79,2.32,1.69,250.227,4.0,107.1224,0.4700000000000002
2018-04-12,18.49,2.83,2.34,1.69,250.227,4.0,107.2905,0.4900000000000002
2018-04-13,17.41,2.82,2.37,1.69,250.227,4.0,107.2368,0.44999999999999973
2018-04-16,16.56,2.83,2.39,1.69,250.227,4.0,107.0595,0.43999999999999995
2018-04-17,15.25,2.82,2.41,1.69,250.227,4.0,107.0344,0.4099999999999997
2018-04-18,15.6,2.87,2.42,1.69,250.227,4.0,107.1096,0.4500000000000002
2018-04-19,15.96,2.92,2.44,1.69,250.227,4.0,107.5197,0.48
2018-04-20,16.88,2.96,2.46,1.69,250.227,4.0,108.1787,0.5
2018-04-23,16.34,2.98,2.49,1.69,250.227,4.0,108.9332,0.48999999999999977
2018-04-24,18.02,3.0,2.48,1.69,250.227,4.0,108.7906,0.52
2018-04-25,17.84,3.03,2.49,1.69,250.227,4.0,109.3447,0.5399999999999996
2018-04-26,16.24,3.0,2.49,1.69,250.227,4.0,109.3646,0.5099999999999998
2018-04-27,15.41,2.96,2.49,1.69,250.227,4.0,109.1735,0.46999999999999975
2018-04-30,15.93,2.95,2.49,1.69,250.227,4.0,109.3363,0.45999999999999996
2018-05-01,15.49,2.97,2.5,1.7,250.792,3.8,109.7445,0.4700000000000002
2018-05-02,15.97,2.97,2.49,1.7,250.792,3.8,110.1625,0.48
2018-05-03,15.9,2.94,2.49,1.7,250.792,3.8,110.1803,0.44999999999999973
2018-05-04,14.77,2.95,2.51,1.7,250.792,3.8,110.25,0.4400000000000004
2018-05-07,14.75,2.95,2.49,1.7,250.792,3.8,110.5721,0.45999999999999996
2018-05-08,14.71,2.97,2.51,1.7,250.792,3.8,111.063,0.4600000000000004
2018-05-09,13.42,3.0,2.54,1.7,250.792,3.8,110.8818,0.45999999999999996
2018-05-10,13.23,2.97,2.54,1.7,250.792,3.8,110.405,0.43000000000000016
2018-05-11,12.65,2.97,2.54,1.7,250.792,3.8,110.2847,0.43000000000000016
2018-05-14,12.93,3.0,2.55,1.7,250.792,3.8,110.408,0.4500000000000002
2018-05-15,14.63,3.08,2.58,1.7,250.792,3.8,111.2292,0.5
2018-05-16,13.42,3.09,2.58,1.7,250.792,3.8,111.3068,0.5099999999999998
2018-05-17,13.43,3.11,2.57,1.7,250.792,3.8,111.3547,0.54
2018-05-18,13.42,3.06,2.55,1.7,250.792,3.8,111.7171,0.5100000000000002
2018-05-21,13.08,3.06,2.58,1.7,250.792,3.8,111.6394,0.48
2018-05-22,13.22,3.06,2.59,1.7,250.792,3.8,111.1945,0.4700000000000002
2018-05-23,12.58,3.01,2.53,1.7,250.792,3.8,111.6933,0.48
2018-05-24,12.53,2.98,2.5,1.7,250.792,3.8,111.4885,0.48
2018-05-25,13.22,2.93,2.48,1.7,250.792,3.8,111.5843,0.4500000000000002
2018-05-29,17.02,2.77,2.32,1.7,250.792,3.8,112.2127,0.4500000000000002
2018-05-30,14.94,2.84,2.42,1.7,250.792,3.8,111.6731,0.41999999999999993
2018-05-31,15.43,2.83,2.4,1.7,250.792,3.8,111.9894,0.43000000000000016
2018-06-01,13.46,2.89,2.47,1.82,251.018,4.0,111.8265,0.41999999999999993
2018-06-04,12.74,2.94,2.52,1.82,251.018,4.0,111.8247,0.41999999999999993
2018-06-05,12.4,2.92,2.49,1.82,251.018,4.0,112.264,0.4299999999999997
2018-06-06,11.64,2.97,2.52,1.82,251.018,4.0,111.7525,0.4500000000000002
2018-06-07,12.13,2.93,2.5,1.82,251.018,4.0,112.0725,0.43000000000000016
2018-06-08,12.18,2.93,2.5,1.82,251.018,4.0,112.1066,0.43000000000000016
2018-06-11,12.35,2.96,2.52,1.82,251.018,4.0,112.1106,0.43999999999999995
2018-06-12,12.34,2.96,2.54,1.82,251.018,4.0,112.2138,0.41999999999999993
2018-06-13,12.94,2.98,2.59,1.82,251.018,4.0,112.2577,0.3900000000000001
2018-06-14,12.12,2.94,2.59,1.82,251.018,4.0,112.8593,0.3500000000000001
2018-06-15,11.98,2.93,2.55,1.82,251.018,4.0,113.3379,0.38000000000000034
2018-06-18,12.31,2.92,2.56,1.82,251.018,4.0,113.4899,0.3599999999999999
2018-06-19,13.35,2.89,2.54,1.82,251.018,4.0,113.639,0.3500000000000001
2018-06-20,12.79,2.93,2.56,1.82,251.018,4.0,113.4784,0.3700000000000001
2018-06-21,14.64,2.9,2.56,1.82,251.018,4.0,113.6109,0.33999999999999986
2018-06-22,13.77,2.9,2.56,1.82,251.018,4.0,113.3047,0.33999999999999986
2018-06-25,17.33,2.87,2.54,1.82,251.018,4.0,113.286,0.33000000000000007
2018-06-26,15.92,2.88,2.53,1.82,251.018,4.0,113.3016,0.3500000000000001
2018-06-27,17.91,2.83,2.52,1.82,251.018,4.0,113.8971,0.31000000000000005
2018-06-28,16.85,2.84,2.52,1.82,251.018,4.0,113.8405,0.31999999999999984
2018-06-29,16.09,2.85,2.52,1.82,251.018,4.0,113.2586,0.33000000000000007
2018-07-02,15.6,2.87,2.57,1.91,251.214,3.8,114.1673,0.30000000000000027
2018-07-03,16.14,2.83,2.53,1.91,251.214,3.8,113.3222,0.30000000000000027
2018-07-05,14.97,2.84,2.55,1.91,251.214,3.8,112.9759,0.29000000000000004
2018-07-06,13.37,2.82,2.53,1.91,251.214,3.8,112.6428,0.29000000000000004
2018-07-09,12.69,2.86,2.57,1.91,251.214,3.8,112.6425,0.29000000000000004
2018-07-10,12.64,2.87,2.59,1.91,251.214,3.8,112.5794,0.28000000000000025
2018-07-11,13.63,2.85,2.58,1.91,251.214,3.8,112.8582,0.27
2018-07-12,12.58,2.85,2.6,1.91,251.214,3.8,112.779,0.25
2018-07-13,12.18,2.83,2.59,1.91,251.214,3.8,113.0705,0.2400000000000002
2018-07-16,12.83,2.85,2.59,1.91,251.214,3.8,112.8437,0.26000000000000023
2018-07-17,12.06,2.86,2.62,1.91,251.214,3.8,113.1504,0.23999999999999977
2018-07-18,12.1,2.88,2.6,1.91,251.214,3.8,113.3348,0.2799999999999998
2018-07-19,12.87,2.84,2.6,1.91,251.214,3.8,113.9463,0.23999999999999977
2018-07-20,12.86,2.89,2.6,1.91,251.214,3.8,113.3213,0.29000000000000004
2018-07-23,12.62,2.96,2.64,1.91,251.214,3.8,113.4246,0.31999999999999984
2018-07-24,12.41,2.95,2.63,1.91,251.214,3.8,113.2045,0.3200000000000003
2018-07-25,12.29,2.94,2.66,1.91,251.214,3.8,112.9221,0.2799999999999998
2018-07-26,12.14,2.98,2.69,1.91,251.214,3.8,112.9179,0.29000000000000004
2018-07-27,13.03,2.96,2.67,1.91,251.214,3.8,112.8125,0.29000000000000004
2018-07-30,14.26,2.98,2.66,1.91,251.214,3.8,112.6044,0.31999999999999984
2018-07-31,12.83,2.96,2.67,1.91,251.214,3.8,112.7299,0.29000000000000004
2018-08-01,13.15,3.0,2.67,1.91,251.663,3.8,112.8899,0.33000000000000007
2018-08-02,12.19,2.98,2.66,1.91,251.663,3.8,113.1679,0.31999999999999984
2018-08-03,11.64,2.95,2.63,1.91,251.663,3.8,113.012,0.3200000000000003
2018-08-06,11.27,2.94,2.64,1.91,251.663,3.8,113.229,0.2999999999999998
2018-08-07,10.93,2.98,2.68,1.91,251.663,3.8,112.9759,0.2999999999999998
2018-08-08,10.85,2.96,2.68,1.91,251.663,3.8,113.1411,0.2799999999999998
2018-08-09,11.27,2.93,2.64,1.91,251.663,3.8,113.3806,0.29000000000000004
2018-08-10,13.16,2.87,2.61,1.91,251.663,3.8,114.3005,0.26000000000000023
2018-08-13,14.78,2.88,2.61,1.91,251.663,3.8,114.851,0.27
2018-08-14,13.31,2.89,2.63,1.91,251.663,3.8,114.658,0.26000000000000023
2018-08-15,14.64,2.86,2.61,1.91,251.663,3.8,115.1526,0.25
2018-08-16,13.45,2.87,2.63,1.91,251.663,3.8,114.6416,0.2400000000000002
2018-08-17,12.64,2.87,2.61,1.91,251.663,3.8,114.5339,0.26000000000000023
2018-08-20,12.49,2.82,2.6,1.91,251.663,3.8,114.3504,0.21999999999999975
2018-08-21,12.86,2.85,2.61,1.91,251.663,3.8,113.8604,0.2400000000000002
2018-08-22,12.25,2.82,2.6,1.91,251.663,3.8,113.663,0.21999999999999975
2018-08-23,12.41,2.82,2.61,1.91,251.663,3.8,114.0932,0.20999999999999996
2018-08-24,11.99,2.82,2.63,1.91,251.663,3.8,113.5985,0.18999999999999995
2018-08-27,12.16,2.85,2.67,1.91,251.663,3.8,113.2721,0.18000000000000016
2018-08-28,12.5,2.88,2.67,1.91,251.663,3.8,113.3444,0.20999999999999996
2018-08-29,12.25,2.89,2.67,1.91,251.663,3.8,113.6461,0.2200000000000002
2018-08-30,13.53,2.86,2.64,1.91,251.663,3.8,114.0899,0.21999999999999975
2018-08-31,12.86,2.86,2.62,1.91,251.663,3.8,114.2755,0.23999999999999977
2018-09-04,13.16,2.9,2.66,1.95,252.182,3.7,114.8584,0.23999999999999977
2018-09-05,13.91,2.9,2.66,1.95,252.182,3.7,114.7477,0.23999999999999977
2018-09-06,14.65,2.88,2.64,1.95,252.182,3.7,114.6479,0.23999999999999977
2018-09-07,14.88,2.94,2.71,1.95,252.182,3.7,114.5816,0.22999999999999998
2018-09-10,14.16,2.94,2.73,1.95,252.182,3.7,114.6802,0.20999999999999996
2018-09-11,13.22,2.98,2.76,1.95,252.182,3.7,114.7051,0.2200000000000002
2018-09-12,13.14,2.97,2.74,1.95,252.182,3.7,114.2192,0.22999999999999998
2018-09-13,12.37,2.97,2.76,1.95,252.182,3.7,113.9268,0.2100000000000004
2018-09-14,12.07,2.99,2.78,1.95,252.182,3.7,114.0657,0.2100000000000004
2018-09-17,13.68,2.99,2.78,1.95,252.182,3.7,113.9158,0.2100000000000004
2018-09-18,12.79,3.05,2.81,1.95,252.182,3.7,113.7739,0.23999999999999977
2018-09-19,11.75,3.08,2.81,1.95,252.182,3.7,113.6532,0.27
2018-09-20,11.8,3.07,2.81,1.95,252.182,3.7,113.4989,0.2599999999999998
2018-09-21,11.68,3.07,2.81,1.95,252.182,3.7,113.5099,0.2599999999999998
2018-09-24,12.2,3.08,2.83,1.95,252.182,3.7,113.5301,0.25
2018-09-25,12.42,3.1,2.83,1.95,252.182,3.7,113.7202,0.27
2018-09-26,12.89,3.06,2.83,1.95,252.182,3.7,113.6739,0.22999999999999998
2018-09-27,12.41,3.06,2.83,1.95,252.182,3.7,113.9784,0.22999999999999998
2018-09-28,12.12,3.05,2.81,1.95,252.182,3.7,113.8077,0.23999999999999977
2018-10-01,12.0,3.09,2.82,2.19,252.772,3.8,113.8235,0.27
2018-10-02,12.05,3.05,2.82,2.19,252.772,3.8,113.8954,0.22999999999999998
2018-10-03,11.61,3.15,2.85,2.19,252.772,3.8,114.1569,0.2999999999999998
2018-10-04,14.22,3.19,2.87,2.19,252.772,3.8,114.6867,0.31999999999999984
2018-10-05,14.82,3.23,2.88,2.19,252.772,3.8,114.561,0.3500000000000001
2018-10-08,15.69,3.23,2.88,2.19,252.772,3.8,114.561,0.3500000000000001
2018-10-09,15.95,3.21,2.88,2.19,252.772,3.8,114.6583,0.33000000000000007
2018-10-10,22.96,3.22,2.88,2.19,252.772,3.8,114.6072,0.3400000000000003
2018-10-11,24.98,3.14,2.85,2.19,252.772,3.8,114.4074,0.29000000000000004
2018-10-12,21.31,3.15,2.85,2.19,252.772,3.8,114.3691,0.2999999999999998
2018-10-15,21.3,3.16,2.85,2.19,252.772,3.8,114.045,0.31000000000000005
2018-10-16,17.62,3.16,2.87,2.19,252.772,3.8,113.8963,0.29000000000000004
2018-10-17,17.4,3.19,2.89,2.19,252.772,3.8,114.1755,0.2999999999999998
2018-10-18,20.06,3.17,2.87,2.19,252.772,3.8,114.8164,0.2999999999999998
2018-10-19,19.89,3.2,2.92,2.19,252.772,3.8,114.8567,0.28000000000000025
2018-10-22,19.64,3.2,2.92,2.19,252.772,3.8,115.1782,0.28000000000000025
2018-10-23,20.71,3.17,2.89,2.19,252.772,3.8,115.1651,0.2799999999999998
2018-10-24,25.23,3.1,2.84,2.19,252.772,3.8,115.3755,0.26000000000000023
2018-10-25,24.22,3.14,2.86,2.19,252.772,3.8,115.4831,0.28000000000000025
2018-10-26,24.16,3.08,2.81,2.19,252.772,3.8,115.473,0.27
2018-10-29,24.7,3.08,2.81,2.19,252.772,3.8,115.8936,0.27
2018-10-30,23.35,3.12,2.84,2.19,252.772,3.8,116.2357,0.28000000000000025
2018-10-31,21.23,3.15,2.87,2.19,252.772,3.8,116.5281,0.2799999999999998
2018-11-01,19.34,3.14,2.84,2.2,252.594,3.8,115.8657,0.30000000000000027
2018-11-02,19.51,3.22,2.91,2.2,252.594,3.8,115.643,0.31000000000000005
2018-11-05,19.96,3.2,2.91,2.2,252.594,3.8,115.703,0.29000000000000004
2018-11-06,19.91,3.22,2.93,2.2,252.594,3.8,115.5622,0.29000000000000004
2018-11-07,16.36,3.22,2.96,2.2,252.594,3.8,115.2519,0.26000000000000023
2018-11-08,16.72,3.24,2.98,2.2,252.594,3.8,115.6478,0.26000000000000023
2018-11-09,17.36,3.19,2.94,2.2,252.594,3.8,116.4778,0.25
2018-11-12,20.45,3.19,2.94,2.2,252.594,3.8,116.4778,0.25
2018-11-13,20.02,3.14,2.89,2.2,252.594,3.8,116.6694,0.25
2018-11-14,21.25,3.12,2.86,2.2,252.594,3.8,116.498,0.26000000000000023
2018-11-15,19.98,3.11,2.86,2.2,252.594,3.8,116.3861,0.25
2018-11-16,18.14,3.08,2.81,2.2,252.594,3.8,115.9258,0.27
2018-11-19,20.1,3.06,2.79,2.2,252.594,3.8,115.9859,0.27
2018-11-20,22.48,3.06,2.79,2.2,252.594,3.8,116.2367,0.27
2018-11-21,20.8,3.06,2.81,2.2,252.594,3.8,116.092,0.25
2018-11-23,21.52,3.05,2.81,2.2,252.594,3.8,116.4713,0.23999999999999977
2018-11-26,18.9,3.07,2.84,2.2,252.594,3.8,116.6208,0.22999999999999998
2018-11-27,19.02,3.06,2.83,2.2,252.594,3.8,116.9001,0.22999999999999998
2018-11-28,18.49,3.06,2.81,2.2,252.594,3.8,116.8343,0.25
2018-11-29,18.79,3.03,2.81,2.2,252.594,3.8,116.1961,0.21999999999999975
2018-11-30,18.07,3.01,2.8,2.2,252.594,3.8,116.413,0.20999999999999996
2018-12-03,16.44,2.98,2.83,2.27,252.767,3.9,115.9057,0.1499999999999999
2018-12-04,20.74,2.91,2.8,2.27,252.767,3.9,116.0028,0.11000000000000032
2018-12-06,21.19,2.87,2.75,2.27,252.767,3.9,116.3991,0.1200000000000001
2018-12-07,23.23,2.85,2.72,2.27,252.767,3.9,116.0847,0.1299999999999999
2018-12-10,22.64,2.85,2.72,2.27,252.767,3.9,116.6746,0.1299999999999999
2018-12-11,21.76,2.89,2.78,2.27,252.767,3.9,116.7564,0.11000000000000032
2018-12-12,21.46,2.91,2.77,2.27,252.767,3.9,116.2214,0.14000000000000012
2018-12-13,20.65,2.91,2.75,2.27,252.767,3.9,116.3974,0.16000000000000014
2018-12-14,21.63,2.89,2.73,2.27,252.767,3.9,116.79,0.16000000000000014
2018-12-17,24.52,2.86,2.7,2.27,252.767,3.9,116.4532,0.1599999999999997
2018-12-18,25.58,2.82,2.65,2.27,252.767,3.9,116.4127,0.16999999999999993
2018-12-19,25.58,2.77,2.63,2.27,252.767,3.9,116.0676,0.14000000000000012
2018-12-20,28.38,2.79,2.67,2.27,252.767,3.9,116.0183,0.1200000000000001
2018-12-21,30.11,2.79,2.63,2.27,252.767,3.9,116.2227,0.16000000000000014
2018-12-24,36.07,2.74,2.55,2.27,252.767,3.9,116.2182,0.1900000000000004
2018-12-26,30.41,2.81,2.61,2.27,252.767,3.9,116.1162,0.20000000000000018
2018-12-27,29.96,2.77,2.56,2.27,252.767,3.9,115.9927,0.20999999999999996
2018-12-28,28.34,2.72,2.52,2.27,252.767,3.9,115.7232,0.20000000000000018
2018-12-31,25.42,2.69,2.48,2.27,252.767,3.9,115.5674,0.20999999999999996
2019-01-02,23.22,2.66,2.5,2.4,252.561,4.0,115.7689,0.16000000000000014
2019-01-03,25.45,2.56,2.39,2.4,252.561,4.0,115.4622,0.16999999999999993
2019-01-04,21.38,2.67,2.5,2.4,252.561,4.0,114.9821,0.16999999999999993
2019-01-07,21.4,2.7,2.53,2.4,252.561,4.0,114.5628,0.17000000000000037
2019-01-08,20.47,2.73,2.58,2.4,252.561,4.0,114.7281,0.1499999999999999
2019-01-09,19.98,2.74,2.56,2.4,252.561,4.0,114.1406,0.18000000000000016
2019-01-10,19.5,2.74,2.56,2.4,252.561,4.0,114.0496,0.18000000000000016
2019-01-11,18.19,2.71,2.55,2.4,252.561,4.0,114.0404,0.16000000000000014
2019-01-14,19.07,2.71,2.53,2.4,252.561,4.0,114.0404,0.18000000000000016
2019-01-15,18.6,2.72,2.53,2.4,252.561,4.0,114.3402,0.1900000000000004
2019-01-16,19.04,2.73,2.55,2.4,252.561,4.0,114.137,0.18000000000000016
2019-01-17,18.06,2.75,2.56,2.4,252.561,4.0,114.4115,0.18999999999999995
2019-01-18,17.8,2.79,2.62,2.4,252.561,4.0,114.558,0.16999999999999993
2019-01-22,20.8,2.74,2.58,2.4,252.561,4.0,114.7541,0.16000000000000014
2019-01-23,19.52,2.76,2.58,2.4,252.561,4.0,114.5759,0.17999999999999972
2019-01-24,18.89,2.72,2.56,2.4,252.561,4.0,114.617,0.16000000000000014
2019-01-25,17.42,2.76,2.6,2.4,252.561,4.0,114.0197,0.1599999999999997
2019-01-28,18.87,2.75,2.6,2.4,252.561,4.0,114.0522,0.1499999999999999
2019-01-29,19.13,2.72,2.56,2.4,252.561,4.0,114.026,0.16000000000000014
2019-01-30,17.66,2.7,2.52,2.4,252.561,4.0,114.0731,0.18000000000000016
2019-01-31,16.57,2.63,2.45,2.4,252.561,4.0,113.5504,0.17999999999999972
2019-02-01,16.14,2.7,2.52,2.4,253.319,3.8,113.7548,0.18000000000000016
2019-02-04,15.73,2.73,2.53,2.4,253.319,3.8,113.8766,0.20000000000000018
2019-02-05,15.57,2.71,2.53,2.4,253.319,3.8,114.0431,0.18000000000000016
2019-02-06,15.38,2.7,2.52,2.4,253.319,3.8,114.2305,0.18000000000000016
2019-02-07,16.37,2.65,2.48,2.4,253.319,3.8,114.4339,0.16999999999999993
2019-02-08,15.72,2.63,2.45,2.4,253.319,3.8,114.5003,0.17999999999999972
2019-02-11,15.97,2.65,2.48,2.4,253.319,3.8,115.031,0.16999999999999993
2019-02-12,15.43,2.68,2.5,2.4,253.319,3.8,114.7297,0.18000000000000016
2019-02-13,15.65,2.71,2.53,2.4,253.319,3.8,114.9407,0.18000000000000016
2019-02-14,16.22,2.66,2.5,2.4,253.319,3.8,115.1007,0.16000000000000014
2019-02-15,14.91,2.66,2.52,2.4,253.319,3.8,114.9923,0.14000000000000012
2019-02-19,14.88,2.65,2.5,2.4,253.319,3.8,114.57,0.1499999999999999
2019-02-20,14.02,2.65,2.5,2.4,253.319,3.8,114.57,0.1499999999999999
2019-02-21,14.46,2.69,2.53,2.4,253.319,3.8,114.5091,0.16000000000000014
2019-02-22,13.51,2.65,2.48,2.4,253.319,3.8,114.2716,0.16999999999999993
2019-02-25,14.85,2.67,2.51,2.4,253.319,3.8,114.1457,0.16000000000000014
2019-02-26,15.17,2.64,2.48,2.4,253.319,3.8,114.0687,0.16000000000000014
2019-02-27,14.7,2.69,2.5,2.4,253.319,3.8,114.0363,0.18999999999999995
2019-02-28,14.78,2.73,2.52,2.4,253.319,3.8,114.1991,0.20999999999999996
2019-03-01,13.57,2.76,2.55,2.41,254.277,3.8,114.537,0.20999999999999996
2019-03-04,14.63,2.72,2.55,2.41,254.277,3.8,114.6925,0.17000000000000037
2019-03-05,14.74,2.72,2.55,2.41,254.277,3.8,114.804,0.17000000000000037
2019-03-06,15.74,2.69,2.52,2.41,254.277,3.8,114.9714,0.16999999999999993
2019-03-07,16.59,2.64,2.47,2.41,254.277,3.8,115.4919,0.16999999999999993
2019-03-08,16.05,2.62,2.45,2.41,254.277,3.8,115.3599,0.16999999999999993
2019-03-11,14.33,2.64,2.47,2.41,254.277,3.8,115.2967,0.16999999999999993
2019-03-12,13.77,2.61,2.45,2.41,254.277,3.8,114.939,0.1599999999999997
2019-03-13,13.41,2.61,2.45,2.41,254.277,3.8,114.7372,0.1599999999999997
2019-03-14,13.5,2.63,2.46,2.41,254.277,3.8,114.79,0.16999999999999993
2019-03-15,12.88,2.59,2.43,2.41,254.277,3.8,114.5815,0.1599999999999997
2019-03-18,13.1,2.6,2.45,2.41,254.277,3.8,114.4375,0.1499999999999999
2019-03-19,13.56,2.61,2.46,2.41,254.277,3.8,114.2324,0.1499999999999999
2019-03-20,13.91,2.54,2.4,2.41,254.277,3.8,114.1509,0.14000000000000012
2019-03-21,13.63,2.54,2.41,2.41,254.277,3.8,114.1684,0.1299999999999999
2019-03-22,16.48,2.44,2.31,2.41,254.277,3.8,114.6856,0.1299999999999999
2019-03-25,16.33,2.43,2.26,2.41,254.277,3.8,114.4171,0.17000000000000037
2019-03-26,14.68,2.41,2.24,2.41,254.277,3.8,114.6414,0.16999999999999993
2019-03-27,15.15,2.39,2.22,2.41,254.277,3.8,115.1243,0.16999999999999993
2019-03-28,14.43,2.39,2.23,2.41,254.277,3.8,115.2581,0.16000000000000014
2019-03-29,13.71,2.41,2.27,2.41,254.277,3.8,115.1371,0.14000000000000012
2019-04-01,13.4,2.49,2.33,2.42,255.233,3.7,114.9362,0.16000000000000014
2019-04-02,13.36,2.48,2.3,2.42,255.233,3.7,115.1173,0.18000000000000016
2019-04-03,13.74,2.52,2.33,2.42,255.233,3.7,114.7211,0.18999999999999995
2019-04-04,13.58,2.51,2.33,2.42,255.233,3.7,114.9697,0.17999999999999972
2019-04-05,12.82,2.5,2.35,2.42,255.233,3.7,114.9726,0.1499999999999999
2019-04-08,13.18,2.52,2.36,2.42,255.233,3.7,114.6893,0.16000000000000014
2019-04-09,14.28,2.51,2.35,2.42,255.233,3.7,114.5321,0.1599999999999997
2019-04-10,13.3,2.48,2.31,2.42,255.233,3.7,114.4269,0.16999999999999993
2019-04-11,13.02,2.51,2.35,2.42,255.233,3.7,114.6303,0.1599999999999997
2019-04-12,12.01,2.56,2.4,2.42,255.233,3.7,114.3531,0.16000000000000014
2019-04-15,12.32,2.55,2.4,2.42,255.233,3.7,114.495,0.1499999999999999
2019-04-16,12.18,2.6,2.41,2.42,255.233,3.7,114.6756,0.18999999999999995
2019-04-17,12.6,2.59,2.4,2.42,255.233,3.7,114.5141,0.18999999999999995
2019-04-18,12.09,2.57,2.38,2.42,255.233,3.7,114.7073,0.18999999999999995
2019-04-22,12.42,2.59,2.38,2.42,255.233,3.7,114.7694,0.20999999999999996
2019-04-23,12.28,2.57,2.36,2.42,255.233,3.7,115.1578,0.20999999999999996
2019-04-24,13.14,2.53,2.32,2.42,255.233,3.7,115.4187,0.20999999999999996
2019-04-25,13.25,2.54,2.33,2.42,255.233,3.7,115.7709,0.20999999999999996
2019-04-26,12.73,2.51,2.28,2.42,255.233,3.7,115.4767,0.22999999999999998
2019-04-29,13.11,2.54,2.3,2.42,255.233,3.7,115.5227,0.2400000000000002
2019-04-30,13.12,2.51,2.27,2.42,255.233,3.7,115.3281,0.23999999999999977
2019-05-01,14.8,2.52,2.31,2.39,255.296,3.6,115.0022,0.20999999999999996
2019-05-02,14.42,2.55,2.35,2.39,255.296,3.6,115.5617,0.19999999999999973
2019-05-03,12.87,2.54,2.33,2.39,255.296,3.6,115.2646,0.20999999999999996
2019-05-06,15.44,2.51,2.31,2.39,255.296,3.6,115.3811,0.19999999999999973
2019-05-07,19.32,2.45,2.28,2.39,255.296,3.6,115.6116,0.17000000000000037
2019-05-08,19.4,2.49,2.3,2.39,255.296,3.6,115.5171,0.1900000000000004
2019-05-09,19.1,2.45,2.26,2.39,255.296,3.6,115.8421,0.1900000000000004
2019-05-10,16.04,2.47,2.26,2.39,255.296,3.6,115.5334,0.2100000000000004
2019-05-13,20.55,2.4,2.18,2.39,255.296,3.6,115.915,0.21999999999999975
2019-05-14,18.06,2.42,2.2,2.39,255.296,3.6,115.9425,0.21999999999999975
2019-05-15,16.44,2.37,2.16,2.39,255.296,3.6,115.8565,0.20999999999999996
2019-05-16,15.29,2.4,2.2,2.39,255.296,3.6,116.0346,0.19999999999999973
2019-05-17,15.96,2.39,2.2,2.39,255.296,3.6,116.448,0.18999999999999995
2019-05-20,16.31,2.41,2.21,2.39,255.296,3.6,116.3119,0.20000000000000018
2019-05-21,14.95,2.43,2.26,2.39,255.296,3.6,116.2844,0.17000000000000037
2019-05-22,14.75,2.39,2.23,2.39,255.296,3.6,116.2412,0.16000000000000014
2019-05-23,16.92,2.31,2.12,2.39,255.296,3.6,116.2368,0.18999999999999995
2019-05-24,15.85,2.32,2.16,2.39,255.296,3.6,116.0806,0.1599999999999997
2019-05-28,17.5,2.26,2.12,2.39,255.296,3.6,116.3174,0.13999999999999968
2019-05-29,17.9,2.25,2.09,2.39,255.296,3.6,116.5535,0.16000000000000014
2019-05-30,17.3,2.22,2.06,2.39,255.296,3.6,116.3989,0.16000000000000014
2019-05-31,18.71,2.14,1.95,2.39,255.296,3.6,116.7273,0.19000000000000017
2019-06-03,18.86,2.07,1.82,2.38,255.213,3.6,116.4764,0.24999999999999978
2019-06-04,16.97,2.12,1.88,2.38,255.213,3.6,116.091,0.2400000000000002
2019-06-05,16.09,2.12,1.83,2.38,255.213,3.6,116.03,0.29000000000000004
2019-06-06,15.93,2.12,1.88,2.38,255.213,3.6,115.9771,0.2400000000000002
2019-06-07,16.3,2.09,1.85,2.38,255.213,3.6,115.7368,0.23999999999999977
2019-06-10,15.94,2.15,1.9,2.38,255.213,3.6,115.5001,0.25
2019-06-11,15.99,2.15,1.93,2.38,255.213,3.6,115.3794,0.21999999999999997
2019-06-12,15.91,2.13,1.88,2.38,255.213,3.6,115.438,0.25
2019-06-13,15.82,2.1,1.83,2.38,255.213,3.6,115.6275,0.27
2019-06-14,15.28,2.09,1.84,2.38,255.213,3.6,115.9057,0.24999999999999978
2019-06-17,15.35,2.09,1.86,2.38,255.213,3.6,115.9684,0.22999999999999976
2019-06-18,15.15,2.06,1.86,2.38,255.213,3.6,115.8797,0.19999999999999996
2019-06-19,14.33,2.03,1.74,2.38,255.213,3.6,115.7889,0.2899999999999998
2019-06-20,14.75,2.01,1.72,2.38,255.213,3.6,114.8046,0.2899999999999998
2019-06-21,15.4,2.07,1.77,2.38,255.213,3.6,114.8377,0.2999999999999998
2019-06-24,15.26,2.02,1.72,2.38,255.213,3.6,114.6559,0.30000000000000004
2019-06-25,16.28,2.0,1.71,2.38,255.213,3.6,114.6363,0.29000000000000004
2019-06-26,16.21,2.05,1.77,2.38,255.213,3.6,114.5608,0.2799999999999998
2019-06-27,15.82,2.01,1.74,2.38,255.213,3.6,114.665,0.2699999999999998
2019-06-28,15.08,2.0,1.75,2.38,255.213,3.6,114.5821,0.25
2019-07-01,14.06,2.03,1.78,2.4,255.802,3.7,114.7239,0.24999999999999978
2019-07-02,12.93,1.98,1.77,2.4,255.802,3.7,114.8258,0.20999999999999996
2019-07-03,12.57,1.96,1.77,2.4,255.802,3.7,114.8135,0.18999999999999995
2019-07-05,13.28,2.04,1.87,2.4,255.802,3.7,115.1132,0.16999999999999993
2019-07-08,13.96,2.05,1.88,2.4,255.802,3.7,115.0254,0.16999999999999993
2019-07-09,14.09,2.07,1.92,2.4,255.802,3.7,115.1017,0.1499999999999999
2019-07-10,13.03,2.07,1.82,2.4,255.802,3.7,115.0879,0.24999999999999978
2019-07-11,12.93,2.13,1.85,2.4,255.802,3.7,114.8361,0.2799999999999998
2019-07-12,12.39,2.12,1.84,2.4,255.802,3.7,114.7685,0.28
2019-07-15,12.68,2.09,1.83,2.4,255.802,3.7,114.6819,0.2599999999999998
2019-07-16,12.86,2.13,1.87,2.4,255.802,3.7,115.0111,0.2599999999999998
2019-07-17,13.97,2.06,1.83,2.4,255.802,3.7,114.8819,0.22999999999999998
2019-07-18,13.53,2.04,1.77,2.4,255.802,3.7,114.8744,0.27
2019-07-19,14.45,2.05,1.8,2.4,255.802,3.7,114.8695,0.24999999999999978
2019-07-22,13.53,2.05,1.8,2.4,255.802,3.7,115.0018,0.24999999999999978
2019-07-23,12.61,2.08,1.83,2.4,255.802,3.7,115.2995,0.25
2019-07-24,12.07,2.05,1.83,2.4,255.802,3.7,115.2436,0.21999999999999975
2019-07-25,12.74,2.08,1.86,2.4,255.802,3.7,115.2982,0.21999999999999997
2019-07-26,12.16,2.08,1.86,2.4,255.802,3.7,115.5449,0.21999999999999997
2019-07-29,12.83,2.06,1.85,2.4,255.802,3.7,115.5885,0.20999999999999996
2019-07-30,13.94,2.06,1.85,2.4,255.802,3.7,115.6211,0.20999999999999996
2019-07-31,16.12,2.02,1.89,2.4,255.802,3.7,115.4946,0.13000000000000012
2019-08-01,17.87,1.9,1.73,2.13,256.036,3.6,116.0499,0.16999999999999993
2019-08-02,17.61,1.86,1.72,2.13,256.036,3.6,116.1864,0.14000000000000012
2019-08-05,24.59,1.75,1.59,2.13,256.036,3.6,116.5851,0.15999999999999992
2019-08-06,20.17,1.73,1.6,2.13,256.036,3.6,116.6904,0.1299999999999999
2019-08-07,19.49,1.71,1.59,2.13,256.036,3.6,116.7987,0.11999999999999988
2019-08-08,16.91,1.72,1.62,2.13,256.036,3.6,116.474,0.09999999999999987
2019-08-09,17.97,1.74,1.63,2.13,256.036,3.6,116.4419,0.1100000000000001
2019-08-12,21.09,1.65,1.58,2.13,256.036,3.6,116.7548,0.06999999999999984
2019-08-13,17.52,1.68,1.66,2.13,256.036,3.6,116.7267,0.020000000000000018
2019-08-14,22.1,1.59,1.58,2.13,256.036,3.6,117.0913,0.010000000000000009
2019-08-15,21.18,1.52,1.48,2.13,256.036,3.6,117.2239,0.040000000000000036
2019-08-16,18.47,1.55,1.48,2.13,256.036,3.6,117.0786,0.07000000000000006
2019-08-19,16.88,1.6,1.53,2.13,256.036,3.6,117.3886,0.07000000000000006
2019-08-20,17.5,1.55,1.5,2.13,256.036,3.6,117.3726,0.050000000000000044
2019-08-21,15.8,1.59,1.56,2.13,256.036,3.6,117.1764,0.030000000000000027
2019-08-22,16.68,1.62,1.61,2.13,256.036,3.6,117.3558,0.010000000000000009
2019-08-23,19.87,1.52,1.51,2.13,256.036,3.6,117.3009,0.010000000000000009
2019-08-26,19.32,1.54,1.54,2.13,256.036,3.6,117.6658,0.0
2019-08-27,20.31,1.49,1.53,2.13,256.036,3.6,117.75,-0.040000000000000036
2019-08-28,19.35,1.47,1.5,2.13,256.036,3.6,117.8767,-0.030000000000000027
2019-08-29,17.88,1.5,1.53,2.13,256.036,3.6,118.0625,-0.030000000000000027
2019-08-30,18.98,1.5,1.5,2.13,256.036,3.6,118.1575,0.0
2019-09-03,19.66,1.47,1.47,2.04,256.43,3.5,118.3113,0.0
2019-09-04,17.33,1.47,1.43,2.04,256.43,3.5,117.6729,0.040000000000000036
2019-09-05,16.27,1.57,1.55,2.04,256.43,3.5,117.4776,0.020000000000000018
2019-09-06,15.0,1.55,1.53,2.04,256.43,3.5,117.1292,0.020000000000000018
2019-09-09,15.27,1.63,1.58,2.04,256.43,3.5,117.0601,0.04999999999999982
2019-09-10,15.2,1.72,1.67,2.04,256.43,3.5,117.0887,0.050000000000000044
2019-09-11,14.61,1.75,1.68,2.04,256.43,3.5,117.3125,0.07000000000000006
2019-09-12,14.22,1.79,1.72,2.04,256.43,3.5,116.8375,0.07000000000000006
2019-09-13,13.74,1.9,1.79,2.04,256.43,3.5,116.7677,0.10999999999999988
2019-09-16,14.67,1.84,1.74,2.04,256.43,3.5,117.0251,0.10000000000000009
2019-09-17,14.44,1.81,1.72,2.04,256.43,3.5,116.9826,0.09000000000000008
2019-09-18,13.95,1.8,1.77,2.04,256.43,3.5,116.9766,0.030000000000000027
2019-09-19,14.05,1.79,1.74,2.04,256.43,3.5,117.0861,0.050000000000000044
2019-09-20,15.32,1.74,1.69,2.04,256.43,3.5,117.1819,0.050000000000000044
2019-09-23,14.91,1.72,1.68,2.04,256.43,3.5,117.2986,0.040000000000000036
2019-09-24,17.05,1.64,1.6,2.04,256.43,3.5,117.2227,0.039999999999999813
2019-09-25,15.96,1.73,1.68,2.04,256.43,3.5,117.6527,0.050000000000000044
2019-09-26,16.07,1.7,1.66,2.04,256.43,3.5,117.7267,0.040000000000000036
2019-09-27,17.22,1.69,1.63,2.04,256.43,3.5,117.7218,0.06000000000000005
2019-09-30,16.24,1.68,1.63,2.04,256.43,3.5,117.9461,0.050000000000000044
2019-10-01,18.56,1.65,1.56,1.83,257.155,3.6,117.9595,0.08999999999999986
2019-10-02,20.56,1.6,1.48,1.83,257.155,3.6,117.9671,0.1200000000000001
2019-10-03,19.12,1.54,1.39,1.83,257.155,3.6,117.6608,0.15000000000000013
2019-10-04,17.04,1.52,1.4,1.83,257.155,3.6,117.5288,0.1200000000000001
2019-10-07,17.86,1.56,1.46,1.83,257.155,3.6,117.5533,0.10000000000000009
2019-10-08,20.28,1.54,1.42,1.83,257.155,3.6,117.7407,0.1200000000000001
2019-10-09,18.64,1.59,1.47,1.83,257.155,3.6,117.6835,0.1200000000000001
2019-10-10,17.57,1.67,1.53,1.83,257.155,3.6,117.2801,0.1399999999999999
2019-10-11,15.58,1.76,1.63,1.83,257.155,3.6,116.8239,0.13000000000000012
2019-10-14,14.57,1.76,1.63,1.83,257.155,3.6,116.8239,0.13000000000000012
2019-10-15,13.54,1.77,1.61,1.83,257.155,3.6,116.8111,0.15999999999999992
2019-10-16,13.68,1.75,1.58,1.83,257.155,3.6,116.6425,0.16999999999999993
2019-10-17,13.79,1.76,1.6,1.83,257.155,3.6,116.2615,0.15999999999999992
2019-10-18,14.25,1.76,1.58,1.83,257.155,3.6,116.1344,0.17999999999999994
2019-10-21,14.0,1.8,1.62,1.83,257.155,3.6,116.0436,0.17999999999999994
2019-10-22,14.46,1.78,1.6,1.83,257.155,3.6,115.9851,0.17999999999999994
2019-10-23,14.01,1.77,1.58,1.83,257.155,3.6,116.0586,0.18999999999999995
2019-10-24,13.71,1.77,1.58,1.83,257.155,3.6,116.1278,0.18999999999999995
2019-10-25,12.65,1.8,1.63,1.83,257.155,3.6,116.0774,0.17000000000000015
2019-10-28,13.11,1.85,1.64,1.83,257.155,3.6,116.0222,0.2100000000000002
2019-10-29,13.2,1.84,1.64,1.83,257.155,3.6,115.9797,0.20000000000000018
2019-10-30,12.33,1.78,1.61,1.83,257.155,3.6,116.1636,0.16999999999999993
2019-10-31,13.22,1.69,1.52,1.83,257.155,3.6,115.9125,0.16999999999999993
2019-11-01,12.3,1.73,1.56,1.55,257.879,3.6,115.7312,0.16999999999999993
2019-11-04,12.83,1.79,1.6,1.55,257.879,3.6,115.8624,0.18999999999999995
2019-11-05,13.1,1.86,1.63,1.55,257.879,3.6,116.1138,0.2300000000000002
2019-11-06,12.62,1.81,1.61,1.55,257.879,3.6,116.1004,0.19999999999999996
2019-11-07,12.73,1.92,1.68,1.55,257.879,3.6,116.1172,0.24
2019-11-08,12.07,1.94,1.68,1.55,257.879,3.6,116.3436,0.26
2019-11-11,12.69,1.94,1.68,1.55,257.879,3.6,116.3436,0.26
2019-11-12,12.68,1.92,1.66,1.55,257.879,3.6,116.5837,0.26
2019-11-13,13.0,1.88,1.63,1.55,257.879,3.6,116.8397,0.25
2019-11-14,13.05,1.82,1.58,1.55,257.879,3.6,116.8022,0.24
2019-11-15,12.05,1.84,1.61,1.55,257.879,3.6,116.4401,0.22999999999999998
2019-11-18,12.46,1.81,1.6,1.55,257.879,3.6,116.3625,0.20999999999999996
2019-11-19,12.86,1.79,1.6,1.55,257.879,3.6,116.5391,0.18999999999999995
2019-11-20,12.78,1.73,1.56,1.55,257.879,3.6,116.828,0.16999999999999993
2019-11-21,13.13,1.77,1.6,1.55,257.879,3.6,116.7435,0.16999999999999993
2019-11-22,12.34,1.77,1.61,1.55,257.879,3.6,116.9137,0.15999999999999992
2019-11-25,11.87,1.76,1.61,1.55,257.879,3.6,117.0098,0.1499999999999999
2019-11-26,11.54,1.74,1.58,1.55,257.879,3.6,117.0513,0.15999999999999992
2019-11-27,11.75,1.77,1.63,1.55,257.879,3.6,117.1273,0.14000000000000012
2019-11-29,12.62,1.78,1.61,1.55,257.879,3.6,117.1204,0.16999999999999993
2019-12-02,14.91,1.83,1.61,1.55,258.63,3.6,116.9647,0.21999999999999997
2019-12-03,15.96,1.72,1.53,1.55,258.63,3.6,116.8898,0.18999999999999995
2019-12-04,14.8,1.77,1.58,1.55,258.63,3.6,116.692,0.18999999999999995
2019-12-05,14.52,1.8,1.58,1.55,258.63,3.6,116.3838,0.21999999999999997
2019-12-06,13.62,1.84,1.61,1.55,258.63,3.6,116.5381,0.22999999999999998
2019-12-09,15.86,1.83,1.63,1.55,258.63,3.6,116.3283,0.20000000000000018
2019-12-10,15.68,1.85,1.65,1.55,258.63,3.6,116.2542,0.20000000000000018
2019-12-11,14.99,1.79,1.61,1.55,258.63,3.6,116.1478,0.17999999999999994
2019-12-12,13.94,1.9,1.66,1.55,258.63,3.6,115.8741,0.24
2019-12-13,12.63,1.82,1.61,1.55,258.63,3.6,115.6967,0.20999999999999996
2019-12-16,12.14,1.89,1.65,1.55,258.63,3.6,115.555,0.24
2019-12-17,12.29,1.89,1.63,1.55,258.63,3.6,115.5553,0.26
2019-12-18,12.58,1.92,1.63,1.55,258.63,3.6,115.6618,0.29000000000000004
2019-12-19,12.5,1.92,1.62,1.55,258.63,3.6,115.5988,0.2999999999999998
2019-12-20,12.51,1.92,1.63,1.55,258.63,3.6,115.7598,0.29000000000000004
2019-12-23,12.61,1.93,1.64,1.55,258.63,3.6,115.8059,0.29000000000000004
2019-12-24,12.67,1.9,1.62,1.55,258.63,3.6,115.8059,0.2799999999999998
2019-12-26,12.65,1.9,1.64,1.55,258.63,3.6,115.634,0.26
2019-12-27,13.43,1.88,1.59,1.55,258.63,3.6,115.22,0.2899999999999998
2019-12-30,14.82,1.9,1.58,1.55,258.63,3.6,114.9631,0.31999999999999984
2019-12-31,13.78,1.92,1.58,1.55,258.63,3.6,114.669,0.33999999999999986
2020-01-02,12.47,1.88,1.58,1.55,259.127,3.6,114.9745,0.2999999999999998
2020-01-03,14.02,1.8,1.53,1.55,259.127,3.6,114.9867,0.27
2020-01-06,13.85,1.81,1.54,1.55,259.127,3.6,114.9557,0.27
2020-01-07,13.79,1.83,1.54,1.55,259.127,3.6,115.1477,0.29000000000000004
2020-01-08,13.45,1.87,1.58,1.55,259.127,3.6,115.1328,0.29000000000000004
2020-01-09,12.54,1.85,1.58,1.55,259.127,3.6,115.2331,0.27
2020-01-10,12.56,1.83,1.56,1.55,259.127,3.6,115.0677,0.27
2020-01-13,12.32,1.85,1.58,1.55,259.127,3.6,115.0342,0.27
2020-01-14,12.39,1.82,1.58,1.55,259.127,3.6,115.0239,0.24
2020-01-15,12.42,1.79,1.56,1.55,259.127,3.6,114.9528,0.22999999999999998
2020-01-16,12.32,1.81,1.58,1.55,259.127,3.6,115.0006,0.22999999999999998
2020-01-17,12.1,1.84,1.58,1.55,259.127,3.6,115.0656,0.26
2020-01-21,12.85,1.78,1.53,1.55,259.127,3.6,115.1876,0.25
2020-01-22,12.91,1.77,1.53,1.55,259.127,3.6,115.2273,0.24
2020-01-23,12.98,1.74,1.51,1.55,259.127,3.6,115.5545,0.22999999999999998
2020-01-24,14.56,1.7,1.49,1.55,259.127,3.6,115.5556,0.20999999999999996
2020-01-27,18.23,1.61,1.44,1.55,259.127,3.6,115.8004,0.17000000000000015
2020-01-28,16.28,1.65,1.45,1.55,259.127,3.6,115.7239,0.19999999999999996
2020-01-29,16.39,1.6,1.42,1.55,259.127,3.6,115.7003,0.18000000000000016
2020-01-30,15.49,1.57,1.41,1.55,259.127,3.6,115.8077,0.16000000000000014
2020-01-31,18.84,1.51,1.33,1.55,259.127,3.6,115.7345,0.17999999999999994
2020-02-03,17.97,1.54,1.36,1.58,259.25,3.5,116.1172,0.17999999999999994
2020-02-04,16.05,1.61,1.41,1.58,259.25,3.5,115.9291,0.20000000000000018
2020-02-05,15.15,1.66,1.44,1.58,259.25,3.5,116.009,0.21999999999999997
2020-02-06,14.96,1.65,1.44,1.58,259.25,3.5,116.1518,0.20999999999999996
2020-02-07,15.47,1.59,1.41,1.58,259.25,3.5,116.5086,0.18000000000000016
2020-02-10,15.04,1.56,1.37,1.58,259.25,3.5,116.5711,0.18999999999999995
2020-02-11,15.18,1.59,1.41,1.58,259.25,3.5,116.3585,0.18000000000000016
2020-02-12,13.74,1.62,1.44,1.58,259.25,3.5,116.2794,0.18000000000000016
2020-02-13,14.15,1.61,1.44,1.58,259.25,3.5,116.3999,0.17000000000000015
2020-02-14,13.68,1.59,1.42,1.58,259.25,3.5,116.4223,0.17000000000000015
2020-02-18,14.83,1.55,1.41,1.58,259.25,3.5,116.6039,0.14000000000000012
2020-02-19,14.38,1.56,1.42,1.58,259.25,3.5,116.7829,0.14000000000000012
2020-02-20,15.56,1.52,1.39,1.58,259.25,3.5,117.2454,0.13000000000000012
2020-02-21,17.08,1.46,1.34,1.58,259.25,3.5,117.0473,0.11999999999999988
2020-02-24,25.03,1.38,1.26,1.58,259.25,3.5,117.4018,0.11999999999999988
2020-02-25,27.85,1.33,1.2,1.58,259.25,3.5,117.2425,0.13000000000000012
2020-02-26,27.56,1.33,1.16,1.58,259.25,3.5,117.405,0.17000000000000015
2020-02-27,39.16,1.3,1.11,1.58,259.25,3.5,117.3678,0.18999999999999995
2020-02-28,40.11,1.13,0.86,1.58,259.25,3.5,117.6568,0.2699999999999999
2020-03-02,33.42,1.1,0.84,0.65,258.076,4.4,116.8144,0.2600000000000001
2020-03-03,36.82,1.02,0.71,0.65,258.076,4.4,116.4958,0.31000000000000005
2020-03-04,31.99,1.02,0.67,0.65,258.076,4.4,116.7802,0.35
2020-03-05,39.62,0.92,0.59,0.65,258.076,4.4,116.7901,0.33000000000000007
2020-03-06,41.94,0.74,0.49,0.65,258.076,4.4,116.7106,0.25
2020-03-09,54.46,0.54,0.38,0.65,258.076,4.4,117.1871,0.16000000000000003
2020-03-10,47.3,0.76,0.5,0.65,258.076,4.4,117.9027,0.26
2020-03-11,53.9,0.82,0.5,0.65,258.076,4.4,118.2505,0.31999999999999995
2020-03-12,75.47,0.88,0.5,0.65,258.076,4.4,120.4883,0.38
2020-03-13,57.83,0.94,0.49,0.65,258.076,4.4,120.4388,0.44999999999999996
2020-03-16,82.69,0.73,0.36,0.65,258.076,4.4,120.9352,0.37
2020-03-17,75.91,1.02,0.47,0.65,258.076,4.4,122.4816,0.55
2020-03-18,76.45,1.18,0.54,0.65,258.076,4.4,124.1623,0.6399999999999999
2020-03-19,72.0,1.12,0.44,0.65,258.076,4.4,125.0587,0.6800000000000002
2020-03-20,66.04,0.92,0.37,0.65,258.076,4.4,124.9362,0.55
2020-03-23,61.59,0.76,0.28,0.65,258.076,4.4,126.1262,0.48
2020-03-24,61.67,0.84,0.38,0.65,258.076,4.4,125.5001,0.45999999999999996
2020-03-25,63.95,0.88,0.34,0.65,258.076,4.4,124.7916,0.54
2020-03-26,61.0,0.83,0.3,0.65,258.076,4.4,122.4308,0.53
2020-03-27,65.54,0.72,0.25,0.65,258.076,4.4,122.4007,0.47
2020-03-30,57.08,0.7,0.23,0.65,258.076,4.4,123.2883,0.47
2020-03-31,53.54,0.7,0.23,0.65,258.076,4.4,122.5301,0.47
2020-04-01,57.06,0.62,0.23,0.05,256.032,14.8,123.7933,0.39
2020-04-02,50.91,0.63,0.23,0.05,256.032,14.8,123.5916,0.4
2020-04-03,46.8,0.62,0.23,0.05,256.032,14.8,124.4152,0.39
2020-04-06,45.24,0.67,0.27,0.05,256.032,14.8,124.16,0.4
2020-04-07,46.7,0.75,0.28,0.05,256.032,14.8,123.0956,0.47
2020-04-08,43.35,0.77,0.27,0.05,256.032,14.8,123.2216,0.5
2020-04-09,41.67,0.73,0.23,0.05,256.032,14.8,122.476,0.5
2020-04-13,41.17,0.76,0.25,0.05,256.032,14.8,122.5203,0.51
2020-04-14,37.76,0.76,0.23,0.05,256.032,14.8,122.1121,0.53
2020-04-15,40.84,0.63,0.2,0.05,256.032,14.8,123.0752,0.43
2020-04-16,40.11,0.61,0.2,0.05,256.032,14.8,123.4615,0.41
2020-04-17,38.15,0.65,0.2,0.05,256.032,14.8,122.871,0.45
2020-04-20,43.83,0.63,0.2,0.05,256.032,14.8,123.1033,0.43
2020-04-21,45.41,0.58,0.2,0.05,256.032,14.8,123.9116,0.37999999999999995
2020-04-22,41.98,0.63,0.22,0.05,256.032,14.8,123.9256,0.41000000000000003
2020-04-23,41.38,0.61,0.22,0.05,256.032,14.8,123.7542,0.39
2020-04-24,35.93,0.6,0.22,0.05,256.032,14.8,124.1615,0.38
2020-04-27,33.29,0.67,0.24,0.05,256.032,14.8,123.8843,0.43000000000000005
2020-04-28,33.57,0.62,0.2,0.05,256.032,14.8,123.3693,0.42
2020-04-29,31.23,0.63,0.2,0.05,256.032,14.8,122.7782,0.43
2020-04-30,34.15,0.64,0.2,0.05,256.032,14.8,122.327,0.44
2020-05-01,37.19,0.64,0.2,0.05,255.802,13.2,123.1492,0.44
2020-05-04,35.97,0.64,0.19,0.05,255.802,13.2,123.2117,0.45
2020-05-05,33.61,0.66,0.19,0.05,255.802,13.2,122.803,0.47000000000000003
2020-05-06,34.12,0.72,0.17,0.05,255.802,13.2,123.609,0.5499999999999999
2020-05-07,31.44,0.63,0.13,0.05,255.802,13.2,123.1249,0.5
2020-05-08,27.98,0.69,0.16,0.05,255.802,13.2,122.5379,0.5299999999999999
2020-05-11,27.57,0.73,0.17,0.05,255.802,13.2,123.2333,0.5599999999999999
2020-05-12,33.04,0.69,0.17,0.05,255.802,13.2,123.0592,0.5199999999999999
2020-05-13,35.28,0.64,0.16,0.05,255.802,13.2,123.5408,0.48
2020-05-14,32.61,0.63,0.16,0.05,255.802,13.2,123.6429,0.47
2020-05-15,31.89,0.64,0.16,0.05,255.802,13.2,123.5991,0.48
2020-05-18,29.3,0.73,0.18,0.05,255.802,13.2,122.7968,0.55
2020-05-19,30.53,0.7,0.17,0.05,255.802,13.2,122.5655,0.5299999999999999
2020-05-20,27.99,0.68,0.16,0.05,255.802,13.2,122.1007,0.52
2020-05-21,29.53,0.68,0.17,0.05,255.802,13.2,122.0914,0.51
2020-05-22,28.16,0.66,0.17,0.05,255.802,13.2,122.3211,0.49
2020-05-26,28.01,0.69,0.18,0.05,255.802,13.2,121.3864,0.51
2020-05-27,27.62,0.68,0.19,0.05,255.802,13.2,121.5677,0.49000000000000005
2020-05-28,28.59,0.7,0.17,0.05,255.802,13.2,121.0138,0.5299999999999999
2020-05-29,27.51,0.65,0.16,0.05,255.802,13.2,120.9458,0.49
2020-06-01,28.23,0.66,0.14,0.08,257.042,11.0,120.2686,0.52
2020-06-02,26.84,0.68,0.17,0.08,257.042,11.0,119.6854,0.51
2020-06-03,25.66,0.77,0.19,0.08,257.042,11.0,119.2556,0.5800000000000001
2020-06-04,25.81,0.82,0.19,0.08,257.042,11.0,119.3014,0.6299999999999999
2020-06-05,24.52,0.91,0.22,0.08,257.042,11.0,118.8138,0.6900000000000001
2020-06-08,25.81,0.88,0.22,0.08,257.042,11.0,118.6621,0.66
2020-06-09,27.57,0.84,0.2,0.08,257.042,11.0,118.5893,0.6399999999999999
2020-06-10,27.57,0.75,0.17,0.08,257.042,11.0,118.5231,0.58
2020-06-11,40.79,0.66,0.19,0.08,257.042,11.0,119.2347,0.47000000000000003
2020-06-12,36.09,0.71,0.19,0.08,257.042,11.0,119.6645,0.52
2020-06-15,34.4,0.71,0.19,0.08,257.042,11.0,119.9539,0.52
2020-06-16,33.67,0.75,0.21,0.08,257.042,11.0,119.567,0.54
2020-06-17,33.47,0.74,0.19,0.08,257.042,11.0,119.9105,0.55
2020-06-18,32.94,0.71,0.19,0.08,257.042,11.0,120.2173,0.52
2020-06-19,35.12,0.7,0.19,0.08,257.042,11.0,120.2186,0.51
2020-06-22,31.77,0.71,0.19,0.08,257.042,11.0,119.7532,0.52
2020-06-23,31.37,0.72,0.18,0.08,257.042,11.0,119.3285,0.54
2020-06-24,33.84,0.69,0.19,0.08,257.042,11.0,119.9744,0.49999999999999994
2020-06-25,32.22,0.68,0.17,0.08,257.042,11.0,120.2997,0.51
2020-06-26,34.73,0.64,0.17,0.08,257.042,11.0,120.533,0.47
2020-06-29,31.78,0.64,0.16,0.08,257.042,11.0,120.6658,0.48
2020-06-30,30.43,0.66,0.16,0.08,257.042,11.0,120.4649,0.5
2020-07-01,28.62,0.69,0.17,0.09,258.352,10.2,120.0808,0.5199999999999999
2020-07-02,27.68,0.68,0.16,0.09,258.352,10.2,119.8555,0.52
2020-07-06,27.94,0.69,0.16,0.09,258.352,10.2,119.2852,0.5299999999999999
2020-07-07,29.43,0.65,0.16,0.09,258.352,10.2,119.5717,0.49
2020-07-08,28.08,0.67,0.16,0.09,258.352,10.2,119.5525,0.51
2020-07-09,29.26,0.62,0.16,0.09,258.352,10.2,119.5129,0.45999999999999996
2020-07-10,27.29,0.65,0.16,0.09,258.352,10.2,119.3509,0.49
2020-07-13,32.19,0.64,0.16,0.09,258.352,10.2,119.1891,0.48
2020-07-14,29.52,0.63,0.14,0.09,258.352,10.2,119.3901,0.49
2020-07-15,27.76,0.64,0.16,0.09,258.352,10.2,119.0331,0.48
2020-07-16,28.0,0.62,0.16,0.09,258.352,10.2,118.9275,0.45999999999999996
2020-07-17,25.68,0.64,0.14,0.09,258.352,10.2,119.124,0.5
2020-07-20,24.46,0.62,0.16,0.09,258.352,10.2,119.0483,0.45999999999999996
2020-07-21,24.84,0.61,0.14,0.09,258.352,10.2,118.4042,0.47
2020-07-22,24.32,0.6,0.14,0.09,258.352,10.2,118.1337,0.45999999999999996
2020-07-23,26.08,0.59,0.16,0.09,258.352,10.2,118.0613,0.42999999999999994
2020-07-24,25.84,0.59,0.14,0.09,258.352,10.2,118.1329,0.44999999999999996
2020-07-27,24.74,0.62,0.15,0.09,258.352,10.2,117.3869,0.47
2020-07-28,25.44,0.59,0.14,0.09,258.352,10.2,117.3189,0.44999999999999996
2020-07-29,24.1,0.58,0.12,0.09,258.352,10.2,117.2126,0.45999999999999996
2020-07-30,24.76,0.55,0.11,0.09,258.352,10.2,117.4008,0.44000000000000006
2020-07-31,24.46,0.55,0.11,0.09,258.352,10.2,117.2082,0.44000000000000006
2020-08-03,24.28,0.56,0.11,0.1,259.316,8.4,117.8074,0.45000000000000007
2020-08-04,23.76,0.52,0.11,0.1,259.316,8.4,117.7833,0.41000000000000003
2020-08-05,22.99,0.55,0.11,0.1,259.316,8.4,116.8736,0.44000000000000006
2020-08-06,22.65,0.55,0.11,0.1,259.316,8.4,117.0422,0.44000000000000006
2020-08-07,22.21,0.57,0.13,0.1,259.316,8.4,117.6239,0.43999999999999995
2020-08-10,22.13,0.59,0.14,0.1,259.316,8.4,117.5821,0.44999999999999996
2020-08-11,24.03,0.64,0.16,0.1,259.316,8.4,117.3781,0.48
2020-08-12,22.28,0.69,0.16,0.1,259.316,8.4,117.2559,0.5299999999999999
2020-08-13,22.13,0.71,0.16,0.1,259.316,8.4,117.1193,0.5499999999999999
2020-08-14,22.05,0.71,0.14,0.1,259.316,8.4,116.9395,0.57
2020-08-17,21.35,0.69,0.14,0.1,259.316,8.4,116.749,0.5499999999999999
2020-08-18,21.51,0.67,0.14,0.1,259.316,8.4,116.5593,0.53
2020-08-19,22.54,0.68,0.14,0.1,259.316,8.4,116.567,0.54
2020-08-20,22.72,0.65,0.13,0.1,259.316,8.4,116.8126,0.52
2020-08-21,22.54,0.64,0.16,0.1,259.316,8.4,117.0572,0.48
2020-08-24,22.37,0.65,0.14,0.1,259.316,8.4,116.912,0.51
2020-08-25,22.03,0.69,0.15,0.1,259.316,8.4,116.8206,0.5399999999999999
2020-08-26,23.27,0.69,0.16,0.1,259.316,8.4,116.6243,0.5299999999999999
2020-08-27,24.47,0.74,0.16,0.1,259.316,8.4,116.649,0.58
2020-08-28,22.96,0.74,0.14,0.1,259.316,8.4,115.9374,0.6
2020-08-31,26.41,0.72,0.14,0.1,259.316,8.4,115.7586,0.58
2020-09-01,26.12,0.68,0.13,0.09,259.997,7.8,115.5687,0.55
2020-09-02,26.57,0.66,0.14,0.09,259.997,7.8,116.0304,0.52
2020-09-03,33.6,0.63,0.13,0.09,259.997,7.8,116.0685,0.5
2020-09-04,30.75,0.72,0.14,0.09,259.997,7.8,116.0347,0.58
2020-09-08,31.46,0.69,0.14,0.09,259.997,7.8,116.4618,0.5499999999999999
2020-09-09,28.81,0.71,0.14,0.09,259.997,7.8,116.1291,0.57
2020-09-10,29.71,0.68,0.14,0.09,259.997,7.8,115.8806,0.54
2020-09-11,26.87,0.67,0.13,0.09,259.997,7.8,116.0866,0.54
2020-09-14,25.85,0.68,0.14,0.09,259.997,7.8,115.6428,0.54
2020-09-15,25.59,0.68,0.14,0.09,259.997,7.8,115.5908,0.54
2020-09-16,26.04,0.69,0.14,0.09,259.997,7.8,115.3537,0.5499999999999999
2020-09-17,26.46,0.69,0.13,0.09,259.997,7.8,115.4392,0.5599999999999999
2020-09-18,25.83,0.7,0.14,0.09,259.997,7.8,115.2395,0.5599999999999999
2020-09-21,27.78,0.68,0.14,0.09,259.997,7.8,116.378,0.54
2020-09-22,26.86,0.68,0.13,0.09,259.997,7.8,116.5438,0.55
2020-09-23,28.58,0.68,0.14,0.09,259.997,7.8,117.2526,0.54
2020-09-24,28.51,0.67,0.14,0.09,259.997,7.8,117.5473,0.53
2020-09-25,26.38,0.66,0.12,0.09,259.997,7.8,117.8679,0.54
2020-09-28,26.19,0.67,0.14,0.09,259.997,7.8,117.6178,0.53
2020-09-29,26.27,0.66,0.11,0.09,259.997,7.8,117.526,0.55
2020-09-30,26.37,0.69,0.13,0.09,259.997,7.8,116.946,0.5599999999999999
2020-10-01,26.7,0.68,0.14,0.09,260.319,6.9,116.7227,0.54
2020-10-02,27.63,0.7,0.13,0.09,260.319,6.9,116.7321,0.57
2020-10-05,27.96,0.78,0.14,0.09,260.319,6.9,116.1767,0.64
2020-10-06,29.48,0.76,0.14,0.09,260.319,6.9,116.2681,0.62
2020-10-07,28.06,0.81,0.16,0.09,260.319,6.9,116.3447,0.65
2020-10-08,26.36,0.78,0.13,0.09,260.319,6.9,116.1657,0.65
2020-10-09,25.0,0.79,0.16,0.09,260.319,6.9,115.2757,0.63
2020-10-12,25.07,0.79,0.16,0.09,260.319,6.9,115.2757,0.63
2020-10-13,26.07,0.74,0.16,0.09,260.319,6.9,115.9107,0.58
2020-10-14,26.4,0.73,0.14,0.09,260.319,6.9,115.6872,0.59
2020-10-15,26.97,0.74,0.14,0.09,260.319,6.9,116.0964,0.6
2020-10-16,27.41,0.76,0.14,0.09,260.319,6.9,115.7679,0.62
2020-10-19,29.18,0.78,0.16,0.09,260.319,6.9,115.4031,0.62
2020-10-20,29.35,0.81,0.14,0.09,260.319,6.9,115.2485,0.67
2020-10-21,28.65,0.83,0.14,0.09,260.319,6.9,114.9108,0.69
2020-10-22,28.11,0.87,0.16,0.09,260.319,6.9,115.1158,0.71
2020-10-23,27.55,0.85,0.18,0.09,260.319,6.9,115.0126,0.6699999999999999
2020-10-26,32.46,0.81,0.16,0.09,260.319,6.9,115.2797,0.65
2020-10-27,33.35,0.79,0.16,0.09,260.319,6.9,115.0131,0.63
2020-10-28,40.28,0.79,0.16,0.09,260.319,6.9,115.8023,0.63
2020-10-29,37.59,0.85,0.16,0.09,260.319,6.9,116.3069,0.69
2020-10-30,38.02,0.88,0.14,0.09,260.319,6.9,116.1354,0.74
2020-11-02,37.13,0.87,0.16,0.09,260.911,6.7,116.2361,0.71
2020-11-03,35.55,0.9,0.17,0.09,260.911,6.7,115.4802,0.73
2020-11-04,29.57,0.78,0.14,0.09,260.911,6.7,115.1677,0.64
2020-11-05,27.58,0.79,0.14,0.09,260.911,6.7,114.4556,0.65
2020-11-06,24.86,0.83,0.16,0.09,260.911,6.7,113.9919,0.6699999999999999
2020-11-09,25.75,0.96,0.17,0.09,260.911,6.7,114.0895,0.7899999999999999
2020-11-10,24.8,0.98,0.19,0.09,260.911,6.7,114.0757,0.79
2020-11-11,23.45,0.98,0.19,0.09,260.911,6.7,114.0757,0.79
2020-11-12,25.35,0.88,0.17,0.09,260.911,6.7,114.2843,0.71
2020-11-13,23.1,0.89,0.17,0.09,260.911,6.7,114.2397,0.72
2020-11-16,22.45,0.91,0.19,0.09,260.911,6.7,113.8312,0.72
2020-11-17,22.71,0.87,0.18,0.09,260.911,6.7,113.682,0.69
2020-11-18,23.84,0.88,0.16,0.09,260.911,6.7,113.46,0.72
2020-11-19,23.11,0.86,0.18,0.09,260.911,6.7,113.694,0.6799999999999999
2020-11-20,23.7,0.83,0.16,0.09,260.911,6.7,113.489,0.6699999999999999
2020-11-23,22.66,0.86,0.16,0.09,260.911,6.7,113.7548,0.7
2020-11-24,21.64,0.88,0.16,0.09,260.911,6.7,113.4316,0.72
2020-11-25,21.25,0.88,0.17,0.09,260.911,6.7,113.1823,0.71
2020-11-27,20.84,0.84,0.16,0.09,260.911,6.7,113.1823,0.6799999999999999
2020-11-30,20.57,0.84,0.16,0.09,260.911,6.7,113.2256,0.6799999999999999
2020-12-01,20.77,0.92,0.17,0.09,262.045,6.7,112.8063,0.75
2020-12-02,21.17,0.95,0.16,0.09,262.045,6.7,112.6115,0.7899999999999999
2020-12-03,21.28,0.92,0.16,0.09,262.045,6.7,112.0236,0.76
2020-12-04,20.79,0.97,0.16,0.09,262.045,6.7,111.7778,0.8099999999999999
2020-12-07,21.3,0.94,0.14,0.09,262.045,6.7,111.8385,0.7999999999999999
2020-12-08,20.68,0.92,0.14,0.09,262.045,6.7,111.8639,0.78
2020-12-09,22.27,0.95,0.16,0.09,262.045,6.7,112.0305,0.7899999999999999
2020-12-10,22.52,0.92,0.14,0.09,262.045,6.7,111.9788,0.78
2020-12-11,23.31,0.9,0.11,0.09,262.045,6.7,112.1417,0.79
2020-12-14,24.72,0.9,0.13,0.09,262.045,6.7,112.1708,0.77
2020-12-15,22.89,0.92,0.11,0.09,262.045,6.7,111.8601,0.81
2020-12-16,22.5,0.92,0.13,0.09,262.045,6.7,111.7157,0.79
2020-12-17,21.93,0.94,0.13,0.09,262.045,6.7,111.2226,0.8099999999999999
2020-12-18,21.57,0.95,0.13,0.09,262.045,6.7,111.6071,0.82
2020-12-21,25.16,0.95,0.13,0.09,262.045,6.7,111.9415,0.82
2020-12-22,24.23,0.93,0.13,0.09,262.045,6.7,112.1947,0.8
2020-12-23,23.31,0.96,0.13,0.09,262.045,6.7,111.9807,0.83
2020-12-24,21.53,0.94,0.13,0.09,262.045,6.7,111.9807,0.8099999999999999
2020-12-28,21.7,0.94,0.13,0.09,262.045,6.7,111.9752,0.8099999999999999
2020-12-29,23.08,0.94,0.12,0.09,262.045,6.7,111.5172,0.82
2020-12-30,22.77,0.93,0.12,0.09,262.045,6.7,111.3084,0.81
2020-12-31,22.75,0.93,0.13,0.09,262.045,6.7,111.3169,0.8
2021-01-04,26.97,0.93,0.11,0.09,262.687,6.4,111.2075,0.8200000000000001
2021-01-05,25.34,0.96,0.13,0.09,262.687,6.4,110.9574,0.83
2021-01-06,25.07,1.04,0.14,0.09,262.687,6.4,110.8502,0.9
2021-01-07,22.37,1.08,0.14,0.09,262.687,6.4,111.3042,0.9400000000000001
2021-01-08,21.56,1.13,0.14,0.09,262.687,6.4,111.2847,0.9899999999999999
2021-01-11,24.08,1.15,0.14,0.09,262.687,6.4,111.8257,1.0099999999999998
2021-01-12,23.33,1.15,0.14,0.09,262.687,6.4,111.5501,1.0099999999999998
2021-01-13,22.21,1.1,0.14,0.09,262.687,6.4,111.3622,0.9600000000000001
2021-01-14,23.25,1.15,0.16,0.09,262.687,6.4,111.1567,0.9899999999999999
2021-01-15,24.34,1.11,0.13,0.09,262.687,6.4,111.5106,0.9800000000000001
2021-01-19,23.24,1.1,0.14,0.09,262.687,6.4,111.4527,0.9600000000000001
2021-01-20,21.58,1.1,0.13,0.09,262.687,6.4,111.4527,0.9700000000000001
2021-01-21,21.32,1.12,0.13,0.09,262.687,6.4,111.1973,0.9900000000000001
2021-01-22,21.91,1.1,0.13,0.09,262.687,6.4,111.5516,0.9700000000000001
2021-01-25,23.19,1.05,0.13,0.09,262.687,6.4,111.8676,0.92
2021-01-26,23.02,1.05,0.11,0.09,262.687,6.4,111.6572,0.9400000000000001
2021-01-27,37.21,1.04,0.12,0.09,262.687,6.4,112.0782,0.92
2021-01-28,30.21,1.07,0.12,0.09,262.687,6.4,112.0059,0.9500000000000001
2021-01-29,33.09,1.11,0.11,0.09,262.687,6.4,111.9511,1.0
2021-02-01,30.24,1.09,0.11,0.08,263.579,6.2,112.4189,0.9800000000000001
2021-02-02,25.56,1.12,0.11,0.08,263.579,6.2,112.2862,1.01
2021-02-03,22.91,1.15,0.11,0.08,263.579,6.2,112.2567,1.0399999999999998
2021-02-04,21.77,1.15,0.11,0.08,263.579,6.2,112.7469,1.0399999999999998
2021-02-05,20.87,1.19,0.09,0.08,263.579,6.2,112.2379,1.0999999999999999
2021-02-08,21.24,1.19,0.11,0.08,263.579,6.2,112.0428,1.0799999999999998
2021-02-09,21.63,1.18,0.11,0.08,263.579,6.2,111.7675,1.0699999999999998
2021-02-10,21.99,1.15,0.11,0.08,263.579,6.2,111.5834,1.0399999999999998
2021-02-11,21.25,1.16,0.11,0.08,263.579,6.2,111.5272,1.0499999999999998
2021-02-12,19.97,1.2,0.11,0.08,263.579,6.2,111.4889,1.0899999999999999
2021-02-16,21.46,1.3,0.13,0.08,263.579,6.2,111.7879,1.17
2021-02-17,21.5,1.29,0.11,0.08,263.579,6.2,112.0204,1.18
2021-02-18,22.49,1.29,0.11,0.08,263.579,6.2,112.1603,1.18
2021-02-19,22.05,1.34,0.11,0.08,263.579,6.2,111.7058,1.23
2021-02-22,23.45,1.37,0.11,0.08,263.579,6.2,111.918,1.26
2021-02-23,23.11,1.37,0.11,0.08,263.579,6.2,111.8981,1.26
2021-02-24,21.34,1.38,0.12,0.08,263.579,6.2,111.7212,1.2599999999999998
2021-02-25,28.89,1.54,0.17,0.08,263.579,6.2,111.9253,1.37
2021-02-26,27.95,1.44,0.14,0.08,263.579,6.2,112.8306,1.2999999999999998
2021-03-01,23.35,1.45,0.13,0.07,264.961,6.1,112.5263,1.3199999999999998
2021-03-02,24.1,1.42,0.13,0.07,264.961,6.1,112.5342,1.29
2021-03-03,26.67,1.47,0.14,0.07,264.961,6.1,112.7617,1.33
2021-03-04,28.57,1.54,0.14,0.07,264.961,6.1,112.7037,1.4
2021-03-05,24.66,1.56,0.14,0.07,264.961,6.1,113.7487,1.42
2021-03-08,25.47,1.59,0.17,0.07,264.961,6.1,114.2678,1.4200000000000002
2021-03-09,24.03,1.55,0.17,0.07,264.961,6.1,113.928,1.3800000000000001
2021-03-10,22.56,1.53,0.16,0.07,264.961,6.1,113.5881,1.37
2021-03-11,21.91,1.54,0.14,0.07,264.961,6.1,112.9214,1.4
2021-03-12,20.69,1.64,0.14,0.07,264.961,6.1,113.0269,1.5
2021-03-15,20.03,1.62,0.14,0.07,264.961,6.1,113.1928,1.48
2021-03-16,19.79,1.62,0.15,0.07,264.961,6.1,112.9839,1.4700000000000002
2021-03-17,19.23,1.63,0.13,0.07,264.961,6.1,113.1589,1.5
2021-03-18,21.58,1.71,0.16,0.07,264.961,6.1,112.7744,1.55
2021-03-19,20.95,1.74,0.16,0.07,264.961,6.1,112.9756,1.58
2021-03-22,18.88,1.69,0.15,0.07,264.961,6.1,113.0023,1.54
2021-03-23,20.3,1.63,0.15,0.07,264.961,6.1,113.2916,1.48
2021-03-24,21.2,1.62,0.14,0.07,264.961,6.1,113.6565,1.48
2021-03-25,19.81,1.63,0.14,0.07,264.961,6.1,114.0016,1.4899999999999998
2021-03-26,18.86,1.67,0.14,0.07,264.961,6.1,113.7406,1.5299999999999998
2021-03-29,20.74,1.73,0.14,0.07,264.961,6.1,113.9314,1.5899999999999999
2021-03-30,19.61,1.73,0.16,0.07,264.961,6.1,114.203,1.57
2021-03-31,19.4,1.74,0.16,0.07,264.961,6.1,113.8234,1.58
2021-04-01,17.33,1.69,0.17,0.07,266.614,6.1,113.7389,1.52
2021-04-05,17.91,1.73,0.17,0.07,266.614,6.1,113.394,1.56
2021-04-06,18.12,1.67,0.16,0.07,266.614,6.1,113.1464,1.51
2021-04-07,17.16,1.68,0.16,0.07,266.614,6.1,113.2436,1.52
2021-04-08,16.95,1.64,0.14,0.07,266.614,6.1,113.0917,1.5
2021-04-09,16.69,1.67,0.16,0.07,266.614,6.1,113.2028,1.51
2021-04-12,16.91,1.69,0.18,0.07,266.614,6.1,113.1815,1.51
2021-04-13,16.65,1.64,0.16,0.07,266.614,6.1,113.0391,1.48
2021-04-14,16.99,1.64,0.16,0.07,266.614,6.1,112.7849,1.48
2021-04-15,16.57,1.56,0.16,0.07,266.614,6.1,112.6181,1.4000000000000001
2021-04-16,16.25,1.59,0.16,0.07,266.614,6.1,112.4814,1.4300000000000002
2021-04-19,17.29,1.61,0.16,0.07,266.614,6.1,112.1835,1.4500000000000002
2021-04-20,18.68,1.58,0.15,0.07,266.614,6.1,112.2354,1.4300000000000002
2021-04-21,17.5,1.57,0.15,0.07,266.614,6.1,112.1771,1.4200000000000002
2021-04-22,18.71,1.57,0.16,0.07,266.614,6.1,112.2297,1.4100000000000001
2021-04-23,17.33,1.58,0.16,0.07,266.614,6.1,112.0889,1.4200000000000002
2021-04-26,17.64,1.58,0.18,0.07,266.614,6.1,111.8109,1.4000000000000001
2021-04-27,17.56,1.63,0.17,0.07,266.614,6.1,111.9097,1.46
2021-04-28,17.28,1.63,0.17,0.07,266.614,6.1,111.7909,1.46
2021-04-29,17.61,1.65,0.16,0.07,266.614,6.1,111.7464,1.49
2021-04-30,18.61,1.65,0.16,0.07,266.614,6.1,112.0839,1.49
2021-05-03,18.31,1.63,0.16,0.06,268.383,5.8,112.005,1.47
2021-05-04,19.48,1.61,0.16,0.06,268.383,5.8,112.2896,1.4500000000000002
2021-05-05,19.15,1.59,0.16,0.06,268.383,5.8,112.1514,1.4300000000000002
2021-05-06,18.39,1.58,0.16,0.06,268.383,5.8,111.8401,1.4200000000000002
2021-05-07,16.69,1.6,0.14,0.06,268.383,5.8,111.0249,1.46
2021-05-10,19.66,1.63,0.16,0.06,268.383,5.8,110.7905,1.47
2021-05-11,21.84,1.64,0.16,0.06,268.383,5.8,110.8921,1.48
2021-05-12,27.59,1.69,0.16,0.06,268.383,5.8,111.5636,1.53
2021-05-13,23.13,1.66,0.16,0.06,268.383,5.8,111.5955,1.5
2021-05-14,18.81,1.63,0.16,0.06,268.383,5.8,111.1353,1.47
2021-05-17,19.72,1.64,0.16,0.06,268.383,5.8,111.079,1.48
2021-05-18,21.34,1.64,0.16,0.06,268.383,5.8,110.8317,1.48
2021-05-19,22.18,1.68,0.16,0.06,268.383,5.8,110.8807,1.52
2021-05-20,20.67,1.63,0.15,0.06,268.383,5.8,110.8605,1.48
2021-05-21,20.15,1.63,0.17,0.06,268.383,5.8,111.0576,1.46
2021-05-24,18.4,1.61,0.15,0.06,268.383,5.8,110.9118,1.4600000000000002
2021-05-25,18.84,1.56,0.15,0.06,268.383,5.8,110.842,1.4100000000000001
2021-05-26,17.36,1.58,0.14,0.06,268.383,5.8,110.8677,1.44
2021-05-27,16.74,1.61,0.14,0.06,268.383,5.8,110.8688,1.4700000000000002
2021-05-28,16.76,1.58,0.14,0.06,268.383,5.8,110.7576,1.44
2021-06-01,17.9,1.62,0.16,0.08,270.654,5.9,110.5046,1.4600000000000002
2021-06-02,17.48,1.59,0.13,0.08,270.654,5.9,110.5799,1.46
2021-06-03,18.04,1.63,0.16,0.08,270.654,5.9,111.1782,1.47
2021-06-04,16.42,1.56,0.14,0.08,270.654,5.9,110.7521,1.42
2021-06-07,16.42,1.57,0.16,0.08,270.654,5.9,110.5155,1.4100000000000001
2021-06-08,17.07,1.53,0.14,0.08,270.654,5.9,110.649,1.3900000000000001
2021-06-09,17.89,1.5,0.16,0.08,270.654,5.9,110.5707,1.34
2021-06-10,16.1,1.45,0.14,0.08,270.654,5.9,110.5456,1.31
2021-06-11,15.65,1.47,0.16,0.08,270.654,5.9,111.0933,1.31
2021-06-14,16.39,1.51,0.16,0.08,270.654,5.9,110.9659,1.35
2021-06-15,17.02,1.51,0.16,0.08,270.654,5.9,111.3507,1.35
2021-06-16,18.15,1.57,0.21,0.08,270.654,5.9,111.1165,1.36
2021-06-17,17.75,1.52,0.23,0.08,270.654,5.9,112.5772,1.29
2021-06-18,20.7,1.45,0.26,0.08,270.654,5.9,113.0408,1.19
2021-06-21,17.89,1.5,0.27,0.08,270.654,5.9,112.8391,1.23
2021-06-22,16.66,1.48,0.25,0.08,270.654,5.9,112.9174,1.23
2021-06-23,16.32,1.5,0.26,0.08,270.654,5.9,112.3819,1.24
2021-06-24,15.97,1.49,0.26,0.08,270.654,5.9,112.326,1.23
2021-06-25,15.62,1.54,0.28,0.08,270.654,5.9,111.9655,1.26
2021-06-28,15.76,1.49,0.25,0.08,270.654,5.9,112.0248,1.24
2021-06-29,16.02,1.49,0.27,0.08,270.654,5.9,112.2613,1.22
2021-06-30,15.83,1.45,0.25,0.08,270.654,5.9,112.5533,1.2
2021-07-01,15.48,1.48,0.25,0.1,271.903,5.4,112.74,1.23
2021-07-02,15.07,1.44,0.24,0.1,271.903,5.4,112.5425,1.2
2021-07-06,16.44,1.37,0.22,0.1,271.903,5.4,112.9516,1.1500000000000001
2021-07-07,16.2,1.33,0.22,0.1,271.903,5.4,113.1048,1.11
2021-07-08,19.0,1.3,0.19,0.1,271.903,5.4,113.0776,1.11
2021-07-09,16.18,1.37,0.23,0.1,271.903,5.4,112.8375,1.1400000000000001
2021-07-12,16.17,1.38,0.23,0.1,271.903,5.4,112.7611,1.15
2021-07-13,17.12,1.42,0.26,0.1,271.903,5.4,113.0063,1.16
2021-07-14,16.33,1.37,0.23,0.1,271.903,5.4,112.8801,1.1400000000000001
2021-07-15,17.01,1.31,0.23,0.1,271.903,5.4,113.0041,1.08
2021-07-16,18.45,1.31,0.25,0.1,271.903,5.4,113.0428,1.06
2021-07-19,22.5,1.19,0.21,0.1,271.903,5.4,113.5472,0.98
2021-07-20,19.73,1.23,0.2,0.1,271.903,5.4,113.7502,1.03
2021-07-21,17.91,1.3,0.22,0.1,271.903,5.4,113.3926,1.08
2021-07-22,17.69,1.27,0.2,0.1,271.903,5.4,113.4695,1.07
2021-07-23,17.2,1.3,0.22,0.1,271.903,5.4,113.4398,1.08
2021-07-26,17.58,1.29,0.22,0.1,271.903,5.4,113.2238,1.07
2021-07-27,19.36,1.25,0.2,0.1,271.903,5.4,113.2227,1.05
2021-07-28,18.31,1.26,0.2,0.1,271.903,5.4,113.1807,1.06
2021-07-29,17.7,1.28,0.2,0.1,271.903,5.4,112.4834,1.08
2021-07-30,18.24,1.24,0.19,0.1,271.903,5.4,112.6714,1.05
2021-08-02,19.46,1.2,0.17,0.09,272.676,5.1,112.6691,1.03
2021-08-03,18.04,1.19,0.17,0.09,272.676,5.1,112.8228,1.02
2021-08-04,17.97,1.19,0.17,0.09,272.676,5.1,112.8953,1.02
2021-08-05,17.28,1.23,0.21,0.09,272.676,5.1,112.7674,1.02
2021-08-06,16.15,1.31,0.21,0.09,272.676,5.1,113.3088,1.1
2021-08-09,16.72,1.33,0.23,0.09,272.676,5.1,113.4521,1.1
2021-08-10,16.79,1.36,0.24,0.09,272.676,5.1,113.4973,1.12
2021-08-11,16.06,1.35,0.23,0.09,272.676,5.1,113.282,1.12
2021-08-12,15.59,1.36,0.23,0.09,272.676,5.1,113.2691,1.1300000000000001
2021-08-13,15.45,1.29,0.23,0.09,272.676,5.1,113.0615,1.06
2021-08-16,16.12,1.26,0.21,0.09,272.676,5.1,113.1698,1.05
2021-08-17,17.91,1.26,0.23,0.09,272.676,5.1,113.6174,1.03
2021-08-18,21.57,1.27,0.23,0.09,272.676,5.1,113.6959,1.04
2021-08-19,21.67,1.24,0.22,0.09,272.676,5.1,114.1106,1.02
2021-08-20,18.56,1.26,0.23,0.09,272.676,5.1,114.5009,1.03
2021-08-23,17.15,1.25,0.23,0.09,272.676,5.1,113.9418,1.02
2021-08-24,17.22,1.29,0.24,0.09,272.676,5.1,113.6795,1.05
2021-08-25,16.79,1.35,0.23,0.09,272.676,5.1,113.6322,1.12
2021-08-26,18.84,1.34,0.25,0.09,272.676,5.1,113.7883,1.09
2021-08-27,16.39,1.31,0.22,0.09,272.676,5.1,113.3404,1.09
2021-08-30,16.19,1.29,0.2,0.09,272.676,5.1,113.246,1.09
2021-08-31,16.48,1.3,0.2,0.09,272.676,5.1,113.1076,1.1
2021-09-01,16.11,1.31,0.2,0.08,273.91,4.7,112.8732,1.11
2021-09-02,16.41,1.29,0.2,0.08,273.91,4.7,112.7863,1.09
2021-09-03,16.41,1.33,0.21,0.08,273.91,4.7,112.5476,1.12
2021-09-07,18.14,1.38,0.22,0.08,273.91,4.7,112.9795,1.16
2021-09-08,17.96,1.35,0.22,0.08,273.91,4.7,113.2319,1.1300000000000001
2021-09-09,18.8,1.3,0.23,0.08,273.91,4.7,113.043,1.07
2021-09-10,20.95,1.35,0.23,0.08,273.91,4.7,112.9425,1.12
2021-09-13,19.37,1.33,0.21,0.08,273.91,4.7,113.0341,1.12
2021-09-14,19.46,1.28,0.21,0.08,273.91,4.7,113.0061,1.07
2021-09-15,18.18,1.31,0.21,0.08,273.91,4.7,112.9773,1.1
2021-09-16,18.69,1.34,0.23,0.08,273.91,4.7,113.3036,1.11
2021-09-17,20.81,1.37,0.23,0.08,273.91,4.7,113.5989,1.1400000000000001
2021-09-20,25.71,1.31,0.23,0.08,273.91,4.7,113.9422,1.08
2021-09-21,24.36,1.33,0.22,0.08,273.91,4.7,113.8179,1.11
2021-09-22,20.87,1.32,0.25,0.08,273.91,4.7,113.6223,1.07
2021-09-23,18.63,1.41,0.27,0.08,273.91,4.7,113.513,1.14
2021-09-24,17.75,1.47,0.29,0.08,273.91,4.7,113.7597,1.18
2021-09-27,18.76,1.48,0.31,0.08,273.91,4.7,113.7432,1.17
2021-09-28,23.25,1.54,0.31,0.08,273.91,4.7,114.2469,1.23
2021-09-29,22.56,1.55,0.3,0.08,273.91,4.7,114.7092,1.25
2021-09-30,23.14,1.52,0.28,0.08,273.91,4.7,114.6403,1.24
2021-10-01,21.15,1.48,0.27,0.08,276.55,4.5,114.3798,1.21
2021-10-04,22.96,1.49,0.27,0.08,276.55,4.5,114.2739,1.22
2021-10-05,21.3,1.54,0.28,0.08,276.55,4.5,114.3654,1.26
2021-10-06,21.0,1.53,0.3,0.08,276.55,4.5,114.7185,1.23
2021-10-07,19.54,1.58,0.32,0.08,276.55,4.5,114.5044,1.26
2021-10-08,18.77,1.61,0.32,0.08,276.55,4.5,114.5986,1.29
2021-10-11,20.0,1.61,0.32,0.08,276.55,4.5,114.5986,1.29
2021-10-12,19.85,1.59,0.35,0.08,276.55,4.5,114.7542,1.2400000000000002
2021-10-13,18.64,1.56,0.37,0.08,276.55,4.5,114.4705,1.19
2021-10-14,16.86,1.52,0.36,0.08,276.55,4.5,114.2053,1.1600000000000001
2021-10-15,16.3,1.59,0.41,0.08,276.55,4.5,114.0905,1.1800000000000002
2021-10-18,16.31,1.59,0.44,0.08,276.55,4.5,113.9899,1.1500000000000001
2021-10-19,15.7,1.65,0.41,0.08,276.55,4.5,113.647,1.24
2021-10-20,15.49,1.65,0.4,0.08,276.55,4.5,113.5083,1.25
2021-10-21,15.01,1.68,0.45,0.08,276.55,4.5,113.6188,1.23
2021-10-22,15.43,1.66,0.48,0.08,276.55,4.5,113.67,1.18
2021-10-25,15.24,1.64,0.47,0.08,276.55,4.5,113.605,1.17
2021-10-26,15.98,1.63,0.47,0.08,276.55,4.5,113.674,1.16
2021-10-27,16.98,1.54,0.5,0.08,276.55,4.5,113.6218,1.04
2021-10-28,16.53,1.57,0.5,0.08,276.55,4.5,113.4389,1.07
2021-10-29,16.26,1.55,0.48,0.08,276.55,4.5,114.1349,1.07
2021-11-01,16.41,1.58,0.5,0.08,278.919,4.1,114.2067,1.08
2021-11-02,16.03,1.56,0.46,0.08,278.919,4.1,114.2847,1.1
2021-11-03,15.1,1.6,0.47,0.08,278.919,4.1,114.3593,1.1300000000000001
2021-11-04,15.44,1.53,0.41,0.08,278.919,4.1,114.3558,1.12
2021-11-05,16.48,1.45,0.39,0.08,278.919,4.1,114.0732,1.06
2021-11-08,17.22,1.51,0.45,0.08,278.919,4.1,113.8256,1.06
2021-11-09,17.78,1.46,0.41,0.08,278.919,4.1,113.762,1.05
2021-11-10,18.73,1.56,0.51,0.08,278.919,4.1,114.1484,1.05
2021-11-11,17.66,1.56,0.51,0.08,278.919,4.1,114.1484,1.05
2021-11-12,16.29,1.58,0.53,0.08,278.919,4.1,114.5144,1.05
2021-11-15,16.49,1.63,0.53,0.08,278.919,4.1,114.5876,1.0999999999999999
2021-11-16,16.37,1.63,0.54,0.08,278.919,4.1,115.136,1.0899999999999999
2021-11-17,17.11,1.6,0.52,0.08,278.919,4.1,115.0263,1.08
2021-11-18,17.59,1.59,0.52,0.08,278.919,4.1,115.0678,1.07
2021-11-19,17.91,1.54,0.52,0.08,278.919,4.1,115.2187,1.02
2021-11-22,19.17,1.63,0.63,0.08,278.919,4.1,115.6481,0.9999999999999999
2021-11-23,19.38,1.67,0.6,0.08,278.919,4.1,116.0118,1.0699999999999998
2021-11-24,18.58,1.64,0.64,0.08,278.919,4.1,116.2711,0.9999999999999999
2021-11-26,28.62,1.48,0.5,0.08,278.919,4.1,116.5103,0.98
2021-11-29,22.96,1.52,0.51,0.08,278.919,4.1,116.581,1.01
2021-11-30,27.19,1.43,0.52,0.08,278.919,4.1,116.2071,0.9099999999999999
2021-12-01,31.12,1.43,0.56,0.08,280.845,3.9,115.889,0.8699999999999999
2021-12-02,27.95,1.44,0.63,0.08,280.845,3.9,116.018,0.8099999999999999
2021-12-03,30.67,1.35,0.6,0.08,280.845,3.9,116.2377,0.7500000000000001
2021-12-06,27.18,1.43,0.65,0.08,280.845,3.9,116.1538,0.7799999999999999
2021-12-07,21.89,1.48,0.7,0.08,280.845,3.9,115.8555,0.78
2021-12-08,19.9,1.52,0.68,0.08,280.845,3.9,115.4418,0.84
2021-12-09,21.58,1.49,0.7,0.08,280.845,3.9,115.7784,0.79
2021-12-10,18.69,1.48,0.67,0.08,280.845,3.9,115.5732,0.8099999999999999
2021-12-13,20.31,1.42,0.66,0.08,280.845,3.9,115.842,0.7599999999999999
2021-12-14,21.89,1.44,0.67,0.08,280.845,3.9,116.2397,0.7699999999999999
2021-12-15,19.29,1.47,0.69,0.08,280.845,3.9,116.4219,0.78
2021-12-16,20.57,1.44,0.64,0.08,280.845,3.9,115.7146,0.7999999999999999
2021-12-17,21.57,1.41,0.66,0.08,280.845,3.9,115.791,0.7499999999999999
2021-12-20,22.87,1.43,0.65,0.08,280.845,3.9,116.0092,0.7799999999999999
2021-12-21,21.01,1.48,0.7,0.08,280.845,3.9,116.1089,0.78
2021-12-22,18.63,1.46,0.68,0.08,280.845,3.9,115.7485,0.7799999999999999
2021-12-23,17.96,1.5,0.71,0.08,280.845,3.9,115.5337,0.79
2021-12-27,17.68,1.48,0.76,0.08,280.845,3.9,115.4684,0.72
2021-12-28,17.54,1.49,0.74,0.08,280.845,3.9,115.4192,0.75
2021-12-29,16.95,1.55,0.75,0.08,280.845,3.9,115.3678,0.8
2021-12-30,17.33,1.52,0.73,0.08,280.845,3.9,115.283,0.79
2021-12-31,17.22,1.52,0.73,0.08,280.845,3.9,115.283,0.79
2022-01-03,16.6,1.63,0.78,0.08,282.543,4.0,115.4101,0.8499999999999999
2022-01-04,16.91,1.66,0.77,0.08,282.543,4.0,115.3103,0.8899999999999999
2022-01-05,19.73,1.71,0.83,0.08,282.543,4.0,115.137,0.88
2022-01-06,19.61,1.73,0.88,0.08,282.543,4.0,115.4046,0.85
2022-01-07,18.76,1.76,0.87,0.08,282.543,4.0,115.0451,0.89
2022-01-10,19.4,1.78,0.92,0.08,282.543,4.0,115.2216,0.86
2022-01-11,18.41,1.75,0.9,0.08,282.543,4.0,114.8332,0.85
2022-01-12,17.62,1.74,0.92,0.08,282.543,4.0,114.355,0.82
2022-01-13,20.31,1.7,0.91,0.08,282.543,4.0,114.177,0.7899999999999999
2022-01-14,19.19,1.78,0.99,0.08,282.543,4.0,114.3825,0.79
2022-01-18,22.79,1.87,1.06,0.08,282.543,4.0,114.7373,0.81
2022-01-19,23.85,1.83,1.04,0.08,282.543,4.0,114.6109,0.79
2022-01-20,25.59,1.83,1.08,0.08,282.543,4.0,114.4642,0.75
2022-01-21,28.85,1.75,1.01,0.08,282.543,4.0,114.6125,0.74
2022-01-24,29.9,1.75,0.99,0.08,282.543,4.0,115.2034,0.76
2022-01-25,31.16,1.78,1.02,0.08,282.543,4.0,115.1654,0.76
2022-01-26,31.96,1.85,1.13,0.08,282.543,4.0,115.0922,0.7200000000000002
2022-01-27,30.49,1.81,1.18,0.08,282.543,4.0,115.978,0.6300000000000001
2022-01-28,27.66,1.78,1.15,0.08,282.543,4.0,116.0393,0.6300000000000001
2022-01-31,24.83,1.79,1.18,0.08,282.543,4.0,115.566,0.6100000000000001
2022-02-01,21.96,1.81,1.18,0.08,284.5,3.9,115.3685,0.6300000000000001
2022-02-02,22.09,1.78,1.16,0.08,284.5,3.9,115.1538,0.6200000000000001
2022-02-03,24.35,1.82,1.19,0.08,284.5,3.9,114.9065,0.6300000000000001
2022-02-04,23.22,1.93,1.31,0.08,284.5,3.9,115.1362,0.6199999999999999
2022-02-07,22.86,1.92,1.3,0.08,284.5,3.9,115.0098,0.6199999999999999
2022-02-08,21.44,1.96,1.35,0.08,284.5,3.9,115.0892,0.6099999999999999
2022-02-09,19.96,1.94,1.36,0.08,284.5,3.9,114.8232,0.5799999999999998
2022-02-10,23.91,2.03,1.61,0.08,284.5,3.9,114.5527,0.4199999999999997
2022-02-11,27.36,1.92,1.5,0.08,284.5,3.9,114.8413,0.41999999999999993
2022-02-14,28.33,1.98,1.58,0.08,284.5,3.9,115.1946,0.3999999999999999
2022-02-15,25.7,2.05,1.58,0.08,284.5,3.9,114.93,0.46999999999999975
2022-02-16,24.29,2.03,1.52,0.08,284.5,3.9,114.6886,0.5099999999999998
2022-02-17,28.11,1.97,1.49,0.08,284.5,3.9,114.6755,0.48
2022-02-18,27.75,1.92,1.47,0.08,284.5,3.9,114.7982,0.44999999999999996
2022-02-22,28.81,1.94,1.56,0.08,284.5,3.9,114.7002,0.3799999999999999
2022-02-23,31.02,1.99,1.58,0.08,284.5,3.9,114.6668,0.4099999999999999
2022-02-24,30.32,1.96,1.54,0.08,284.5,3.9,115.9419,0.41999999999999993
2022-02-25,27.59,1.97,1.55,0.08,284.5,3.9,115.2577,0.41999999999999993
2022-02-28,30.15,1.83,1.44,0.08,284.5,3.9,115.2224,0.3900000000000001
2022-03-01,33.32,1.72,1.31,0.2,287.674,3.7,115.7962,0.4099999999999999
2022-03-02,30.74,1.86,1.5,0.2,287.674,3.7,115.7623,0.3600000000000001
2022-03-03,30.48,1.86,1.53,0.2,287.674,3.7,115.9495,0.33000000000000007
2022-03-04,31.98,1.74,1.5,0.2,287.674,3.7,116.6503,0.24
2022-03-07,36.45,1.78,1.55,0.2,287.674,3.7,117.3278,0.22999999999999998
2022-03-08,35.13,1.86,1.63,0.2,287.674,3.7,117.6176,0.2300000000000002
2022-03-09,32.45,1.94,1.68,0.2,287.674,3.7,116.5961,0.26
2022-03-10,30.23,1.98,1.72,0.2,287.674,3.7,116.7401,0.26
2022-03-11,30.75,2.0,1.75,0.2,287.674,3.7,117.0192,0.25
2022-03-14,31.77,2.14,1.87,0.2,287.674,3.7,117.1506,0.27
2022-03-15,29.83,2.15,1.85,0.2,287.674,3.7,117.246,0.2999999999999998
2022-03-16,26.67,2.19,1.95,0.2,287.674,3.7,116.8073,0.24
2022-03-17,25.67,2.2,1.94,0.2,287.674,3.7,116.0467,0.26000000000000023
2022-03-18,23.87,2.14,1.97,0.2,287.674,3.7,116.1378,0.17000000000000015
2022-03-21,23.53,2.32,2.14,0.2,287.674,3.7,115.9398,0.17999999999999972
2022-03-22,22.94,2.38,2.18,0.2,287.674,3.7,116.0824,0.19999999999999973
2022-03-23,23.57,2.32,2.13,0.2,287.674,3.7,116.005,0.18999999999999995
2022-03-24,21.67,2.34,2.13,0.2,287.674,3.7,115.9599,0.20999999999999996
2022-03-25,20.81,2.48,2.3,0.2,287.674,3.7,115.7921,0.18000000000000016
2022-03-28,19.63,2.46,2.35,0.2,287.674,3.7,116.1911,0.10999999999999988
2022-03-29,18.9,2.41,2.35,0.2,287.674,3.7,115.5679,0.06000000000000005
2022-03-30,19.33,2.35,2.31,0.2,287.674,3.7,115.0818,0.040000000000000036
2022-03-31,20.56,2.32,2.28,0.2,287.674,3.7,115.2218,0.040000000000000036
2022-04-01,19.63,2.39,2.44,0.33,288.561,3.7,115.4814,-0.04999999999999982
2022-04-04,18.57,2.42,2.43,0.33,288.561,3.7,115.4112,-0.010000000000000231
2022-04-05,21.03,2.54,2.51,0.33,288.561,3.7,115.73,0.03000000000000025
2022-04-06,22.1,2.61,2.5,0.33,288.561,3.7,115.9995,0.10999999999999988
2022-04-07,21.55,2.66,2.47,0.33,288.561,3.7,116.3512,0.18999999999999995
2022-04-08,21.16,2.72,2.53,0.33,288.561,3.7,116.4176,0.1900000000000004
2022-04-11,24.37,2.79,2.5,0.33,288.561,3.7,116.5401,0.29000000000000004
2022-04-12,24.26,2.72,2.39,0.33,288.561,3.7,116.3866,0.33000000000000007
2022-04-13,21.82,2.7,2.37,0.33,288.561,3.7,116.2796,0.33000000000000007
2022-04-14,22.7,2.83,2.47,0.33,288.561,3.7,116.7558,0.3599999999999999
2022-04-18,22.17,2.85,2.46,0.33,288.561,3.7,116.8441,0.3900000000000001
2022-04-19,21.37,2.93,2.61,0.33,288.561,3.7,117.1324,0.3200000000000003
2022-04-20,20.32,2.85,2.6,0.33,288.561,3.7,116.7306,0.25
2022-04-21,22.68,2.9,2.68,0.33,288.561,3.7,117.1432,0.21999999999999975
2022-04-22,28.21,2.9,2.72,0.33,288.561,3.7,118.0186,0.17999999999999972
2022-04-25,27.02,2.81,2.63,0.33,288.561,3.7,118.6271,0.18000000000000016
2022-04-26,33.52,2.77,2.54,0.33,288.561,3.7,118.9624,0.22999999999999998
2022-04-27,31.6,2.82,2.58,0.33,288.561,3.7,119.4708,0.23999999999999977
2022-04-28,29.99,2.85,2.63,0.33,288.561,3.7,120.0675,0.2200000000000002
2022-04-29,33.4,2.89,2.7,0.33,288.561,3.7,119.4933,0.18999999999999995
2022-05-02,32.34,2.99,2.73,0.77,291.298,3.6,119.8825,0.26000000000000023
2022-05-03,29.25,2.97,2.78,0.77,291.298,3.6,119.7043,0.1900000000000004
2022-05-04,25.42,2.93,2.66,0.77,291.298,3.6,119.5592,0.27
2022-05-05,31.2,3.05,2.71,0.77,291.298,3.6,120.0068,0.33999999999999986
2022-05-06,30.19,3.12,2.72,0.77,291.298,3.6,119.8577,0.3999999999999999
2022-05-09,34.75,3.05,2.61,0.77,291.298,3.6,120.4972,0.43999999999999995
2022-05-10,32.99,2.99,2.62,0.77,291.298,3.6,120.7742,0.3700000000000001
2022-05-11,32.56,2.91,2.66,0.77,291.298,3.6,120.3925,0.25
2022-05-12,31.77,2.84,2.56,0.77,291.298,3.6,121.2796,0.2799999999999998
2022-05-13,28.87,2.93,2.61,0.77,291.298,3.6,120.8442,0.3200000000000003
2022-05-16,27.47,2.88,2.58,0.77,291.298,3.6,120.6881,0.2999999999999998
2022-05-17,26.1,2.98,2.71,0.77,291.298,3.6,119.8871,0.27
2022-05-18,30.96,2.89,2.68,0.77,291.298,3.6,120.0274,0.20999999999999996
2022-05-19,29.35,2.84,2.63,0.77,291.298,3.6,119.4278,0.20999999999999996
2022-05-20,29.43,2.78,2.6,0.77,291.298,3.6,119.3677,0.17999999999999972
2022-05-23,28.48,2.86,2.65,0.77,291.298,3.6,118.7169,0.20999999999999996
2022-05-24,29.45,2.76,2.5,0.77,291.298,3.6,118.6245,0.2599999999999998
2022-05-25,28.37,2.75,2.48,0.77,291.298,3.6,118.9598,0.27
2022-05-26,27.5,2.75,2.46,0.77,291.298,3.6,118.7687,0.29000000000000004
2022-05-27,25.72,2.74,2.47,0.77,291.298,3.6,118.2834,0.27
2022-05-31,26.19,2.85,2.53,0.77,291.298,3.6,118.0704,0.3200000000000003
2022-06-01,25.69,2.94,2.66,1.21,294.957,3.6,118.6954,0.2799999999999998
2022-06-02,24.72,2.92,2.65,1.21,294.957,3.6,118.0658,0.27
2022-06-03,24.79,2.96,2.66,1.21,294.957,3.6,118.2153,0.2999999999999998
2022-06-06,25.07,3.04,2.73,1.21,294.957,3.6,118.3081,0.31000000000000005
2022-06-07,24.02,2.98,2.75,1.21,294.957,3.6,118.4414,0.22999999999999998
2022-06-08,23.96,3.03,2.78,1.21,294.957,3.6,118.3951,0.25
2022-06-09,26.09,3.04,2.83,1.21,294.957,3.6,118.9226,0.20999999999999996
2022-06-10,27.75,3.15,3.06,1.21,294.957,3.6,119.9981,0.08999999999999986
2022-06-13,34.02,3.43,3.4,1.21,294.957,3.6,121.1523,0.03000000000000025
2022-06-14,32.69,3.49,3.45,1.21,294.957,3.6,121.6669,0.040000000000000036
2022-06-15,29.62,3.33,3.2,1.21,294.957,3.6,121.6403,0.1299999999999999
2022-06-16,32.95,3.28,3.14,1.21,294.957,3.6,120.6714,0.13999999999999968
2022-06-17,31.13,3.25,3.17,1.21,294.957,3.6,121.2369,0.08000000000000007
2022-06-21,30.19,3.31,3.21,1.21,294.957,3.6,120.6427,0.10000000000000009
2022-06-22,28.95,3.16,3.06,1.21,294.957,3.6,120.5197,0.10000000000000009
2022-06-23,29.05,3.09,3.01,1.21,294.957,3.6,120.7622,0.08000000000000007
2022-06-24,27.23,3.13,3.04,1.21,294.957,3.6,120.4853,0.08999999999999986
2022-06-27,26.95,3.2,3.08,1.21,294.957,3.6,120.1736,0.1200000000000001
2022-06-28,28.36,3.2,3.1,1.21,294.957,3.6,120.62,0.10000000000000009
2022-06-29,28.16,3.1,3.06,1.21,294.957,3.6,120.9616,0.040000000000000036
2022-06-30,28.71,2.98,2.92,1.21,294.957,3.6,120.9652,0.06000000000000005
2022-07-01,26.7,2.88,2.84,1.68,294.913,3.5,121.5058,0.040000000000000036
2022-07-05,27.54,2.82,2.82,1.68,294.913,3.5,122.6203,0.0
2022-07-06,26.73,2.93,2.97,1.68,294.913,3.5,123.0073,-0.040000000000000036
2022-07-07,26.08,3.01,3.03,1.68,294.913,3.5,122.7257,-0.020000000000000018
2022-07-08,24.64,3.09,3.12,1.68,294.913,3.5,122.4662,-0.03000000000000025
2022-07-11,26.17,2.99,3.07,1.68,294.913,3.5,123.2974,-0.07999999999999963
2022-07-12,27.29,2.96,3.03,1.68,294.913,3.5,123.4524,-0.06999999999999984
2022-07-13,26.82,2.91,3.13,1.68,294.913,3.5,123.2834,-0.21999999999999975
2022-07-14,26.4,2.96,3.15,1.68,294.913,3.5,124.0622,-0.18999999999999995
2022-07-15,24.23,2.93,3.13,1.68,294.913,3.5,123.4765,-0.19999999999999973
2022-07-18,25.3,2.96,3.15,1.68,294.913,3.5,122.7727,-0.18999999999999995
2022-07-19,24.5,3.01,3.23,1.68,294.913,3.5,122.4819,-0.2200000000000002
2022-07-20,23.88,3.04,3.25,1.68,294.913,3.5,122.5997,-0.20999999999999996
2022-07-21,23.11,2.91,3.1,1.68,294.913,3.5,122.9032,-0.18999999999999995
2022-07-22,23.03,2.77,2.98,1.68,294.913,3.5,122.451,-0.20999999999999996
2022-07-25,23.36,2.81,3.0,1.68,294.913,3.5,122.4594,-0.18999999999999995
2022-07-26,24.69,2.81,3.02,1.68,294.913,3.5,122.7581,-0.20999999999999996
2022-07-27,23.24,2.78,2.96,1.68,294.913,3.5,122.8169,-0.18000000000000016
2022-07-28,22.33,2.68,2.85,1.68,294.913,3.5,122.1161,-0.16999999999999993
2022-07-29,21.33,2.67,2.89,1.68,294.913,3.5,121.7678,-0.2200000000000002
2022-08-01,22.84,2.6,2.9,2.33,295.097,3.6,121.4109,-0.2999999999999998
2022-08-02,23.93,2.75,3.06,2.33,295.097,3.6,121.9486,-0.31000000000000005
2022-08-03,21.95,2.73,3.1,2.33,295.097,3.6,122.3888,-0.3700000000000001
2022-08-04,21.44,2.68,3.03,2.33,295.097,3.6,121.8333,-0.34999999999999964
2022-08-05,21.15,2.83,3.24,2.33,295.097,3.6,122.321,-0.41000000000000014
2022-08-08,21.29,2.77,3.21,2.33,295.097,3.6,121.8783,-0.43999999999999995
2022-08-09,21.77,2.8,3.28,2.33,295.097,3.6,121.8614,-0.48
2022-08-10,19.74,2.78,3.23,2.33,295.097,3.6,120.7543,-0.4500000000000002
2022-08-11,20.2,2.87,3.23,2.33,295.097,3.6,120.7163,-0.3599999999999999
2022-08-12,19.53,2.84,3.25,2.33,295.097,3.6,121.018,-0.41000000000000014
2022-08-15,19.95,2.79,3.2,2.33,295.097,3.6,121.4315,-0.41000000000000014
2022-08-16,19.69,2.82,3.25,2.33,295.097,3.6,121.6807,-0.43000000000000016
2022-08-17,19.9,2.89,3.28,2.33,295.097,3.6,122.0711,-0.3899999999999997
2022-08-18,19.56,2.88,3.22,2.33,295.097,3.6,122.3627,-0.3400000000000003
2022-08-19,20.6,2.98,3.25,2.33,295.097,3.6,123.0501,-0.27
2022-08-22,23.8,3.03,3.32,2.33,295.097,3.6,123.605,-0.29000000000000004
2022-08-23,24.11,3.05,3.29,2.33,295.097,3.6,123.0547,-0.2400000000000002
2022-08-24,22.82,3.11,3.36,2.33,295.097,3.6,123.109,-0.25
2022-08-25,21.78,3.03,3.35,2.33,295.097,3.6,123.0586,-0.3200000000000003
2022-08-26,25.56,3.04,3.37,2.33,295.097,3.6,123.0656,-0.33000000000000007
2022-08-29,26.21,3.12,3.42,2.33,295.097,3.6,123.4686,-0.2999999999999998
2022-08-30,26.21,3.11,3.46,2.33,295.097,3.6,123.6848,-0.3500000000000001
2022-08-31,25.87,3.15,3.45,2.33,295.097,3.6,123.535,-0.30000000000000027
2022-09-01,25.56,3.26,3.51,2.56,296.349,3.5,124.4006,-0.25
2022-09-02,25.47,3.2,3.4,2.56,296.349,3.5,123.7743,-0.19999999999999973
2022-09-06,26.91,3.33,3.5,2.56,296.349,3.5,124.767,-0.16999999999999993
2022-09-07,24.64,3.27,3.45,2.56,296.349,3.5,124.8408,-0.18000000000000016
2022-09-08,23.61,3.29,3.48,2.56,296.349,3.5,124.578,-0.18999999999999995
2022-09-09,22.79,3.33,3.56,2.56,296.349,3.5,123.7874,-0.22999999999999998
2022-09-12,23.87,3.37,3.58,2.56,296.349,3.5,123.3332,-0.20999999999999996
2022-09-13,27.27,3.42,3.75,2.56,296.349,3.5,124.4242,-0.33000000000000007
2022-09-14,26.16,3.41,3.78,2.56,296.349,3.5,124.4509,-0.36999999999999966
2022-09-15,26.27,3.45,3.87,2.56,296.349,3.5,124.8843,-0.41999999999999993
2022-09-16,26.3,3.45,3.85,2.56,296.349,3.5,124.8794,-0.3999999999999999
2022-09-19,25.76,3.49,3.95,2.56,296.349,3.5,125.0104,-0.45999999999999996
2022-09-20,27.16,3.57,3.96,2.56,296.349,3.5,125.1248,-0.3900000000000001
2022-09-21,27.99,3.51,4.02,2.56,296.349,3.5,125.7399,-0.5099999999999998
2022-09-22,27.35,3.7,4.11,2.56,296.349,3.5,126.1667,-0.41000000000000014
2022-09-23,29.92,3.69,4.2,2.56,296.349,3.5,127.2853,-0.5100000000000002
2022-09-26,32.26,3.88,4.27,2.56,296.349,3.5,128.4539,-0.3899999999999997
2022-09-27,32.6,3.97,4.3,2.56,296.349,3.5,128.4386,-0.3299999999999996
2022-09-28,30.18,3.72,4.07,2.56,296.349,3.5,128.0884,-0.3500000000000001
2022-09-29,31.84,3.76,4.16,2.56,296.349,3.5,127.5437,-0.40000000000000036
2022-09-30,31.62,3.83,4.22,2.56,296.349,3.5,127.5148,-0.3899999999999997
2022-10-03,30.1,3.67,4.12,3.08,298.007,3.6,127.0813,-0.4500000000000002
2022-10-04,29.07,3.62,4.1,3.08,298.007,3.6,126.1819,-0.47999999999999954
2022-10-05,28.55,3.76,4.15,3.08,298.007,3.6,126.8616,-0.39000000000000057
2022-10-06,30.52,3.83,4.23,3.08,298.007,3.6,127.2493,-0.40000000000000036
2022-10-07,31.36,3.89,4.3,3.08,298.007,3.6,127.3111,-0.4099999999999997
2022-10-10,32.45,3.89,4.3,3.08,298.007,3.6,127.3111,-0.4099999999999997
2022-10-11,33.63,3.93,4.3,3.08,298.007,3.6,127.6641,-0.36999999999999966
2022-10-12,33.57,3.91,4.28,3.08,298.007,3.6,128.1481,-0.3700000000000001
2022-10-13,31.94,3.97,4.47,3.08,298.007,3.6,127.7286,-0.49999999999999956
2022-10-14,32.02,4.0,4.48,3.08,298.007,3.6,128.3325,-0.4800000000000004
2022-10-17,31.37,4.02,4.45,3.08,298.007,3.6,127.6448,-0.4300000000000006
2022-10-18,30.5,4.01,4.43,3.08,298.007,3.6,127.9153,-0.41999999999999993
2022-10-19,30.76,4.14,4.55,3.08,298.007,3.6,128.3968,-0.41000000000000014
2022-10-20,29.98,4.24,4.62,3.08,298.007,3.6,128.0052,-0.3799999999999999
2022-10-21,29.69,4.21,4.49,3.08,298.007,3.6,127.6735,-0.28000000000000025
2022-10-24,29.85,4.25,4.5,3.08,298.007,3.6,128.0304,-0.25
2022-10-25,28.46,4.1,4.42,3.08,298.007,3.6,127.3771,-0.3200000000000003
2022-10-26,27.28,4.04,4.39,3.08,298.007,3.6,126.4723,-0.34999999999999964
2022-10-27,27.39,3.96,4.3,3.08,298.007,3.6,126.7028,-0.33999999999999986
2022-10-28,25.75,4.02,4.41,3.08,298.007,3.6,127.2135,-0.39000000000000057
2022-10-31,25.88,4.1,4.51,3.08,298.007,3.6,127.6219,-0.41000000000000014
2022-11-01,25.81,4.07,4.54,3.78,298.786,3.6,127.3987,-0.46999999999999975
2022-11-02,25.86,4.1,4.61,3.78,298.786,3.6,127.3115,-0.5100000000000007
2022-11-03,25.3,4.14,4.71,3.78,298.786,3.6,128.1743,-0.5700000000000003
2022-11-04,24.55,4.17,4.66,3.78,298.786,3.6,127.1468,-0.4900000000000002
2022-11-07,24.35,4.22,4.72,3.78,298.786,3.6,126.3062,-0.5
2022-11-08,25.54,4.14,4.67,3.78,298.786,3.6,125.633,-0.5300000000000002
2022-11-09,26.09,4.12,4.61,3.78,298.786,3.6,125.9861,-0.4900000000000002
2022-11-10,23.53,3.82,4.34,3.78,298.786,3.6,124.7044,-0.52
2022-11-11,22.52,3.82,4.34,3.78,298.786,3.6,124.7044,-0.52
2022-11-14,23.73,3.88,4.4,3.78,298.786,3.6,123.4277,-0.5200000000000005
2022-11-15,24.54,3.8,4.37,3.78,298.786,3.6,123.039,-0.5700000000000003
2022-11-16,24.11,3.67,4.35,3.78,298.786,3.6,123.2817,-0.6799999999999997
2022-11-17,23.93,3.77,4.43,3.78,298.786,3.6,123.977,-0.6599999999999997
2022-11-18,23.12,3.82,4.51,3.78,298.786,3.6,123.8524,-0.69
2022-11-21,22.36,3.83,4.48,3.78,298.786,3.6,124.7009,-0.6500000000000004
2022-11-22,21.29,3.76,4.47,3.78,298.786,3.6,124.2365,-0.71
2022-11-23,20.35,3.71,4.46,3.78,298.786,3.6,123.7574,-0.75
2022-11-25,20.5,3.68,4.42,3.78,298.786,3.6,123.3386,-0.7399999999999998
2022-11-28,22.21,3.69,4.46,3.78,298.786,3.6,123.6032,-0.77
2022-11-29,21.89,3.75,4.48,3.78,298.786,3.6,123.6615,-0.7300000000000004
2022-11-30,20.58,3.68,4.38,3.78,298.786,3.6,123.5175,-0.6999999999999997
2022-12-01,19.84,3.53,4.25,4.1,298.832,3.5,122.0045,-0.7200000000000002
2022-12-02,19.06,3.51,4.28,4.1,298.832,3.5,122.0102,-0.7700000000000005
2022-12-05,20.75,3.6,4.41,4.1,298.832,3.5,122.6384,-0.81
2022-12-06,22.17,3.51,4.34,4.1,298.832,3.5,123.0191,-0.8300000000000001
2022-12-07,22.68,3.42,4.26,4.1,298.832,3.5,122.7608,-0.8399999999999999
2022-12-08,22.29,3.48,4.31,4.1,298.832,3.5,122.4152,-0.8299999999999996
2022-12-09,22.83,3.57,4.33,4.1,298.832,3.5,122.4201,-0.7600000000000002
2022-12-12,25.0,3.61,4.39,4.1,298.832,3.5,122.7714,-0.7799999999999998
2022-12-13,22.55,3.51,4.22,4.1,298.832,3.5,121.8493,-0.71
2022-12-14,21.14,3.49,4.23,4.1,298.832,3.5,121.8226,-0.7400000000000002
2022-12-15,22.83,3.44,4.23,4.1,298.832,3.5,122.5519,-0.7900000000000005
2022-12-16,22.62,3.48,4.17,4.1,298.832,3.5,122.6505,-0.69
2022-12-19,22.42,3.57,4.25,4.1,298.832,3.5,122.5275,-0.6800000000000002
2022-12-20,21.48,3.69,4.25,4.1,298.832,3.5,122.1357,-0.56
2022-12-21,20.07,3.68,4.21,4.1,298.832,3.5,122.2828,-0.5299999999999998
2022-12-22,21.97,3.67,4.24,4.1,298.832,3.5,122.2419,-0.5700000000000003
2022-12-23,20.87,3.75,4.31,4.1,298.832,3.5,121.9743,-0.5599999999999996
2022-12-27,21.65,3.84,4.32,4.1,298.832,3.5,121.7539,-0.4800000000000004
2022-12-28,22.14,3.88,4.31,4.1,298.832,3.5,122.0075,-0.4299999999999997
2022-12-29,21.44,3.83,4.34,4.1,298.832,3.5,121.6577,-0.5099999999999998
2022-12-30,21.67,3.88,4.41,4.1,298.832,3.5,121.4256,-0.5300000000000002
2023-01-03,22.9,3.79,4.4,4.33,300.42,3.5,122.0905,-0.6100000000000003
2023-01-04,22.01,3.69,4.36,4.33,300.42,3.5,121.5008,-0.6700000000000004
2023-01-05,22.46,3.71,4.45,4.33,300.42,3.5,122.1017,-0.7400000000000002
2023-01-06,21.13,3.55,4.24,4.33,300.42,3.5,121.0852,-0.6900000000000004
2023-01-09,21.97,3.53,4.19,4.33,300.42,3.5,120.1508,-0.6600000000000006
2023-01-10,20.58,3.61,4.24,4.33,300.42,3.5,120.2483,-0.6300000000000003
2023-01-11,21.09,3.54,4.2,4.33,300.42,3.5,120.1614,-0.6600000000000001
2023-01-12,18.83,3.43,4.12,4.33,300.42,3.5,119.4218,-0.69
2023-01-13,18.35,3.49,4.22,4.33,300.42,3.5,119.1673,-0.7299999999999995
2023-01-17,19.36,3.53,4.18,4.33,300.42,3.5,119.2121,-0.6499999999999999
2023-01-18,20.34,3.37,4.06,4.33,300.42,3.5,119.0755,-0.6899999999999995
2023-01-19,20.52,3.39,4.09,4.33,300.42,3.5,119.6107,-0.6999999999999997
2023-01-20,19.85,3.48,4.14,4.33,300.42,3.5,119.3486,-0.6599999999999997
2023-01-23,19.81,3.52,4.21,4.33,300.42,3.5,119.1434,-0.69
2023-01-24,19.2,3.46,4.12,4.33,300.42,3.5,119.0958,-0.6600000000000001
2023-01-25,19.08,3.46,4.11,4.33,300.42,3.5,118.9686,-0.6500000000000004
2023-01-26,18.73,3.49,4.17,4.33,300.42,3.5,119.021,-0.6799999999999997
2023-01-27,18.51,3.52,4.19,4.33,300.42,3.5,118.9223,-0.6700000000000004
2023-01-30,19.94,3.55,4.25,4.33,300.42,3.5,118.8953,-0.7000000000000002
2023-01-31,19.4,3.52,4.21,4.33,300.42,3.5,118.9802,-0.69
2023-02-01,17.87,3.39,4.09,4.57,301.45,3.6,118.6259,-0.6999999999999997
2023-02-02,18.73,3.4,4.09,4.57,301.45,3.6,118.3421,-0.69
2023-02-03,18.33,3.53,4.3,4.57,301.45,3.6,119.5095,-0.77
2023-02-06,19.43,3.63,4.44,4.57,301.45,3.6,120.541,-0.8100000000000005
2023-02-07,18.66,3.67,4.47,4.57,301.45,3.6,120.3475,-0.7999999999999998
2023-02-08,19.63,3.63,4.45,4.57,301.45,3.6,120.1436,-0.8200000000000003
2023-02-09,20.71,3.67,4.48,4.57,301.45,3.6,119.9781,-0.8100000000000005
2023-02-10,20.53,3.74,4.5,4.57,301.45,3.6,120.1419,-0.7599999999999998
2023-02-13,20.34,3.72,4.52,4.57,301.45,3.6,119.9828,-0.7999999999999994
2023-02-14,18.91,3.77,4.6,4.57,301.45,3.6,119.9229,-0.8299999999999996
2023-02-15,18.23,3.81,4.62,4.57,301.45,3.6,120.4557,-0.81
2023-02-16,20.17,3.86,4.62,4.57,301.45,3.6,120.4651,-0.7600000000000002
2023-02-17,20.02,3.82,4.6,4.57,301.45,3.6,120.5526,-0.7799999999999998
2023-02-21,22.87,3.95,4.67,4.57,301.45,3.6,120.6256,-0.7199999999999998
2023-02-22,22.29,3.93,4.66,4.57,301.45,3.6,120.8389,-0.73
2023-02-23,21.14,3.88,4.66,4.57,301.45,3.6,121.0896,-0.7800000000000002
2023-02-24,21.67,3.95,4.78,4.57,301.45,3.6,121.5681,-0.8300000000000001
2023-02-27,20.95,3.92,4.78,4.57,301.45,3.6,121.3941,-0.8600000000000003
2023-02-28,20.7,3.92,4.81,4.57,301.45,3.6,121.3341,-0.8899999999999997
2023-03-01,20.58,4.01,4.89,4.65,301.821,3.5,120.6347,-0.8799999999999999
2023-03-02,19.59,4.08,4.89,4.65,301.821,3.5,121.1302,-0.8099999999999996
2023-03-03,18.49,3.97,4.86,4.65,301.821,3.5,120.7742,-0.8900000000000001
2023-03-06,18.61,3.98,4.89,4.65,301.821,3.5,120.485,-0.9099999999999997
2023-03-07,19.59,3.97,5.0,4.65,301.821,3.5,121.4623,-1.0299999999999998
2023-03-08,19.11,3.98,5.05,4.65,301.821,3.5,121.4511,-1.0699999999999998
2023-03-09,22.61,3.93,4.9,4.65,301.821,3.5,121.4458,-0.9700000000000002
2023-03-10,24.8,3.7,4.6,4.65,301.821,3.5,121.2421,-0.8999999999999995
2023-03-13,26.52,3.55,4.03,4.65,301.821,3.5,120.8897,-0.4800000000000004
2023-03-14,23.73,3.64,4.2,4.65,301.821,3.5,121.0141,-0.56
2023-03-15,26.14,3.51,3.93,4.65,301.821,3.5,122.1079,-0.4200000000000004
2023-03-16,22.99,3.56,4.14,4.65,301.821,3.5,121.7221,-0.5799999999999996
2023-03-17,25.51,3.39,3.81,4.65,301.821,3.5,121.5643,-0.41999999999999993
2023-03-20,24.15,3.47,3.92,4.65,301.821,3.5,121.0141,-0.44999999999999973
2023-03-21,21.38,3.59,4.17,4.65,301.821,3.5,120.8958,-0.5800000000000001
2023-03-22,22.26,3.48,3.96,4.65,301.821,3.5,120.6217,-0.48
2023-03-23,22.61,3.38,3.76,4.65,301.821,3.5,119.7587,-0.3799999999999999
2023-03-24,21.74,3.38,3.76,4.65,301.821,3.5,120.4598,-0.3799999999999999
2023-03-27,20.6,3.53,3.94,4.65,301.821,3.5,120.2541,-0.41000000000000014
2023-03-28,19.97,3.55,4.02,4.65,301.821,3.5,119.7138,-0.46999999999999975
2023-03-29,19.12,3.57,4.08,4.65,301.821,3.5,119.7258,-0.5100000000000002
2023-03-30,19.02,3.55,4.1,4.65,301.821,3.5,119.4078,-0.5499999999999998
2023-03-31,18.7,3.48,4.06,4.65,301.821,3.5,119.3602,-0.5799999999999996
2023-04-03,18.55,3.43,3.97,4.83,302.845,3.4,119.3204,-0.54
2023-04-04,19.0,3.35,3.84,4.83,302.845,3.4,119.142,-0.48999999999999977
2023-04-05,19.08,3.3,3.79,4.83,302.845,3.4,119.2953,-0.4900000000000002
2023-04-06,18.4,3.3,3.82,4.83,302.845,3.4,119.3072,-0.52
2023-04-10,18.97,3.41,4.0,4.83,302.845,3.4,119.7948,-0.5899999999999999
2023-04-11,19.1,3.43,4.03,4.83,302.845,3.4,119.5248,-0.6000000000000001
2023-04-12,19.09,3.41,3.95,4.83,302.845,3.4,119.003,-0.54
2023-04-13,17.8,3.45,3.96,4.83,302.845,3.4,118.3915,-0.5099999999999998
2023-04-14,17.07,3.52,4.08,4.83,302.845,3.4,118.8567,-0.56
2023-04-17,16.95,3.6,4.18,4.83,302.845,3.4,119.2787,-0.5799999999999996
2023-04-18,16.83,3.58,4.19,4.83,302.845,3.4,119.1049,-0.6100000000000003
2023-04-19,16.46,3.6,4.24,4.83,302.845,3.4,119.303,-0.6400000000000001
2023-04-20,17.17,3.54,4.14,4.83,302.845,3.4,119.1199,-0.5999999999999996
2023-04-21,16.77,3.57,4.17,4.83,302.845,3.4,119.3117,-0.6000000000000001
2023-04-24,16.89,3.52,4.12,4.83,302.845,3.4,119.2039,-0.6000000000000001
2023-04-25,18.76,3.4,3.86,4.83,302.845,3.4,119.613,-0.45999999999999996
2023-04-26,18.84,3.43,3.9,4.83,302.845,3.4,119.3228,-0.46999999999999975
2023-04-27,17.03,3.53,4.07,4.83,302.845,3.4,119.4298,-0.5400000000000005
2023-04-28,15.78,3.44,4.04,4.83,302.845,3.4,119.2248,-0.6000000000000001
2023-05-01,16.08,3.59,4.14,5.06,303.334,3.6,119.4435,-0.5499999999999998
2023-05-02,17.78,3.44,3.97,5.06,303.334,3.6,119.6105,-0.5300000000000002
2023-05-03,18.34,3.38,3.89,5.06,303.334,3.6,119.1233,-0.5100000000000002
2023-05-04,20.09,3.37,3.75,5.06,303.334,3.6,119.0465,-0.3799999999999999
2023-05-05,17.19,3.44,3.92,5.06,303.334,3.6,118.5548,-0.48
2023-05-08,16.98,3.52,4.0,5.06,303.334,3.6,118.5759,-0.48
2023-05-09,17.71,3.53,4.01,5.06,303.334,3.6,118.8239,-0.48
2023-05-10,16.94,3.43,3.9,5.06,303.334,3.6,118.5864,-0.46999999999999975
2023-05-11,16.93,3.39,3.89,5.06,303.334,3.6,119.0303,-0.5
2023-05-12,17.03,3.46,3.98,5.06,303.334,3.6,119.3671,-0.52
2023-05-15,17.12,3.5,3.99,5.06,303.334,3.6,119.1608,-0.4900000000000002
2023-05-16,17.99,3.54,4.06,5.06,303.334,3.6,119.1743,-0.5199999999999996
2023-05-17,16.87,3.57,4.12,5.06,303.334,3.6,119.607,-0.5500000000000003
2023-05-18,16.05,3.65,4.24,5.06,303.334,3.6,120.0886,-0.5900000000000003
2023-05-19,16.81,3.7,4.28,5.06,303.334,3.6,119.7751,-0.5800000000000001
2023-05-22,17.21,3.72,4.29,5.06,303.334,3.6,120.0875,-0.5699999999999998
2023-05-23,18.53,3.7,4.26,5.06,303.334,3.6,120.3204,-0.5599999999999996
2023-05-24,20.03,3.73,4.31,5.06,303.334,3.6,120.4752,-0.5799999999999996
2023-05-25,19.14,3.83,4.5,5.06,303.334,3.6,120.8413,-0.6699999999999999
2023-05-26,17.95,3.8,4.54,5.06,303.334,3.6,120.6304,-0.7400000000000002
2023-05-30,17.46,3.69,4.46,5.06,303.334,3.6,120.5546,-0.77
2023-05-31,17.94,3.64,4.4,5.06,303.334,3.6,120.9662,-0.7600000000000002
2023-06-01,15.65,3.61,4.33,5.08,304.014,3.6,120.0491,-0.7200000000000002
2023-06-02,14.6,3.69,4.5,5.08,304.014,3.6,120.0049,-0.81
2023-06-05,14.73,3.69,4.46,5.08,304.014,3.6,120.0048,-0.77
2023-06-06,13.96,3.7,4.51,5.08,304.014,3.6,119.9718,-0.8099999999999996
2023-06-07,13.94,3.79,4.56,5.08,304.014,3.6,119.859,-0.7699999999999996
2023-06-08,13.65,3.73,4.52,5.08,304.014,3.6,119.5712,-0.7899999999999996
2023-06-09,13.83,3.75,4.59,5.08,304.014,3.6,119.4322,-0.8399999999999999
2023-06-12,15.01,3.73,4.55,5.08,304.014,3.6,119.6376,-0.8199999999999998
2023-06-13,14.61,3.84,4.67,5.08,304.014,3.6,119.1899,-0.8300000000000001
2023-06-14,13.88,3.83,4.74,5.08,304.014,3.6,118.776,-0.9100000000000001
2023-06-15,14.5,3.72,4.62,5.08,304.014,3.6,118.5521,-0.8999999999999999
2023-06-16,13.54,3.77,4.7,5.08,304.014,3.6,118.4184,-0.9300000000000002
2023-06-20,13.88,3.74,4.68,5.08,304.014,3.6,118.938,-0.9399999999999995
2023-06-21,13.2,3.72,4.68,5.08,304.014,3.6,118.727,-0.9599999999999995
2023-06-22,12.91,3.8,4.77,5.08,304.014,3.6,118.7552,-0.9699999999999998
2023-06-23,13.44,3.74,4.71,5.08,304.014,3.6,119.152,-0.9699999999999998
2023-06-26,14.25,3.72,4.65,5.08,304.014,3.6,119.0761,-0.9300000000000002
2023-06-27,13.74,3.77,4.74,5.08,304.014,3.6,118.8949,-0.9700000000000002
2023-06-28,13.43,3.71,4.71,5.08,304.014,3.6,119.3382,-1.0
2023-06-29,13.54,3.85,4.87,5.08,304.014,3.6,119.527,-1.02
2023-06-30,13.59,3.81,4.87,5.08,304.014,3.6,119.3606,-1.06
2023-07-03,13.57,3.86,4.94,5.12,304.609,3.5,119.2119,-1.0800000000000005
2023-07-05,14.18,3.95,4.94,5.12,304.609,3.5,119.3483,-0.9900000000000002
2023-07-06,15.44,4.05,4.99,5.12,304.609,3.5,119.8193,-0.9400000000000004
2023-07-07,14.83,4.06,4.94,5.12,304.609,3.5,119.0761,-0.8800000000000008
2023-07-10,15.07,4.01,4.85,5.12,304.609,3.5,118.9548,-0.8399999999999999
2023-07-11,14.84,3.99,4.88,5.12,304.609,3.5,118.7344,-0.8899999999999997
2023-07-12,13.54,3.86,4.72,5.12,304.609,3.5,117.6385,-0.8599999999999999
2023-07-13,13.61,3.76,4.59,5.12,304.609,3.5,117.1831,-0.8300000000000001
2023-07-14,13.34,3.83,4.74,5.12,304.609,3.5,117.0463,-0.9100000000000001
2023-07-17,13.48,3.81,4.74,5.12,304.609,3.5,117.1267,-0.9300000000000002
2023-07-18,13.3,3.8,4.74,5.12,304.609,3.5,117.0264,-0.9400000000000004
2023-07-19,13.76,3.75,4.74,5.12,304.609,3.5,117.3462,-0.9900000000000002
2023-07-20,13.99,3.85,4.8,5.12,304.609,3.5,117.5947,-0.9499999999999997
2023-07-21,13.6,3.84,4.82,5.12,304.609,3.5,117.9418,-0.9800000000000004
2023-07-24,13.91,3.86,4.81,5.12,304.609,3.5,117.8124,-0.9499999999999997
2023-07-25,13.86,3.91,4.85,5.12,304.609,3.5,117.8565,-0.9399999999999995
2023-07-26,13.19,3.86,4.82,5.12,304.609,3.5,117.76,-0.9600000000000004
2023-07-27,14.41,4.01,4.91,5.12,304.609,3.5,117.8938,-0.9000000000000004
2023-07-28,13.33,3.96,4.87,5.12,304.609,3.5,117.788,-0.9100000000000001
2023-07-31,13.63,3.97,4.88,5.12,304.609,3.5,117.8241,-0.9099999999999997
2023-08-01,13.93,4.05,4.92,5.33,306.082,3.7,118.5738,-0.8700000000000001
2023-08-02,16.09,4.08,4.88,5.33,306.082,3.7,119.1268,-0.7999999999999998
2023-08-03,15.92,4.2,4.9,5.33,306.082,3.7,119.3963,-0.7000000000000002
2023-08-04,17.1,4.05,4.78,5.33,306.082,3.7,118.821,-0.7300000000000004
2023-08-07,15.77,4.09,4.76,5.33,306.082,3.7,119.0809,-0.6699999999999999
2023-08-08,15.99,4.02,4.74,5.33,306.082,3.7,119.6407,-0.7200000000000006
2023-08-09,15.96,4.0,4.79,5.33,306.082,3.7,119.476,-0.79
2023-08-10,15.85,4.09,4.82,5.33,306.082,3.7,119.1581,-0.7300000000000004
2023-08-11,14.84,4.16,4.89,5.33,306.082,3.7,119.6268,-0.7299999999999995
2023-08-14,14.82,4.19,4.96,5.33,306.082,3.7,120.0725,-0.7699999999999996
2023-08-15,16.46,4.21,4.92,5.33,306.082,3.7,120.2127,-0.71
2023-08-16,16.78,4.28,4.97,5.33,306.082,3.7,120.3551,-0.6899999999999995
2023-08-17,17.89,4.3,4.94,5.33,306.082,3.7,120.5242,-0.6400000000000006
2023-08-18,17.3,4.26,4.92,5.33,306.082,3.7,120.4321,-0.6600000000000001
2023-08-21,17.13,4.34,4.97,5.33,306.082,3.7,120.4627,-0.6299999999999999
2023-08-22,16.97,4.34,5.02,5.33,306.082,3.7,120.3554,-0.6799999999999997
2023-08-23,15.98,4.19,4.95,5.33,306.082,3.7,120.0307,-0.7599999999999998
2023-08-24,17.2,4.23,4.98,5.33,306.082,3.7,120.2354,-0.75
2023-08-25,15.68,4.25,5.03,5.33,306.082,3.7,120.5137,-0.7800000000000002
2023-08-28,15.08,4.2,4.98,5.33,306.082,3.7,120.3155,-0.7800000000000002
2023-08-29,14.45,4.12,4.87,5.33,306.082,3.7,120.2669,-0.75
2023-08-30,13.88,4.12,4.9,5.33,306.082,3.7,119.7937,-0.7800000000000002
2023-08-31,13.57,4.09,4.85,5.33,306.082,3.7,120.225,-0.7599999999999998
2023-09-01,13.09,4.18,4.87,5.33,307.276,3.7,120.759,-0.6900000000000004
2023-09-05,14.01,4.27,4.94,5.33,307.276,3.7,121.4345,-0.6700000000000008
2023-09-06,14.45,4.3,5.01,5.33,307.276,3.7,121.8671,-0.71
2023-09-07,14.4,4.27,4.94,5.33,307.276,3.7,121.9528,-0.6700000000000008
2023-09-08,13.84,4.26,4.98,5.33,307.276,3.7,121.9475,-0.7200000000000006
2023-09-11,13.8,4.29,4.97,5.33,307.276,3.7,121.3386,-0.6799999999999997
2023-09-12,14.23,4.27,4.98,5.33,307.276,3.7,121.2913,-0.7100000000000009
2023-09-13,13.48,4.25,4.96,5.33,307.276,3.7,121.0549,-0.71
2023-09-14,12.82,4.29,5.0,5.33,307.276,3.7,121.2395,-0.71
2023-09-15,13.79,4.33,5.02,5.33,307.276,3.7,121.199,-0.6899999999999995
2023-09-18,14.0,4.32,5.05,5.33,307.276,3.7,121.1938,-0.7299999999999995
2023-09-19,14.11,4.37,5.08,5.33,307.276,3.7,121.1645,-0.71
2023-09-20,15.14,4.35,5.12,5.33,307.276,3.7,120.9648,-0.7700000000000005
2023-09-21,17.54,4.49,5.12,5.33,307.276,3.7,121.5528,-0.6299999999999999
2023-09-22,17.2,4.44,5.1,5.33,307.276,3.7,121.5306,-0.6599999999999993
2023-09-25,16.9,4.55,5.09,5.33,307.276,3.7,122.1143,-0.54
2023-09-26,18.94,4.56,5.04,5.33,307.276,3.7,122.4742,-0.4800000000000004
2023-09-27,18.22,4.61,5.1,5.33,307.276,3.7,122.9895,-0.4899999999999993
2023-09-28,17.34,4.59,5.04,5.33,307.276,3.7,122.5342,-0.4500000000000002
2023-09-29,17.52,4.59,5.03,5.33,307.276,3.7,122.3077,-0.4400000000000004
2023-10-02,17.61,4.69,5.12,5.33,307.696,3.9,123.0545,-0.4299999999999997
2023-10-03,19.78,4.81,5.15,5.33,307.696,3.9,123.7848,-0.34000000000000075
2023-10-04,18.58,4.73,5.05,5.33,307.696,3.9,123.5946,-0.3199999999999994
2023-10-05,18.49,4.72,5.03,5.33,307.696,3.9,123.8993,-0.3100000000000005
2023-10-06,17.45,4.78,5.08,5.33,307.696,3.9,123.3563,-0.2999999999999998
2023-10-09,17.7,4.78,5.08,5.33,307.696,3.9,123.3563,-0.2999999999999998
2023-10-10,17.03,4.66,4.96,5.33,307.696,3.9,122.9282,-0.2999999999999998
2023-10-11,16.09,4.58,4.99,5.33,307.696,3.9,122.7697,-0.41000000000000014
2023-10-12,16.69,4.7,5.06,5.33,307.696,3.9,123.2101,-0.35999999999999943
2023-10-13,19.32,4.63,5.04,5.33,307.696,3.9,123.5954,-0.41000000000000014
2023-10-16,17.21,4.71,5.09,5.33,307.696,3.9,123.3185,-0.3799999999999999
2023-10-17,17.88,4.83,5.19,5.33,307.696,3.9,123.1202,-0.3600000000000003
2023-10-18,19.22,4.91,5.19,5.33,307.696,3.9,123.8148,-0.28000000000000025
2023-10-19,21.4,4.98,5.14,5.33,307.696,3.9,123.798,-0.15999999999999925
2023-10-20,21.71,4.93,5.07,5.33,307.696,3.9,123.612,-0.14000000000000057
2023-10-23,20.37,4.86,5.05,5.33,307.696,3.9,123.2846,-0.1899999999999995
2023-10-24,18.97,4.83,5.02,5.33,307.696,3.9,123.6416,-0.1899999999999995
2023-10-25,20.19,4.95,5.08,5.33,307.696,3.9,123.7871,-0.1299999999999999
2023-10-26,20.68,4.86,5.02,5.33,307.696,3.9,124.0064,-0.15999999999999925
2023-10-27,21.27,4.84,4.99,5.33,307.696,3.9,123.62,-0.15000000000000036
2023-10-30,19.75,4.88,5.03,5.33,307.696,3.9,123.4076,-0.15000000000000036
2023-10-31,18.14,4.88,5.07,5.33,307.696,3.9,123.8364,-0.1900000000000004
2023-11-01,16.87,4.77,4.95,5.33,308.148,3.7,123.7922,-0.1800000000000006
2023-11-02,15.66,4.67,4.98,5.33,308.148,3.7,122.8818,-0.3100000000000005
2023-11-03,14.91,4.57,4.83,5.33,308.148,3.7,121.7564,-0.2599999999999998
2023-11-06,14.89,4.67,4.93,5.33,308.148,3.7,121.6484,-0.2599999999999998
2023-11-07,14.81,4.58,4.91,5.33,308.148,3.7,122.0777,-0.33000000000000007
2023-11-08,14.45,4.49,4.93,5.33,308.148,3.7,122.0926,-0.4399999999999995
2023-11-09,15.29,4.62,5.03,5.33,308.148,3.7,122.1281,-0.41000000000000014
2023-11-10,14.17,4.61,5.04,5.33,308.148,3.7,122.1281,-0.4299999999999997
2023-11-13,14.76,4.63,5.02,5.33,308.148,3.7,122.4264,-0.3899999999999997
2023-11-14,14.16,4.44,4.8,5.33,308.148,3.7,121.35,-0.35999999999999943
2023-11-15,14.18,4.53,4.9,5.33,308.148,3.7,121.0749,-0.3700000000000001
2023-11-16,14.32,4.45,4.83,5.33,308.148,3.7,121.1754,-0.3799999999999999
2023-11-17,13.8,4.44,4.88,5.33,308.148,3.7,120.8477,-0.4399999999999995
2023-11-20,13.41,4.42,4.89,5.33,308.148,3.7,120.2533,-0.46999999999999975
2023-11-21,13.35,4.41,4.86,5.33,308.148,3.7,120.2241,-0.4500000000000002
2023-11-22,12.85,4.42,4.89,5.33,308.148,3.7,120.6802,-0.46999999999999975
2023-11-24,12.46,4.47,4.92,5.33,308.148,3.7,120.2105,-0.4500000000000002
2023-11-27,12.69,4.39,4.84,5.33,308.148,3.7,120.173,-0.4500000000000002
2023-11-28,12.69,4.34,4.73,5.33,308.148,3.7,119.5904,-0.39000000000000057
2023-11-29,12.98,4.27,4.64,5.33,308.148,3.7,119.8159,-0.3700000000000001
2023-11-30,12.92,4.37,4.73,5.33,308.148,3.7,120.2434,-0.3600000000000003
2023-12-01,12.63,4.22,4.56,5.33,308.741,3.8,119.9424,-0.33999999999999986
2023-12-04,13.08,4.28,4.64,5.33,308.741,3.8,120.4727,-0.35999999999999943
2023-12-05,12.85,4.18,4.57,5.33,308.741,3.8,120.7913,-0.39000000000000057
2023-12-06,12.97,4.12,4.6,5.33,308.741,3.8,120.5334,-0.47999999999999954
2023-12-07,13.06,4.14,4.58,5.33,308.741,3.8,120.6013,-0.4400000000000004
2023-12-08,12.35,4.23,4.71,5.33,308.741,3.8,120.7607,-0.47999999999999954
2023-12-11,12.63,4.23,4.71,5.33,308.741,3.8,120.9279,-0.47999999999999954
2023-12-12,12.07,4.2,4.73,5.33,308.741,3.8,120.6817,-0.5300000000000002
2023-12-13,12.19,4.04,4.46,5.33,308.741,3.8,121.1571,-0.41999999999999993
2023-12-14,12.48,3.92,4.37,5.33,308.741,3.8,119.5683,-0.4500000000000002
2023-12-15,12.28,3.91,4.44,5.33,308.741,3.8,119.7382,-0.5300000000000002
2023-12-18,12.56,3.95,4.43,5.33,308.741,3.8,119.9102,-0.47999999999999954
2023-12-19,12.53,3.93,4.41,5.33,308.741,3.8,119.4632,-0.48
2023-12-20,13.67,3.86,4.34,5.33,308.741,3.8,119.5435,-0.48
2023-12-21,13.65,3.89,4.33,5.33,308.741,3.8,119.3168,-0.43999999999999995
2023-12-22,13.03,3.9,4.31,5.33,308.741,3.8,119.0625,-0.4099999999999997
2023-12-26,12.99,3.89,4.26,5.33,308.741,3.8,118.8875,-0.36999999999999966
2023-12-27,12.43,3.79,4.2,5.33,308.741,3.8,118.4729,-0.41000000000000014
2023-12-28,12.47,3.84,4.26,5.33,308.741,3.8,118.4104,-0.41999999999999993
2023-12-29,12.45,3.88,4.23,5.33,308.741,3.8,118.4208,-0.35000000000000053
2024-01-02,13.2,3.95,4.33,5.33,309.698,3.7,119.2686,-0.3799999999999999
2024-01-03,14.04,3.91,4.33,5.33,309.698,3.7,119.6958,-0.41999999999999993
2024-01-04,14.13,3.99,4.38,5.33,309.698,3.7,119.6208,-0.3899999999999997
2024-01-05,13.35,4.05,4.4,5.33,309.698,3.7,119.388,-0.35000000000000053
2024-01-08,13.08,4.01,4.36,5.33,309.698,3.7,119.2506,-0.35000000000000053
2024-01-09,12.76,4.02,4.36,5.33,309.698,3.7,119.6666,-0.34000000000000075
2024-01-10,12.69,4.04,4.37,5.33,309.698,3.7,119.7614,-0.33000000000000007
2024-01-11,12.44,3.98,4.26,5.33,309.698,3.7,119.8916,-0.2799999999999998
2024-01-12,12.7,3.96,4.14,5.33,309.698,3.7,119.534,-0.17999999999999972
2024-01-16,13.84,4.07,4.22,5.33,309.698,3.7,120.5759,-0.14999999999999947
2024-01-17,14.79,4.1,4.34,5.33,309.698,3.7,121.0402,-0.2400000000000002
2024-01-18,14.13,4.14,4.34,5.33,309.698,3.7,120.8895,-0.20000000000000018
2024-01-19,13.3,4.15,4.39,5.33,309.698,3.7,120.6442,-0.23999999999999932
2024-01-22,13.19,4.11,4.37,5.33,309.698,3.7,120.6178,-0.2599999999999998
2024-01-23,12.55,4.14,4.31,5.33,309.698,3.7,121.1001,-0.16999999999999993
2024-01-24,13.14,4.18,4.34,5.33,309.698,3.7,120.4916,-0.16000000000000014
2024-01-25,13.45,4.14,4.28,5.33,309.698,3.7,120.8311,-0.14000000000000057
2024-01-26,13.26,4.15,4.34,5.33,309.698,3.7,120.6173,-0.1899999999999995
2024-01-29,13.6,4.08,4.29,5.33,309.698,3.7,120.8538,-0.20999999999999996
2024-01-30,13.31,4.06,4.36,5.33,309.698,3.7,120.6025,-0.3000000000000007
2024-01-31,14.35,3.99,4.27,5.33,309.698,3.7,120.4331,-0.27999999999999936
2024-02-01,13.88,3.87,4.2,5.33,310.967,3.9,120.3335,-0.33000000000000007
2024-02-02,13.85,4.03,4.36,5.33,310.967,3.9,120.902,-0.33000000000000007
2024-02-05,13.67,4.17,4.46,5.33,310.967,3.9,121.349,-0.29000000000000004
2024-02-06,13.06,4.09,4.39,5.33,310.967,3.9,120.9588,-0.2999999999999998
2024-02-07,12.83,4.09,4.41,5.33,310.967,3.9,120.9049,-0.3200000000000003
2024-02-08,12.79,4.15,4.46,5.33,310.967,3.9,121.0798,-0.3099999999999996
2024-02-09,12.93,4.17,4.48,5.33,310.967,3.9,121.039,-0.3100000000000005
2024-02-12,13.93,4.17,4.46,5.33,310.967,3.9,120.9378,-0.29000000000000004
2024-02-13,15.85,4.31,4.64,5.33,310.967,3.9,121.5202,-0.33000000000000007
2024-02-14,14.38,4.27,4.56,5.33,310.967,3.9,121.4002,-0.29000000000000004
2024-02-15,14.01,4.24,4.56,5.33,310.967,3.9,121.2121,-0.3199999999999994
2024-02-16,14.24,4.3,4.64,5.33,310.967,3.9,121.1505,-0.33999999999999986
2024-02-20,15.42,4.27,4.59,5.33,310.967,3.9,121.0199,-0.3200000000000003
2024-02-21,15.34,4.32,4.64,5.33,310.967,3.9,121.0379,-0.3199999999999994
2024-02-22,14.54,4.33,4.69,5.33,310.967,3.9,121.102,-0.3600000000000003
2024-02-23,13.75,4.26,4.67,5.33,310.967,3.9,121.0369,-0.41000000000000014
2024-02-26,13.74,4.28,4.69,5.33,310.967,3.9,121.0592,-0.41000000000000014
2024-02-27,13.43,4.31,4.7,5.33,310.967,3.9,120.9647,-0.39000000000000057
2024-02-28,13.84,4.27,4.64,5.33,310.967,3.9,121.128,-0.3700000000000001
2024-02-29,13.4,4.25,4.64,5.33,310.967,3.9,121.1824,-0.3899999999999997
2024-03-01,13.11,4.19,4.54,5.33,312.345,3.9,121.0111,-0.34999999999999964
2024-03-04,13.49,4.22,4.61,5.33,312.345,3.9,120.872,-0.39000000000000057
2024-03-05,14.46,4.13,4.54,5.33,312.345,3.9,120.8846,-0.41000000000000014
2024-03-06,14.5,4.11,4.55,5.33,312.345,3.9,120.4649,-0.4399999999999995
2024-03-07,14.44,4.09,4.5,5.33,312.345,3.9,120.1909,-0.41000000000000014
2024-03-08,14.74,4.09,4.48,5.33,312.345,3.9,119.975,-0.39000000000000057
2024-03-11,15.22,4.1,4.51,5.33,312.345,3.9,120.0394,-0.41000000000000014
2024-03-12,13.84,4.16,4.58,5.33,312.345,3.9,120.1668,-0.41999999999999993
2024-03-13,13.75,4.19,4.61,5.33,312.345,3.9,119.9642,-0.41999999999999993
2024-03-14,14.4,4.29,4.68,5.33,312.345,3.9,120.241,-0.3899999999999997
2024-03-15,14.41,4.31,4.72,5.33,312.345,3.9,120.4003,-0.41000000000000014
2024-03-18,14.33,4.34,4.73,5.33,312.345,3.9,120.5752,-0.39000000000000057
2024-03-19,13.82,4.3,4.68,5.33,312.345,3.9,120.9332,-0.3799999999999999
2024-03-20,13.04,4.27,4.59,5.33,312.345,3.9,120.9289,-0.3200000000000003
2024-03-21,12.92,4.27,4.62,5.33,312.345,3.9,120.8086,-0.35000000000000053
2024-03-22,13.06,4.22,4.59,5.33,312.345,3.9,121.1842,-0.3700000000000001
2024-03-25,13.19,4.25,4.54,5.33,312.345,3.9,121.0295,-0.29000000000000004
2024-03-26,13.24,4.24,4.56,5.33,312.345,3.9,121.0742,-0.3199999999999994
2024-03-27,12.78,4.2,4.54,5.33,312.345,3.9,121.0089,-0.33999999999999986
2024-03-28,13.01,4.2,4.59,5.33,312.345,3.9,121.0635,-0.3899999999999997
2024-04-01,13.65,4.33,4.72,5.33,313.023,3.9,121.5151,-0.3899999999999997
2024-04-02,14.61,4.36,4.7,5.33,313.023,3.9,121.3035,-0.33999999999999986
2024-04-03,14.33,4.36,4.68,5.33,313.023,3.9,121.0198,-0.3199999999999994
2024-04-04,16.35,4.31,4.65,5.33,313.023,3.9,120.7613,-0.34000000000000075
2024-04-05,16.03,4.39,4.73,5.33,313.023,3.9,120.9646,-0.34000000000000075
2024-04-08,15.19,4.42,4.78,5.33,313.023,3.9,120.7359,-0.3600000000000003
2024-04-09,14.98,4.36,4.74,5.33,313.023,3.9,120.7048,-0.3799999999999999
2024-04-10,15.8,4.55,4.97,5.33,313.023,3.9,121.5727,-0.41999999999999993
2024-04-11,14.91,4.56,4.93,5.33,313.023,3.9,121.6081,-0.3700000000000001
2024-04-12,17.31,4.5,4.88,5.33,313.023,3.9,122.2885,-0.3799999999999999
2024-04-15,19.23,4.63,4.93,5.33,313.023,3.9,122.425,-0.2999999999999998
2024-04-16,18.4,4.67,4.97,5.33,313.023,3.9,123.1234,-0.2999999999999998
2024-04-17,18.21,4.59,4.93,5.33,313.023,3.9,123.0207,-0.33999999999999986
2024-04-18,18.0,4.64,4.98,5.33,313.023,3.9,123.0017,-0.34000000000000075
2024-04-19,18.71,4.62,4.97,5.33,313.023,3.9,123.1075,-0.34999999999999964
2024-04-22,16.94,4.62,4.97,5.33,313.023,3.9,123.0609,-0.34999999999999964
2024-04-23,15.69,4.61,4.86,5.33,313.023,3.9,122.7227,-0.25
2024-04-24,15.97,4.65,4.89,5.33,313.023,3.9,122.89,-0.23999999999999932
2024-04-25,15.37,4.7,4.96,5.33,313.023,3.9,122.8384,-0.2599999999999998
2024-04-26,15.03,4.67,4.96,5.33,313.023,3.9,122.9471,-0.29000000000000004
2024-04-29,14.67,4.63,4.97,5.33,313.023,3.9,122.5449,-0.33999999999999986
2024-04-30,15.65,4.69,5.04,5.33,313.023,3.9,122.9853,-0.34999999999999964
2024-05-01,15.39,4.63,4.96,5.33,313.175,3.9,123.0168,-0.33000000000000007
2024-05-02,14.68,4.58,4.87,5.33,313.175,3.9,122.4384,-0.29000000000000004
2024-05-03,13.49,4.5,4.81,5.33,313.175,3.9,122.1375,-0.3099999999999996
2024-05-06,13.49,4.49,4.82,5.33,313.175,3.9,121.8913,-0.33000000000000007
2024-05-07,13.23,4.47,4.82,5.33,313.175,3.9,122.093,-0.35000000000000053
2024-05-08,13.0,4.48,4.84,5.33,313.175,3.9,122.1926,-0.35999999999999943
2024-05-09,12.69,4.45,4.8,5.33,313.175,3.9,122.1634,-0.34999999999999964
2024-05-10,12.55,4.5,4.87,5.33,313.175,3.9,122.014,-0.3700000000000001
2024-05-13,13.6,4.48,4.85,5.33,313.175,3.9,122.0261,-0.3699999999999992
2024-05-14,13.42,4.45,4.81,5.33,313.175,3.9,121.9256,-0.35999999999999943
2024-05-15,12.45,4.36,4.73,5.33,313.175,3.9,121.3543,-0.3700000000000001
2024-05-16,12.42,4.38,4.78,5.33,313.175,3.9,121.2236,-0.40000000000000036
2024-05-17,11.99,4.42,4.83,5.33,313.175,3.9,121.2354,-0.41000000000000014
2024-05-20,12.15,4.44,4.82,5.33,313.175,3.9,121.2289,-0.3799999999999999
2024-05-21,11.86,4.41,4.82,5.33,313.175,3.9,121.3793,-0.41000000000000014
2024-05-22,12.29,4.43,4.86,5.33,313.175,3.9,121.5462,-0.4300000000000006
2024-05-23,12.77,4.47,4.91,5.33,313.175,3.9,121.7477,-0.4400000000000004
2024-05-24,11.93,4.46,4.93,5.33,313.175,3.9,121.6172,-0.46999999999999975
2024-05-28,12.92,4.54,4.94,5.33,313.175,3.9,121.43,-0.40000000000000036
2024-05-29,14.28,4.61,4.96,5.33,313.175,3.9,122.1641,-0.34999999999999964
2024-05-30,14.47,4.55,4.92,5.33,313.175,3.9,121.9601,-0.3700000000000001
2024-05-31,12.92,4.51,4.89,5.33,313.175,3.9,122.098,-0.3799999999999999
2024-06-03,13.11,4.41,4.82,5.33,313.044,4.1,122.3509,-0.41000000000000014
2024-06-04,13.16,4.33,4.77,5.33,313.044,4.1,122.7256,-0.4399999999999995
2024-06-05,12.63,4.29,4.72,5.33,313.044,4.1,122.5339,-0.4299999999999997
2024-06-06,12.58,4.28,4.72,5.33,313.044,4.1,122.3713,-0.4399999999999995
2024-06-07,12.22,4.43,4.87,5.33,313.044,4.1,123.549,-0.4400000000000004
2024-06-10,12.74,4.47,4.87,5.33,313.044,4.1,123.9125,-0.40000000000000036
2024-06-11,12.85,4.39,4.81,5.33,313.044,4.1,124.0349,-0.41999999999999993
2024-06-12,12.04,4.31,4.75,5.33,313.044,4.1,123.8295,-0.4400000000000004
2024-06-13,11.94,4.24,4.68,5.33,313.044,4.1,124.0235,-0.4399999999999995
2024-06-14,12.66,4.2,4.67,5.33,313.044,4.1,124.1694,-0.46999999999999975
2024-06-17,12.75,4.28,4.75,5.33,313.044,4.1,124.239,-0.46999999999999975
2024-06-18,12.3,4.22,4.69,5.33,313.044,4.1,123.9776,-0.47000000000000064
2024-06-20,13.28,4.25,4.7,5.33,313.044,4.1,124.192,-0.4500000000000002
2024-06-21,13.2,4.25,4.7,5.33,313.044,4.1,124.1086,-0.4500000000000002
2024-06-24,13.33,4.25,4.71,5.33,313.044,4.1,123.7125,-0.45999999999999996
2024-06-25,12.84,4.23,4.65,5.33,313.044,4.1,123.9417,-0.41999999999999993
2024-06-26,12.55,4.32,4.71,5.33,313.044,4.1,124.26,-0.3899999999999997
2024-06-27,12.24,4.29,4.7,5.33,313.044,4.1,124.3379,-0.41000000000000014
2024-06-28,12.44,4.36,4.71,5.33,313.044,4.1,124.2103,-0.34999999999999964
2024-07-01,12.22,4.48,4.77,5.33,313.569,4.2,124.4667,-0.28999999999999915
2024-07-02,12.03,4.43,4.74,5.33,313.569,4.2,124.2917,-0.3100000000000005
2024-07-03,12.09,4.36,4.71,5.33,313.569,4.2,123.7768,-0.34999999999999964
2024-07-05,12.48,4.28,4.6,5.33,313.569,4.2,123.4762,-0.3199999999999994
2024-07-08,12.37,4.28,4.62,5.33,313.569,4.2,123.3576,-0.33999999999999986
2024-07-09,12.51,4.3,4.62,5.33,313.569,4.2,123.4071,-0.3200000000000003
2024-07-10,12.85,4.28,4.62,5.33,313.569,4.2,123.1895,-0.33999999999999986
2024-07-11,12.92,4.2,4.5,5.33,313.569,4.2,122.769,-0.2999999999999998
2024-07-12,12.46,4.18,4.45,5.33,313.569,4.2,122.4404,-0.27000000000000046
2024-07-15,13.12,4.23,4.44,5.33,313.569,4.2,122.6347,-0.20999999999999996
2024-07-16,13.19,4.17,4.43,5.33,313.569,4.2,122.7264,-0.2599999999999998
2024-07-17,14.48,4.16,4.42,5.33,313.569,4.2,122.518,-0.2599999999999998
2024-07-18,15.93,4.2,4.46,5.33,313.569,4.2,122.7909,-0.2599999999999998
2024-07-19,16.52,4.25,4.49,5.33,313.569,4.2,123.147,-0.2400000000000002
2024-07-22,14.91,4.26,4.5,5.33,313.569,4.2,123.2172,-0.2400000000000002
2024-07-23,14.72,4.25,4.4,5.33,313.569,4.2,123.3843,-0.15000000000000036
2024-07-24,18.04,4.28,4.37,5.33,313.569,4.2,123.5575,-0.08999999999999986
2024-07-25,18.46,4.27,4.41,5.33,313.569,4.2,123.5286,-0.14000000000000057
2024-07-26,16.39,4.2,4.36,5.33,313.569,4.2,123.672,-0.16000000000000014
2024-07-29,16.6,4.17,4.36,5.33,313.569,4.2,124.1392,-0.1900000000000004
2024-07-30,17.69,4.15,4.35,5.33,313.569,4.2,124.2855,-0.1999999999999993
2024-07-31,16.36,4.09,4.29,5.33,313.569,4.2,123.6373,-0.20000000000000018
2024-08-01,18.59,3.99,4.16,5.33,314.062,4.2,123.8693,-0.16999999999999993
2024-08-02,23.39,3.8,3.88,5.33,314.062,4.2,123.4681,-0.08000000000000007
2024-08-05,38.57,3.78,3.89,5.33,314.062,4.2,123.5787,-0.11000000000000032
2024-08-06,27.71,3.9,3.99,5.33,314.062,4.2,123.6532,-0.0900000000000003
2024-08-07,27.85,3.96,4.0,5.33,314.062,4.2,123.5698,-0.040000000000000036
2024-08-08,23.79,3.99,4.04,5.33,314.062,4.2,123.4466,-0.04999999999999982
2024-08-09,20.37,3.94,4.05,5.33,314.062,4.2,122.9276,-0.10999999999999988
2024-08-12,20.71,3.9,4.01,5.33,314.062,4.2,123.2204,-0.10999999999999988
2024-08-13,18.12,3.85,3.93,5.33,314.062,4.2,123.0146,-0.08000000000000007
2024-08-14,16.19,3.83,3.94,5.33,314.062,4.2,122.4297,-0.10999999999999988
2024-08-15,15.23,3.92,4.08,5.33,314.062,4.2,122.5844,-0.16000000000000014
2024-08-16,14.8,3.89,4.06,5.33,314.062,4.2,122.3972,-0.16999999999999948
2024-08-19,14.65,3.86,4.06,5.33,314.062,4.2,121.8788,-0.19999999999999973
2024-08-20,15.88,3.82,3.99,5.33,314.062,4.2,121.7728,-0.17000000000000037
2024-08-21,16.27,3.79,3.92,5.33,314.062,4.2,121.8535,-0.1299999999999999
2024-08-22,17.55,3.86,3.99,5.33,314.062,4.2,122.3626,-0.13000000000000034
2024-08-23,15.86,3.81,3.9,5.33,314.062,4.2,121.4597,-0.08999999999999986
2024-08-26,16.15,3.82,3.91,5.33,314.062,4.2,121.6943,-0.0900000000000003
2024-08-27,15.43,3.83,3.83,5.33,314.062,4.2,121.8672,0.0
2024-08-28,17.11,3.84,3.83,5.33,314.062,4.2,121.8943,0.009999999999999787
2024-08-29,15.65,3.87,3.87,5.33,314.062,4.2,122.2333,0.0
2024-08-30,15.0,3.91,3.91,5.33,314.062,4.2,122.3262,0.0
2024-09-03,20.72,3.84,3.88,5.13,314.732,4.1,122.7811,-0.040000000000000036
2024-09-04,21.32,3.77,3.76,5.13,314.732,4.1,122.5144,0.010000000000000231
2024-09-05,19.9,3.73,3.75,5.13,314.732,4.1,122.4533,-0.020000000000000018
2024-09-06,22.38,3.72,3.66,5.13,314.732,4.1,122.4991,0.06000000000000005
2024-09-09,19.45,3.7,3.68,5.13,314.732,4.1,122.7156,0.020000000000000018
2024-09-10,19.08,3.65,3.59,5.13,314.732,4.1,123.0071,0.06000000000000005
2024-09-11,17.69,3.65,3.62,5.13,314.732,4.1,122.7754,0.029999999999999805
2024-09-12,17.07,3.68,3.64,5.13,314.732,4.1,122.4423,0.040000000000000036
2024-09-13,16.56,3.66,3.57,5.13,314.732,4.1,121.6551,0.0900000000000003
2024-09-16,17.14,3.63,3.56,5.13,314.732,4.1,121.4976,0.06999999999999984
2024-09-17,17.61,3.65,3.59,5.13,314.732,4.1,121.6031,0.06000000000000005
2024-09-18,18.23,3.7,3.61,5.13,314.732,4.1,121.5618,0.0900000000000003
2024-09-19,16.33,3.73,3.59,5.13,314.732,4.1,121.3059,0.14000000000000012
2024-09-20,16.15,3.73,3.55,5.13,314.732,4.1,121.4052,0.18000000000000016
2024-09-23,15.89,3.75,3.57,5.13,314.732,4.1,121.4303,0.18000000000000016
2024-09-24,15.39,3.74,3.49,5.13,314.732,4.1,121.1291,0.25
2024-09-25,15.41,3.79,3.53,5.13,314.732,4.1,121.4447,0.26000000000000023
2024-09-26,15.37,3.79,3.6,5.13,314.732,4.1,121.0785,0.18999999999999995
2024-09-27,16.96,3.75,3.55,5.13,314.732,4.1,121.1111,0.20000000000000018
2024-09-30,16.73,3.81,3.66,5.13,314.732,4.1,121.2864,0.1499999999999999
2024-10-01,19.26,3.74,3.61,4.83,315.631,4.1,121.6881,0.13000000000000034
2024-10-02,18.9,3.79,3.63,4.83,315.631,4.1,121.5724,0.16000000000000014
2024-10-03,20.49,3.85,3.7,4.83,315.631,4.1,122.1197,0.1499999999999999
2024-10-04,19.21,3.98,3.93,4.83,315.631,4.1,122.2197,0.04999999999999982
2024-10-07,22.64,4.03,3.99,4.83,315.631,4.1,122.4241,0.040000000000000036
2024-10-08,21.42,4.04,3.98,4.83,315.631,4.1,122.6625,0.06000000000000005
2024-10-09,20.86,4.06,3.99,4.83,315.631,4.1,122.8821,0.0699999999999994
2024-10-10,20.93,4.09,3.98,4.83,315.631,4.1,123.0951,0.10999999999999988
2024-10-11,20.46,4.08,3.95,4.83,315.631,4.1,122.9805,0.1299999999999999
2024-10-14,19.7,4.08,3.95,4.83,315.631,4.1,122.9805,0.1299999999999999
2024-10-15,20.64,4.03,3.95,4.83,315.631,4.1,123.5124,0.08000000000000007
2024-10-16,19.58,4.02,3.93,4.83,315.631,4.1,123.9235,0.08999999999999941
2024-10-17,19.11,4.09,3.96,4.83,315.631,4.1,124.1122,0.1299999999999999
2024-10-18,18.03,4.08,3.95,4.83,315.631,4.1,123.9185,0.1299999999999999
2024-10-21,18.37,4.19,4.02,4.83,315.631,4.1,124.4757,0.17000000000000082
2024-10-22,18.2,4.2,4.03,4.83,315.631,4.1,124.4107,0.16999999999999993
2024-10-23,19.24,4.24,4.07,4.83,315.631,4.1,124.6931,0.16999999999999993
2024-10-24,19.08,4.21,4.07,4.83,315.631,4.1,124.5127,0.13999999999999968
2024-10-25,20.33,4.25,4.11,4.83,315.631,4.1,124.6105,0.13999999999999968
2024-10-28,19.8,4.28,4.12,4.83,315.631,4.1,124.8076,0.16000000000000014
2024-10-29,19.34,4.28,4.11,4.83,315.631,4.1,124.8612,0.16999999999999993
2024-10-30,20.35,4.29,4.15,4.83,315.631,4.1,124.8153,0.13999999999999968
2024-10-31,23.16,4.28,4.16,4.83,315.631,4.1,124.7988,0.1200000000000001
2024-11-01,21.88,4.37,4.21,4.64,316.528,4.2,124.8076,0.16000000000000014
2024-11-04,21.98,4.31,4.17,4.64,316.528,4.2,124.5903,0.13999999999999968
2024-11-05,20.49,4.26,4.19,4.64,316.528,4.2,124.5532,0.0699999999999994
2024-11-06,16.27,4.42,4.27,4.64,316.528,4.2,125.7035,0.15000000000000036
2024-11-07,15.2,4.31,4.21,4.64,316.528,4.2,124.775,0.09999999999999964
2024-11-08,14.94,4.3,4.26,4.64,316.528,4.2,125.5811,0.040000000000000036
2024-11-11,14.97,4.3,4.26,4.64,316.528,4.2,125.5811,0.040000000000000036
2024-11-12,14.71,4.43,4.34,4.64,316.528,4.2,126.7762,0.08999999999999986
2024-11-13,14.02,4.44,4.27,4.64,316.528,4.2,126.9572,0.17000000000000082
2024-11-14,14.31,4.43,4.34,4.64,316.528,4.2,127.0015,0.08999999999999986
2024-11-15,16.14,4.43,4.31,4.64,316.528,4.2,126.8848,0.1200000000000001
2024-11-18,15.58,4.42,4.29,4.64,316.528,4.2,126.6045,0.1299999999999999
2024-11-19,16.35,4.39,4.27,4.64,316.528,4.2,126.3994,0.1200000000000001
2024-11-20,17.16,4.41,4.31,4.64,316.528,4.2,126.88,0.10000000000000053
2024-11-21,16.87,4.43,4.34,4.64,316.528,4.2,127.1047,0.08999999999999986
2024-11-22,15.24,4.41,4.37,4.64,316.528,4.2,127.4712,0.040000000000000036
2024-11-25,14.6,4.27,4.21,4.64,316.528,4.2,126.9948,0.05999999999999961
2024-11-26,14.1,4.3,4.21,4.64,316.528,4.2,127.4301,0.08999999999999986
2024-11-27,14.1,4.25,4.19,4.64,316.528,4.2,126.8205,0.05999999999999961
2024-11-29,13.51,4.18,4.13,4.64,316.528,4.2,126.5798,0.04999999999999982
2024-12-02,13.34,4.19,4.17,4.48,317.604,4.1,127.1272,0.020000000000000462
2024-12-03,13.3,4.23,4.17,4.48,317.604,4.1,126.9565,0.0600000000000005
2024-12-04,13.45,4.19,4.13,4.48,317.604,4.1,126.7574,0.0600000000000005
2024-12-05,13.54,4.17,4.15,4.48,317.604,4.1,126.4286,0.019999999999999574
2024-12-06,12.77,4.15,4.1,4.48,317.604,4.1,126.688,0.05000000000000071
2024-12-09,14.19,4.2,4.13,4.48,317.604,4.1,126.5981,0.07000000000000028
2024-12-10,14.18,4.22,4.15,4.48,317.604,4.1,126.957,0.0699999999999994
2024-12-11,13.58,4.26,4.15,4.48,317.604,4.1,126.8483,0.10999999999999943
2024-12-12,13.92,4.32,4.18,4.48,317.604,4.1,126.9556,0.14000000000000057
2024-12-13,13.81,4.4,4.25,4.48,317.604,4.1,127.3096,0.15000000000000036
2024-12-16,14.69,4.39,4.25,4.48,317.604,4.1,127.2687,0.13999999999999968
2024-12-17,15.87,4.4,4.25,4.48,317.604,4.1,127.5043,0.15000000000000036
2024-12-18,27.62,4.5,4.35,4.48,317.604,4.1,127.6418,0.15000000000000036
2024-12-19,24.09,4.57,4.32,4.48,317.604,4.1,128.6366,0.25
2024-12-20,18.36,4.52,4.3,4.48,317.604,4.1,127.893,0.21999999999999975
2024-12-23,16.78,4.59,4.3,4.48,317.604,4.1,128.3021,0.29000000000000004
2024-12-24,14.27,4.59,4.29,4.48,317.604,4.1,128.3377,0.2999999999999998
2024-12-26,14.73,4.58,4.3,4.48,317.604,4.1,128.3329,0.28000000000000025
2024-12-27,15.95,4.62,4.31,4.48,317.604,4.1,128.45,0.3100000000000005
2024-12-30,17.4,4.55,4.24,4.48,317.604,4.1,128.8205,0.3099999999999996
2024-12-31,17.35,4.58,4.25,4.48,317.604,4.1,129.2775,0.33000000000000007
2025-01-02,17.93,4.57,4.25,4.33,318.961,4.0,129.4598,0.3200000000000003
2025-01-03,16.13,4.6,4.28,4.33,318.961,4.0,129.4535,0.3199999999999994
2025-01-06,16.04,4.62,4.28,4.33,318.961,4.0,128.538,0.33999999999999986
2025-01-07,17.82,4.67,4.3,4.33,318.961,4.0,128.613,0.3700000000000001
2025-01-08,17.7,4.67,4.28,4.33,318.961,4.0,129.0785,0.3899999999999997
2025-01-09,18.07,4.68,4.27,4.33,318.961,4.0,129.2827,0.41000000000000014
2025-01-10,19.54,4.77,4.4,4.33,318.961,4.0,129.8664,0.3699999999999992
2025-01-13,19.19,4.79,4.4,4.33,318.961,4.0,130.0413,0.3899999999999997
2025-01-14,18.71,4.78,4.37,4.33,318.961,4.0,129.3812,0.41000000000000014
2025-01-15,16.12,4.66,4.27,4.33,318.961,4.0,129.2092,0.39000000000000057
2025-01-16,16.6,4.61,4.23,4.33,318.961,4.0,129.436,0.3799999999999999
2025-01-17,15.97,4.61,4.27,4.33,318.961,4.0,129.4859,0.34000000000000075
2025-01-21,15.06,4.57,4.29,4.33,318.961,4.0,128.4151,0.28000000000000025
2025-01-22,15.1,4.6,4.29,4.33,318.961,4.0,128.3402,0.3099999999999996
2025-01-23,15.02,4.65,4.29,4.33,318.961,4.0,128.2162,0.3600000000000003
2025-01-24,14.85,4.63,4.27,4.33,318.961,4.0,127.4611,0.3600000000000003
2025-01-27,17.9,4.53,4.17,4.33,318.961,4.0,128.0912,0.3600000000000003
2025-01-28,16.41,4.55,4.19,4.33,318.961,4.0,128.2817,0.35999999999999943
2025-01-29,16.56,4.55,4.21,4.33,318.961,4.0,128.3418,0.33999999999999986
2025-01-30,15.84,4.52,4.18,4.33,318.961,4.0,128.1004,0.33999999999999986
2025-01-31,16.43,4.58,4.22,4.33,318.961,4.0,128.4828,0.3600000000000003
2025-02-03,18.62,4.54,4.26,4.33,319.679,4.2,129.109,0.28000000000000025
2025-02-04,17.21,4.52,4.21,4.33,319.679,4.2,128.1083,0.3099999999999996
2025-02-05,15.77,4.43,4.17,4.33,319.679,4.2,127.9751,0.2599999999999998
2025-02-06,15.5,4.45,4.21,4.33,319.679,4.2,128.2017,0.2400000000000002
2025-02-07,16.54,4.49,4.29,4.33,319.679,4.2,128.4292,0.20000000000000018
2025-02-10,15.81,4.51,4.28,4.33,319.679,4.2,128.6382,0.22999999999999954
2025-02-11,16.02,4.54,4.29,4.33,319.679,4.2,128.4322,0.25
2025-02-12,15.89,4.62,4.36,4.33,319.679,4.2,128.3288,0.2599999999999998
2025-02-13,15.1,4.52,4.31,4.33,319.679,4.2,127.8931,0.20999999999999996
2025-02-14,14.77,4.47,4.26,4.33,319.679,4.2,127.1491,0.20999999999999996
2025-02-18,15.35,4.55,4.29,4.33,319.679,4.2,127.2906,0.2599999999999998
2025-02-19,15.27,4.53,4.28,4.33,319.679,4.2,127.7317,0.25
2025-02-20,15.66,4.5,4.28,4.33,319.679,4.2,127.1126,0.21999999999999975
2025-02-21,18.21,4.42,4.19,4.33,319.679,4.2,127.1408,0.22999999999999954
2025-02-24,18.98,4.4,4.13,4.33,319.679,4.2,127.1921,0.27000000000000046
2025-02-25,19.43,4.3,4.07,4.33,319.679,4.2,127.3752,0.22999999999999954
2025-02-26,19.1,4.25,4.05,4.33,319.679,4.2,127.2822,0.20000000000000018
2025-02-27,21.13,4.29,4.07,4.33,319.679,4.2,127.9704,0.21999999999999975
2025-02-28,19.63,4.24,3.99,4.33,319.679,4.2,128.2805,0.25
2025-03-03,22.78,4.16,3.96,4.33,319.785,4.2,127.75,0.20000000000000018
2025-03-04,23.51,4.22,3.96,4.33,319.785,4.2,127.9966,0.2599999999999998
2025-03-05,21.93,4.28,3.99,4.33,319.785,4.2,126.504,0.29000000000000004
2025-03-06,24.87,4.29,3.96,4.33,319.785,4.2,126.1099,0.33000000000000007
2025-03-07,23.37,4.32,3.99,4.33,319.785,4.2,125.9814,0.33000000000000007
2025-03-10,27.86,4.22,3.89,4.33,319.785,4.2,126.268,0.3299999999999996
2025-03-11,26.92,4.28,3.94,4.33,319.785,4.2,126.0457,0.3400000000000003
2025-03-12,24.23,4.32,4.01,4.33,319.785,4.2,125.8664,0.3100000000000005
2025-03-13,24.66,4.27,3.94,4.33,319.785,4.2,126.0031,0.3299999999999996
2025-03-14,21.77,4.31,4.02,4.33,319.785,4.2,125.6942,0.29000000000000004
2025-03-17,20.51,4.31,4.06,4.33,319.785,4.2,125.3688,0.25
2025-03-18,21.7,4.29,4.04,4.33,319.785,4.2,125.488,0.25
2025-03-19,19.9,4.25,3.99,4.33,319.785,4.2,125.8006,0.2599999999999998
2025-03-20,19.8,4.24,3.95,4.33,319.785,4.2,125.985,0.29000000000000004
2025-03-21,19.28,4.25,3.94,4.33,319.785,4.2,126.2679,0.31000000000000005
2025-03-24,17.48,4.34,4.04,4.33,319.785,4.2,126.1956,0.2999999999999998
2025-03-25,17.15,4.31,3.96,4.33,319.785,4.2,126.0535,0.34999999999999964
2025-03-26,18.33,4.35,3.98,4.33,319.785,4.2,126.2364,0.36999999999999966
2025-03-27,18.69,4.38,3.97,4.33,319.785,4.2,126.3626,0.4099999999999997
2025-03-28,21.65,4.27,3.89,4.33,319.785,4.2,126.4187,0.37999999999999945
2025-03-31,22.28,4.23,3.89,4.33,319.785,4.2,126.7075,0.3400000000000003
2025-04-01,21.77,4.17,3.87,4.33,320.302,4.2,126.4338,0.2999999999999998
2025-04-02,21.51,4.2,3.91,4.33,320.302,4.2,126.3811,0.29000000000000004
2025-04-03,30.02,4.06,3.71,4.33,320.302,4.2,124.7316,0.34999999999999964
2025-04-04,45.31,4.01,3.68,4.33,320.302,4.2,125.8129,0.3299999999999996
2025-04-07,46.98,4.15,3.73,4.33,320.302,4.2,126.8282,0.4200000000000004
2025-04-08,52.33,4.26,3.71,4.33,320.302,4.2,126.8668,0.5499999999999998
2025-04-09,33.62,4.34,3.91,4.33,320.302,4.2,126.628,0.4299999999999997
2025-04-10,40.72,4.4,3.84,4.33,320.302,4.2,125.089,0.5600000000000005
2025-04-11,37.56,4.48,3.96,4.33,320.302,4.2,124.0163,0.5200000000000005
2025-04-14,30.89,4.38,3.84,4.33,320.302,4.2,123.6598,0.54
2025-04-15,30.12,4.35,3.84,4.33,320.302,4.2,123.776,0.5099999999999998
2025-04-16,32.64,4.29,3.77,4.33,320.302,4.2,123.2724,0.52
2025-04-17,29.65,4.34,3.81,4.33,320.302,4.2,123.1298,0.5299999999999998
2025-04-21,33.82,4.42,3.75,4.33,320.302,4.2,122.3145,0.6699999999999999
2025-04-22,30.57,4.41,3.76,4.33,320.302,4.2,122.4175,0.6500000000000004
2025-04-23,28.45,4.4,3.81,4.33,320.302,4.2,123.0252,0.5900000000000003
2025-04-24,26.47,4.32,3.77,4.33,320.302,4.2,122.9251,0.5500000000000003
2025-04-25,24.84,4.29,3.74,4.33,320.302,4.2,122.8858,0.5499999999999998
2025-04-28,25.15,4.23,3.67,4.33,320.302,4.2,122.7176,0.5600000000000005
2025-04-29,24.17,4.19,3.65,4.33,320.302,4.2,122.5944,0.5400000000000005
2025-04-30,24.7,4.17,3.6,4.33,320.302,4.2,122.5921,0.5699999999999998
2025-05-01,24.6,4.25,3.7,4.33,320.62,4.3,123.1405,0.5499999999999998
2025-05-02,22.68,4.33,3.83,4.33,320.62,4.3,122.4962,0.5
2025-05-05,23.64,4.36,3.83,4.33,320.62,4.3,122.2613,0.5300000000000002
2025-05-06,24.76,4.3,3.78,4.33,320.62,4.3,122.0417,0.52
2025-05-07,23.55,4.26,3.78,4.33,320.62,4.3,122.117,0.48
2025-05-08,22.48,4.37,3.9,4.33,320.62,4.3,122.7568,0.4700000000000002
2025-05-09,21.9,4.37,3.88,4.33,320.62,4.3,122.5191,0.4900000000000002
2025-05-12,18.39,4.45,3.98,4.33,320.62,4.3,123.4863,0.4700000000000002
2025-05-13,18.22,4.49,4.02,4.33,320.62,4.3,122.9583,0.47000000000000064
2025-05-14,18.62,4.53,4.05,4.33,320.62,4.3,122.6746,0.4800000000000004
2025-05-15,17.83,4.45,3.96,4.33,320.62,4.3,122.8174,0.4900000000000002
2025-05-16,17.24,4.43,3.98,4.33,320.62,4.3,123.0737,0.44999999999999973
2025-05-19,18.14,4.46,3.97,4.33,320.62,4.3,122.4186,0.48999999999999977
2025-05-20,18.09,4.48,3.97,4.33,320.62,4.3,122.3199,0.5100000000000002
2025-05-21,20.87,4.58,4.0,4.33,320.62,4.3,121.7496,0.5800000000000001
2025-05-22,20.28,4.54,4.0,4.33,320.62,4.3,122.0429,0.54
2025-05-23,22.29,4.51,4.0,4.33,320.62,4.3,121.3837,0.5099999999999998
2025-05-27,18.96,4.43,3.92,4.33,320.62,4.3,121.6099,0.5099999999999998
2025-05-28,19.31,4.47,3.96,4.33,320.62,4.3,121.9888,0.5099999999999998
2025-05-29,19.18,4.43,3.92,4.33,320.62,4.3,121.5617,0.5099999999999998
2025-05-30,18.57,4.41,3.89,4.33,320.62,4.3,121.7674,0.52
2025-06-02,18.36,4.46,3.94,4.33,321.435,4.1,121.1881,0.52
2025-06-03,17.69,4.46,3.96,4.33,321.435,4.1,121.4592,0.5
2025-06-04,17.61,4.37,3.87,4.33,321.435,4.1,121.0539,0.5
2025-06-05,18.48,4.4,3.92,4.33,321.435,4.1,120.9596,0.4800000000000004
2025-06-06,16.77,4.51,4.04,4.33,321.435,4.1,121.161,0.46999999999999975
2025-06-09,17.16,4.49,4.01,4.33,321.435,4.1,120.9103,0.4800000000000004
2025-06-10,16.95,4.47,4.01,4.33,321.435,4.1,121.0485,0.45999999999999996
2025-06-11,17.26,4.41,3.94,4.33,321.435,4.1,120.587,0.4700000000000002
2025-06-12,18.02,4.36,3.9,4.33,321.435,4.1,120.1723,0.4600000000000004
2025-06-13,20.82,4.41,3.96,4.33,321.435,4.1,120.3245,0.4500000000000002
2025-06-16,19.11,4.46,3.97,4.33,321.435,4.1,120.1565,0.48999999999999977
2025-06-17,21.6,4.39,3.94,4.33,321.435,4.1,120.5048,0.44999999999999973
2025-06-18,20.14,4.38,3.94,4.33,321.435,4.1,120.7305,0.43999999999999995
2025-06-20,20.62,4.38,3.9,4.33,321.435,4.1,121.0408,0.48
2025-06-23,19.83,4.34,3.84,4.33,321.435,4.1,121.1694,0.5
2025-06-24,17.48,4.3,3.75,4.33,321.435,4.1,120.3645,0.5499999999999998
2025-06-25,16.76,4.29,3.74,4.33,321.435,4.1,120.3336,0.5499999999999998
2025-06-26,16.59,4.26,3.7,4.33,321.435,4.1,119.6451,0.5599999999999996
2025-06-27,16.32,4.29,3.73,4.33,321.435,4.1,119.659,0.56
2025-06-30,16.73,4.24,3.72,4.33,321.435,4.1,119.4088,0.52
2025-07-01,16.83,4.26,3.78,4.33,322.169,4.3,119.3436,0.48
2025-07-02,16.64,4.3,3.78,4.33,322.169,4.3,119.3037,0.52
2025-07-03,16.38,4.35,3.88,4.33,322.169,4.3,119.2382,0.46999999999999975
2025-07-04,17.48,4.35,3.88,4.33,322.169,4.3,119.2382,0.46999999999999975
2025-07-07,17.79,4.4,3.9,4.33,322.169,4.3,119.6201,0.5000000000000004
2025-07-08,16.81,4.42,3.9,4.33,322.169,4.3,119.8371,0.52
2025-07-09,15.94,4.34,3.86,4.33,322.169,4.3,119.7311,0.48
2025-07-10,15.78,4.35,3.86,4.33,322.169,4.3,119.8343,0.48999999999999977
2025-07-11,16.4,4.43,3.9,4.33,322.169,4.3,119.9214,0.5299999999999998
2025-07-14,17.2,4.43,3.9,4.33,322.169,4.3,120.2209,0.5299999999999998
2025-07-15,17.38,4.5,3.95,4.33,322.169,4.3,120.5105,0.5499999999999998
2025-07-16,17.16,4.46,3.88,4.33,322.169,4.3,120.4175,0.5800000000000001
2025-07-17,16.52,4.47,3.91,4.33,322.169,4.3,120.6384,0.5599999999999996
2025-07-18,16.41,4.44,3.88,4.33,322.169,4.3,120.356,0.5600000000000005
2025-07-21,16.65,4.38,3.85,4.33,322.169,4.3,119.9961,0.5299999999999998
2025-07-22,16.5,4.35,3.83,4.33,322.169,4.3,119.681,0.5199999999999996
2025-07-23,15.37,4.4,3.88,4.33,322.169,4.3,119.5697,0.5200000000000005
2025-07-24,15.39,4.43,3.91,4.33,322.169,4.3,119.5664,0.5199999999999996
2025-07-25,14.93,4.4,3.91,4.33,322.169,4.3,119.9857,0.4900000000000002
2025-07-28,15.03,4.42,3.91,4.33,322.169,4.3,120.6149,0.5099999999999998
2025-07-29,15.98,4.34,3.86,4.33,322.169,4.3,120.9674,0.48
2025-07-30,15.48,4.38,3.94,4.33,322.169,4.3,121.4042,0.43999999999999995
2025-07-31,16.72,4.37,3.94,4.33,322.169,4.3,121.721,0.43000000000000016
2025-08-01,20.38,4.23,3.69,4.33,323.291,4.3,121.2122,0.5400000000000005
2025-08-04,17.52,4.22,3.69,4.33,323.291,4.3,120.9859,0.5299999999999998
2025-08-05,17.85,4.22,3.72,4.33,323.291,4.3,120.9082,0.49999999999999956
2025-08-06,16.77,4.22,3.69,4.33,323.291,4.3,120.5082,0.5299999999999998
2025-08-07,16.57,4.23,3.72,4.33,323.291,4.3,120.5043,0.5100000000000002
2025-08-08,15.15,4.27,3.76,4.33,323.291,4.3,120.3329,0.5099999999999998
2025-08-11,16.25,4.27,3.76,4.33,323.291,4.3,120.6892,0.5099999999999998
2025-08-12,14.73,4.29,3.72,4.33,323.291,4.3,120.2736,0.5699999999999998
2025-08-13,14.49,4.24,3.67,4.33,323.291,4.3,120.13,0.5700000000000003
2025-08-14,14.83,4.29,3.74,4.33,323.291,4.3,120.6446,0.5499999999999998
2025-08-15,15.09,4.33,3.75,4.33,323.291,4.3,120.3377,0.5800000000000001
2025-08-18,14.99,4.34,3.77,4.33,323.291,4.3,120.5622,0.5699999999999998
2025-08-19,15.57,4.3,3.75,4.33,323.291,4.3,120.7224,0.5499999999999998
2025-08-20,15.69,4.29,3.74,4.33,323.291,4.3,120.7757,0.5499999999999998
2025-08-21,16.6,4.33,3.79,4.33,323.291,4.3,121.0843,0.54
2025-08-22,14.22,4.26,3.68,4.33,323.291,4.3,120.2774,0.5799999999999996
2025-08-25,14.79,4.28,3.73,4.33,323.291,4.3,120.4214,0.5500000000000003
2025-08-26,14.62,4.26,3.61,4.33,323.291,4.3,120.5274,0.6499999999999999
2025-08-27,14.85,4.24,3.59,4.33,323.291,4.3,120.7274,0.6500000000000004
2025-08-28,14.43,4.22,3.62,4.33,323.291,4.3,120.2595,0.5999999999999996
2025-08-29,15.36,4.23,3.59,4.33,323.291,4.3,120.2082,0.6400000000000006
2025-09-02,17.17,4.28,3.66,4.22,324.245,4.4,120.6837,0.6200000000000001
2025-09-03,16.35,4.22,3.61,4.22,324.245,4.4,120.5052,0.6099999999999999
2025-09-04,15.3,4.17,3.59,4.22,324.245,4.4,120.7629,0.5800000000000001
2025-09-05,15.18,4.1,3.51,4.22,324.245,4.4,120.1282,0.5899999999999999
2025-09-08,15.11,4.05,3.49,4.22,324.245,4.4,120.0971,0.5599999999999996
2025-09-09,15.04,4.08,3.54,4.22,324.245,4.4,120.1569,0.54
2025-09-10,15.35,4.04,3.54,4.22,324.245,4.4,120.1223,0.5
2025-09-11,14.71,4.01,3.52,4.22,324.245,4.4,119.9534,0.48999999999999977
2025-09-12,14.76,4.06,3.56,4.22,324.245,4.4,120.0611,0.49999999999999956
2025-09-15,15.69,4.05,3.54,4.22,324.245,4.4,119.5644,0.5099999999999998
2025-09-16,16.36,4.04,3.51,4.22,324.245,4.4,119.1348,0.5300000000000002
2025-09-17,15.72,4.06,3.52,4.22,324.245,4.4,119.1582,0.5399999999999996
2025-09-18,15.7,4.11,3.57,4.22,324.245,4.4,119.6616,0.5400000000000005
2025-09-19,15.45,4.14,3.57,4.22,324.245,4.4,119.7858,0.5699999999999998
2025-09-22,16.1,4.15,3.61,4.22,324.245,4.4,119.8152,0.5400000000000005
2025-09-23,16.64,4.12,3.53,4.22,324.245,4.4,119.6202,0.5900000000000003
2025-09-24,16.18,4.16,3.57,4.22,324.245,4.4,120.1707,0.5900000000000003
2025-09-25,16.74,4.18,3.64,4.22,324.245,4.4,120.5419,0.5399999999999996
2025-09-26,15.29,4.2,3.63,4.22,324.245,4.4,120.4349,0.5700000000000003
2025-09-29,16.12,4.15,3.63,4.22,324.245,4.4,120.115,0.5200000000000005
2025-09-30,16.28,4.16,3.6,4.22,324.245,4.4,120.1368,0.56
2025-10-01,16.29,4.12,3.55,4.09,324.245,4.4,120.1502,0.5700000000000003
2025-10-02,16.63,4.1,3.55,4.09,324.245,4.4,120.4296,0.5499999999999998
2025-10-03,16.65,4.13,3.58,4.09,324.245,4.4,120.0881,0.5499999999999998
2025-10-06,16.37,4.18,3.6,4.09,324.245,4.4,120.2722,0.5799999999999996
2025-10-07,17.24,4.14,3.57,4.09,324.245,4.4,120.4884,0.5699999999999998
2025-10-08,16.3,4.13,3.58,4.09,324.245,4.4,120.7766,0.5499999999999998
2025-10-09,16.43,4.14,3.6,4.09,324.245,4.4,121.0902,0.5399999999999996
2025-10-10,21.66,4.05,3.52,4.09,324.245,4.4,121.1163,0.5299999999999998
2025-10-13,19.03,4.05,3.52,4.09,324.245,4.4,121.1163,0.5299999999999998
2025-10-14,20.81,4.03,3.48,4.09,324.245,4.4,121.1822,0.5500000000000003
2025-10-15,20.64,4.05,3.5,4.09,324.245,4.4,120.8642,0.5499999999999998
2025-10-16,25.31,3.99,3.41,4.09,324.245,4.4,120.6698,0.5800000000000001
2025-10-17,20.78,4.02,3.46,4.09,324.245,4.4,120.7028,0.5599999999999996
2025-10-20,18.23,4.0,3.46,4.09,324.245,4.4,120.6209,0.54
2025-10-21,17.87,3.98,3.45,4.09,324.245,4.4,120.8895,0.5299999999999998
2025-10-22,18.6,3.97,3.45,4.09,324.245,4.4,120.8958,0.52
2025-10-23,17.3,4.01,3.48,4.09,324.245,4.4,120.9531,0.5299999999999998
2025-10-24,16.37,4.02,3.48,4.09,324.245,4.4,120.9345,0.5399999999999996
2025-10-27,15.79,4.01,3.48,4.09,324.245,4.4,120.7988,0.5299999999999998
2025-10-28,16.42,3.99,3.47,4.09,324.245,4.4,120.6361,0.52
2025-10-29,16.92,4.08,3.59,4.09,324.245,4.4,120.5312,0.4900000000000002
2025-10-30,16.91,4.11,3.61,4.09,324.245,4.4,121.2832,0.5000000000000004
2025-10-31,17.44,4.11,3.6,4.09,324.245,4.4,121.3859,0.5100000000000002
2025-11-03,17.17,4.13,3.6,3.88,325.063,4.5,121.4512,0.5299999999999998
2025-11-04,19.0,4.1,3.58,3.88,325.063,4.5,121.8271,0.5199999999999996
2025-11-05,18.01,4.17,3.63,3.88,325.063,4.5,121.8482,0.54
2025-11-06,19.5,4.11,3.57,3.88,325.063,4.5,121.6948,0.5400000000000005
2025-11-07,19.08,4.11,3.55,3.88,325.063,4.5,121.388,0.5600000000000005
2025-11-10,17.6,4.13,3.58,3.88,325.063,4.5,121.2984,0.5499999999999998
2025-11-11,17.28,4.13,3.58,3.88,325.063,4.5,121.2984,0.5499999999999998
2025-11-12,17.51,4.08,3.56,3.88,325.063,4.5,121.0458,0.52
2025-11-13,20.0,4.11,3.58,3.88,325.063,4.5,120.7725,0.5300000000000002
2025-11-14,19.83,4.14,3.62,3.88,325.063,4.5,120.9666,0.5199999999999996
2025-11-17,22.38,4.13,3.6,3.88,325.063,4.5,121.1146,0.5299999999999998
2025-11-18,24.69,4.12,3.58,3.88,325.063,4.5,121.2127,0.54
2025-11-19,23.66,4.13,3.58,3.88,325.063,4.5,121.4978,0.5499999999999998
2025-11-20,26.42,4.1,3.55,3.88,325.063,4.5,121.6889,0.5499999999999998
2025-11-21,23.43,4.06,3.51,3.88,325.063,4.5,121.8653,0.5499999999999998
2025-11-24,20.52,4.04,3.46,3.88,325.063,4.5,121.9171,0.5800000000000001
2025-11-25,18.56,4.01,3.43,3.88,325.063,4.5,121.6335,0.5799999999999996
2025-11-26,17.19,4.0,3.45,3.88,325.063,4.5,121.2437,0.5499999999999998
2025-11-28,16.35,4.02,3.47,3.88,325.063,4.5,121.0527,0.5499999999999994
2025-12-01,17.24,4.09,3.54,3.72,326.031,4.4,120.9862,0.5499999999999998
2025-12-02,16.59,4.09,3.51,3.72,326.031,4.4,121.1467,0.5800000000000001
2025-12-03,16.08,4.06,3.49,3.72,326.031,4.4,120.7336,0.5699999999999994
2025-12-04,15.78,4.11,3.52,3.72,326.031,4.4,120.6766,0.5900000000000003
2025-12-05,15.41,4.14,3.56,3.72,326.031,4.4,120.6863,0.5799999999999996
2025-12-08,16.66,4.17,3.57,3.72,326.031,4.4,120.776,0.6000000000000001
2025-12-09,16.93,4.18,3.61,3.72,326.031,4.4,120.6832,0.5699999999999998
2025-12-10,15.77,4.13,3.54,3.72,326.031,4.4,120.6752,0.5899999999999999
2025-12-11,14.85,4.14,3.52,3.72,326.031,4.4,119.98,0.6199999999999997
2025-12-12,15.74,4.19,3.52,3.72,326.031,4.4,120.1442,0.6700000000000004
2025-12-15,16.5,4.18,3.51,3.72,326.031,4.4,119.9561,0.6699999999999999
2025-12-16,16.48,4.15,3.48,3.72,326.031,4.4,119.8902,0.6700000000000004
2025-12-17,17.62,4.16,3.49,3.72,326.031,4.4,120.155,0.6699999999999999
2025-12-18,16.87,4.12,3.46,3.72,326.031,4.4,120.0528,0.6600000000000001
2025-12-19,14.91,4.16,3.48,3.72,326.031,4.4,120.1652,0.6800000000000002
2025-12-22,14.08,4.17,3.44,3.72,326.031,4.4,119.9912,0.73
2025-12-23,14.0,4.18,3.48,3.72,326.031,4.4,119.7057,0.6999999999999997
2025-12-24,13.47,4.15,3.47,3.72,326.031,4.4,119.4372,0.6800000000000002
2025-12-26,13.6,4.14,3.46,3.72,326.031,4.4,119.4723,0.6799999999999997
2025-12-29,14.2,4.12,3.45,3.72,326.031,4.4,119.5899,0.6699999999999999
2025-12-30,14.33,4.14,3.45,3.72,326.031,4.4,119.4939,0.6899999999999995
2025-12-31,14.95,4.18,3.47,3.72,326.031,4.4,119.7456,0.7099999999999995
2026-01-02,14.51,4.19,3.47,3.64,326.588,4.3,119.6059,0.7200000000000002
2026-01-05,14.9,4.17,3.46,3.64,326.588,4.3,119.6192,0.71
2026-01-06,14.75,4.18,3.47,3.64,326.588,4.3,119.7807,0.7099999999999995
2026-01-07,15.38,4.15,3.47,3.64,326.588,4.3,119.8719,0.6800000000000002
2026-01-08,15.45,4.19,3.49,3.64,326.588,4.3,120.0904,0.7000000000000002
2026-01-09,14.49,4.18,3.54,3.64,326.588,4.3,120.2215,0.6399999999999997
2026-01-12,15.12,4.19,3.54,3.64,326.588,4.3,119.9958,0.6500000000000004
2026-01-13,15.98,4.18,3.53,3.64,326.588,4.3,120.1401,0.6499999999999999
2026-01-14,16.75,4.15,3.51,3.64,326.588,4.3,119.9537,0.6400000000000006
2026-01-15,15.84,4.17,3.56,3.64,326.588,4.3,119.9951,0.6099999999999999
2026-01-16,15.86,4.24,3.59,3.64,326.588,4.3,120.0838,0.6500000000000004
2026-01-20,20.09,4.3,3.6,3.64,326.588,4.3,119.4455,0.6999999999999997
2026-01-21,16.9,4.26,3.6,3.64,326.588,4.3,119.3431,0.6599999999999997
2026-01-22,15.64,4.26,3.61,3.64,326.588,4.3,119.1962,0.6499999999999999
2026-01-23,16.09,4.24,3.6,3.64,326.588,4.3,118.8976,0.6400000000000001
2026-01-26,16.15,4.22,3.56,3.64,326.588,4.3,118.0525,0.6599999999999997
2026-01-27,16.35,4.24,3.53,3.64,326.588,4.3,117.4523,0.7100000000000004
2026-01-28,16.35,4.26,3.56,3.64,326.588,4.3,117.5117,0.6999999999999997
2026-01-29,16.88,4.24,3.53,3.64,326.588,4.3,117.4396,0.7100000000000004
2026-01-30,17.44,4.26,3.52,3.64,326.588,4.3,117.8996,0.7399999999999998
2026-02-02,16.34,4.29,3.57,3.64,327.46,4.4,118.3609,0.7200000000000002
2026-02-03,18.0,4.28,3.57,3.64,327.46,4.4,117.9764,0.7100000000000004
2026-02-04,18.64,4.29,3.57,3.64,327.46,4.4,118.2602,0.7200000000000002
2026-02-05,21.77,4.21,3.47,3.64,327.46,4.4,118.5034,0.7399999999999998
2026-02-06,17.76,4.22,3.5,3.64,327.46,4.4,118.2407,0.7199999999999998
2026-02-09,17.36,4.22,3.48,3.64,327.46,4.4,117.6392,0.7399999999999998
2026-02-10,17.79,4.16,3.45,3.64,327.46,4.4,117.5216,0.71
2026-02-11,17.65,4.18,3.52,3.64,327.46,4.4,117.4601,0.6599999999999997
2026-02-12,20.82,4.09,3.47,3.64,327.46,4.4,117.5376,0.6199999999999997
2026-02-13,20.6,4.04,3.4,3.64,327.46,4.4,117.5258,0.6400000000000001
2026-02-17,20.29,4.05,3.43,3.64,327.46,4.4,117.7375,0.6199999999999997
2026-02-18,19.62,4.09,3.47,3.64,327.46,4.4,117.8426,0.6199999999999997
2026-02-19,20.23,4.08,3.47,3.64,327.46,4.4,118.2354,0.6099999999999999
2026-02-20,19.09,4.08,3.48,3.64,327.46,4.4,117.9917,0.6000000000000001
2026-02-23,21.01,4.03,3.43,3.64,327.46,4.4,117.9395,0.6000000000000001
2026-02-24,19.55,4.04,3.43,3.64,327.46,4.4,117.9463,0.6099999999999999
2026-02-25,17.93,4.05,3.45,3.64,327.46,4.4,117.769,0.5999999999999996
2026-02-26,18.63,4.02,3.42,3.64,327.46,4.4,117.9042,0.5999999999999996
2026-02-27,19.86,3.97,3.38,3.64,327.46,4.4,117.8223,0.5900000000000003
2026-03-02,21.44,4.05,3.47,3.64,330.293,4.3,118.667,0.5799999999999996
2026-03-03,23.57,4.06,3.51,3.64,330.293,4.3,119.4341,0.5499999999999998
2026-03-04,21.15,4.09,3.54,3.64,330.293,4.3,119.0705,0.5499999999999998
2026-03-05,23.75,4.13,3.57,3.64,330.293,4.3,119.5683,0.56
2026-03-06,29.49,4.15,3.56,3.64,330.293,4.3,119.491,0.5900000000000003
2026-03-09,25.5,4.12,3.56,3.64,330.293,4.3,119.5151,0.56
2026-03-10,24.93,4.15,3.57,3.64,330.293,4.3,118.7255,0.5800000000000005
2026-03-11,24.23,4.21,3.64,3.64,330.293,4.3,119.2885,0.5699999999999998
2026-03-12,27.29,4.27,3.76,3.64,330.293,4.3,119.8227,0.5099999999999998
2026-03-13,27.19,4.28,3.73,3.64,330.293,4.3,120.5518,0.5500000000000003
2026-03-16,23.51,4.23,3.68,3.64,330.293,4.3,120.097,0.5500000000000003
2026-03-17,22.37,4.2,3.68,3.64,330.293,4.3,119.8328,0.52
2026-03-18,25.09,4.26,3.76,3.64,330.293,4.3,119.9276,0.5
2026-03-19,24.06,4.25,3.79,3.64,330.293,4.3,120.1802,0.45999999999999996
2026-03-20,26.78,4.39,3.88,3.64,330.293,4.3,120.2757,0.5099999999999998
2026-03-23,26.15,4.34,3.83,3.64,330.293,4.3,119.9371,0.5099999999999998
2026-03-24,26.95,4.39,3.9,3.64,330.293,4.3,120.1295,0.48999999999999977
2026-03-25,25.33,4.33,3.84,3.64,330.293,4.3,120.1282,0.4900000000000002
2026-03-26,27.44,4.42,3.96,3.64,330.293,4.3,120.389,0.45999999999999996
2026-03-27,31.05,4.44,3.88,3.64,330.293,4.3,120.8851,0.5600000000000005
2026-03-30,30.61,4.35,3.82,3.64,330.293,4.3,121.2851,0.5299999999999998
2026-03-31,25.25,4.3,3.79,3.64,330.293,4.3,121.035,0.5099999999999998
2026-04-01,24.54,4.33,3.81,3.64,330.293,4.3,120.1198,0.52
2026-04-02,23.87,4.31,3.79,3.64,330.293,4.3,120.503,0.5199999999999996
2026-04-06,24.17,4.34,3.84,3.64,330.293,4.3,120.4302,0.5
2026-04-07,25.78,4.33,3.81,3.64,330.293,4.3,120.32,0.52
2026-04-08,21.04,4.29,3.79,3.64,330.293,4.3,119.0596,0.5
2026-04-09,19.49,4.29,3.78,3.64,330.293,4.3,118.8998,0.5100000000000002
2026-04-10,19.23,4.31,3.81,3.64,330.293,4.3,118.8552,0.49999999999999956
2026-04-13,19.12,4.3,3.78,3.64,330.293,4.3,118.9916,0.52
2026-04-14,18.36,4.26,3.76,3.64,330.293,4.3,118.3581,0.5
2026-04-15,18.17,4.29,3.76,3.64,330.293,4.3,118.3623,0.5300000000000002
2026-04-16,17.94,4.32,3.78,3.64,330.293,4.3,118.3616,0.5400000000000005
2026-04-17,17.48,4.26,3.71,3.64,330.293,4.3,118.0795,0.5499999999999998
2026-04-20,18.87,4.26,3.72,3.64,330.293,4.3,118.2374,0.5399999999999996
2026-04-21,19.5,4.3,3.78,3.64,330.293,4.3,118.4331,0.52
2026-04-22,18.92,4.3,3.79,3.64,330.293,4.3,118.6004,0.5099999999999998
2026-04-23,19.31,4.34,3.83,3.64,330.293,4.3,118.7155,0.5099999999999998
2026-04-24,18.71,4.31,3.78,3.64,330.293,4.3,118.7294,0.5299999999999998
2026-04-27,18.02,4.35,3.78,3.64,330.293,4.3,118.5458,0.5699999999999998
2026-04-28,17.83,4.36,3.84,3.64,330.293,4.3,118.7717,0.5200000000000005
2026-04-29,18.81,4.42,3.92,3.64,330.293,4.3,119.0975,0.5
2026-04-30,16.89,4.4,3.88,3.64,330.293,4.3,118.671,0.5200000000000005
2026-05-01,16.99,4.39,3.88,3.64,330.293,4.3,118.3926,0.5099999999999998
2026-05-04,18.29,4.45,3.95,3.64,330.293,4.3,118.3926,0.5
2026-05-05,18.29,4.45,3.95,3.64,330.293,4.3,118.3926,0.5
