timestamp,underlying_symbol,S,return_1d,return_5d,realized_volatility,implied_volatility_proxy,r,regime_label,sigma_regime,regime_probability_stable_low_volatility,regime_probability_stress_high_volatility,regime_probability_transition_uncertainty
2010-09-09T00:00:00Z,SPY,83.73140716552734,0.0046192090883685,0.0226812990614493,0.184788455074521,0.2281,0.005699999999999999,stress_high_volatility,0.2944703642700688,4.593815048778817e-291,0.9964159590311711,0.003584040967244616
2010-09-10T00:00:00Z,SPY,84.15414428710938,0.0050487282597118,0.0183612900819416,0.1835221569661486,0.21989999999999998,0.0058,transition_uncertainty,0.17279575901607797,1.2408002802830617e-12,0.03593240989498995,0.9640675901041127
2010-09-13T00:00:00Z,SPY,85.09019470214844,0.011123045964861,0.0165032943336003,0.1859472552403206,0.2121,0.0053,transition_uncertainty,0.16853054558115507,1.4038493413161591e-10,0.0022633684226547692,0.9977366314363786
2010-09-14T00:00:00Z,SPY,85.037353515625,-0.00062100206385,0.0274536019543898,0.1859760149136222,0.21559999999999999,0.005,transition_uncertainty,0.16827448990347127,4.63189428128553e-11,0.00024209807993494224,0.9997579018738324
2010-09-15T00:00:00Z,SPY,85.36195373535156,0.0038171486565243,0.024182697399514,0.1822041867179184,0.22100000000000003,0.005,transition_uncertainty,0.16825085744184953,8.76669501815107e-11,5.554651357116262e-05,0.9999444533971593
2010-09-16T00:00:00Z,SPY,85.33930206298828,-0.0002653602849052,0.0192030081888188,0.1823160928149197,0.2172,0.0048,transition_uncertainty,0.16824893548793873,1.7203551754984267e-10,4.0374894007719915e-05,0.9999596249328592
2010-09-17T00:00:00Z,SPY,85.37117767333984,0.0003735161828255,0.0144619542690411,0.1680693092682826,0.22010000000000002,0.0048,transition_uncertainty,0.16824747465381307,7.973819183051656e-10,2.8843523878289194e-05,0.9999711556787614
2010-09-20T00:00:00Z,SPY,86.67652130126953,0.015290214607609,0.0186428836445127,0.1725781105667972,0.215,0.0047,transition_uncertainty,0.1682535659299009,4.574432272307079e-11,7.692694461612489e-05,0.9999230730113511
2010-09-21T00:00:00Z,SPY,86.50196838378906,-0.002013843136064,0.0172231943682836,0.1717099467976453,0.22350000000000003,0.0043,transition_uncertainty,0.16825315748228165,5.058298468744418e-11,7.370271653236633e-05,0.9999262972328089
2010-09-22T00:00:00Z,SPY,86.07697296142578,-0.0049131300744241,0.0083763221761652,0.1608623196542323,0.22510000000000002,0.0044,transition_uncertainty,0.16824888565847654,5.092577176661324e-10,3.998168754277776e-05,0.9999600178042327
2010-09-23T00:00:00Z,SPY,85.37877655029297,-0.0081113030246277,0.000462559293906,0.1664210826408793,0.23870000000000002,0.0045000000000000005,transition_uncertainty,0.16826275711866287,5.40603104261086e-12,0.00014948098120130904,0.999850519013561
2010-09-24T00:00:00Z,SPY,87.13948059082031,0.0206222683396053,0.0207131137893705,0.172567488776014,0.21710000000000002,0.0045000000000000005,transition_uncertainty,0.16827003811224336,2.4829268627783527e-12,0.0002069561970374418,0.9997930438019175
2010-09-27T00:00:00Z,SPY,86.7220458984375,-0.0047904197908058,0.0005252240916515,0.1707573830396918,0.2254,0.0044,transition_uncertainty,0.16824742403383855,5.208644952088536e-10,2.8443817144908916e-05,0.9999715556630736
2010-09-28T00:00:00Z,SPY,87.025634765625,0.0035007115439025,0.0060538088510604,0.1566289901748652,0.226,0.0037,transition_uncertainty,0.16824794065899804,7.109490637721861e-10,3.252206998014887e-05,0.9999674772202584
2010-09-29T00:00:00Z,SPY,86.87385559082031,-0.0017440743203247,0.0092577910442046,0.1574183508374229,0.2325,0.0044,transition_uncertainty,0.1682493084234483,2.8359673552734317e-10,4.331884417504503e-05,0.999956680872558
2010-09-30T00:00:00Z,SPY,86.61580657958984,-0.0029703874597887,0.0144887298609648,0.1284428279338273,0.237,0.0042,transition_uncertainty,0.16825908940998013,1.3288854030527514e-10,0.00012052861949011773,0.9998794712474078
2010-10-01T00:00:00Z,SPY,86.9801025390625,0.0042058831275548,-0.0018289993316141,0.1263064229954177,0.225,0.0042,transition_uncertainty,0.16824704647833302,1.7327110175731734e-08,2.5470605498003843e-05,0.9999745120668617
2010-10-04T00:00:00Z,SPY,86.3274154663086,-0.0075038664441765,-0.0045505203208774,0.1249544817470397,0.2353,0.0040999999999999995,transition_uncertainty,0.16825141994383652,8.511407887013777e-10,5.998715440146141e-05,0.9999400119944847
2010-10-05T00:00:00Z,SPY,88.06535339355469,0.0201319351200126,0.0119472685344936,0.1313491210805142,0.21760000000000002,0.0040999999999999995,transition_uncertainty,0.16825784263380084,1.8480030960246466e-10,0.00011068675095436895,0.9998893130649631
2010-10-06T00:00:00Z,SPY,88.05776977539062,-8.611352673704165e-05,0.0136279686968954,0.1309696496381784,0.21489999999999998,0.0038,transition_uncertainty,0.16824511903206726,1.898300348234355e-07,1.0329090067025358e-05,0.9999894810797101
2010-10-07T00:00:00Z,SPY,87.95149993896484,-0.0012068195310515,0.0154208961634232,0.1315007039729366,0.21559999999999999,0.0036,transition_uncertainty,0.16824524532009458,9.822433384573079e-08,1.1286959923004564e-05,0.999988614817322
2010-10-08T00:00:00Z,SPY,88.44479370117188,0.0056087020977397,0.0168393818741658,0.1316602714900819,0.2071,0.0034999999999999996,transition_uncertainty,0.16824503607255406,2.723883302247649e-07,9.7093910517038e-06,0.999990018221775
2010-10-11T00:00:00Z,SPY,88.52828216552734,0.0009439613216528,0.0254944120280966,0.1277607551642214,0.18960000000000002,0.0034999999999999996,transition_uncertainty,0.16824339406878738,1.6089658029059276e-05,3.4866623924288904e-06,0.999980423678323
2010-10-12T00:00:00Z,SPY,88.8015365600586,0.0030866338739108,0.0083595095929949,0.1274363698378712,0.1893,0.0037,transition_uncertainty,0.16824391417541426,1.0804825973466515e-05,5.340684311172635e-06,0.999983854489356
2010-10-13T00:00:00Z,SPY,89.49211120605469,0.0077766069456359,0.016288641358084,0.1288681074013589,0.1907,0.0037,transition_uncertainty,0.1682446954432816,2.6627282062430662e-06,8.038928172764969e-06,0.9999892983423356
2010-10-14T00:00:00Z,SPY,89.1430435180664,-0.0039005414363793,0.0135477346029169,0.1304918397914417,0.1988,0.0038,transition_uncertainty,0.16824508962590337,6.059977508729707e-07,1.0274269772215104e-05,0.9999891197340555
2010-10-15T00:00:00Z,SPY,89.32514190673828,0.0020427661148338,0.0099536464355476,0.1303197308790788,0.19030000000000002,0.0037,transition_uncertainty,0.16824483302660617,2.314168315482304e-06,8.976483847626915e-06,0.9999887093491295
2010-10-18T00:00:00Z,SPY,89.76531982421875,0.004927816604423,0.0139733611500383,0.1216384382862941,0.19090000000000001,0.0038,transition_uncertainty,0.16824324046336434,2.1680326433269663e-05,4.656052957408203e-06,0.9999736636212401
2010-10-19T00:00:00Z,SPY,88.5890121459961,-0.0131042554131833,-0.0023932515392767,0.1322344947647178,0.20629999999999998,0.0037,transition_uncertainty,0.1682498339143213,3.5474485823576315e-09,4.746839179330922e-05,0.9999525280608947
2010-10-20T00:00:00Z,SPY,89.45417022705078,0.009765975035695,-0.000423958922106,0.1334604570675403,0.1979,0.0034999999999999996,transition_uncertainty,0.16824520221127015,3.932732471122411e-07,1.107237349965142e-05,0.999988534353426
2010-10-21T00:00:00Z,SPY,89.65149688720703,0.0022058967139866,0.0057037918952989,0.1280513257735896,0.1927,0.0037,transition_uncertainty,0.16824462430449783,3.4898933675882216e-06,7.829782401348002e-06,0.9999886803256627
2010-10-22T00:00:00Z,SPY,89.81845092773438,0.0018622560283336,0.0055226223039326,0.1090412851132681,0.18780000000000002,0.0034999999999999996,transition_uncertainty,0.16823261411430324,0.0002150755302935999,3.1701012631740216e-06,0.9997817543674642
2010-10-25T00:00:00Z,SPY,90.08406829833984,0.0029572695572224,0.0035509089116518,0.1065293284836149,0.1985,0.0037,transition_uncertainty,0.16824348246287144,2.1557826786538915e-05,6.514174108691e-06,0.9999719279996826
2010-10-26T00:00:00Z,SPY,90.09928894042967,0.0001689604208308,0.017048127728805,0.1065238820406702,0.2022,0.004,transition_uncertainty,0.16824459042467962,6.298836096932778e-06,8.75910672459421e-06,0.9999849420570661
2010-10-27T00:00:00Z,SPY,89.84119415283203,-0.0028645596500578,0.0043265051232257,0.1070837729294369,0.2071,0.004,transition_uncertainty,0.16824537762014186,1.5416770977992086e-06,1.2946312172055202e-05,0.9999855120107858
2010-10-28T00:00:00Z,SPY,89.85641479492188,0.0001694171836579,0.0022857165226437,0.1058457561868379,0.20879999999999999,0.0037,transition_uncertainty,0.1682451039322244,2.189468531917277e-06,1.1061852567847442e-05,0.9999867486772351
2010-10-29T00:00:00Z,SPY,89.92466735839844,0.0007595736334722,0.0011825680533004,0.1055318649429686,0.212,0.0034000000000000002,transition_uncertainty,0.16824501339497067,1.9937324626301594e-06,1.0263767983467524e-05,0.9999877424985238
2010-11-01T00:00:00Z,SPY,89.95503997802734,0.0003377562633382,-0.0014323100937801,0.0999872038349355,0.2183,0.0034000000000000002,transition_uncertainty,0.1682465828986293,3.8053287887173417e-07,2.1965910919924046e-05,0.9999776535574093
2010-11-02T00:00:00Z,SPY,90.66845703125,0.007930818033063,0.006317120784345,0.0782097352919543,0.2157,0.0034000000000000002,transition_uncertainty,0.16824895176633856,1.4518455650295653e-06,4.112188712736083e-05,0.9999574262660401
2010-11-03T00:00:00Z,SPY,91.03270721435548,0.0040173859248529,0.0132624357095756,0.0784889274697132,0.1956,0.0034000000000000002,transition_uncertainty,0.16824746148954023,1.7571552140061226e-05,3.622571989824179e-05,0.9999462027291255
2010-11-04T00:00:00Z,SPY,92.785888671875,0.0192588083027267,0.0326017222436374,0.0989986503676329,0.1852,0.0033000000000000004,transition_uncertainty,0.1682560921879913,7.429447192936663e-08,9.690053539250257e-05,0.9999030251695354
2010-11-05T00:00:00Z,SPY,93.13495635986328,0.0037620773264641,0.0356997595406174,0.0984939112327451,0.1826,0.0038,transition_uncertainty,0.16824599156326323,9.115811280670298e-06,2.101969992144621e-05,0.9999698644890216
2010-11-08T00:00:00Z,SPY,92.9604034423828,-0.0018741933673755,0.0334096173498401,0.0996186296945219,0.1829,0.0040999999999999995,transition_uncertainty,0.1682443740810172,2.0467777572881184e-05,1.3088070847873636e-05,0.9999664441520837
2010-11-09T00:00:00Z,SPY,92.29257202148438,-0.0071840417658295,0.0179126792647921,0.105280380644497,0.1908,0.0046,transition_uncertainty,0.16824489187924024,8.978551271769427e-06,1.228045524222786e-05,0.9999787409946868
2010-11-10T00:00:00Z,SPY,92.6644287109375,0.0040291074493683,0.0179245630116196,0.103362601873527,0.1847,0.0044,transition_uncertainty,0.16824375872291591,2.9063784701134145e-05,1.1892890711750283e-05,0.999959043323736
2010-11-11T00:00:00Z,SPY,92.3153076171875,-0.0037675848068848,-0.0050716877471708,0.1032668821892412,0.1864,0.0044,transition_uncertainty,0.16824177980020483,5.633089260734538e-05,7.88882771319757e-06,0.9999357802802341
2010-11-12T00:00:00Z,SPY,91.22247314453124,-0.0118380634898386,-0.0205345370855428,0.1140511382681,0.2061,0.0051,transition_uncertainty,0.16825200513472793,4.292582243102061e-09,6.460804374084508e-05,0.9999353876621119
2010-11-15T00:00:00Z,SPY,91.09344482421876,-0.001414435674289,-0.0200833747383767,0.1134180375396247,0.20199999999999999,0.0053,transition_uncertainty,0.16824748455483363,3.7599350947354657e-07,2.9081537243165836e-05,0.9999705424680159
2010-11-16T00:00:00Z,SPY,89.67426300048828,-0.0155794066902292,-0.0283696614326295,0.117773910755749,0.2258,0.0051,transition_uncertainty,0.1683272718069027,9.88312708734697e-13,0.0006587515603949933,0.9993412484376217
2010-11-17T00:00:00Z,SPY,89.71977996826172,0.0005075811749151,-0.0317775524399063,0.1127558252732782,0.21760000000000002,0.005,transition_uncertainty,0.16825715114522005,1.4026440965947988e-09,0.00010522875165000488,0.9998947698441819
2010-11-18T00:00:00Z,SPY,91.04033660888672,0.0147186789924378,-0.0138110465231597,0.1238151281617093,0.1875,0.005200000000000001,transition_uncertainty,0.16824668418536226,2.685728351908241e-07,2.2717754660140188e-05,0.9999770136732692
2010-11-19T00:00:00Z,SPY,91.2907485961914,0.0027505608682056,0.0007484499083025,0.1239586710595761,0.1804,0.005200000000000001,transition_uncertainty,0.16824032386593465,7.43541164532058e-05,4.074761901256168e-06,0.9999215711229896
2010-11-22T00:00:00Z,SPY,91.2148895263672,-0.0008309611980482,0.0013331881606057,0.1238199348820653,0.1837,0.0049,transition_uncertainty,0.16824287405255184,3.007906084990249e-05,5.341982204209967e-06,0.9999645789555576
2010-11-23T00:00:00Z,SPY,89.89432525634766,-0.0144775077498482,0.0024540180035621,0.1350980443926431,0.20629999999999998,0.0045000000000000005,transition_uncertainty,0.16824817552519636,6.039966200256536e-09,3.437834665643005e-05,0.999965615612367
2010-11-24T00:00:00Z,SPY,91.22247314453124,0.0147745464955231,0.0167487389826537,0.1443757900111121,0.1956,0.0053,transition_uncertainty,0.16824519221359427,1.492034991682095e-07,1.0889467898847704e-05,0.9999889613272803
2010-11-26T00:00:00Z,SPY,90.16000366210938,-0.0116470146642321,-0.0096697022393413,0.1510337463427822,0.22219999999999998,0.0051,transition_uncertainty,0.16824590390324295,1.5787553036157837e-09,1.644455525571418e-05,0.9999835538662383
2010-11-29T00:00:00Z,SPY,90.43318939208984,0.0030300101917062,-0.0093937142294102,0.1513651329705982,0.21530000000000002,0.005200000000000001,transition_uncertainty,0.16824725174897756,2.9447186277643414e-09,2.7084858866328524e-05,0.9999729121949623
2010-11-30T00:00:00Z,SPY,89.92466735839844,-0.0056231792454716,-0.0141448635707198,0.1528157597949214,0.2354,0.0045000000000000005,transition_uncertainty,0.16826181477756563,1.0224427551307964e-11,0.0001420422639178672,0.9998579577267518
2010-12-01T00:00:00Z,SPY,91.8372039794922,0.0212682090162341,0.0216129184751552,0.1681979365167974,0.2136,0.0053,transition_uncertainty,0.1682691032049794,4.089854293655326e-12,0.0001995761607140961,0.999800423836898
2010-12-02T00:00:00Z,SPY,93.0135269165039,0.012808784305698,0.0196339093891364,0.1732839072368184,0.19390000000000002,0.0055000000000000005,transition_uncertainty,0.1682473289179035,5.552531183355551e-09,2.7695127507051207e-05,0.9999722993214624
2010-12-03T00:00:00Z,SPY,93.26394653320312,0.0026922924546664,0.0344270490796154,0.1599585419994159,0.1801,0.0049,transition_uncertainty,0.16824498712305083,3.0248422815998385e-07,9.33581401073567e-06,0.9999903617018125
2010-12-06T00:00:00Z,SPY,93.16532135009766,-0.0010574845561608,0.0302116067825735,0.1594741777514561,0.1802,0.0042,transition_uncertainty,0.1682443139266718,1.7173218573872212e-06,4.624490347671771e-06,0.9999936581863135
2010-12-07T00:00:00Z,SPY,93.2184600830078,0.0005703703066775,0.0366283559491171,0.1593255294384816,0.17989999999999998,0.0054,transition_uncertainty,0.16824590161391323,7.186388210717856e-08,1.6456428910365252e-05,0.9999834717074795
2010-12-08T00:00:00Z,SPY,93.5599594116211,0.0036634302723859,0.0187587966257509,0.1573348167253027,0.17739999999999997,0.0063,transition_uncertainty,0.1682440166509272,6.288372625036442e-06,4.225350741317295e-06,0.9999894862783272
2010-12-09T00:00:00Z,SPY,93.9242172241211,0.0038933087913968,0.009790944799187,0.1572974711073227,0.17250000000000001,0.0064,transition_uncertainty,0.16824289436662662,2.451624509368329e-05,3.1322697118739804e-06,0.9999723514849969
2010-12-10T00:00:00Z,SPY,94.47062683105467,0.0058175582728547,0.0129383362242982,0.1573769275468386,0.1761,0.0064,transition_uncertainty,0.16824349961570584,1.353795847915611e-05,3.232667718040506e-06,0.999983229374832
2010-12-13T00:00:00Z,SPY,94.5313949584961,0.0006432489068806,0.0146628980462053,0.1496775021292651,0.17550000000000002,0.0061,transition_uncertainty,0.16824278784738583,2.6731332421762357e-05,3.2351682717035656e-06,0.9999700335007998
2010-12-14T00:00:00Z,SPY,94.61485290527344,0.0008828595707699,0.0149797885635762,0.1492481687884238,0.1761,0.006600000000000001,transition_uncertainty,0.16824311630766978,2.1737937868528873e-05,3.7005307508045724e-06,0.9999745615312
2010-12-15T00:00:00Z,SPY,94.18224334716795,-0.0045723218376567,0.0066511779126485,0.1365362096862243,0.1794,0.0068000000000000005,transition_uncertainty,0.16823647949698148,0.00014609730847108172,4.294386245235803e-06,0.9998496083057379
2010-12-16T00:00:00Z,SPY,94.72869873046876,0.0058021062557034,0.0085652191748162,0.1368240693197932,0.1739,0.006600000000000001,transition_uncertainty,0.16793516293655844,0.005728502098367873,4.154142586697137e-06,0.9942673437597999
2010-12-17T00:00:00Z,SPY,94.83016967773438,0.0010711742969713,0.0038058691758515,0.1294546148765969,0.1611,0.0061,transition_uncertainty,0.15821111556479434,0.18588874280236456,2.0255335847504417e-06,0.8141092316635974
2010-12-20T00:00:00Z,SPY,95.05902099609376,0.0024132754284538,0.0055814900206361,0.1294357343805097,0.1641,0.0062,transition_uncertainty,0.14582416969287584,0.41538894572873963,8.779805940735406e-07,0.5846101762912173
2010-12-21T00:00:00Z,SPY,95.66173553466795,0.0063404244253577,0.0110646753363623,0.1298332936137753,0.1649,0.0063,stable_low_volatility,0.13205729057317875,0.6704571143543359,8.573582428281494e-08,0.32954279991007956
2010-12-22T00:00:00Z,SPY,95.9592514038086,0.0031100822860652,0.0188677609864349,0.1133120829940369,0.1545,0.006500000000000001,stable_low_volatility,0.11623161450020124,0.9636719597455448,1.4302499926192946e-08,0.03632802595037764
2010-12-23T00:00:00Z,SPY,95.82195281982422,-0.0014308009074248,0.0115408963071064,0.1059999664637475,0.16469999999999999,0.0067,stable_low_volatility,0.11454113728303039,0.9949927616065642,2.5984425683789395e-09,0.005007235794081992
2010-12-27T00:00:00Z,SPY,95.8600845336914,0.0003979434017473,0.010860624413697,0.0923586770423273,0.17670000000000002,0.0070999999999999995,stable_low_volatility,0.11434059721597825,0.9987083246533616,9.50054403854129e-10,0.0012916743968202416
2010-12-28T00:00:00Z,SPY,95.99742889404295,0.0014327585983224,0.0098718447561938,0.0925408469771816,0.1752,0.0075,stable_low_volatility,0.11429275283984751,0.9995947743178633,2.9989006739595704e-10,0.00040522538296044726
2010-12-29T00:00:00Z,SPY,96.06608581542967,0.0007151954190616,0.0042268758610926,0.0872860817275368,0.1728,0.0064,stable_low_volatility,0.1142798633199348,0.999833588672053,2.426730564744442e-10,0.00016641108571926292
2010-12-30T00:00:00Z,SPY,95.91351318359376,-0.0015882049376829,-0.000476642111581,0.0584948461055822,0.1752,0.006600000000000001,stable_low_volatility,0.11428038033627759,0.9998240153183995,2.722133844701061e-09,0.00017598196115171702
2010-12-31T00:00:00Z,SPY,95.93635559082033,0.0002381562979851,0.0011939098257702,0.0434728109514622,0.1775,0.0061,stable_low_volatility,0.11429201593956183,0.9996085121375315,3.637883370554803e-08,0.00039145148267725566
2011-01-03T00:00:00Z,SPY,96.92816162109376,0.0103381666331334,0.0111420419937868,0.0533575480229226,0.1761,0.0061,stable_low_volatility,0.1143506648536784,0.9985219515295265,6.830324120493181e-08,0.0014779801679336343
2011-01-04T00:00:00Z,SPY,96.8747787475586,-0.0005507467865101,0.0091393057462403,0.0530105088875843,0.17379999999999998,0.0063,stable_low_volatility,0.11430370783923563,0.9993918295016634,1.1915650203146739e-08,0.0006081585814436116
2011-01-05T00:00:00Z,SPY,97.3782958984375,0.0051976082669669,0.0136594519477866,0.053937069036575,0.1702,0.0070999999999999995,stable_low_volatility,0.11429047574803498,0.9996369877219073,1.0483658419941262e-08,0.0003630017927220618
2011-01-06T00:00:00Z,SPY,97.18756103515624,-0.0019586999497319,0.0132832987685871,0.0555624011228447,0.174,0.0068000000000000005,stable_low_volatility,0.11429157404396581,0.9996166406410222,1.1301985694461225e-08,0.000383348058282174
2011-01-07T00:00:00Z,SPY,96.99683380126952,-0.0019624654827764,0.0110539763983976,0.0566618306864518,0.1714,0.006,stable_low_volatility,0.11429698715443144,0.9995163554012956,1.4630523832379038e-08,0.0004836299674371861
2011-01-10T00:00:00Z,SPY,96.8747787475586,-0.0012583405965704,-0.0005507467865101,0.0552600355494789,0.1754,0.0059,stable_low_volatility,0.11429206100347505,0.999607598999093,3.056996530347446e-09,0.0003923979451948679
2011-01-11T00:00:00Z,SPY,97.21807861328124,0.003543748642949,0.003543748642949,0.0557864697108018,0.16890000000000002,0.006,stable_low_volatility,0.11427711816779289,0.9998844515217599,7.598045350591158e-10,0.0001155477179444976
2011-01-12T00:00:00Z,SPY,98.09545135498048,0.0090247899795394,0.0073646334629939,0.0618684341807349,0.1624,0.0061,stable_low_volatility,0.11427593372871166,0.9999063962541866,6.214256331453649e-10,9.360312483430804e-05
2011-01-13T00:00:00Z,SPY,97.93523406982422,-0.0016332794532589,0.0076930939176209,0.0586307103743672,0.16390000000000002,0.0059,stable_low_volatility,0.11427533386884578,0.99991751157807,1.1500965286328434e-09,8.248727145965532e-05
2011-01-14T00:00:00Z,SPY,98.6447296142578,0.0072445382009067,0.0169891711760874,0.0600757304586512,0.15460000000000002,0.0059,stable_low_volatility,0.11427915099243657,0.9998468220987853,1.5395341535391814e-08,0.00015316250566183883
2011-01-18T00:00:00Z,SPY,98.8125457763672,0.0017012177210642,0.0200028021107343,0.0599845491512964,0.1587,0.006,stable_low_volatility,0.11440590482853061,0.9974989930729279,2.885454138528817e-07,0.0025007183815486662
2011-01-19T00:00:00Z,SPY,97.84365844726562,-0.0098053068210017,0.006434809686713,0.0733366924143228,0.1731,0.006,stable_low_volatility,0.11716167576695995,0.9464529813091074,5.558881638950766e-06,0.05354145980785639
2011-01-20T00:00:00Z,SPY,97.7140121459961,-0.0013250352994456,-0.0038884495021491,0.0715946741024392,0.17989999999999998,0.006500000000000001,stable_low_volatility,0.11846694995061456,0.9222643881106817,3.543679810689873e-06,0.0777320682110304
2011-01-21T00:00:00Z,SPY,97.93523406982422,0.0022639733951113,0.0,0.0713373545700812,0.1847,0.0063,stable_low_volatility,0.11868730474000352,0.9181774064994472,1.715297955102427e-06,0.08182087820307826
2011-01-24T00:00:00Z,SPY,98.49213409423828,0.0056864113278884,-0.0015469201508914,0.0725452979836512,0.1765,0.006500000000000001,stable_low_volatility,0.11815968714125141,0.9279512084137832,9.513138433967288e-07,0.07204784027099959
2011-01-25T00:00:00Z,SPY,98.54556274414062,0.0005424661613202,-0.002701914317953,0.0725213199108109,0.1759,0.0062,stable_low_volatility,0.11833123232823509,0.9247748782661199,1.8142154467335816e-06,0.07522330751806666
2011-01-26T00:00:00Z,SPY,98.92700958251952,0.0038707662502195,0.0110722672521264,0.0730553311602885,0.16640000000000002,0.0062,stable_low_volatility,0.11841732002179499,0.9231792563137796,1.5559833887888158e-06,0.07681918770199804
2011-01-27T00:00:00Z,SPY,99.17115020751952,0.0024678864349614,0.014912273373304,0.0730690227407664,0.16149999999999998,0.0059,stable_low_volatility,0.12145573615097176,0.8668927124268432,5.233876746465797e-06,0.1331020536981695
2011-01-28T00:00:00Z,SPY,97.4393539428711,-0.0174627022175762,-0.0050633475445576,0.0996381681369653,0.2004,0.0054,transition_uncertainty,0.16831567546023596,6.113054062311969e-06,0.0005698160005489237,0.9994240709464978
2011-01-31T00:00:00Z,SPY,98.17169952392578,0.007515911707338,-0.0032534026524991,0.1023915290156666,0.19530000000000003,0.0058,transition_uncertainty,0.16824220600460932,6.605335211262152e-05,1.539553909627532e-05,0.999918551107144
2011-02-01T00:00:00Z,SPY,99.74331665039062,0.0160088613529789,0.0121543159620469,0.1106108120350333,0.17629999999999998,0.0061,transition_uncertainty,0.16808202667247416,0.003023517511205006,1.1004188005986942e-05,0.9969654782990424
2011-02-02T00:00:00Z,SPY,99.55260467529295,-0.0019120276074848,0.0063238047466864,0.1110397692451466,0.17300000000000001,0.0067,transition_uncertainty,0.15578780103257894,0.23078679483027664,1.751619465132627e-06,0.7692114535484844
2011-02-03T00:00:00Z,SPY,99.77384185791016,0.0022223143567041,0.006077288093659,0.1101821706006658,0.16690000000000002,0.0070999999999999995,transition_uncertainty,0.14350765847817332,0.45831052932045446,1.610586957362805e-06,0.5416878600928929
2011-02-04T00:00:00Z,SPY,100.0561065673828,0.0028290452108141,0.0268551926775493,0.109660995620982,0.1593,0.0077,stable_low_volatility,0.1346681953090231,0.6220859049456858,1.4149942597258431e-06,0.37791268006076795
2011-02-07T00:00:00Z,SPY,100.68170166015624,0.0062524428966475,0.0255674715666784,0.1101308661009317,0.16280000000000003,0.0078000000000000005,stable_low_volatility,0.12595343547557286,0.7835484688865206,2.2549587996365097e-07,0.2164513056176061
2011-02-08T00:00:00Z,SPY,101.1394271850586,0.004546263296655,0.013997033400859,0.1098718116421612,0.15810000000000002,0.0086,stable_low_volatility,0.11660798936610821,0.9566986747866211,6.309165923398114e-08,0.04330126212098219
2011-02-09T00:00:00Z,SPY,100.91057586669922,-0.0022627310113259,0.0136407399468401,0.1108293145894934,0.1587,0.008100000000000001,stable_low_volatility,0.11530463289824695,0.9808469752227086,4.9542449744085094e-08,0.019152975233104025
2011-02-10T00:00:00Z,SPY,100.94873046875,0.0003781031048835,0.0117755173997711,0.1076608375570135,0.16090000000000002,0.0085,stable_low_volatility,0.11476154885582855,0.9909090720160398,2.5035664896604778e-08,0.009090902950048807
2011-02-11T00:00:00Z,SPY,101.55140686035156,0.0059701235350169,0.0149446180175094,0.1081603033928277,0.1569,0.0085,stable_low_volatility,0.11447996192977192,0.9961262364620913,1.5356884034756583e-08,0.0038737481798719682
2011-02-14T00:00:00Z,SPY,101.7955551147461,0.0024041838704438,0.0110631170930104,0.1063029370423437,0.1595,0.0087,stable_low_volatility,0.11441288088250018,0.9973691033216022,1.63850610217415e-08,0.0026308802917259194
2011-02-15T00:00:00Z,SPY,101.47511291503906,-0.0031478997225942,0.0033190392641462,0.1076131202670828,0.1637,0.0084,stable_low_volatility,0.11475694926907061,0.9909945159528911,1.2034634170246417e-07,0.009005363700380303
2011-02-16T00:00:00Z,SPY,102.11595153808594,0.0063152294650159,0.0119449885310236,0.100379205171204,0.1672,0.0086,stable_low_volatility,0.11575487638902149,0.972505969111231,4.827174624255997e-07,0.02749354817062072
2011-02-17T00:00:00Z,SPY,102.42115020751952,0.0029887462716318,0.0145858172949022,0.0995698180692061,0.1659,0.008,stable_low_volatility,0.11777180703030411,0.9351374615146005,8.178329799078825e-07,0.06486172065215284
2011-02-18T00:00:00Z,SPY,102.6347427368164,0.0020854338079987,0.0106678569008362,0.0995739855932094,0.1643,0.0078000000000000005,stable_low_volatility,0.1271381366917118,0.7616098222749021,5.024783447552832e-06,0.23838515294106172
2011-02-22T00:00:00Z,SPY,100.57491302490234,-0.0200695169782422,-0.0119911138405582,0.1269109921998597,0.20800000000000002,0.0074,transition_uncertainty,0.1683123979812261,9.013617303745384e-08,0.0005413779123059569,0.9994585319507869
2011-02-23T00:00:00Z,SPY,99.95697021484376,-0.006144104841588,-0.0149607392057439,0.129470329069255,0.2213,0.0074,transition_uncertainty,0.1682542144561685,1.3146612093812196e-09,8.204686875850171e-05,0.9999179518173205
2011-02-24T00:00:00Z,SPY,99.88829040527344,-0.0006870937506678,-0.021815016158192,0.1290076603721756,0.2132,0.0073,transition_uncertainty,0.16824973552161793,2.028855687573579e-09,4.6691047245487054e-05,0.9999533069227607
2011-02-25T00:00:00Z,SPY,100.9563446044922,0.0106924865255513,-0.014301788254276,0.1338418303997195,0.19219999999999998,0.0072,transition_uncertainty,0.16824487483576397,6.151908756230498e-07,8.582664208847247e-06,0.9999908021441205
2011-02-28T00:00:00Z,SPY,101.58191680908205,0.0061964625110051,-0.0102579876916933,0.1156067755349664,0.18350000000000002,0.0069,transition_uncertainty,0.16824278871396095,3.3290159261937075e-05,6.036433716189685e-06,0.9999606734074988
2011-03-01T00:00:00Z,SPY,99.88829040527344,-0.0166725186628607,-0.0068269770162157,0.1316086458128863,0.2101,0.006600000000000001,transition_uncertainty,0.16825467834708593,4.1419608630227434e-10,8.570837902399244e-05,0.9999142912081291
2011-03-02T00:00:00Z,SPY,100.1019058227539,0.0021385431326712,0.0014499800023815,0.1192752707566283,0.207,0.0069,transition_uncertainty,0.16824534538101937,6.854187634717133e-07,1.232700790772351e-05,0.9999869875728903
2011-03-03T00:00:00Z,SPY,101.82608032226562,0.0172241925399965,0.0193995703513401,0.1331034568523152,0.18600000000000003,0.0079,transition_uncertainty,0.16824611497896377,2.3741162311636858e-07,1.821123589838578e-05,0.9999815513539152
2011-03-04T00:00:00Z,SPY,101.06315612792967,-0.0074924242583175,0.0010579971358506,0.1364922294782212,0.1906,0.0068000000000000005,transition_uncertainty,0.16824592975919567,2.3724208553021453e-07,1.674906241456185e-05,0.9999830136972607
2011-03-07T00:00:00Z,SPY,100.26973724365234,-0.007850723395903,-0.0129174523049792,0.1394794197752495,0.2066,0.006999999999999999,transition_uncertainty,0.1682466135423517,1.0487744325618223e-08,2.2050152614045164e-05,0.9999779393579544
2011-03-08T00:00:00Z,SPY,101.14706420898438,0.0087496685385757,0.0126018154741036,0.1411903643489183,0.19820000000000002,0.0073,transition_uncertainty,0.1682448310224635,4.479639114145954e-07,8.165560225585991e-06,0.9999913864747106
2011-03-09T00:00:00Z,SPY,101.00214385986328,-0.001432768714094,0.0089932157605809,0.1403637252444001,0.2022,0.006999999999999999,transition_uncertainty,0.16824596562092212,8.267998196485509e-07,1.7283337790036777e-05,0.9999818898616554
2011-03-10T00:00:00Z,SPY,99.13300323486328,-0.0185059500082825,-0.0264478125729589,0.1550916536610778,0.2188,0.006500000000000001,transition_uncertainty,0.16842012545182541,6.82905312390281e-14,0.001391726183736039,0.9986082738178089
2011-03-11T00:00:00Z,SPY,99.81963348388672,0.0069263537532167,-0.0123044113372915,0.1575087323039969,0.20079999999999998,0.0064,transition_uncertainty,0.1684542323599769,1.0531031298343497e-08,0.0016609661787852577,0.9983390232918061
2011-03-14T00:00:00Z,SPY,99.21688842773438,-0.0060383417080933,-0.0105001653027132,0.1566870046090125,0.2113,0.0061,transition_uncertainty,0.1724298811860457,4.749502681338069e-09,0.03304421979528016,0.9669557754536563
2011-03-15T00:00:00Z,SPY,98.08015441894533,-0.01145706166362,-0.0303212931984104,0.1602416303319368,0.2432,0.0063,stress_high_volatility,0.2655108834557395,7.54077050735806e-16,0.7678135743700193,0.2321864256292453
2011-03-16T00:00:00Z,SPY,96.26443481445312,-0.0185126095615267,-0.0469070146865748,0.1710281431003958,0.294,0.0058,stress_high_volatility,0.294708225044351,1.8077017832682244e-29,0.9982936011226932,0.0017063988781245915
2011-03-17T00:00:00Z,SPY,97.53848266601562,0.0132348759333411,-0.0160846591631039,0.1773859600197836,0.2637,0.006,stress_high_volatility,0.2830216458185862,1.7600141661435026e-19,0.9060412608076494,0.09395873919062983
2011-03-18T00:00:00Z,SPY,97.89327239990234,0.0036374333923314,-0.0192984187253636,0.1776557217541515,0.2444,0.0061,transition_uncertainty,0.21054492865757918,6.649158677219522e-15,0.3339194578778512,0.6660805421222105
2011-03-21T00:00:00Z,SPY,99.41040802001952,0.0154978537638374,0.0019504702813384,0.1879388719396385,0.2061,0.0067,transition_uncertainty,0.1706877440743379,1.0825159362292914e-10,0.019292013460878114,0.9807079864316323
2011-03-22T00:00:00Z,SPY,99.06558227539062,-0.0034687086744424,0.0100471686885412,0.1747963673520271,0.2021,0.0068000000000000005,transition_uncertainty,0.16827404444198912,3.3442295097021557e-08,0.00023859589570776596,0.9997613706602853
2011-03-23T00:00:00Z,SPY,99.3490982055664,0.0028619014158484,0.0320436451640617,0.1740266101302238,0.1917,0.0069,transition_uncertainty,0.16824594305277144,1.976367972780475e-08,1.676134541051007e-05,0.9999832188903529
2011-03-24T00:00:00Z,SPY,100.29920959472656,0.009563361986379,0.0283039765767529,0.1774655304246969,0.18,0.0072,transition_uncertainty,0.16824573077012206,4.239717676548209e-08,1.5095258293245662e-05,0.999984862342878
2011-03-25T00:00:00Z,SPY,100.60567474365234,0.0030555091128245,0.0277077502595848,0.1735520121359377,0.1791,0.0079,transition_uncertainty,0.16824498602803764,2.1921309012340664e-07,9.29169178804988e-06,0.9999904890953346
2011-03-28T00:00:00Z,SPY,100.36050415039062,-0.0024369459663823,0.0095573104395645,0.1720585085013076,0.19440000000000002,0.008100000000000001,transition_uncertainty,0.16824439365141086,2.7943910721774677e-07,4.641206713074071e-06,0.9999950793547315
2011-03-29T00:00:00Z,SPY,101.03478240966795,0.0067185618982834,0.0198777424918696,0.1626661283667354,0.1816,0.008100000000000001,transition_uncertainty,0.1682443615968242,1.5588255104036737e-06,4.9332616127769155e-06,0.9999935079132872
2011-03-30T00:00:00Z,SPY,101.7320556640625,0.0069013189098312,0.02398569792315,0.1641354152946845,0.1771,0.008,transition_uncertainty,0.16824450629633106,1.3806736015160072e-06,5.999598106037273e-06,0.99999261972875
2011-03-31T00:00:00Z,SPY,101.59417724609376,-0.0013553094653276,0.0129110454269749,0.1525330497284614,0.17739999999999997,0.008,transition_uncertainty,0.16824337306392317,1.60844075774164e-05,3.318614646034368e-06,0.9999805969773418
2011-04-01T00:00:00Z,SPY,102.02324676513672,0.0042233672310139,0.0140903783518813,0.1506516104375511,0.174,0.008,transition_uncertainty,0.1682433395633242,1.853680014544592e-05,4.099021368410956e-06,0.9999773641772557
2011-04-04T00:00:00Z,SPY,102.10752868652344,0.0008261050697664,0.0174074906351096,0.1473823332934208,0.17500000000000002,0.0077,transition_uncertainty,0.16824071606440352,6.310247117171511e-05,2.3769019286024732e-06,0.9999345206280917
2011-04-05T00:00:00Z,SPY,102.09219360351562,-0.0001501856249492,0.0104658135409263,0.144487635605637,0.17250000000000001,0.0084,transition_uncertainty,0.16823808238971902,0.00011243521199613669,2.6054982721596936e-06,0.999884959288672
2011-04-06T00:00:00Z,SPY,102.41403198242188,0.0031524288738091,0.0067036521960333,0.1446041899226275,0.16899999999999998,0.0085,transition_uncertainty,0.16823440088700384,0.0001806960162435405,2.627076756994455e-06,0.999816676905628
2011-04-07T00:00:00Z,SPY,102.1534652709961,-0.0025442481501998,0.0055051188962096,0.1260916545168664,0.1711,0.008100000000000001,transition_uncertainty,0.16823386161199427,0.00019507583980253427,4.496708425721784e-06,0.9998004274523272
2011-04-08T00:00:00Z,SPY,101.80106353759766,-0.0034497286260781,-0.0021777706021308,0.1255657751490189,0.17870000000000003,0.0083,transition_uncertainty,0.1682363098108255,0.0001485459718845107,3.998173326633952e-06,0.9998474558542175
2011-04-11T00:00:00Z,SPY,101.49451446533205,-0.0030112560872451,-0.0060036143179353,0.1237556269290134,0.1659,0.0085,transition_uncertainty,0.16818611147397286,0.0010772902215732381,3.435496286660577e-06,0.9989192742834668
2011-04-12T00:00:00Z,SPY,100.73596954345705,-0.007473752900548,-0.0132843071755869,0.1190334183146257,0.1709,0.0077,transition_uncertainty,0.16815366446819222,0.0016891225206904711,7.977488871101956e-06,0.9983028999886955
2011-04-13T00:00:00Z,SPY,100.72830963134766,-7.603949358003792e-05,-0.0164598768200392,0.0929987971633095,0.16920000000000002,0.0075,transition_uncertainty,0.16623188187211171,0.03730032815603648,1.0020742769377446e-05,0.9626896510995571
2011-04-14T00:00:00Z,SPY,100.80490112304688,0.000760377017936,-0.013201354886706,0.0837054499746538,0.1627,0.0077,transition_uncertainty,0.15871564338974162,0.17656267666745382,1.1282076010927873e-05,0.8234260412582511
2011-04-15T00:00:00Z,SPY,101.17269897460938,0.0036486108062696,-0.0061724754256247,0.0837089599833839,0.1532,0.0070999999999999995,transition_uncertainty,0.15306490814565898,0.2812601449943371,1.2030798289591196e-05,0.71872782420893
2011-04-18T00:00:00Z,SPY,100.0387191772461,-0.0112083576780714,-0.0143435859145195,0.0790511040190554,0.1696,0.0069,transition_uncertainty,0.15278315047100857,0.2864634610952092,4.773086639631121e-06,0.7135317658195501
2011-04-19T00:00:00Z,SPY,100.6133270263672,0.0057438545179993,-0.0012174649993013,0.0799434989919024,0.1583,0.0068000000000000005,stable_low_volatility,0.11860598846411291,0.9196808456827816,3.635198862216102e-07,0.08031879079641202
2011-04-20T00:00:00Z,SPY,101.98492431640624,0.0136323619402787,0.0124752881256287,0.0917549687629321,0.1507,0.0069,stable_low_volatility,0.11597497622210197,0.9684269522955035,3.5186380355868145e-08,0.03157301251727703
2011-04-21T00:00:00Z,SPY,102.50595092773438,0.0051088591261945,0.0168746736094818,0.0877637563100145,0.1469,0.0068000000000000005,stable_low_volatility,0.11435657039340776,0.9984123800280367,2.341580335604762e-09,0.0015876176299080584
2011-04-25T00:00:00Z,SPY,102.39871978759766,-0.0010460967306407,0.0121180993036071,0.0877536075213941,0.1577,0.0067,stable_low_volatility,0.11428578529270651,0.9997238721959637,2.234119534813677e-09,0.0002761255691774881
2011-04-26T00:00:00Z,SPY,103.27984619140624,0.008604857615762,0.0323987256216027,0.090868743523631,0.1562,0.006500000000000001,stable_low_volatility,0.11449080507914973,0.9959257506042822,1.9169243952039174e-07,0.004074057702567786
2011-04-27T00:00:00Z,SPY,103.95411682128906,0.0065285789507587,0.0332042473264637,0.0907261354976906,0.1535,0.006500000000000001,stable_low_volatility,0.11444937512187262,0.9966929388443382,1.3659666957584882e-08,0.0033070474967906677
2011-04-28T00:00:00Z,SPY,104.2912826538086,0.0032434101008156,0.0226146987200472,0.0887223236159115,0.1462,0.0062,stable_low_volatility,0.11429266346513364,0.9995964407547604,4.784589538369388e-09,0.00040355445933797004
2011-04-29T00:00:00Z,SPY,104.53643798828124,0.0023506790618967,0.0198084798216091,0.0882565031276605,0.1475,0.0061,stable_low_volatility,0.1143339688343402,0.9988312361610887,4.447698284718419e-08,0.0011687193602600517
2011-05-02T00:00:00Z,SPY,104.37555694580078,-0.0015389948765855,0.0193052917292677,0.0882101898073129,0.15990000000000001,0.0061,stable_low_volatility,0.11584136154949587,0.9709049662549882,1.0694713327660787e-06,0.029093964274991165
2011-05-03T00:00:00Z,SPY,104.00009155273438,-0.0035972540320083,0.0069737261226485,0.0898061675980667,0.167,0.0061,stable_low_volatility,0.12639225051324587,0.7754337242576257,6.843868636579501e-06,0.2245594318733372
2011-05-04T00:00:00Z,SPY,103.31051635742188,-0.0066305248872097,-0.0061911974585251,0.0937133175928259,0.17079999999999998,0.006,transition_uncertainty,0.16053553762535305,0.14291650585594076,4.215898505825219e-05,0.8570413351578796
2011-05-05T00:00:00Z,SPY,102.37567901611328,-0.0090488110433438,-0.0183678212497787,0.0991964483358622,0.182,0.0058,transition_uncertainty,0.1682354878773827,0.00026891094075589563,4.8792080177226095e-05,0.9996822969783117
2011-05-06T00:00:00Z,SPY,102.8277816772461,0.0044161139196121,-0.0163450787487775,0.0999138090057052,0.184,0.005699999999999999,transition_uncertainty,0.16824349120788468,5.060260397755595e-05,1.8957892187584443e-05,0.9999304395025378
2011-05-09T00:00:00Z,SPY,103.22622680664062,0.0038748781982398,-0.0110114874860688,0.0996157096791884,0.1716,0.005699999999999999,transition_uncertainty,0.16799866508294836,0.004554364739337781,5.184312570454294e-06,0.9954404509463108
2011-05-10T00:00:00Z,SPY,104.10738372802734,0.0085361729150215,0.0010316546234823,0.102277221425089,0.1591,0.0059,transition_uncertainty,0.16778444299953446,0.008523992412707545,5.424204398232802e-06,0.9914705833812439
2011-05-11T00:00:00Z,SPY,103.01168060302734,-0.010524739800036,-0.0028925976263699,0.1062849705599386,0.16949999999999998,0.005600000000000001,transition_uncertainty,0.168175076610171,0.0013073038803804076,1.4326269236574837e-05,0.998678369852158
2011-05-12T00:00:00Z,SPY,103.50201416015624,0.0047599801717486,0.0110019797169373,0.1069444395531716,0.16030000000000003,0.005699999999999999,transition_uncertainty,0.1680922898793976,0.00282389894457607,6.972045194595674e-06,0.9971691290103863
2011-05-13T00:00:00Z,SPY,102.70518493652344,-0.0076986832584708,-0.001192253092724,0.1117125473481538,0.17070000000000002,0.005699999999999999,transition_uncertainty,0.1682118367649096,0.0006085823319061072,6.8120885389635145e-06,0.9993846055800898
2011-05-16T00:00:00Z,SPY,102.05382537841795,-0.0063420318897048,-0.0113575925856396,0.1141142717384366,0.18239999999999998,0.0054,transition_uncertainty,0.16824197881763356,4.949396827056856e-05,6.546936523458373e-06,0.9999439590961794
2011-05-17T00:00:00Z,SPY,102.0385284423828,-0.0001498908637519,-0.0198723204018771,0.1054862141744089,0.17550000000000002,0.0055000000000000005,transition_uncertainty,0.1682279528374876,0.000324079525130744,1.2816322878498327e-05,0.9996631041527956
2011-05-18T00:00:00Z,SPY,102.95038604736328,0.0089364048943076,-0.0005950252952408,0.1079453686027656,0.1623,0.0058,transition_uncertainty,0.16737524899722878,0.016106109911498183,5.7017853959594925e-06,0.9838881883035971
2011-05-19T00:00:00Z,SPY,103.1955795288086,0.0023816664595361,-0.0029606634598771,0.0977390075836865,0.1552,0.0055000000000000005,transition_uncertainty,0.16678536115204207,0.0270352286578462,5.613502759512412e-06,0.9729591578407029
2011-05-20T00:00:00Z,SPY,102.37567901611328,-0.007945112730981,-0.0032082695787345,0.1007160182897615,0.1743,0.0055000000000000005,transition_uncertainty,0.16810634193158036,0.0025760228956953767,1.2288197872955615e-05,0.9974116889066218
2011-05-23T00:00:00Z,SPY,101.18802642822266,-0.0116009251348037,-0.0084837481298217,0.1088225757749272,0.1827,0.0055000000000000005,transition_uncertainty,0.1682438987710088,3.1359212803054626e-05,1.397639210914017e-05,0.9999546643939144
2011-05-24T00:00:00Z,SPY,101.103759765625,-0.0008327730619138,-0.0091609384320515,0.1033004248996807,0.1782,0.005600000000000001,transition_uncertainty,0.16821648111185522,0.0005210019460352322,6.15986812490472e-06,0.9994728381849406
2011-05-25T00:00:00Z,SPY,101.44090270996094,0.0033346232139881,-0.0146622406710343,0.1007961608029472,0.17070000000000002,0.0054,transition_uncertainty,0.16813228232905864,0.0020855847581808156,8.104523023522962e-06,0.9979063107191174
2011-05-26T00:00:00Z,SPY,101.90829467773438,0.0046075296580294,-0.0124742247386173,0.1017052087725631,0.16090000000000002,0.0048,transition_uncertainty,0.16780393769351828,0.00817221800601179,9.437411208575508e-06,0.9918183445810385
2011-05-27T00:00:00Z,SPY,102.299072265625,0.0038346004034939,-0.0007482905239263,0.1025134759608712,0.1598,0.0048,transition_uncertainty,0.16737298292255093,0.01614562138568901,4.647761412867222e-06,0.9838497308538493
2011-05-31T00:00:00Z,SPY,103.3641357421875,0.0104112720963589,0.0215056009172038,0.1102175503540031,0.1545,0.0045000000000000005,transition_uncertainty,0.16791333253724836,0.006155133979820317,1.359660998129254e-05,0.9938312694116663
2011-06-01T00:00:00Z,SPY,101.04244232177734,-0.0224613054009464,-0.0006064803523607,0.1353934680143603,0.18300000000000002,0.0044,transition_uncertainty,0.16825614627744223,1.6043632999776506e-08,9.730268951860573e-05,0.9999026812684312
2011-06-02T00:00:00Z,SPY,100.9352035522461,-0.0010613240047161,-0.0049851602677544,0.1339871720539586,0.1809,0.0045000000000000005,transition_uncertainty,0.1682442639552254,8.729827791527755e-06,7.217736249120584e-06,0.9999840524358824
2011-06-03T00:00:00Z,SPY,99.9314422607422,-0.0099446105637894,-0.0193983465550434,0.134733206720534,0.1795,0.0042,transition_uncertainty,0.16824682091670126,1.4485865573576385e-07,2.3744386001810913e-05,0.9999761107553681
2011-06-06T00:00:00Z,SPY,98.8740463256836,-0.0105812135914102,-0.033480518093538,0.1369821310863539,0.18489999999999998,0.0043,transition_uncertainty,0.16824887413414805,4.8297105839898874e-09,3.9892557617445576e-05,0.9999601026130452
2011-06-07T00:00:00Z,SPY,98.81272888183594,-0.0006201571203597,-0.04403274721615,0.1353665480884547,0.1807,0.0039000000000000003,transition_uncertainty,0.1682491475522294,2.9760838949044706e-09,4.205009463721921e-05,0.9999579469297248
2011-06-08T00:00:00Z,SPY,98.3989715576172,-0.0041872876996802,-0.026161984047672,0.1294475955556807,0.18789999999999998,0.0039000000000000003,transition_uncertainty,0.16824612922603452,1.1704640399472629e-07,1.827241897093396e-05,0.9999816105354644
2011-06-09T00:00:00Z,SPY,99.1498565673828,0.0076310249779993,-0.0176880505713663,0.1310690992963078,0.1777,0.0043,transition_uncertainty,0.16824462928927683,4.394990569705783e-06,8.254755889960104e-06,0.9999873502528959
2011-06-10T00:00:00Z,SPY,97.77066040039062,-0.0139102184787819,-0.0216226425984489,0.1352725714950787,0.1886,0.0040999999999999995,transition_uncertainty,0.16824965931172792,5.590846282746815e-09,4.6090974715980266e-05,0.9999539034326594
2011-06-13T00:00:00Z,SPY,97.84728240966795,0.0007836912317413,-0.0103845645462262,0.1345722147524478,0.1961,0.004,transition_uncertainty,0.16824505144302068,4.6494235643619317e-07,9.912765953908451e-06,0.9999896222900201
2011-06-14T00:00:00Z,SPY,99.08858489990234,0.0126861212663758,0.0027917052912918,0.1437394117454403,0.1826,0.0045000000000000005,transition_uncertainty,0.16824494306873852,1.9066844952061541e-06,9.671533886556749e-06,0.9999884217811069
2011-06-15T00:00:00Z,SPY,97.32625579833984,-0.0177853897433571,-0.0109016968602076,0.1550032917115785,0.2132,0.0038,transition_uncertainty,0.1682727317965562,4.9514802371905375e-12,0.00022821979597075742,0.9997717801979815
2011-06-16T00:00:00Z,SPY,97.5407943725586,0.0022043237198323,-0.0162285882252456,0.1503029229351612,0.2273,0.0038,transition_uncertainty,0.16826037985203568,2.6139477500372227e-11,0.0001307151575732611,0.9998692848150305
2011-06-17T00:00:00Z,SPY,97.8318862915039,0.002984309496532,0.0006262194697523,0.1505870976948191,0.21850000000000003,0.0038,transition_uncertainty,0.16824726255943412,3.223224283433267e-09,2.7170314103221523e-05,0.9999728264610419
2011-06-20T00:00:00Z,SPY,98.33238983154295,0.0051159551247712,0.0049578016877764,0.1516258757138944,0.1999,0.0038,transition_uncertainty,0.16824460434063537,3.4463005483474834e-07,6.332134660466816e-06,0.9999933232361471
2011-06-21T00:00:00Z,SPY,99.67994689941406,0.0137041016716836,0.0059680133701485,0.156744740743342,0.1886,0.004,transition_uncertainty,0.1682454753919324,9.26383395298238e-08,1.310074147714969e-05,0.9999868066185574
2011-06-22T00:00:00Z,SPY,99.07933807373048,-0.0060253726488203,0.0180124290306924,0.1578682066913565,0.1852,0.0039000000000000003,transition_uncertainty,0.16824481327732152,5.100550124262144e-07,8.051935104229761e-06,0.9999914380098758
2011-06-23T00:00:00Z,SPY,98.79437255859376,-0.0028761346278338,0.0128518349076294,0.1571409087413864,0.1929,0.0034999999999999996,transition_uncertainty,0.16824685927113653,2.154337758911163e-08,2.3994612352803387e-05,0.9999759838438794
2011-06-24T00:00:00Z,SPY,97.64707946777344,-0.0116129396959312,-0.0018890244350375,0.1596126775849604,0.21100000000000002,0.0034999999999999996,transition_uncertainty,0.16824864407042903,6.076236993138012e-10,3.807466444476682e-05,0.9999619247291918
2011-06-27T00:00:00Z,SPY,98.51717376708984,0.0089106023862552,0.0018791766971537,0.1630784256380769,0.2056,0.0040999999999999995,transition_uncertainty,0.1682453833132899,1.7220184872954227e-08,1.2341752451183661e-05,0.99998764102563
2011-06-28T00:00:00Z,SPY,99.80313873291016,0.013053206021323,0.0012358737873365,0.1659168393969484,0.1917,0.0048,transition_uncertainty,0.16824536015797478,4.301433400593403e-08,1.2169955034817283e-05,0.9999877870304775
2011-06-29T00:00:00Z,SPY,100.65785217285156,0.0085639935857002,0.0159318191846056,0.1498447900654204,0.1727,0.0047,transition_uncertainty,0.16824522269298467,1.7971140107301584e-06,1.1832169830520643e-05,0.999986370714507
2011-06-30T00:00:00Z,SPY,101.62039184570312,0.0095624896823613,0.0286050633646495,0.1536850626682541,0.16519999999999999,0.0045000000000000005,transition_uncertainty,0.16824650860505372,9.300121325671404e-07,2.161355514935503e-05,0.9999774564343141
2011-07-01T00:00:00Z,SPY,103.1219482421875,0.014776132715216,0.056067921378242,0.156598846094243,0.1587,0.005,transition_uncertainty,0.1682674046727988,4.756521043626755e-10,0.00018616837321998393,0.9998138311496081
2011-07-05T00:00:00Z,SPY,103.03723907470705,-0.0008214465390192,0.0458809884082072,0.1501940998373112,0.1606,0.0044,transition_uncertainty,0.16824724067054267,4.1516175399123705e-07,2.7173033118907362e-05,0.9999724118046575
2011-07-06T00:00:00Z,SPY,103.1604461669922,0.0011957530441573,0.0336392970873065,0.1499020136559301,0.1634,0.0043,transition_uncertainty,0.1682443264558077,8.937915146725516e-06,7.79976267646676e-06,0.999983262323454
2011-07-07T00:00:00Z,SPY,104.23078155517578,0.0103754435731207,0.035495784036686,0.150603081828584,0.1595,0.0049,transition_uncertainty,0.16824587594365575,1.6399559253758637e-06,1.6921884576585218e-05,0.9999814381602994
2011-07-08T00:00:00Z,SPY,103.49156951904295,-0.0070920703567928,0.0184134073816697,0.1535155768638497,0.1595,0.004,transition_uncertainty,0.1682446509061873,1.0268794290400715e-05,1.0927962420407855e-05,0.9999788032428206
2011-07-11T00:00:00Z,SPY,101.62039184570312,-0.0180804840629607,-0.0145609777751472,0.1600281654807389,0.1839,0.0037,transition_uncertainty,0.16825047953880656,1.291167479663581e-09,5.2563905955892334e-05,0.999947434803365
2011-07-12T00:00:00Z,SPY,101.18148803710938,-0.0043190525112338,-0.0180104887734049,0.1615359648914647,0.19870000000000002,0.0037,transition_uncertainty,0.16824656262280105,4.616263281459053e-09,2.1645694244675173e-05,0.9999783496911677
2011-07-13T00:00:00Z,SPY,101.520263671875,0.0033481977912932,-0.015899335026742,0.1564898468752564,0.1991,0.0037,transition_uncertainty,0.16824579181248087,1.8129987592400933e-08,1.556677717860305e-05,0.999984415092996
2011-07-14T00:00:00Z,SPY,100.81956481933594,-0.0069020590293559,-0.0327275367692995,0.1428956902309952,0.20800000000000002,0.0038,transition_uncertainty,0.16825253604587304,9.703466130453263e-11,6.879719585197209e-05,0.999931202708604
2011-07-15T00:00:00Z,SPY,101.40480041503906,0.0058047820058719,-0.0201636627379578,0.1436069258862579,0.19530000000000003,0.0037,transition_uncertainty,0.16824618105706163,3.1052641014700556e-08,1.8644927749925765e-05,0.9999813240208395
2011-07-18T00:00:00Z,SPY,100.57313537597656,-0.0082014365755721,-0.0103055740162533,0.1479836052749596,0.2095,0.0037,transition_uncertainty,0.1682464535211334,5.6169847262434754e-09,2.0784886308074556e-05,0.999979209498299
2011-07-19T00:00:00Z,SPY,102.20562744140624,0.0162318899507991,0.0101218061145855,0.1565536364072084,0.19210000000000002,0.0039000000000000003,transition_uncertainty,0.16824578429141102,3.609037249379381e-08,1.551505984108859e-05,0.9999844488492757
2011-07-20T00:00:00Z,SPY,102.1440200805664,-0.0006027785590883,0.006144156704591,0.1505027008330812,0.19090000000000001,0.004,transition_uncertainty,0.16824414724039635,3.032374062799689e-06,3.868974546478712e-06,0.9999930986506881
2011-07-21T00:00:00Z,SPY,103.56085205078124,0.0138709242998005,0.0271900323747436,0.1542113868097476,0.17559999999999998,0.004,transition_uncertainty,0.16824725991718958,6.088103185198904e-08,2.7174018808205215e-05,0.9999727651009226
2011-07-22T00:00:00Z,SPY,103.63013458251952,0.0006690031065437,0.0219450574171282,0.1531680832244485,0.1752,0.004,transition_uncertainty,0.16824363115544536,1.2696369987203032e-05,3.912464919780877e-06,0.9999833911639632
2011-07-25T00:00:00Z,SPY,103.05268096923828,-0.0055722557498121,0.0246541542529457,0.1471533691275737,0.1935,0.0042,transition_uncertainty,0.16824640693387807,5.389065458839502e-07,2.0644346233919493e-05,0.9999788167467119
2011-07-26T00:00:00Z,SPY,102.66763305664062,-0.0037364181986938,0.0045203539844147,0.1469426565019064,0.2023,0.0040999999999999995,transition_uncertainty,0.1684326257072355,9.517524135051618e-07,0.0014908070797736903,0.9985082411677165
2011-07-27T00:00:00Z,SPY,100.56543731689452,-0.0204757397941212,-0.0154544804720507,0.1616447188866961,0.2298,0.0044,transition_uncertainty,0.1932269503033159,3.9980104751209146e-14,0.19721358339688094,0.8027864166021834
2011-07-28T00:00:00Z,SPY,100.27285766601562,-0.0029093459809352,-0.0317493948693407,0.1590779100908044,0.2374,0.0042,transition_uncertainty,0.21629836257737833,4.753017057495652e-13,0.37933631885132546,0.6206636811494985
2011-07-29T00:00:00Z,SPY,99.58750915527344,-0.0068348357341616,-0.039010133910682,0.156420177095897,0.2525,0.0036,stress_high_volatility,0.27630865769460267,3.364973330660007e-17,0.8530498034260582,0.14695019657296154
2011-08-01T00:00:00Z,SPY,99.16404724121094,-0.0042521589068188,-0.0377344256496162,0.1452913250681392,0.2366,0.0038,stress_high_volatility,0.2866633752392141,4.725915367795471e-15,0.9347886004139934,0.06521139958556102
2011-08-02T00:00:00Z,SPY,96.63063049316406,-0.025547734471592,-0.0588014195296195,0.1681269241491654,0.2479,0.0033000000000000004,stress_high_volatility,0.29490889120935954,7.741409056786919e-28,0.999877633796526,0.00012236620466614232
2011-08-03T00:00:00Z,SPY,97.1542510986328,0.00541878494217,-0.0339200654745092,0.1702401129879922,0.2338,0.0033000000000000004,stress_high_volatility,0.2948615533063811,9.82630920425378e-19,0.9995039545340422,0.0004960454652502639
2011-08-04T00:00:00Z,SPY,92.60340118408205,-0.0468414903423081,-0.0764858672670791,0.2262789748035552,0.3166,0.0027,stress_high_volatility,0.2949243926297899,4.4955973669276413e-66,1.0,5.258279049211601e-16
2011-08-05T00:00:00Z,SPY,92.46479034423828,-0.0014968223420672,-0.0715222106813582,0.2267613115438418,0.32,0.0028000000000000004,stress_high_volatility,0.29492439262869696,3.530817416875687e-60,0.999999999992724,6.258701007428193e-12
2011-08-08T00:00:00Z,SPY,86.44316864013672,-0.0651234019098901,-0.1282811558722628,0.3133946461667446,0.48,0.0027,stress_high_volatility,0.2949243926297898,2.7089777310515955e-176,1.0,5.1835446766621e-47
2011-08-09T00:00:00Z,SPY,90.46269989013672,0.0464991197480662,-0.0638299737003545,0.3666091918749344,0.3506,0.0019,stress_high_volatility,0.2949243926297898,1.6094891091453972e-133,1.0,5.941807741548417e-25
2011-08-10T00:00:00Z,SPY,86.46630096435547,-0.0441773120925499,-0.1100101129226629,0.3905921690017765,0.4299,0.0019,stress_high_volatility,0.2949243926297898,4.762273634215895e-157,1.0,1.3424324958196912e-38
2011-08-11T00:00:00Z,SPY,90.34720611572266,0.0448834413879579,-0.0243640626533185,0.4319728500343499,0.39,0.0019,stress_high_volatility,0.2949243926297898,5.54749769651471e-140,1.0,1.05079091272712e-31
2011-08-12T00:00:00Z,SPY,90.95552825927734,0.0067331594379964,-0.016322559964091,0.4323044279734008,0.3636,0.002,stress_high_volatility,0.2949243926297898,2.6547418411140605e-108,1.0,9.661160839590358e-25
2011-08-15T00:00:00Z,SPY,92.880615234375,0.0211651453401493,0.0744702756216328,0.4420970274642176,0.31870000000000004,0.0019,stress_high_volatility,0.2949243926297898,9.233395710693837e-103,1.0,3.278077253304094e-24
2011-08-16T00:00:00Z,SPY,92.08748626708984,-0.0085392303365322,0.0179608432970312,0.4358651568739692,0.3285,0.002,stress_high_volatility,0.2949243926297898,2.884009142599453e-92,1.0,5.258938191702702e-22
2011-08-17T00:00:00Z,SPY,92.14906311035156,0.000668677642944,0.0657222765703684,0.4360668067639227,0.31579999999999997,0.0019,stress_high_volatility,0.2949243926297898,2.263755457616933e-92,1.0,3.9783928208915065e-22
2011-08-18T00:00:00Z,SPY,88.17573547363281,-0.0431184811066451,-0.0240347293009645,0.4508686456550503,0.4267,0.002,stress_high_volatility,0.2949243926297898,9.046784283668884e-141,1.0,7.131835489893362e-38
2011-08-19T00:00:00Z,SPY,86.73577880859375,-0.0163305319462818,-0.0463935456309461,0.4505805247062832,0.4305,0.002,stress_high_volatility,0.2949243926297898,1.1165469330898435e-147,1.0,1.3252157592849362e-35
2011-08-22T00:00:00Z,SPY,86.80509948730469,0.0007992166515724,-0.0654120962887611,0.4517716002406584,0.4244,0.0022,stress_high_volatility,0.2949243926297898,2.6190170220458075e-144,1.0,7.148071453435187e-35
2011-08-23T00:00:00Z,SPY,89.66189575195312,0.0329104658772523,-0.0263400665330526,0.4745241648165325,0.3627,0.0022,stress_high_volatility,0.2949243926297898,4.883672938405083e-131,1.0,5.696592526998563e-31
2011-08-24T00:00:00Z,SPY,90.92473602294922,0.0140844698899709,-0.0132863758575186,0.4769936260935364,0.359,0.0023,stress_high_volatility,0.2949243926297898,6.015878045627443e-118,1.0,1.0934507797295043e-28
2011-08-25T00:00:00Z,SPY,89.5386734008789,-0.0152440653962467,0.0154570633284216,0.4783027648103999,0.3976,0.0022,stress_high_volatility,0.2949243926297898,3.70622699808678e-128,1.0,5.013799558168752e-33
2011-08-26T00:00:00Z,SPY,90.8400421142578,0.0145341522713036,0.0473191497446658,0.4835364817978337,0.35590000000000005,0.002,stress_high_volatility,0.2949243926297898,3.2900158878753173e-124,1.0,6.882642178242304e-30
2011-08-29T00:00:00Z,SPY,93.45038604736328,0.0287356090150443,0.0765541033799572,0.4974752624438432,0.32280000000000003,0.002,stress_high_volatility,0.2949243926297898,2.6710512663000127e-126,1.0,9.12673325210274e-31
2011-08-30T00:00:00Z,SPY,93.69684600830078,0.0026373348614374,0.0450018396611893,0.4903015807998732,0.3289,0.002,stress_high_volatility,0.2949243926297898,1.4261025778084804e-114,1.0,1.0414948603472542e-27
2011-08-31T00:00:00Z,SPY,94.11265563964844,0.0044378188707741,0.0350610819028893,0.4901303860492474,0.31620000000000004,0.002,stress_high_volatility,0.2949243926297898,4.888205464979656e-108,1.0,1.0765567125833878e-26
2011-09-01T00:00:00Z,SPY,93.12702178955078,-0.010472915076072,0.0400759610610519,0.4602417285611007,0.3182,0.0019,stress_high_volatility,0.2949243926297898,2.1757230070308485e-100,1.0,5.976073949630258e-24
2011-09-02T00:00:00Z,SPY,90.74763488769533,-0.0255499086745458,-0.0010172521325592,0.4695374556897095,0.3392,0.002,stress_high_volatility,0.2949243926297898,1.4754292728936408e-107,1.0,3.534391665440412e-27
2011-09-06T00:00:00Z,SPY,90.08541107177734,-0.0072974223156063,-0.0360081441919402,0.4001686404800339,0.37,0.0021,stress_high_volatility,0.2949243926297898,1.1586437874193887e-100,1.0,4.294368543154982e-23
2011-09-07T00:00:00Z,SPY,92.62646484375,0.0282071618671753,-0.0114238761511348,0.379154747226533,0.33380000000000004,0.0021,stress_high_volatility,0.2949243926297898,4.450321268374838e-84,1.0,9.808772494399606e-19
2011-09-08T00:00:00Z,SPY,91.66394805908205,-0.010391379896573,-0.0260188979252945,0.3409393883819674,0.3432,0.0019,stress_high_volatility,0.29492439262978987,6.432825914212089e-72,1.0,3.986263098967084e-16
2011-09-09T00:00:00Z,SPY,89.26144409179688,-0.0262099115099931,-0.0415086579971317,0.3196737541122076,0.38520000000000004,0.0017000000000000001,stress_high_volatility,0.2949243926297898,7.694322435934284e-86,1.0,6.4869691949596374e-21
2011-09-12T00:00:00Z,SPY,89.8389892578125,0.006470264646645,-0.0100128849749892,0.3195958231365445,0.3859,0.0021,stress_high_volatility,0.2949243926297898,1.9984690848093276e-80,1.0,1.530598887986506e-18
2011-09-13T00:00:00Z,SPY,90.66291809082033,0.0091711721137397,0.0064106608625322,0.3116772960840472,0.3691,0.0021,stress_high_volatility,0.29492439262978987,2.807392290982742e-71,1.0,2.798020514466599e-16
2011-09-14T00:00:00Z,SPY,91.9180679321289,0.01384413680631,-0.0076478888924031,0.3147373527475161,0.34600000000000003,0.0019,stress_high_volatility,0.29492439262979137,5.465547715469204e-65,1.0,9.304017745997916e-15
2011-09-15T00:00:00Z,SPY,93.50431823730467,0.0172572198356806,0.0200773610256941,0.3206203090088872,0.3197,0.0021,stress_high_volatility,0.2949243926298407,6.242592047465879e-59,1.0,3.0254882883315353e-13
2011-09-16T00:00:00Z,SPY,94.0577392578125,0.0059186680459322,0.0537331119254926,0.273622414657715,0.3098,0.0018,stress_high_volatility,0.29492439260803927,6.044847936147966e-50,0.999999999829015,1.7044950897534866e-10
2011-09-19T00:00:00Z,SPY,93.12116241455078,-0.0099574670904492,0.036533950168555,0.2683672416986357,0.3273,0.0016,stress_high_volatility,0.29492439262305375,3.67174800086201e-48,0.9999999999490683,4.9243607361944785e-11
2011-09-20T00:00:00Z,SPY,93.01282501220705,-0.0011634025986645,0.02591916266177,0.2687245249219097,0.3286,0.0018,stress_high_volatility,0.2949243926139429,7.628973161393157e-47,0.9999999998726707,1.2901264090618096e-10
2011-09-21T00:00:00Z,SPY,90.2728271484375,-0.0294582802254412,-0.0178989922297565,0.27073583334986,0.37320000000000003,0.0021,stress_high_volatility,0.2949243926297898,3.692317504623505e-67,1.0,8.046943515482838e-17
2011-09-22T00:00:00Z,SPY,87.35479736328125,-0.0323245640723988,-0.0657672393099167,0.2898104592556396,0.41350000000000003,0.002,stress_high_volatility,0.2949243926297898,1.1684894613210642e-100,1.0,9.197802563326983e-25
2011-09-23T00:00:00Z,SPY,87.8811264038086,0.0060251875845869,-0.065668310792308,0.2866554200560398,0.41250000000000003,0.0023,stress_high_volatility,0.2949243926297898,2.822126853396259e-97,1.0,8.588452142919122e-22
2011-09-26T00:00:00Z,SPY,89.97098541259766,0.0237805214191986,-0.0338287980977876,0.2947981958228348,0.39020000000000005,0.0025,stress_high_volatility,0.2949243926297898,1.0004029497872166e-84,1.0,4.773734131988228e-19
2011-09-27T00:00:00Z,SPY,90.97718811035156,0.0111836354035643,-0.0218855507462364,0.2783620930045157,0.3771,0.0025,stress_high_volatility,0.2949243926297899,1.7528925391653338e-71,1.0,5.952942988050076e-16
2011-09-28T00:00:00Z,SPY,89.11954498291016,-0.0204187793228799,-0.0127755184140957,0.2860974712517667,0.4108,0.0027,stress_high_volatility,0.2949243926297898,1.184923837186878e-81,1.0,1.940182938151561e-20
2011-09-29T00:00:00Z,SPY,89.82389831542969,0.0079034664355006,0.0282652015307209,0.2874624006528147,0.3884,0.0027,stress_high_volatility,0.2949243926297898,3.324332760124805e-76,1.0,2.8486644686406117e-17
2011-09-30T00:00:00Z,SPY,87.57926940917969,-0.0249892172166438,-0.003434833017978,0.2976568527876093,0.42960000000000004,0.0025,stress_high_volatility,0.2949243926297898,3.140335739770046e-92,1.0,1.2980863420680139e-23
2011-10-03T00:00:00Z,SPY,85.08695983886719,-0.0284577570368641,-0.054284451274295,0.3008662242917865,0.4545,0.0024,stress_high_volatility,0.2949243926297898,1.757446919399254e-117,1.0,4.037658436231193e-29
2011-10-04T00:00:00Z,SPY,86.95233917236328,0.0219232105251925,-0.0442401993465252,0.3129964444025886,0.4082,0.0025,stress_high_volatility,0.2949243926297898,1.1886754688782505e-103,1.0,9.146773865624481e-23
2011-10-05T00:00:00Z,SPY,88.56228637695312,0.0185152834289885,-0.0062529336978088,0.3027607935965777,0.37810000000000005,0.0025,stress_high_volatility,0.2949243926297898,5.2092981222299587e-79,1.0,2.8875985423928596e-17
2011-10-06T00:00:00Z,SPY,90.16447448730467,0.0180910879325322,0.0037915986531671,0.3092494003224996,0.3627,0.0029,stress_high_volatility,0.2949243926297899,1.8927887138392323e-69,1.0,6.178306666241413e-16
2011-10-07T00:00:00Z,SPY,89.56074523925781,-0.0066958660989243,0.0226249413068344,0.2950438728954424,0.36200000000000004,0.003,stress_high_volatility,0.29492439262979075,4.495882464959154e-65,1.0,5.471342486366201e-15
2011-10-10T00:00:00Z,SPY,92.5561752319336,0.0334457912858319,0.0877833149428675,0.3166588860699483,0.33020000000000005,0.003,stress_high_volatility,0.2949243926297898,2.0192002180944854e-78,1.0,1.0690237055515691e-17
2011-10-11T00:00:00Z,SPY,92.64903259277344,0.0010032540844211,0.0655151255806671,0.3153698291153273,0.3286,0.0032,stress_high_volatility,0.29492439262979725,4.600566687896269e-66,1.0,4.407081705097086e-14
2011-10-12T00:00:00Z,SPY,93.46176147460938,0.0087721248575598,0.0553223646101717,0.3131933088780593,0.31260000000000004,0.0029,stress_high_volatility,0.29492439262996284,1.1334509850968141e-57,1.0,1.0284285749494528e-12
2011-10-13T00:00:00Z,SPY,93.27598571777344,-0.0019877194042229,0.0345092814898717,0.3073104618436187,0.307,0.0029,stress_high_volatility,0.2949243926230782,5.941715972933222e-50,0.9999999999490683,4.9388719095642093e-11
2011-10-14T00:00:00Z,SPY,94.87044525146484,0.0170939982185316,0.0592860186460306,0.3126388461112113,0.2824,0.0028000000000000004,stress_high_volatility,0.294924392625274,4.417535077139641e-50,0.9999999999636202,3.693118119586669e-11
2011-10-17T00:00:00Z,SPY,93.0592803955078,-0.019090928172165,0.005435673657792,0.3184202153154721,0.33390000000000003,0.0028000000000000004,stress_high_volatility,0.29492439262979886,9.665789392380055e-58,1.0,5.364400423475392e-14
2011-10-18T00:00:00Z,SPY,94.87818145751952,0.0195456170978463,0.024060141831637,0.3257022154642078,0.3156,0.0028000000000000004,stress_high_volatility,0.294924392629823,6.942907777189773e-59,1.0,1.972563706462173e-13
2011-10-19T00:00:00Z,SPY,93.755859375,-0.0118290850992125,0.0031467189976996,0.3088898356829708,0.3444,0.0028000000000000004,stress_high_volatility,0.29492439262979986,1.7374367754610318e-59,1.0,5.968649066247644e-14
2011-10-20T00:00:00Z,SPY,94.16606903076172,0.0043752962054455,0.0095424701882156,0.2802815139749352,0.3478,0.0028000000000000004,stress_high_volatility,0.2949243926299842,7.916168241739464e-56,1.0,1.1555899352958744e-12
2011-10-21T00:00:00Z,SPY,95.95407104492188,0.0189877525159944,0.0114221640953064,0.285285988845611,0.31320000000000003,0.003,stress_high_volatility,0.29492439262114517,1.0692541803253443e-49,0.9999999999308784,6.978565561186239e-11
2011-10-24T00:00:00Z,SPY,97.1305694580078,0.0122610578193722,0.0437494148374753,0.2779675478586226,0.2926,0.003,stress_high_volatility,0.29492439217650646,6.427305297860884e-43,0.9999999964238668,3.574607091770789e-09
2011-10-25T00:00:00Z,SPY,95.24199676513672,-0.0194436489295738,0.0038345518645936,0.288504898708777,0.3222,0.0026000000000000003,stress_high_volatility,0.29492439262895936,2.286129068992989e-49,0.999999999992724,7.818444275863841e-12
2011-10-26T00:00:00Z,SPY,96.20948028564452,0.0101581608257708,0.0261703207351624,0.2764975984988329,0.2986,0.0028000000000000004,stress_high_volatility,0.2949243922608763,1.4214160193178468e-43,0.999999997085979,2.915425715461689e-09
2011-10-27T00:00:00Z,SPY,99.56095123291016,0.0348351424133583,0.0572911480502182,0.2967185433231077,0.2546,0.0031,stress_high_volatility,0.29492439262615294,9.558778733407999e-50,0.9999999999708962,2.940102124589739e-11
2011-10-28T00:00:00Z,SPY,99.53776550292967,-0.0002328797555,0.0373480188905175,0.2751524801167591,0.24530000000000002,0.0028000000000000004,stress_high_volatility,0.29492418075260385,1.2579146117452656e-33,0.9999983274697459,1.6725296778937469e-06
2011-10-31T00:00:00Z,SPY,97.13829040527344,-0.0241061780474228,7.949039430843463e-05,0.2679167011134349,0.29960000000000003,0.0025,stress_high_volatility,0.2949243924972435,2.1159101031728207e-40,0.9999999989522621,1.048818157088125e-09
2011-11-01T00:00:00Z,SPY,94.42927551269533,-0.0278882290523723,-0.0085332235783081,0.2885751932419468,0.34770000000000006,0.0023,stress_high_volatility,0.29492439262979037,2.921169268352459e-61,1.0,3.3720856174851717e-15
2011-11-02T00:00:00Z,SPY,95.96955108642578,0.0163114200057945,-0.0024938207597255,0.2872587747899583,0.3274,0.0023,stress_high_volatility,0.2949243926282507,9.675545435133561e-55,0.9999999999890861,9.983489007334906e-12
2011-11-03T00:00:00Z,SPY,97.7187957763672,0.0182270800492347,-0.0185027908404921,0.287344955069089,0.305,0.0024,stress_high_volatility,0.29492439261474773,1.9231238210056574e-48,0.9999999998799467,1.2104193535809e-10
2011-11-04T00:00:00Z,SPY,97.12281036376952,-0.0060989844160748,-0.024261697326218,0.2870548855220939,0.30160000000000003,0.0022,stress_high_volatility,0.2949243925511414,6.314454370925869e-45,0.9999999993779056,6.230385935351818e-10
2011-11-07T00:00:00Z,SPY,97.72655487060548,0.00621629980202,0.0060559483070756,0.2663695535319705,0.29850000000000004,0.0025,stress_high_volatility,0.2949243887497192,4.1314723841507105e-38,0.9999999693718569,3.062766831943059e-08
2011-11-08T00:00:00Z,SPY,98.9804229736328,0.0128303725091662,0.0481963610991131,0.2686200824817042,0.2748,0.0025,stress_high_volatility,0.2949243868387336,7.517361332964434e-37,0.9999999542851593,4.5715589338578235e-08
2011-11-09T00:00:00Z,SPY,95.32713317871094,-0.0369092158344793,-0.0066939763752391,0.3042077077221032,0.3616,0.0024,stress_high_volatility,0.2949243926297898,1.5912562725389938e-69,1.0,3.591568273247047e-18
2011-11-10T00:00:00Z,SPY,96.2249526977539,0.0094182997967622,-0.0152871621753505,0.3054043870294693,0.3281,0.0024,stress_high_volatility,0.29492439262902764,6.480902085848326e-60,0.999999999996362,1.847055932867804e-12
2011-11-11T00:00:00Z,SPY,98.03616333007812,0.018822671059276,0.0094041035559788,0.3065967794272637,0.3004,0.0024,stress_high_volatility,0.294924392617588,7.525378717594093e-49,0.9999999999054126,9.328328682646598e-11
2011-11-14T00:00:00Z,SPY,97.10734558105467,-0.0094742360112176,-0.0063361415980605,0.2996460560786939,0.3113,0.0024,stress_high_volatility,0.29492439261451336,1.006395336013181e-46,0.9999999998799467,1.196488665022588e-10
2011-11-15T00:00:00Z,SPY,97.58718872070312,0.004941368099161,-0.0140758567307883,0.2929456174994904,0.3122,0.0026000000000000003,stress_high_volatility,0.2949243926019928,7.113083783544973e-46,0.9999999997817213,2.1741495381817255e-10
2011-11-16T00:00:00Z,SPY,96.03921508789062,-0.015862467738904,0.0074698764710015,0.2957560703561447,0.3351,0.0026000000000000003,stress_high_volatility,0.2949243926299355,3.3897481473582618e-53,1.0,8.656945799403124e-13
2011-11-17T00:00:00Z,SPY,94.514404296875,-0.015876960152373,-0.0177765574616783,0.3016471491418511,0.34509999999999996,0.0027,stress_high_volatility,0.29492439262979314,3.7812592728520065e-61,1.0,1.970308005091331e-14
2011-11-18T00:00:00Z,SPY,94.4137954711914,-0.0010644814029359,-0.0369493025414566,0.293511225581358,0.32,0.0029,stress_high_volatility,0.2949243926286107,1.258546725957912e-54,0.9999999999890861,1.2123158392801382e-11
2011-11-21T00:00:00Z,SPY,92.61810302734376,-0.0190193862547933,-0.0462296907288419,0.2962138845093873,0.32909999999999995,0.0027,stress_high_volatility,0.2949243926298098,2.121452266677852e-59,1.0,1.1869876164598384e-13
2011-11-22T00:00:00Z,SPY,92.2542724609375,-0.0039282878240211,-0.0546477086764796,0.2892434273237951,0.3197,0.0026000000000000003,stress_high_volatility,0.29492439262927567,5.914520822673994e-57,0.999999999996362,3.321155945157181e-12
2011-11-23T00:00:00Z,SPY,90.21864318847656,-0.022065420041363,-0.0606062002285977,0.2946905391182041,0.3398,0.0026000000000000003,stress_high_volatility,0.2949243926297902,1.1917335279544592e-66,1.0,2.321929694375494e-15
2011-11-25T00:00:00Z,SPY,90.04834747314453,-0.001887588965135,-0.0472526580149871,0.259599255449133,0.3447,0.0028000000000000004,stress_high_volatility,0.2949243926295165,2.1482374361255447e-57,0.999999999996362,4.752608693429365e-12
2011-11-28T00:00:00Z,SPY,92.6567611694336,0.0289668136005158,-0.018609931874775,0.2854656013227409,0.32130000000000003,0.0026000000000000003,stress_high_volatility,0.2949243926291079,6.673204780318843e-55,0.999999999996362,2.3242891497253158e-12
2011-11-29T00:00:00Z,SPY,92.9199447631836,0.0028404143467601,0.0032589928531654,0.2753105398336904,0.3064,0.0027,stress_high_volatility,0.2949243920646201,3.5053533630351476e-43,0.999999995539838,4.4592476626954075e-09
2011-11-30T00:00:00Z,SPY,96.74356842041016,0.0411496548665786,0.0486622011069841,0.2960936700899937,0.278,0.0025,stress_high_volatility,0.2949243926299735,1.074020486903477e-54,1.0,1.0917825852201518e-12
2011-12-01T00:00:00Z,SPY,96.72808074951172,-0.000160089927954,0.0721518006808885,0.2907702913740954,0.2741,0.0027,stress_high_volatility,0.2949243924680052,1.638637020041513e-47,0.9999999987230694,1.2767980892982472e-09
2011-12-02T00:00:00Z,SPY,96.6429443359375,-0.0008801623366713,0.0732339576221507,0.283178557445831,0.2752,0.0025,stress_high_volatility,0.2949243924414137,2.104478301187299e-44,0.9999999985120667,1.4886236005218423e-09
2011-12-05T00:00:00Z,SPY,97.69559478759766,0.0108921604043961,0.0543817154254935,0.2851466626986512,0.2784,0.0027,stress_high_volatility,0.2949243921062171,9.434879942706981e-42,0.9999999958672561,4.132539970251202e-09
2011-12-06T00:00:00Z,SPY,97.72655487060548,0.0003169035725216,0.0517285080148512,0.2842947917162263,0.2813,0.0025,stress_high_volatility,0.2949243914593682,6.382536891870616e-40,0.9999999907631718,9.235075325806825e-09
2011-12-07T00:00:00Z,SPY,98.09033966064452,0.0037224763578407,0.0139210415971202,0.2807077597656349,0.2867,0.0024,stress_high_volatility,0.294924389179587,5.285295045774596e-37,0.999999972762453,2.7239123664098844e-08
2011-12-08T00:00:00Z,SPY,95.9385757446289,-0.0219365528089708,-0.0081621076192685,0.2580515903495582,0.3059,0.0022,stress_high_volatility,0.294924392470279,6.468031623213082e-42,0.9999999987412593,1.2584267468778862e-09
2011-12-09T00:00:00Z,SPY,97.5639877319336,0.0169422151067912,0.00953037391736,0.2628099896606573,0.2638,0.0022,stress_high_volatility,0.2949242758308001,4.391560821131816e-33,0.9999990780019901,9.219994688537136e-07
2011-12-12T00:00:00Z,SPY,96.13981628417967,-0.0145973066585485,-0.0159247559401263,0.2592268837204749,0.25670000000000004,0.0024,stress_high_volatility,0.2949241933960818,9.264890407052948e-30,0.9999984272738947,1.5727269040060272e-06
2011-12-13T00:00:00Z,SPY,95.24199676513672,-0.0093386856116836,-0.0254235720143661,0.2591675224633188,0.2541,0.0024,stress_high_volatility,0.29492415827633534,2.1104020166441168e-29,0.9999981500421941,1.8499593410018466e-06
2011-12-14T00:00:00Z,SPY,94.22801971435548,-0.010646322895578,-0.0393751307177774,0.2603858670379068,0.2604,0.0025,stress_high_volatility,0.2949243521922846,1.0520780866255092e-32,0.9999996807892385,3.192125241639397e-07
2011-12-15T00:00:00Z,SPY,94.5685806274414,0.003614221270046,-0.01427991927704,0.2554177849107394,0.2511,0.0026000000000000003,stress_high_volatility,0.29492266574038317,1.0942429301666334e-26,0.9999863681570428,1.3631844470065751e-05
2011-12-16T00:00:00Z,SPY,94.7087860107422,0.0014825789112045,-0.0292649141098695,0.2490487009328884,0.2429,0.0024,stress_high_volatility,0.29492211864026047,4.704753436624847e-25,0.9999820494205289,1.795058032131574e-05
2011-12-19T00:00:00Z,SPY,93.6961898803711,-0.0106916810258368,-0.0254174232722212,0.2520057843880361,0.24920000000000003,0.0024,stress_high_volatility,0.2949233915228332,2.7447002988067317e-26,0.9999920973917443,7.902608114936243e-06
2011-12-20T00:00:00Z,SPY,96.53145599365234,0.030260207132235,0.0135387672698146,0.2632609660149378,0.2322,0.0026000000000000003,stress_high_volatility,0.29492281282000415,3.261869789206064e-29,0.9999875291882739,1.2470810389742683e-05
2011-12-21T00:00:00Z,SPY,96.71839904785156,0.0019366024502056,0.0264292865439119,0.2623078572888925,0.2143,0.0028000000000000004,stress_high_volatility,0.293532899025864,5.254074565573107e-21,0.9890157300077028,0.010984269992420104
2011-12-22T00:00:00Z,SPY,97.5752182006836,0.0088589054540504,0.0317931976275187,0.2462522072273855,0.2116,0.0028000000000000004,stress_high_volatility,0.28334816731413176,1.4977006560999937e-16,0.9086187791318242,0.09138122086819549
2011-12-23T00:00:00Z,SPY,98.44758605957033,0.008940465365832,0.0394768025894034,0.2458546989721078,0.2073,0.0028000000000000004,stress_high_volatility,0.2691810918211586,1.032011264374225e-15,0.796785723072406,0.20321427692782904
2011-12-27T00:00:00Z,SPY,98.5254898071289,0.0007913220697097,0.0515421164182208,0.2289339278471314,0.21910000000000002,0.003,stress_high_volatility,0.2503657730112576,4.541611527407925e-16,0.648260037282022,0.3517399627182071
2011-12-28T00:00:00Z,SPY,97.23249053955078,-0.013123500021256,0.0072622394294408,0.2361248599607224,0.2352,0.0028000000000000004,transition_uncertainty,0.22846986959403298,2.921279195037453e-16,0.4754166162414176,0.5245833837599898
2011-12-29T00:00:00Z,SPY,98.2372817993164,0.0103339043789782,0.0157041759005271,0.1918283721250826,0.22649999999999998,0.0028000000000000004,transition_uncertainty,0.1734542400985389,8.612126454225177e-12,0.04113037413904676,0.958869625852573
2011-12-30T00:00:00Z,SPY,97.75433349609376,-0.0049161407398186,0.0018356637957166,0.1928775191387559,0.23399999999999999,0.0025,transition_uncertainty,0.1688075081322522,1.0753625493669642e-11,0.004449674816467024,0.9955503251716006
2012-01-03T00:00:00Z,SPY,99.3122100830078,0.0159366498772794,0.0087825822657989,0.2002215642326723,0.2297,0.0027,transition_uncertainty,0.1684755079547326,1.331581231255286e-13,0.0018289084781416226,0.9981710915224706
2012-01-04T00:00:00Z,SPY,99.46800231933594,0.0015687118049019,0.0095661794125772,0.1970852466499972,0.22219999999999998,0.0025,transition_uncertainty,0.16826138327133222,7.065284925973977e-11,0.00013863603493903014,0.9998613638956764
2012-01-05T00:00:00Z,SPY,99.73282623291016,0.002662403058262,0.0257150226172837,0.1971688142022951,0.21480000000000002,0.0027,transition_uncertainty,0.16825237993546,3.2622596141171243e-11,6.756485432907388e-05,0.9999324351135838
2012-01-06T00:00:00Z,SPY,99.4757843017578,-0.002577305194902,0.012607255410135,0.1972921109997013,0.20629999999999998,0.0025,transition_uncertainty,0.16824708051414197,6.65604072763638e-10,2.57321806602933e-05,0.999974267153487
2012-01-09T00:00:00Z,SPY,99.71724700927734,0.0024273516335096,0.020080066458251,0.1778135774851085,0.2107,0.0026000000000000003,transition_uncertainty,0.16824502803344113,7.2290377566890144e-09,9.532958681660715e-06,0.9999904598135221
2012-01-10T00:00:00Z,SPY,100.58184814453124,0.0086705275284371,0.012784309809058,0.1709879622319849,0.20690000000000003,0.0024,transition_uncertainty,0.16824492560271154,1.7932322558468335e-08,8.728943515590208e-06,0.999991253125755
2012-01-11T00:00:00Z,SPY,100.63639068603516,0.000542270225792,0.0117463741047918,0.1600082176745744,0.21050000000000002,0.0024,transition_uncertainty,0.16824456128123266,7.345863636460426e-08,5.8766963518427e-06,0.9999940498450668
2012-01-12T00:00:00Z,SPY,100.8778305053711,0.002399130351258,0.0114807161865337,0.1539645537034883,0.2047,0.0022,transition_uncertainty,0.1682444016363662,3.2280196621081913e-07,4.722713507419867e-06,0.9999949544853692
2012-01-13T00:00:00Z,SPY,100.35595703125,-0.0051733217447941,0.0088481104790507,0.1486661010516505,0.2091,0.0024,transition_uncertainty,0.1682452107581354,4.3766903158235035e-08,1.0990932899243464e-05,0.9999889652999093
2012-01-17T00:00:00Z,SPY,100.74542236328124,0.0038808392003075,0.0103109079406118,0.1486799298022501,0.222,0.0021,transition_uncertainty,0.16824524132612753,1.5532948870572212e-08,1.1220205240541148e-05,0.9999887642601631
2012-01-18T00:00:00Z,SPY,101.85929107666016,0.0110562712156028,0.0127005315143273,0.1510686476669273,0.2089,0.0024,transition_uncertainty,0.16824546119831602,2.1283879268581656e-08,1.2958294036340879e-05,0.9999870204234119
2012-01-19T00:00:00Z,SPY,102.39674377441406,0.0052764229170749,0.01749221207536,0.1412118911382389,0.19870000000000002,0.0026000000000000003,transition_uncertainty,0.16824430405585253,1.7293000207909333e-06,4.55167468861295e-06,0.9999937190238491
2012-01-20T00:00:00Z,SPY,102.77841186523438,0.0037273459755824,0.0188404265867125,0.1046830392335934,0.18280000000000002,0.0026000000000000003,transition_uncertainty,0.16823457601429692,0.0001837927437665475,5.328885049134077e-06,0.9998108783707635
2012-01-23T00:00:00Z,SPY,102.5135498046875,-0.0025770203658543,0.0214993991115608,0.1065795194137912,0.18670000000000003,0.0026000000000000003,transition_uncertainty,0.16823905950976797,0.00010092491015547049,5.414731970356193e-06,0.9998936603561973
2012-01-24T00:00:00Z,SPY,102.39674377441406,-0.0011394204034098,0.0163910316954973,0.1051076090772319,0.18910000000000002,0.0024,transition_uncertainty,0.16823423454852368,0.00018649659299454206,3.785388649512709e-06,0.9998097180174793
2012-01-25T00:00:00Z,SPY,103.25348663330078,0.0083668955408793,0.0136874657373311,0.1046604041097135,0.18309999999999998,0.0022,transition_uncertainty,0.16824275387013196,4.426552530167969e-05,1.0437497232504081e-05,0.9999452969761121
2012-01-26T00:00:00Z,SPY,102.7238540649414,-0.005129440037607,0.0031945380142945,0.1079259971598426,0.1857,0.0022,transition_uncertainty,0.16824221020126098,4.861551807081808e-05,7.999180225797083e-06,0.9999433853028286
2012-01-27T00:00:00Z,SPY,102.67713928222656,-0.0004547608064365,-0.0009853487825887,0.0923162788043603,0.18530000000000002,0.0022,transition_uncertainty,0.16822626381982822,0.000340681907790531,6.5569720425132944e-06,0.9996527611202218
2012-01-30T00:00:00Z,SPY,102.32662963867188,-0.0034137067511322,-0.0018233703385723,0.0902279651025557,0.19399999999999998,0.0022,transition_uncertainty,0.16824096855781176,7.642769089953419e-05,1.004733731837042e-05,0.9999135249702458
2012-01-31T00:00:00Z,SPY,102.28768157958984,-0.0003806248600149,-0.001065094365349,0.0869549923289376,0.19440000000000002,0.0022,transition_uncertainty,0.16823965882624206,0.00010423241954675395,1.1554836623232052e-05,0.999884212745177
2012-02-01T00:00:00Z,SPY,103.18343353271484,0.0087571830673278,-0.0006784574823581,0.075145733538507,0.1855,0.0023,transition_uncertainty,0.1682132559497988,0.0006170040243021393,2.1603059592531315e-05,0.9993613929149141
2012-02-02T00:00:00Z,SPY,103.34700775146484,0.0015852759803554,0.006066299713886,0.0751447508610735,0.17980000000000002,0.0023,transition_uncertainty,0.16804731343998633,0.0036627728691414592,9.34061491374245e-06,0.9963278865169998
2012-02-03T00:00:00Z,SPY,104.7957992553711,0.0140187078022655,0.0206341936282525,0.0864167092388707,0.171,0.0023,transition_uncertainty,0.16818535645714117,0.0011398117770738236,2.41131369320807e-05,0.9988360750869685
2012-02-06T00:00:00Z,SPY,104.72566986083984,-0.0006692004357956,0.0234449256331346,0.0851910632262162,0.1776,0.0024,transition_uncertainty,0.1681143746371559,0.0024167597690366357,7.842420685527638e-06,0.9975753978111791
2012-02-07T00:00:00Z,SPY,104.99050903320312,0.0025288849688447,0.0264237825305504,0.0851895024333871,0.1765,0.0025,transition_uncertainty,0.16815295961485718,0.0017099028355171235,1.1267029044561548e-05,0.9982788301366876
2012-02-08T00:00:00Z,SPY,105.30207061767578,0.0029675214201898,0.0205327251907081,0.0821668453265958,0.1816,0.0027,transition_uncertainty,0.1681821839165922,0.0011682749300743489,1.1196394292965703e-05,0.9988205286755454
2012-02-09T00:00:00Z,SPY,105.43449401855467,0.0012575574260045,0.0201988070337746,0.0820038604694295,0.1863,0.0027,transition_uncertainty,0.16822296585819763,0.0004165600053837965,1.2851562084218379e-05,0.9995705884328933
2012-02-10T00:00:00Z,SPY,104.65560150146484,-0.0073874544032314,-0.0013378184517168,0.0889939962562695,0.2079,0.0027,transition_uncertainty,0.16824673298367343,3.0771247633368136e-06,2.4299561184627284e-05,0.9999726233145704
2012-02-13T00:00:00Z,SPY,105.43449401855467,0.0074424350528332,0.0067683898193893,0.0870203858703222,0.19039999999999999,0.0029,transition_uncertainty,0.16823304219675905,0.0002186606512238616,8.076788765104962e-06,0.9997732625589799
2012-02-14T00:00:00Z,SPY,105.30207061767578,-0.0012559779615919,0.0029675214201898,0.0878234357793191,0.1954,0.0029,transition_uncertainty,0.16824217773147135,5.949935097066068e-05,1.2379983837186147e-05,0.9999281206660505
2012-02-15T00:00:00Z,SPY,104.81133270263672,-0.0046602874203756,-0.0046602874203756,0.0845885286985049,0.2114,0.0029,transition_uncertainty,0.16824847144819888,1.4323287415523083e-06,3.732200007522125e-05,0.9999612456719646
2012-02-16T00:00:00Z,SPY,105.97199249267578,0.0110738005147974,0.0050979376258637,0.0903144423919803,0.19219999999999998,0.0029,transition_uncertainty,0.16821624333462895,0.0005548682121168127,1.8711786891326036e-05,0.9994264200027484
2012-02-17T00:00:00Z,SPY,106.25238037109376,0.0026458677601759,0.0152574620633809,0.0900778691136177,0.1778,0.0029,transition_uncertainty,0.16616926691931724,0.038451373137781956,6.155331966697862e-06,0.9615424715314381
2012-02-21T00:00:00Z,SPY,106.29914093017578,0.0004400895200533,0.0082007972786299,0.0888204227341977,0.1819,0.0031,transition_uncertainty,0.16433223481708353,0.07248689729207179,5.880419924664473e-06,0.9275072222872442
2012-02-22T00:00:00Z,SPY,105.95637512207033,-0.0032245397762021,0.0062135958063933,0.0900432560661,0.1819,0.0029,transition_uncertainty,0.16193817030503083,0.1168419666818605,5.161692458582859e-06,0.8831528716263146
2012-02-23T00:00:00Z,SPY,106.4237289428711,0.0044108136038285,0.0153837967580181,0.087245824553336,0.168,0.0031,transition_uncertainty,0.15840374856929365,0.18233045458124833,6.617638489355831e-06,0.8176629277810101
2012-02-24T00:00:00Z,SPY,106.65738677978516,0.002195542659847,0.0064676927458615,0.0836357351205323,0.1731,0.0031,transition_uncertainty,0.15759903179830612,0.19723584507567132,4.80965808752225e-06,0.80275934526665
2012-02-27T00:00:00Z,SPY,106.83657836914062,0.0016800673142822,0.0054982109201366,0.0831878237322684,0.1819,0.003,transition_uncertainty,0.1594741549895573,0.16250325965784854,8.783988189172718e-06,0.8374879563529016
2012-02-28T00:00:00Z,SPY,107.14810180664062,0.0029158874446879,0.0079865262224696,0.0807311847402154,0.1796,0.003,transition_uncertainty,0.1607718422606051,0.13845880140707262,8.288154378975726e-06,0.861532910438923
2012-02-29T00:00:00Z,SPY,106.7275161743164,-0.0039252737587756,0.0072779108511185,0.0832425392597242,0.1843,0.003,transition_uncertainty,0.16294837615329852,0.0981501181943391,1.583299178950082e-05,0.9018340488143504
2012-03-01T00:00:00Z,SPY,107.28050231933594,0.0051812893698035,0.0080505859452149,0.0804177412831405,0.17260000000000003,0.003,transition_uncertainty,0.1626658103733166,0.10337145991475773,9.876114803362964e-06,0.8966186639699116
2012-03-02T00:00:00Z,SPY,106.95339965820312,-0.0030490411030994,0.0027753621887356,0.0823569380132954,0.1729,0.0028000000000000004,transition_uncertainty,0.16334015792762496,0.09087221766714365,7.718816404680624e-06,0.9091200635171144
2012-03-05T00:00:00Z,SPY,106.51721954345705,-0.0040782258080623,-0.0029892273840907,0.0709781809667557,0.18050000000000002,0.0031,transition_uncertainty,0.16624839379268425,0.03702707032447719,2.394072928592476e-05,0.9629489889469253
2012-03-06T00:00:00Z,SPY,104.95936584472656,-0.0146253695450142,-0.0204272023956509,0.0899097919386622,0.20870000000000002,0.003,transition_uncertainty,0.16826306225613513,3.4501532410749847e-07,0.00015203669037356892,0.9998476182943052
2012-03-07T00:00:00Z,SPY,105.69156646728516,0.0069760389334077,-0.0097064912982631,0.0928119897373589,0.1907,0.003,transition_uncertainty,0.16821724971372262,0.0005217751513651419,1.2556537005455675e-05,0.9994656683128698
2012-03-08T00:00:00Z,SPY,106.74311065673828,0.0099491778256366,-0.0050092202308862,0.0985108934741853,0.1795,0.0032,transition_uncertainty,0.16746494176731128,0.014444939569094132,5.974313407592249e-06,0.9855490861190785
2012-03-09T00:00:00Z,SPY,107.15592193603516,0.0038673341703931,0.001893556244862,0.0991444889277421,0.1711,0.0033000000000000004,transition_uncertainty,0.16391322360662355,0.08024571144152924,3.944796102902627e-06,0.9197503437606683
2012-03-12T00:00:00Z,SPY,107.16371154785156,7.269417943178702e-05,0.0060693661284574,0.0943529280365611,0.1564,0.0033000000000000004,transition_uncertainty,0.16234853929904514,0.10923783619390758,4.780590990090264e-06,0.8907573832136857
2012-03-13T00:00:00Z,SPY,109.095458984375,0.0180261341140732,0.0394066132770585,0.1095714091003837,0.14800000000000002,0.0034999999999999996,transition_uncertainty,0.16616707931651883,0.03868502288024994,8.84344099833727e-05,0.9612265427103127
2012-03-14T00:00:00Z,SPY,108.97860717773438,-0.0010710968882523,0.0311003121660293,0.1095069637613464,0.1531,0.004,transition_uncertainty,0.15429906198379448,0.2583783314046486,5.361305940977014e-06,0.7416163072881721
2012-03-15T00:00:00Z,SPY,109.60952758789062,0.0057893968962852,0.0268534138973155,0.1076877281361202,0.1542,0.0037,stable_low_volatility,0.13877863553230252,0.5459274332122195,9.702451168801814e-07,0.45407159654194335
2012-03-16T00:00:00Z,SPY,109.76132202148438,0.001384865320873,0.0243141026494499,0.1025846454076608,0.14470000000000002,0.0037,stable_low_volatility,0.1189596440320738,0.9131281718351576,2.7274627608913624e-07,0.08687155541779266
2012-03-19T00:00:00Z,SPY,110.19158172607422,0.0039199573826709,0.0282546221523003,0.1028288170719724,0.1504,0.0039000000000000003,stable_low_volatility,0.11550063202310203,0.9772154867551248,2.6006092419809633e-08,0.02278448723811612
2012-03-20T00:00:00Z,SPY,109.87081146240234,-0.0029110233163661,0.0071071012968413,0.1041078896166732,0.1558,0.0040999999999999995,stable_low_volatility,0.11442333804907207,0.997175320935489,1.8693960318552297e-09,0.002824677196359997
2012-03-21T00:00:00Z,SPY,109.6908721923828,-0.0016377349691378,0.0065358241685617,0.1032682569457798,0.15130000000000002,0.0039000000000000003,stable_low_volatility,0.11429582795661368,0.9995378042165193,2.456756840521099e-09,0.00046219332575473553
2012-03-22T00:00:00Z,SPY,108.9007339477539,-0.0072033180959953,-0.0064665331174643,0.1074487632481693,0.1557,0.0037,stable_low_volatility,0.11433701622184791,0.9987746914519587,8.979023391290183e-09,0.0012252995689033717
2012-03-23T00:00:00Z,SPY,109.2527313232422,0.0032322773477095,-0.0046336057991597,0.1076443420258834,0.1482,0.0037,stable_low_volatility,0.11430579900086062,0.9993530747259259,7.591548560470388e-09,0.0006469176827686485
2012-03-26T00:00:00Z,SPY,110.78614807128906,0.0140355003437855,0.0053957510719182,0.1167729492746719,0.1426,0.0036,stable_low_volatility,0.11443543935360571,0.9969513497224695,1.0385964319408141e-07,0.0030485464172749018
2012-03-27T00:00:00Z,SPY,110.44193267822266,-0.0031070255538165,0.0051981159346925,0.117974024782333,0.1559,0.0033000000000000004,stable_low_volatility,0.11459173033369356,0.9940555277788173,6.405981126117216e-08,0.005944408162235604
2012-03-28T00:00:00Z,SPY,109.894287109375,-0.0049586742604663,0.0018544379575671,0.118665178997561,0.1547,0.0034000000000000002,stable_low_volatility,0.11522634526112317,0.9822981106601208,3.211485952860794e-07,0.017701568191875322
2012-03-29T00:00:00Z,SPY,109.70654296875,-0.0017084067385426,0.0073994820033322,0.1183272471528281,0.15480000000000002,0.0033000000000000004,stable_low_volatility,0.11614587861730298,0.9652616887467278,5.389554879981802e-07,0.03473777229911835
2012-03-30T00:00:00Z,SPY,110.16026306152344,0.0041357614641333,0.0083067189926462,0.11771323573869,0.155,0.0033000000000000004,stable_low_volatility,0.11782249934431646,0.9341981213557778,7.654528680874316e-07,0.0658011131927077
2012-04-02T00:00:00Z,SPY,110.96609497070312,0.0073150870085489,0.0016242725516395,0.1175072483923728,0.1564,0.0033000000000000004,stable_low_volatility,0.12369052583699262,0.825482100045127,3.1595428831321374e-06,0.17451474041030243
2012-04-03T00:00:00Z,SPY,110.51231384277344,-0.0040893673698213,0.0006372684979703,0.1024665120401921,0.15660000000000002,0.0036,stable_low_volatility,0.13142413653554444,0.6822024575161345,6.216545731918509e-06,0.3177913259398023
2012-04-04T00:00:00Z,SPY,109.41705322265624,-0.009910756385713,-0.004342663292804,0.1101857271346967,0.16440000000000002,0.0034999999999999996,transition_uncertainty,0.15570596134191547,0.2323455719753631,1.9845104597152995e-05,0.767634582920493
2012-04-05T00:00:00Z,SPY,109.3623275756836,-0.0005001564688577,-0.0031376013112039,0.1060679376060058,0.167,0.0034999999999999996,transition_uncertainty,0.16088543615263456,0.13634837176776135,5.823698694635484e-06,0.8636458045343464
2012-04-09T00:00:00Z,SPY,108.13402557373048,-0.0112314910370125,-0.0183935425668085,0.1143671223358716,0.1881,0.0032,transition_uncertainty,0.16823849052625953,0.00016841718745562426,2.9678693948448888e-05,0.9998019041198448
2012-04-10T00:00:00Z,SPY,106.31897735595705,-0.0167851719950614,-0.0418787163409959,0.1299749177442847,0.2039,0.0028000000000000004,transition_uncertainty,0.16829947382004085,9.619879713712242e-13,0.0004393178553460405,0.9995606821449249
2012-04-11T00:00:00Z,SPY,107.17961120605467,0.0080948281435802,-0.0301568442541182,0.1155665315886832,0.2002,0.003,transition_uncertainty,0.1682489209859179,3.216722187782097e-08,4.027404689879736e-05,0.9999596937861063
2012-04-12T00:00:00Z,SPY,108.57997131347656,0.0130655456916115,-0.0076503788442947,0.1255967831226511,0.172,0.0029,transition_uncertainty,0.16824405570836967,1.6473139359306287e-05,8.872941831746352e-06,0.9999746539189639
2012-04-13T00:00:00Z,SPY,107.28914642333984,-0.0118882412154082,-0.0189569955056874,0.1301340905208012,0.1955,0.0027,transition_uncertainty,0.16824634219693899,4.169364191040165e-08,1.992148188240024e-05,0.9999800368233047
2012-04-16T00:00:00Z,SPY,107.21873474121094,-0.0006562796375606,-0.0084644109720621,0.1298250008463655,0.1955,0.0027,transition_uncertainty,0.16824433688961596,2.9697431196734614e-06,5.339357399180446e-06,0.9999916908982014
2012-04-17T00:00:00Z,SPY,108.80682373046876,0.014811674406445,0.0233998335610621,0.1406305958740814,0.18460000000000001,0.0027,transition_uncertainty,0.1682451597782005,5.019935574088029e-07,1.0783732365726701e-05,0.9999887142748972
2012-04-18T00:00:00Z,SPY,108.43917846679688,-0.0033788805799771,0.0117519297426882,0.1407414718540949,0.1864,0.0027,transition_uncertainty,0.16824348521764484,1.3734802478757303e-05,3.202881404357613e-06,0.9999830623143849
2012-04-19T00:00:00Z,SPY,107.74285888671876,-0.0064212915472365,-0.0077096394172091,0.1422114402007258,0.18359999999999999,0.0027,transition_uncertainty,0.16824481411723108,1.2735016406344679e-06,8.383836784188155e-06,0.9999903426608151
2012-04-20T00:00:00Z,SPY,107.9228515625,0.0016705763856748,0.0059065167380463,0.1404522382984977,0.17440000000000003,0.0029,transition_uncertainty,0.16824051674005194,6.86456984475203e-05,3.165184646045007e-06,0.9999281891169796
2012-04-23T00:00:00Z,SPY,107.01531219482422,-0.0084091492629826,-0.0018972668058218,0.142494097332703,0.18969999999999998,0.0027,transition_uncertainty,0.1682447186771661,8.980982751682996e-07,7.470501951092694e-06,0.999991631399554
2012-04-24T00:00:00Z,SPY,107.42212677001952,0.0038014613689552,-0.012726195958806,0.132560619894518,0.18100000000000002,0.0027,transition_uncertainty,0.1682435895278691,1.4462778757968795e-05,4.336448969190649e-06,0.9999812007720649
2012-04-25T00:00:00Z,SPY,108.89287567138672,0.013691303138281,0.0041838864053065,0.1428100244654574,0.16820000000000002,0.0026000000000000003,transition_uncertainty,0.1682439846591062,1.3654217642963818e-05,7.111072622662794e-06,0.9999792347089683
2012-04-26T00:00:00Z,SPY,109.65172576904295,0.0069687763591281,0.0177168761071322,0.1443457152197142,0.1624,0.0026000000000000003,transition_uncertainty,0.16823807927878343,0.00011657053546056291,4.3428171980665294e-06,0.9998790866467056
2012-04-27T00:00:00Z,SPY,109.83171844482422,0.0016414942356708,0.0176873280745251,0.1443432136304409,0.1632,0.0026000000000000003,transition_uncertainty,0.168234392852402,0.00018282139252385088,3.4691775116938458e-06,0.9998137094309572
2012-04-30T00:00:00Z,SPY,109.42491912841795,-0.0037038418606789,0.0225164687573586,0.1440929515500466,0.17149999999999999,0.0027,transition_uncertainty,0.16824162905762052,4.8772592095232374e-05,3.478631010838952e-06,0.9999477487772221
2012-05-01T00:00:00Z,SPY,110.10552978515624,0.0062198872264145,0.0249799840667988,0.1433795931678743,0.166,0.0027,transition_uncertainty,0.16824209951736127,4.3659205769737725e-05,5.013796192073344e-06,0.9999513269962768
2012-05-02T00:00:00Z,SPY,109.77693939208984,-0.0029843223470026,0.0081186552862375,0.1430528281605877,0.1688,0.0027,transition_uncertainty,0.16823650557245828,0.00014214158750979662,2.814867011327019e-06,0.9998550435455318
2012-05-03T00:00:00Z,SPY,108.93983459472656,-0.0076255067958617,-0.006492293389124,0.1412174820720994,0.17559999999999998,0.0028000000000000004,transition_uncertainty,0.16824391361691,1.1324581495056558e-05,5.557720141912731e-06,0.9999831176980377
2012-05-04T00:00:00Z,SPY,107.17961120605467,-0.0161577571254829,-0.0241470066782379,0.1523208305028373,0.1916,0.0027,transition_uncertainty,0.1682511158272991,4.0742116619906385e-10,5.758631129082975e-05,0.9999424132794837
2012-05-07T00:00:00Z,SPY,107.2578353881836,0.0007298420030514,-0.0198042983033064,0.1474525325722308,0.1894,0.0027,transition_uncertainty,0.1682446130697979,5.011623190613546e-07,6.4677354756879466e-06,0.9999930311011661
2012-05-08T00:00:00Z,SPY,106.82756042480467,-0.0040115946944264,-0.0297711601474304,0.1348512259614644,0.1905,0.0027,transition_uncertainty,0.16824718575460537,1.6333049125035226e-08,2.6569608951603013e-05,0.9999734140588599
2012-05-09T00:00:00Z,SPY,106.1938705444336,-0.0059318950826097,-0.0326395403943502,0.133231823200952,0.20079999999999998,0.0027,transition_uncertainty,0.16824986747573276,1.046157040513159e-09,4.773225515364954e-05,0.9999522666991114
2012-05-10T00:00:00Z,SPY,106.41291046142578,0.0020626418066242,-0.0231955936292848,0.1239323105615717,0.1883,0.0027,transition_uncertainty,0.1682449258674014,1.2514588856699108e-06,9.256584703188286e-06,0.9999894919571524
2012-05-11T00:00:00Z,SPY,106.09213256835938,-0.0030144640502308,-0.0101463200459331,0.1173419634635782,0.19890000000000002,0.0027,transition_uncertainty,0.16824473250681288,2.51673307657273e-06,8.269297179380993e-06,0.9999892139712375
2012-05-14T00:00:00Z,SPY,104.91864013671876,-0.0110610693105306,-0.0218090850239417,0.1231904048300866,0.2187,0.0029,transition_uncertainty,0.16825310714049682,9.687471025987518e-10,7.330571670069874e-05,0.9999266933141014
2012-05-15T00:00:00Z,SPY,104.31625366210938,-0.0057414628499226,-0.0235080418640001,0.1090057109108092,0.2197,0.0029,transition_uncertainty,0.1682890174576976,2.304121722767197e-09,0.0003567776690143604,0.9996432200279178
2012-05-16T00:00:00Z,SPY,103.9172592163086,-0.0038248540547972,-0.0214382554892602,0.1090868178974588,0.2227,0.003,transition_uncertainty,0.16862872189623004,2.921320644318021e-09,0.0030383606997363244,0.9969616363803376
2012-05-17T00:00:00Z,SPY,102.37605285644533,-0.0148310913075102,-0.0379357879365944,0.1173995130007383,0.24489999999999998,0.0032,transition_uncertainty,0.17231559428459597,3.477119847311093e-15,0.032142051795633876,0.9678579482046035
2012-05-18T00:00:00Z,SPY,101.49988555908205,-0.008558322702594,-0.0432854623439525,0.1181527520363133,0.251,0.0032,transition_uncertainty,0.17273597868518842,3.1700834142648515e-16,0.035460511720042484,0.9645394882785141
2012-05-21T00:00:00Z,SPY,103.24445343017578,0.0171878801782319,-0.0159569996748084,0.1360497927980472,0.22010000000000002,0.003,transition_uncertainty,0.16870065829264727,1.4077500058930837e-10,0.0036062161002013973,0.996393783757361
2012-05-22T00:00:00Z,SPY,103.4244155883789,0.0017430685351522,-0.0085493683143493,0.1351235506606352,0.2248,0.003,transition_uncertainty,0.16826519636141984,3.6276820506231163e-09,0.0001687375911832425,0.9998312587806939
2012-05-23T00:00:00Z,SPY,103.47916412353516,0.0005293579358875,-0.0042158068455359,0.1226329614255412,0.2233,0.0028000000000000004,transition_uncertainty,0.16824773263953266,1.642216175809437e-08,3.088668642429772e-05,0.9999690968916446
2012-05-24T00:00:00Z,SPY,103.68256378173828,0.0019656097913614,0.0127618802331146,0.1187307929316959,0.2154,0.0029,transition_uncertainty,0.16824537422136926,2.9701798041379833e-07,1.2389186658031204e-05,0.999987313797172
2012-05-25T00:00:00Z,SPY,103.3461685180664,-0.0032444728544716,0.0181900004006376,0.1175691522628637,0.21760000000000002,0.003,transition_uncertainty,0.16824571627719703,2.2754376944217542e-07,1.5059733723750581e-05,0.9999847127223618
2012-05-29T00:00:00Z,SPY,104.59789276123048,0.0121119559739193,0.0131090754620539,0.1291092614800305,0.21030000000000001,0.003,transition_uncertainty,0.16826735576839794,1.0052470071348014e-07,0.00018582495123648155,0.9998140745251203
2012-05-30T00:00:00Z,SPY,103.08016967773438,-0.0145100732283456,-0.0033284781807673,0.1321354501081854,0.2414,0.0027,transition_uncertainty,0.16935109604766782,1.645398202991971e-11,0.00874068730250011,0.9912593126809953
2012-05-31T00:00:00Z,SPY,102.85326385498048,-0.0022012558134439,-0.0060485632432001,0.1321890858053525,0.24059999999999998,0.0027,transition_uncertainty,0.17382538672976092,3.609485876277519e-10,0.044060157649995955,0.9559398419874064
2012-06-01T00:00:00Z,SPY,100.26376342773438,-0.0251766480730956,-0.0329737250826552,0.1535170567378734,0.2666,0.0025,transition_uncertainty,0.21443509973115957,5.4151018794070385e-21,0.36462796366429656,0.6353720363356822
2012-06-04T00:00:00Z,SPY,100.2168426513672,-0.0004679734209359,-0.0302800375821592,0.1470594313171934,0.2612,0.0025,transition_uncertainty,0.20525300106355468,2.7299901782033373e-15,0.2921456679673706,0.7078543320330111
2012-06-05T00:00:00Z,SPY,100.9756851196289,0.0075720053454644,-0.034629833794741,0.1514938757519947,0.2468,0.0025,transition_uncertainty,0.18589055160003878,2.7596505398960785e-14,0.13930100377518337,0.8606989962258919
2012-06-06T00:00:00Z,SPY,103.24445343017578,0.022468461668361,0.0015937474002518,0.1758643018019125,0.22160000000000002,0.0026000000000000003,transition_uncertainty,0.17283131376631525,6.281423238944808e-13,0.0362130744791979,0.9637869255215847
2012-06-07T00:00:00Z,SPY,103.30705261230467,0.0006063200496406,0.0044120015283524,0.1753048356347974,0.2172,0.0027,transition_uncertainty,0.168407610184281,8.778864245372627e-10,0.001292932661676217,0.9987070664602872
2012-06-08T00:00:00Z,SPY,104.12850189208984,0.0079515314686977,0.038545715144046,0.1780417489720158,0.21230000000000002,0.0028000000000000004,transition_uncertainty,0.16826572152602076,6.414982373200998e-11,0.00017288165361653674,0.9998271182821957
2012-06-11T00:00:00Z,SPY,102.80633544921876,-0.0126974499665929,0.0258388982265171,0.1827559216475445,0.2356,0.0027,transition_uncertainty,0.1682864228983833,2.445342930053493e-13,0.0003362955747745618,0.9996637044245467
2012-06-12T00:00:00Z,SPY,103.9876708984375,0.0114908818027297,0.029828822406505,0.1846454638938182,0.2209,0.003,transition_uncertainty,0.16826577360372147,5.9264476334893355e-12,0.00017329272225675936,0.9998267072726573
2012-06-13T00:00:00Z,SPY,103.32270050048828,-0.0063947042202597,0.000757881587948,0.1849108029605466,0.2427,0.003,transition_uncertainty,0.16827263105401544,6.801734260498742e-13,0.0002274245450709572,0.9997725754535536
2012-06-14T00:00:00Z,SPY,104.41796875,0.0106004609268468,0.0107535362746666,0.1884605320238112,0.2168,0.003,transition_uncertainty,0.16825637079230576,2.352543512669423e-11,9.906815904519246e-05,0.9999009318161712
2012-06-15T00:00:00Z,SPY,105.48587036132812,0.0102271823912312,0.0130355132799753,0.1826220886446092,0.2111,0.0029,transition_uncertainty,0.16824777329311205,4.8513536667188e-10,3.1200809280712e-05,0.9999687987066953
2012-06-18T00:00:00Z,SPY,105.6903305053711,0.0019382704370036,0.0280526977598272,0.1786873855494395,0.1832,0.0029,transition_uncertainty,0.1682449541973203,1.1162436056137176e-07,8.994584981777647e-06,0.9999908937912438
2012-06-19T00:00:00Z,SPY,106.71260833740234,0.0096723875035975,0.0262044280386493,0.1722429215321803,0.1838,0.003,transition_uncertainty,0.16824511630946481,9.534705963868757e-08,1.0267342336311281e-05,0.9999896373110788
2012-06-20T00:00:00Z,SPY,106.53963470458984,-0.0016209296680819,0.0311348250531484,0.1726331461187985,0.1724,0.0032,transition_uncertainty,0.16824701307464626,1.134174061052544e-07,2.5247859567335323e-05,0.9999746387235117
2012-06-21T00:00:00Z,SPY,104.1490249633789,-0.0224386891117053,-0.00257564660413,0.1928362495946897,0.20079999999999998,0.0032,transition_uncertainty,0.16828703235089706,4.82634499680628e-13,0.00034110651184977056,0.9996588934888191
2012-06-22T00:00:00Z,SPY,104.9511260986328,0.0077014752229889,-0.0050693449356166,0.1945375876776146,0.1811,0.0031,transition_uncertainty,0.16824695998473843,3.260314811723454e-08,2.4794344041447397e-05,0.999975173052792
2012-06-25T00:00:00Z,SPY,103.2682647705078,-0.0160347143540265,-0.0229166256107051,0.2031455407888365,0.20379999999999998,0.0031,transition_uncertainty,0.1682720772053056,4.705293453573231e-13,0.00022305253252020093,0.9997769474682687
2012-06-26T00:00:00Z,SPY,103.7872543334961,0.0050256442687559,-0.0274133867542334,0.1990961268845245,0.1972,0.0031,transition_uncertainty,0.16825208146649334,4.575730404041154e-11,6.520878648184143e-05,0.9999347911668963
2012-06-27T00:00:00Z,SPY,104.72308349609376,0.0090168023868382,-0.017050473408633,0.1942904124814692,0.1945,0.0031,transition_uncertainty,0.1682465237275887,1.2271625242506717e-09,2.1337218900138432e-05,0.9999786615538355
2012-06-28T00:00:00Z,SPY,104.42424011230467,-0.0028536534048886,0.0026425129666125,0.1944379190558117,0.19710000000000003,0.0031,transition_uncertainty,0.1682470542780726,3.012688608143985e-09,2.552607599830765e-05,0.9999744709114574
2012-06-29T00:00:00Z,SPY,107.02718353271484,0.0249266206544647,0.0197811830254299,0.1858734592414366,0.17079999999999998,0.0033000000000000004,transition_uncertainty,0.16827272000564833,5.821949043058788e-11,0.00022812674372626416,0.9997718731962371
2012-07-02T00:00:00Z,SPY,107.34959411621094,0.0030124177134638,0.0395216222018741,0.1853566077402944,0.168,0.003,transition_uncertainty,0.16824709006824995,3.971456874981302e-08,2.5824237061716098e-05,0.9999741360477512
2012-07-03T00:00:00Z,SPY,108.0573501586914,0.0065930015693798,0.0411427766599774,0.1851029582529182,0.1666,0.003,transition_uncertainty,0.16824570108693274,5.985527094739317e-08,1.4868380190754935e-05,0.9999850717636177
2012-07-05T00:00:00Z,SPY,107.56978607177734,-0.0045120862782405,0.0271831432063378,0.1729623578172328,0.17500000000000002,0.0028000000000000004,transition_uncertainty,0.1682447599193207,5.357405435523499e-07,7.641675914655802e-06,0.9999918225846727
2012-07-06T00:00:00Z,SPY,106.54751586914062,-0.0095033209599821,0.0203331693345569,0.177777372774222,0.171,0.0027,transition_uncertainty,0.16824541242509586,2.2022767455595946e-07,1.2658049284930371e-05,0.9999871217216222
2012-07-09T00:00:00Z,SPY,106.413818359375,-0.0012548158319319,-0.0057309288453092,0.1763909685928001,0.17980000000000002,0.0027,transition_uncertainty,0.16824432748271284,1.0123848263319546e-06,4.431157610800319e-06,0.9999945564561954
2012-07-10T00:00:00Z,SPY,105.48587036132812,-0.0087201832652321,-0.0173612557199354,0.172739353918554,0.1872,0.0027,transition_uncertainty,0.16824605318025612,9.085928881713591e-09,1.7626128924828794e-05,0.9999823647840245
2012-07-11T00:00:00Z,SPY,105.50160217285156,0.0001491366708123,-0.0236517736376702,0.1685476571411593,0.1795,0.0027,transition_uncertainty,0.1682451322547609,8.11477648702318e-08,1.0387164379814018e-05,0.9999895316871023
2012-07-12T00:00:00Z,SPY,104.99046325683594,-0.0048448450591127,-0.0239781346522369,0.1677611647765742,0.1833,0.0025,transition_uncertainty,0.168245420782403,2.910425909507544e-08,1.2642590169908437e-05,0.9999873283052475
2012-07-13T00:00:00Z,SPY,106.75196838378906,0.0167777631635359,0.0019188857945739,0.1737435775678841,0.1674,0.0025,transition_uncertainty,0.16824561183377668,2.5524727810501317e-07,1.424707475670372e-05,0.999985497677357
2012-07-16T00:00:00Z,SPY,106.50035095214844,-0.0023570284974607,0.000813170639937,0.1707360791494969,0.1711,0.0024,transition_uncertainty,0.16824371902460583,9.557412066689291e-06,3.2687227278286795e-06,0.9999871738641022
2012-07-17T00:00:00Z,SPY,107.23163604736328,0.0068665040882673,0.016549758560604,0.1721740390746713,0.1648,0.0025,transition_uncertainty,0.16824437534010833,4.7561311275618065e-06,6.403979402302775e-06,0.9999888398892577
2012-07-18T00:00:00Z,SPY,108.02591705322266,0.0074071517990133,0.0239267919006131,0.1708130132036816,0.1616,0.0022,transition_uncertainty,0.16824429396074472,6.115072591207839e-06,6.340565309476971e-06,0.9999875443620944
2012-07-19T00:00:00Z,SPY,108.3089828491211,0.0026203507789615,0.0316078193137137,0.1707405061637793,0.1545,0.0022,transition_uncertainty,0.16824481018288134,4.919213382118307e-06,9.906052438989626e-06,0.999985174735076
2012-07-20T00:00:00Z,SPY,107.31818389892578,-0.0091478926690276,0.0053040288034886,0.1517418979135396,0.1627,0.0022,transition_uncertainty,0.16824334452017395,2.2940964696207988e-05,6.014568469392996e-06,0.9999710444653254
2012-07-23T00:00:00Z,SPY,106.23296356201172,-0.0101121757514657,-0.0025106714461143,0.1552841143367328,0.1862,0.0022,transition_uncertainty,0.16824474594636551,4.4170737293086226e-07,7.491313817413265e-06,0.9999920669784823
2012-07-24T00:00:00Z,SPY,105.32072448730467,-0.00858715641661,-0.0178204085146529,0.1465431959334007,0.2047,0.0022,transition_uncertainty,0.16824617558586485,7.085570488607062e-09,1.8591527438378866e-05,0.9999814013882928
2012-07-25T00:00:00Z,SPY,105.34432983398438,0.0002241282216257,-0.0248235543135181,0.1457808416218019,0.19340000000000002,0.0022,transition_uncertainty,0.1682448899257284,1.077413952395424e-07,8.485579188815231e-06,0.9999914066798711
2012-07-26T00:00:00Z,SPY,107.08223724365234,0.0164973986963208,-0.011326351454871,0.1534678890943965,0.1753,0.0023,transition_uncertainty,0.16824583626497197,1.794681751898155e-07,1.5986416442082938e-05,0.9999838341170038
2012-07-27T00:00:00Z,SPY,109.05604553222656,0.0184326396177458,0.0161935430712985,0.1641606807780762,0.167,0.0025,transition_uncertainty,0.1682491654705844,3.585743670290729e-08,4.220555005446266e-05,0.9999577585922244
2012-07-30T00:00:00Z,SPY,109.05604553222656,0.0,0.0265744442737581,0.1411520879480992,0.18030000000000002,0.0023,transition_uncertainty,0.1682433918139889,1.6199372167154505e-05,3.5156052370887505e-06,0.9999802850231228
2012-07-31T00:00:00Z,SPY,108.29327392578124,-0.0069943083184683,0.0282237845680113,0.143667623113144,0.1893,0.0023,transition_uncertainty,0.1682445498183435,8.967028794975482e-07,6.136956167866403e-06,0.9999929663419588
2012-08-01T00:00:00Z,SPY,108.19892120361328,-0.0008712703822458,0.0270977220523169,0.1418710169919689,0.18960000000000002,0.0024,transition_uncertainty,0.1682443899811187,1.9035707756761915e-06,5.304203905780055e-06,0.9999927922258949
2012-08-02T00:00:00Z,SPY,107.45182037353516,-0.0069048824310568,0.0034513952957657,0.143154545399694,0.1757,0.0024,transition_uncertainty,0.1682444442535741,5.777897617950268e-06,7.383300398511448e-06,0.9999868388033318
2012-08-03T00:00:00Z,SPY,109.58292388916016,0.0198331076031716,0.004831262259348,0.1545214794158732,0.1564,0.0024,transition_uncertainty,0.16824662662450052,4.129058928151911e-06,2.390815918606938e-05,0.9999719627814222
2012-08-06T00:00:00Z,SPY,109.79525756835938,0.0019376529815355,0.006778276550605,0.1542077258253958,0.1595,0.0024,transition_uncertainty,0.1680591478737921,0.0034268822709078404,2.2576449229431245e-06,0.9965708600827144
2012-08-07T00:00:00Z,SPY,110.34574127197266,0.0050137293340792,0.0189528607990747,0.149659304343988,0.15990000000000001,0.0027,transition_uncertainty,0.1675691808218291,0.012506906123059169,3.1143120051623205e-06,0.9874899795651871
2012-08-08T00:00:00Z,SPY,110.47943115234376,0.0012115545088557,0.0210770118903396,0.1495088122215385,0.1532,0.0029,transition_uncertainty,0.1644137698388451,0.07096824430141713,2.477025535639598e-06,0.9290292786733297
2012-08-09T00:00:00Z,SPY,110.57380676269533,0.0008542369323156,0.0290547556877787,0.1472376072311668,0.1528,0.0029,transition_uncertainty,0.1575483494278986,0.1981654573839223,7.95929277314736e-07,0.801833746685118
2012-08-10T00:00:00Z,SPY,110.7546615600586,0.0016356025234025,0.0106927031084114,0.1375658262598443,0.1474,0.0027,stable_low_volatility,0.12472766782560224,0.8062588667692371,6.188996003031971e-08,0.19374107134021867
2012-08-13T00:00:00Z,SPY,110.69959259033205,-0.0004972158187372,0.0082365581355789,0.1369691594501947,0.13699999999999998,0.0027,stable_low_volatility,0.11533671521373332,0.980252488571194,1.893809743195725e-08,0.01974749249232642
2012-08-14T00:00:00Z,SPY,110.71531677246094,0.0001420437217605,0.0033492502404544,0.1358442717435272,0.1485,0.0027,stable_low_volatility,0.11455965937198936,0.9946495886539433,2.88105159079908e-09,0.005350408465581638
2012-08-15T00:00:00Z,SPY,110.84114837646484,0.00113653293575,0.003274068488118,0.1341169221875933,0.1463,0.0027,stable_low_volatility,0.11432133226089661,0.9990652620367361,9.857781320884609e-10,0.0009347369782253006
2012-08-16T00:00:00Z,SPY,111.65900421142578,0.0073786301111131,0.0098142361242878,0.1357825759768086,0.1429,0.0029,stable_low_volatility,0.11430517839716264,0.9993645564056292,4.582905557443593e-10,0.0006354431360131367
2012-08-17T00:00:00Z,SPY,111.80838012695312,0.0013377865634955,0.0095139884141413,0.1297754574632559,0.1345,0.0029,stable_low_volatility,0.11427522278244195,0.9999195671742225,4.510077076017549e-11,8.043278115776197e-05
2012-08-20T00:00:00Z,SPY,111.81629180908205,7.076108356041111e-05,0.0100876542778489,0.1218433986501902,0.1402,0.0029,stable_low_volatility,0.11427314134753049,0.9999581316730883,8.03181806415342e-11,4.186824695461303e-05
2012-08-21T00:00:00Z,SPY,111.4781494140625,-0.003024088793759,0.0068900371135578,0.1165336042786589,0.1502,0.0031,stable_low_volatility,0.11427929669171612,0.9998440882019369,7.350068373909617e-10,0.00015591106290879103
2012-08-22T00:00:00Z,SPY,111.5253448486328,0.000423360405769,0.0061727660006205,0.1164764165579326,0.15109999999999998,0.0026000000000000003,stable_low_volatility,0.114295282983687,0.99954790756704,5.095974210107067e-09,0.00045208733755693726
2012-08-23T00:00:00Z,SPY,110.61314392089844,-0.008179315015546,-0.0093665557732094,0.1112127247992477,0.15960000000000002,0.0026000000000000003,stable_low_volatility,0.1143688468959855,0.9981849238047313,2.5124366200622423e-09,0.001815073682487689
2012-08-24T00:00:00Z,SPY,111.28152465820312,0.0060425073694918,-0.0047121286271367,0.094086718983595,0.1518,0.0028000000000000004,stable_low_volatility,0.11428002264638487,0.9998306366205282,2.099415798770197e-10,0.0001693631681867558
2012-08-27T00:00:00Z,SPY,111.30509185791016,0.0002117799857561,-0.0045717841550738,0.0940595662280992,0.1635,0.0028000000000000004,stable_low_volatility,0.11427671710031724,0.9998918810369554,1.679929909633578e-10,0.00010811879614947637
2012-08-28T00:00:00Z,SPY,111.19503784179688,-0.0009887599414928,-0.0025396149268146,0.08955120441566,0.1649,0.0027,stable_low_volatility,0.11427889479771569,0.9998515350624329,1.010081031424564e-09,0.00014846392794377316
2012-08-29T00:00:00Z,SPY,111.28152465820312,0.0007777938484025,-0.002186231217313,0.0892060392816592,0.1706,0.0027,stable_low_volatility,0.11431301743898527,0.9992193364625683,9.098192536894108e-09,0.0007806544401060078
2012-08-30T00:00:00Z,SPY,110.47943115234376,-0.0072077868120784,-0.0012088325475163,0.0895897559818957,0.1783,0.0027,stable_low_volatility,0.11457330323385276,0.9943970406591176,1.0632754837496198e-07,0.005602853011721187
2012-08-31T00:00:00Z,SPY,111.00630950927734,0.0047690176482448,-0.002473143226345,0.0601053481533489,0.1747,0.0022,stable_low_volatility,0.1146446163736941,0.9930764965713953,4.18085163067066e-07,0.0069230853444921785
2012-09-04T00:00:00Z,SPY,110.90406036376952,-0.000921111114853,-0.0036029932453816,0.060147401086993,0.17980000000000002,0.0023,stable_low_volatility,0.11478060772976022,0.9905569702945575,4.5848305254173233e-07,0.009442571222730197
2012-09-05T00:00:00Z,SPY,110.80967712402344,-0.0008510350246556,-0.0034656287299592,0.0578866853854545,0.17739999999999997,0.0025,stable_low_volatility,0.11503533645796632,0.9858379476555653,6.890344112512639e-07,0.014161363309415042
2012-09-06T00:00:00Z,SPY,113.05876159667967,0.0202968236261438,0.0159706379287603,0.0913505502392668,0.156,0.0027,stable_low_volatility,0.11619643407244835,0.9643247652904476,4.3588288391904217e-07,0.035674798826213175
2012-09-07T00:00:00Z,SPY,113.49915313720705,0.0038952446878763,0.0273328886052941,0.0918517655606119,0.1438,0.0025,stable_low_volatility,0.11441329950449566,0.9973613269123359,7.751612210688506e-09,0.0026386653345667603
2012-09-10T00:00:00Z,SPY,112.8542709350586,-0.0056818239107815,0.016647354857129,0.0951327012275124,0.16280000000000003,0.0025,stable_low_volatility,0.11430824165342664,0.9993078038179856,1.6584545582908793e-09,0.0006921945250622877
2012-09-11T00:00:00Z,SPY,113.16887664794922,0.0027877164974257,0.0204214009545817,0.0951885981187715,0.1641,0.0025,stable_low_volatility,0.11429660012755802,0.9995235001469008,3.544602631578634e-09,0.00047649631023505024
2012-09-12T00:00:00Z,SPY,113.54637145996094,0.0033356769386874,0.024697250339196,0.0954340771578481,0.158,0.0025,stable_low_volatility,0.11434388864845578,0.9986473984528449,2.5154047946622813e-08,0.0013525763944458452
2012-09-13T00:00:00Z,SPY,115.27637481689452,0.0152360954796659,0.0196146958351255,0.107355144153386,0.1405,0.0024,stable_low_volatility,0.11475478562287617,0.9910352086856793,3.78161766634234e-07,0.008964413152124623
2012-09-14T00:00:00Z,SPY,115.78752136230467,0.0044340962857485,0.0201619850179084,0.105898909424356,0.1451,0.0027,stable_low_volatility,0.11438385124719806,0.9979069325023037,5.2244696101702875e-09,0.00209306227279929
2012-09-17T00:00:00Z,SPY,115.39432525634766,-0.0033958418086065,0.0225073831964297,0.1075064379033335,0.1459,0.0025,stable_low_volatility,0.11429260046220671,0.9995975974312871,2.5251003137598566e-10,0.000402402317454552
2012-09-18T00:00:00Z,SPY,115.2999496459961,-0.0008178531322221,0.0188309105928152,0.107717884824649,0.1418,0.0025,stable_low_volatility,0.11427374699579938,0.9999469102490852,4.3644259342382444e-11,5.3089705725329215e-05
2012-09-19T00:00:00Z,SPY,115.36287689208984,0.0005457699356066,0.0159979170516202,0.1064495964845952,0.1388,0.0027,stable_low_volatility,0.11427324710764829,0.9999561722361631,1.1044043092642286e-10,4.382765216378112e-05
2012-09-20T00:00:00Z,SPY,115.37075805664062,6.831629691550489e-05,0.0008187561405883,0.1065140601061363,0.14070000000000002,0.0027,stable_low_volatility,0.1142750145410616,0.9999234259918931,2.8720404541127356e-10,7.657371949023257e-05
2012-09-21T00:00:00Z,SPY,115.32254791259766,-0.000417871433412,-0.00401574750229,0.1003103396130002,0.1398,0.0027,stable_low_volatility,0.11427662346187231,0.9998936219286767,2.7137332256927738e-09,0.00010637535929583603
2012-09-24T00:00:00Z,SPY,115.14859771728516,-0.0015083797441272,-0.0021294594731293,0.0999500413088532,0.14150000000000001,0.0027,stable_low_volatility,0.11444409429783606,0.9967909630805684,9.127634325899801e-08,0.0032089456413930463
2012-09-25T00:00:00Z,SPY,113.92321014404295,-0.010641793278723,-0.0119405039306618,0.1091923339893299,0.1543,0.0027,stable_low_volatility,0.12310941308471803,0.8362613595191863,8.492354295642398e-06,0.16373014812699024
2012-09-26T00:00:00Z,SPY,113.28278350830078,-0.0056215641653043,-0.0180308730141567,0.1116266171744288,0.1681,0.0026000000000000003,stable_low_volatility,0.12556373561685635,0.7907740708584736,2.491962193934065e-06,0.20922343717913514
2012-09-27T00:00:00Z,SPY,114.35009765625,0.0094216801079134,-0.0088467859411094,0.1155751153868821,0.1484,0.0025,stable_low_volatility,0.12274868161566771,0.8429271806011263,9.338708434767491e-07,0.15707188552816628
2012-09-28T00:00:00Z,SPY,113.82040405273438,-0.0046322094547566,-0.0130255868176077,0.1133646666989155,0.1573,0.0023,stable_low_volatility,0.12161958478701179,0.8638462695430382,6.8037491120231e-07,0.136153050082063
2012-10-01T00:00:00Z,SPY,114.12088012695312,0.0026399139655095,-0.0089251420399865,0.1128022771590755,0.1632,0.0025,stable_low_volatility,0.11853598594844365,0.9209771271318181,6.042849484540197e-08,0.07902281243852446
2012-10-02T00:00:00Z,SPY,114.23941802978516,0.0010387047725197,0.0027756230301303,0.1124851805958754,0.15710000000000002,0.0023,stable_low_volatility,0.11493352174301052,0.9877227482102081,6.2978627666649535e-09,0.012277245492773625
2012-10-03T00:00:00Z,SPY,114.70584869384766,0.0040829222706726,0.0125620605486145,0.1124891946961847,0.1543,0.0023,stable_low_volatility,0.11437501274801251,0.9980706791324137,3.9011379524993604e-10,0.0019293204779063115
2012-10-04T00:00:00Z,SPY,115.52808380126952,0.0071682056040267,0.010301575330182,0.0919662680469717,0.14550000000000002,0.0023,stable_low_volatility,0.11427678002847166,0.9998907148713839,6.619175196528986e-11,0.00010928506154389884
2012-10-05T00:00:00Z,SPY,115.53597259521484,6.828464288277658e-05,0.0150725922716423,0.0914175705879618,0.1433,0.0027,stable_low_volatility,0.11427252134335483,0.9999696192275498,1.84913673665897e-10,3.038058583313103e-05
2012-10-08T00:00:00Z,SPY,115.1406707763672,-0.0034214609525348,0.0089360566469485,0.0895843777152533,0.15109999999999998,0.0027,stable_low_volatility,0.1142801218229793,0.9998288071197148,3.626024913148196e-09,0.00017118925474075475
2012-10-09T00:00:00Z,SPY,114.0022964477539,-0.0098868134164712,-0.0020756546743736,0.0972782218145077,0.1637,0.0025,stable_low_volatility,0.1147144432201717,0.9917825122523729,3.131741446580567e-07,0.008217174572668547
2012-10-10T00:00:00Z,SPY,113.27494049072266,-0.006380186888293,-0.0124745879954571,0.0994546985568539,0.1629,0.0027,stable_low_volatility,0.114782530334249,0.9905205043141612,9.87456770320521e-08,0.009479396940991423
2012-10-11T00:00:00Z,SPY,113.33815002441406,0.0005580186881368,-0.0189558564878699,0.0817059324240462,0.1559,0.0028000000000000004,stable_low_volatility,0.11463591505488029,0.9932370364397803,1.298790393119958e-07,0.006762833681390642
2012-10-12T00:00:00Z,SPY,112.96658325195312,-0.0032783910129192,-0.0222388688609017,0.0796649577236488,0.16140000000000002,0.0027,stable_low_volatility,0.11464257481773449,0.9931134997758225,6.772167371558885e-08,0.006886432503497351
2012-10-15T00:00:00Z,SPY,113.9073486328125,0.0083278200842913,-0.0107114378893111,0.0860066731810789,0.1527,0.0027,stable_low_volatility,0.11436857205369995,0.9981900499984183,1.6985348502567658e-08,0.0018099330159951808
2012-10-16T00:00:00Z,SPY,115.06163024902344,0.0101335131584163,0.0092922145805633,0.0940493342405442,0.1522,0.0027,stable_low_volatility,0.1143741013563968,0.9980876602382354,4.087531296290059e-08,0.001912298886220964
2012-10-17T00:00:00Z,SPY,115.5833969116211,0.0045346712146214,0.0203792331375138,0.0954633502433276,0.1507,0.003,stable_low_volatility,0.11488469926321178,0.9886282454823024,3.999633568850742e-07,0.011371354553079714
2012-10-18T00:00:00Z,SPY,115.28297424316406,-0.0025991853197284,0.0171594844130689,0.0959430032225365,0.1503,0.0029,stable_low_volatility,0.12025641463991342,0.8891123442600656,4.739145448751823e-06,0.11088291659513497
2012-10-19T00:00:00Z,SPY,113.36190032958984,-0.0166639863881559,0.0034994160773635,0.1129313215199211,0.1706,0.003,transition_uncertainty,0.16780959761432868,0.008276957318127293,9.874083691133427e-05,0.9916243018449993
2012-10-22T00:00:00Z,SPY,113.3777313232422,0.0001396500376786,-0.0046495447038941,0.1129567324618796,0.16620000000000001,0.0032,transition_uncertainty,0.1679363709429454,0.00570711082901293,4.576122204961121e-06,0.994288313050055
2012-10-23T00:00:00Z,SPY,111.8044204711914,-0.0138767184145291,-0.0283083923874759,0.117288187790983,0.1883,0.0029,transition_uncertainty,0.16825055284954646,7.83541548318516e-08,5.3175445833283335e-05,0.9999467461995163
2012-10-24T00:00:00Z,SPY,111.48820495605467,-0.0028282917062139,-0.0354306246830392,0.1162154584321634,0.1833,0.0029,transition_uncertainty,0.1682459663604329,2.83448340539338e-07,1.7057677722519217e-05,0.999982658873088
2012-10-25T00:00:00Z,SPY,111.81230926513672,0.0029070726289814,-0.0301056162092655,0.1108445698674408,0.1812,0.0031,transition_uncertainty,0.16824531772432127,2.2587234799751943e-06,1.277900574316855e-05,0.9999849622693722
2012-10-26T00:00:00Z,SPY,111.74908447265624,-0.0005654546703847,-0.0142271420313568,0.1100690233654285,0.17809999999999998,0.003,transition_uncertainty,0.16824046232210899,7.668973760257774e-05,6.162825055908947e-06,0.9999171474355838
2012-10-31T00:00:00Z,SPY,111.74908447265624,0.0,-0.0143647860261256,0.1093351296270976,0.18600000000000003,0.003,transition_uncertainty,0.1682383358855215,0.00011162936662615653,4.263224800385425e-06,0.9998841074087903
2012-11-01T00:00:00Z,SPY,112.91917419433594,0.0104706873188387,0.0099705693070675,0.1165410359456665,0.16690000000000002,0.003,transition_uncertainty,0.16819789094219106,0.0008595648822924056,3.6580394210189195e-06,0.9991367770785845
2012-11-02T00:00:00Z,SPY,111.91510772705078,-0.0088919040937824,0.0038291294685779,0.1187727858111567,0.1759,0.0028000000000000004,transition_uncertainty,0.16823416847744302,0.00019110176489721574,5.225891592719427e-06,0.9998036723417172
2012-11-05T00:00:00Z,SPY,112.1443862915039,0.0020486828732033,0.0029699505228868,0.1153350755170583,0.18420000000000003,0.0028000000000000004,transition_uncertainty,0.16822195571640042,0.0004108664701731725,2.4518739691503802e-06,0.9995866816550926
2012-11-06T00:00:00Z,SPY,113.02191925048828,0.007825027966209,0.0113901136983676,0.1198872788610842,0.17579999999999998,0.003,transition_uncertainty,0.16822299758889328,0.00039485304876842194,3.853675398536683e-06,0.9996012932754617
2012-11-07T00:00:00Z,SPY,110.46041870117188,-0.0226637502380347,-0.0115317792317098,0.1427108749810765,0.1908,0.0027,transition_uncertainty,0.168267987126216,9.714165464692459e-11,0.0001907660222217901,0.9998092338802055
2012-11-08T00:00:00Z,SPY,109.1322021484375,-0.0120243664504621,-0.0335370150633672,0.1444850269661759,0.18489999999999998,0.0027,transition_uncertainty,0.16825116597616588,1.4797498923288866e-09,5.7982632242238335e-05,0.9999420158896436
2012-11-09T00:00:00Z,SPY,109.22711944580078,0.0008697460098365,-0.0240181002890665,0.1439739617477085,0.1861,0.0027,transition_uncertainty,0.16824563959220795,1.0629161287839313e-07,1.4402729993923706e-05,0.9999854909799352
2012-11-12T00:00:00Z,SPY,109.3141098022461,0.0007964171982808,-0.0252377901636636,0.1440286090590789,0.1668,0.0027,transition_uncertainty,0.16824405709324777,7.991039755645584e-06,5.2700294069545186e-06,0.9999867389312191
2012-11-13T00:00:00Z,SPY,108.9346160888672,-0.0034715894779313,-0.0361638095400104,0.1440566032478584,0.16649999999999998,0.0027,transition_uncertainty,0.16824586928833857,2.0246160742113457e-07,1.6256896527703714e-05,0.9999835406424029
2012-11-14T00:00:00Z,SPY,107.4640884399414,-0.0134991768615234,-0.0271258274815744,0.1446288426205101,0.17920000000000003,0.0025,transition_uncertainty,0.16824858377608853,8.199661754095104e-09,3.760194655526003e-05,0.999962389852646
2012-11-15T00:00:00Z,SPY,107.28228759765624,-0.0016917357688913,-0.0169511337108827,0.1364032346404025,0.17989999999999998,0.0024,transition_uncertainty,0.16824466831891197,2.704346656404071e-06,7.842544133012332e-06,0.9999894531075857
2012-11-16T00:00:00Z,SPY,107.81195068359376,0.0049370972394242,-0.0129562032706469,0.1367227926359253,0.1641,0.0024,transition_uncertainty,0.1682448320809629,9.538012688121167e-06,1.2046780057392123e-05,0.9999784152061117
2012-11-19T00:00:00Z,SPY,109.99398040771484,0.0202392194027256,0.0062194222383429,0.1602447504956083,0.1524,0.0025,transition_uncertainty,0.16824745041735029,1.21961446299615e-06,2.9171486794561067e-05,0.9999696088996417
2012-11-20T00:00:00Z,SPY,110.04141998291016,0.0004312924672738,0.0101602588211267,0.1510367014584532,0.15080000000000002,0.0027,transition_uncertainty,0.16820816238058248,0.000669853307052063,3.911803773408376e-06,0.9993262348898395
2012-11-21T00:00:00Z,SPY,110.2469482421875,0.0018677354337055,0.0258957186781643,0.1514070693051175,0.1531,0.0027,transition_uncertainty,0.16822316730322465,0.00039084159595556057,3.4842748000266285e-06,0.9996056741307254
2012-11-23T00:00:00Z,SPY,111.74908447265624,0.0136251955670363,0.0416359212226342,0.1525881903331463,0.1514,0.0029,transition_uncertainty,0.16824545909509706,3.04309843964363e-06,1.422915258556246e-05,0.9999827277497487
2012-11-26T00:00:00Z,SPY,111.51192474365234,-0.0021222520982884,0.0343187748352431,0.1524360720792628,0.155,0.0027,transition_uncertainty,0.1682428038593903,3.356988780017221e-05,6.275171565443516e-06,0.9999601549396461
2012-11-27T00:00:00Z,SPY,110.94268798828124,-0.0051047164388892,0.0086250863642702,0.1530750809099597,0.1592,0.0027,transition_uncertainty,0.1682387469600107,0.00010374344014185425,4.1483542497693e-06,0.9998921082041939
2012-11-28T00:00:00Z,SPY,111.83602905273438,0.0080522752842213,0.0163084870233674,0.1559514740943574,0.1551,0.0027,transition_uncertainty,0.16824308689137235,3.349651667294503e-05,8.47812870066201e-06,0.9999580253539769
2012-11-29T00:00:00Z,SPY,112.3578109741211,0.0046655977130651,0.0191466772150146,0.1568089950238266,0.1506,0.0025,transition_uncertainty,0.1682390087184608,0.0001052406710017116,6.85254277990337e-06,0.9998879067862951
2012-11-30T00:00:00Z,SPY,112.3814926147461,0.000210769864771,0.0056591796261613,0.1521679456336753,0.1587,0.0025,transition_uncertainty,0.16823285182366587,0.00021195596710516329,3.717440847413072e-06,0.9997843265915249
2012-12-03T00:00:00Z,SPY,111.82814025878906,-0.0049238744127911,0.0028357103140641,0.1497827590812891,0.16640000000000002,0.0025,transition_uncertainty,0.16823098691560753,0.0002457596453579894,3.3983384449267606e-06,0.9997508420150069
2012-12-04T00:00:00Z,SPY,111.6700210571289,-0.0014139482360543,0.0065559351592823,0.1496474546079577,0.17120000000000002,0.0025,transition_uncertainty,0.16811235393457208,0.002442359946480074,2.798353553037099e-06,0.9975548416981678
2012-12-05T00:00:00Z,SPY,111.86769104003906,0.0017701257780637,0.000283110796877,0.1468743590821129,0.16460000000000002,0.0025,transition_uncertainty,0.1659679207603322,0.04217210036704621,1.9907293294461562e-06,0.9578259089035706
2012-12-06T00:00:00Z,SPY,112.24716186523438,0.0033921396040925,-0.0009847923159717,0.1210498658907235,0.16579999999999998,0.0025,transition_uncertainty,0.1436402813004118,0.45585105044782465,6.437335800288654e-07,0.5441483058195886
2012-12-07T00:00:00Z,SPY,112.58710479736328,0.0030285214029468,0.0018295911349215,0.1111752490136403,0.159,0.0025,stable_low_volatility,0.12807557951153933,0.7442308699373722,6.806414932338112e-07,0.2557684494223561
2012-12-10T00:00:00Z,SPY,112.63455200195312,0.0004214266338515,0.007211170116018,0.1112234398692801,0.1605,0.0024,stable_low_volatility,0.12559082178301728,0.7902677864706852,6.014578899196963e-07,0.20973161207031327
2012-12-11T00:00:00Z,SPY,113.40142059326172,0.0068084666532459,0.0155046047250859,0.1127168675325091,0.1557,0.0024,stable_low_volatility,0.1264319529663623,0.7746866336511881,1.947910642187257e-06,0.22531141843774058
2012-12-12T00:00:00Z,SPY,113.4566650390625,0.0004871583222834,0.0142040475158704,0.1111052801058919,0.1595,0.0025,stable_low_volatility,0.12833564833338754,0.7394153907544446,1.969370311774255e-06,0.2605826398751295
2012-12-13T00:00:00Z,SPY,112.76101684570312,-0.0061313999765449,0.0045778884020755,0.0997898148296287,0.1656,0.0027,stable_low_volatility,0.1335312592474746,0.6431577947353242,4.381233230996814e-06,0.35683782403270653
2012-12-14T00:00:00Z,SPY,112.342041015625,-0.0037156088318308,-0.0021766594156529,0.1011461601074258,0.17,0.0024,transition_uncertainty,0.14224417359008143,0.4817305229148225,6.039065766978317e-06,0.5182634380200889
2012-12-17T00:00:00Z,SPY,113.66230010986328,0.0117521373325828,0.0091246255224803,0.1061883132991787,0.1634,0.0025,transition_uncertainty,0.15102338085738412,0.31908064409077963,1.010635274606524e-05,0.6809092495575141
2012-12-18T00:00:00Z,SPY,114.9272003173828,0.0111285818278963,0.0134546791048908,0.0902817009824371,0.1557,0.0028000000000000004,transition_uncertainty,0.15624914963052577,0.22228560500050137,2.159993509337226e-05,0.7776927950634916
2012-12-19T00:00:00Z,SPY,114.07340240478516,-0.0074290325548678,0.0054358848421141,0.0964548221258311,0.1736,0.0028000000000000004,transition_uncertainty,0.16403691322748523,0.07797330383915584,1.2163128804764447e-05,0.9220145330327771
2012-12-20T00:00:00Z,SPY,114.72960662841795,0.0057524734933767,0.01745807050861,0.0974632836157581,0.17670000000000002,0.0028000000000000004,transition_uncertainty,0.16729929373561728,0.01752490732573661,1.0607076659460355e-05,0.9824644855972926
2012-12-21T00:00:00Z,SPY,113.68817138671876,-0.0090773015989863,0.0119824275838689,0.0950260610679067,0.1784,0.0026000000000000003,transition_uncertainty,0.1681854395481942,0.0011406314874957708,2.5118292378332807e-05,0.9988342502185273
2012-12-24T00:00:00Z,SPY,113.33783721923828,-0.0030815357763894,-0.0028546218958386,0.0954869342109937,0.1784,0.0026000000000000003,transition_uncertainty,0.16809773798391825,0.002713110553047262,2.776686361830341e-06,0.9972841127598945
2012-12-26T00:00:00Z,SPY,112.8601303100586,-0.0042148934627684,-0.0179859076146969,0.0948008570650374,0.1948,0.0026000000000000003,transition_uncertainty,0.16824281451305606,4.197949924558739e-05,9.942227978714498e-06,0.9999480782736274
2012-12-27T00:00:00Z,SPY,112.70889282226562,-0.0013400435333317,-0.011961680407126,0.0911734084948991,0.19469999999999998,0.0026000000000000003,transition_uncertainty,0.16824529283257827,1.3993001617075261e-05,1.758196507296947e-05,0.9999684250325175
2012-12-28T00:00:00Z,SPY,111.49066925048828,-0.0108085843208344,-0.0282310510173702,0.0979381915333576,0.22719999999999999,0.0027,transition_uncertainty,0.16826414210503018,2.7091212678782553e-10,0.00016041399655704068,0.9998395857330569
2012-12-31T00:00:00Z,SPY,113.38556671142578,0.0169960183545063,-0.0026617076482269,0.1155239332191842,0.1802,0.0025,transition_uncertainty,0.16824969036168355,6.785657918018242e-07,4.6622802740640536e-05,0.999952698630362
2013-01-02T00:00:00Z,SPY,116.2917022705078,0.0256305598972605,0.0260624794309038,0.1433665826404831,0.1468,0.0027,transition_uncertainty,0.16826738959721954,5.201839794535693e-08,0.00018607132609370892,0.9998138766558886
2013-01-03T00:00:00Z,SPY,116.02892303466795,-0.0022596559402715,0.0280771669845125,0.1436621179995702,0.1456,0.0027,transition_uncertainty,0.16820752058961644,0.0006992672433469355,1.1377554270923902e-05,0.9992893552035643
2013-01-04T00:00:00Z,SPY,116.53851318359376,0.0043919234583735,0.0339779787151948,0.1439262330733528,0.1383,0.0027,transition_uncertainty,0.16806335933245786,0.0033709362028815,1.1666230284752738e-05,0.9966173975651632
2013-01-07T00:00:00Z,SPY,116.2200698852539,-0.0027325155404906,0.0424196990345442,0.1448077249192212,0.1379,0.0027,transition_uncertainty,0.1673915533061526,0.015817447286824073,1.1419620982321732e-05,0.984171133092391
2013-01-08T00:00:00Z,SPY,115.88566589355467,-0.0028773342851142,0.0220495364149109,0.1456276857833154,0.1362,0.0025,transition_uncertainty,0.1467151654821842,0.39888316704956434,1.9073441708077885e-06,0.6011149256056694
2013-01-09T00:00:00Z,SPY,116.18025970458984,0.0025421074190983,-0.0009583019574237,0.1456244702880872,0.1381,0.0024,stable_low_volatility,0.12632829237183338,0.7766038280222465,4.956000929484924e-07,0.2233956763785967
2013-01-10T00:00:00Z,SPY,117.10379791259766,0.0079491835390632,0.0092638529240551,0.1462187008703529,0.1349,0.0026000000000000003,stable_low_volatility,0.12051243995042056,0.8843582575338481,2.6550418673726386e-07,0.11564147696323696
2013-01-11T00:00:00Z,SPY,117.09587860107422,-6.762642770430372e-05,0.0047826714298508,0.1462882550428881,0.1336,0.0026000000000000003,stable_low_volatility,0.11586528608641074,0.9704592595573159,3.0927590634191996e-08,0.029540709514827852
2013-01-14T00:00:00Z,SPY,117.0162582397461,-0.0006799586994805,0.0068506958847838,0.1437212541413075,0.1352,0.0026000000000000003,stable_low_volatility,0.11453092496612521,0.9951819760247322,3.714729310297245e-09,0.004818020259454477
2013-01-15T00:00:00Z,SPY,117.09587860107422,0.0006804213579021,0.0104431613538049,0.1422989319198318,0.1355,0.0026000000000000003,stable_low_volatility,0.11431904343340255,0.9991076688405369,9.241623660878505e-10,0.0008923302369601134
2013-01-16T00:00:00Z,SPY,117.07992553710938,-0.0001362393293037,0.0077437065023533,0.1378252409072535,0.1342,0.0026000000000000003,stable_low_volatility,0.11428542934266224,0.9997304642590024,9.944132779340906e-10,0.0002695347459640568
2013-01-17T00:00:00Z,SPY,117.83634185791016,0.0064606833095484,0.0062555097133505,0.1344952800692162,0.13570000000000002,0.0028000000000000004,stable_low_volatility,0.11429005043732854,0.999644846509294,1.4134565291324055e-09,0.00035515207652239494
2013-01-18T00:00:00Z,SPY,118.09912109375,0.0022300355874651,0.0085677011408202,0.1305145097109299,0.12460000000000002,0.0026000000000000003,stable_low_volatility,0.11428165438315298,0.9998004054978699,7.925589264520332e-10,0.0001995937107036995
2013-01-22T00:00:00Z,SPY,118.7360382080078,0.0053930724323698,0.0146969318121434,0.1303752504277628,0.1243,0.0026000000000000003,stable_low_volatility,0.11427513015520573,0.9999212835015202,1.1013076560966911e-10,7.871638737159235e-05
2013-01-23T00:00:00Z,SPY,118.9271011352539,0.0016091401576947,0.0156386591574102,0.1239536370630005,0.12460000000000002,0.0026000000000000003,stable_low_volatility,0.11427272481957342,0.9999658490898459,1.1076479504678078e-10,3.415079886707415e-05
2013-01-24T00:00:00Z,SPY,118.95902252197266,0.0002684113748172,0.0160496940550896,0.1226018467168578,0.12689999999999999,0.0023,stable_low_volatility,0.11427535891560663,0.9999170458388971,4.3495680995943333e-10,8.295372602836944e-05
2013-01-25T00:00:00Z,SPY,119.6277313232422,0.0056213373907474,0.0152023513042531,0.120483276202419,0.12890000000000001,0.0028000000000000004,stable_low_volatility,0.11427626717708489,0.9999002173699848,2.7342537948566297e-10,9.978235654158497e-05
2013-01-28T00:00:00Z,SPY,119.4844741821289,-0.0011975245165035,0.0117304267427966,0.1204175178175812,0.13570000000000002,0.0029,stable_low_volatility,0.11427373480808516,0.9999471360173648,2.3899698736185905e-11,5.2863958169049866e-05
2013-01-29T00:00:00Z,SPY,119.9542007446289,0.0039312769773252,0.0102594170649945,0.1088478355194192,0.1331,0.003,stable_low_volatility,0.11427186028135838,0.9999818668991494,3.0421827919508294e-11,1.8133071158032545e-05
2013-01-30T00:00:00Z,SPY,119.4844741821289,-0.0039158825583774,0.0046866781545538,0.1000745226414755,0.1432,0.0027,stable_low_volatility,0.11427372142300317,0.9999473839943872,1.4914239559046276e-11,5.2615990756385573e-05
2013-01-31T00:00:00Z,SPY,119.18987274169922,-0.0024656043594469,0.0019405860508303,0.0549501449597454,0.1428,0.0027,stable_low_volatility,0.11427127545844516,0.9999927023575562,2.0895493090856862e-11,7.297621275401585e-06
2013-02-01T00:00:00Z,SPY,120.4159927368164,0.0102871155653831,0.0065892866549837,0.0618816684397323,0.129,0.0027,stable_low_volatility,0.11427167194766509,0.9999853602328824,1.7033372183646266e-09,1.4638063736896912e-05
2013-02-04T00:00:00Z,SPY,119.06248474121094,-0.0112402677156324,-0.003531751248909,0.0766702530450687,0.1467,0.0025,stable_low_volatility,0.11429102649139954,0.9996267625169504,1.4722085146617956e-09,0.0003732360125448113
2013-02-05T00:00:00Z,SPY,120.26470184326172,0.0100973627810965,0.0025884970822642,0.0815237903085311,0.13720000000000002,0.0027,stable_low_volatility,0.11427239810862835,0.9999719021161904,1.895466548961856e-11,2.809786616564027e-05
2013-02-06T00:00:00Z,SPY,120.35230255126952,0.0007283991617255,0.0072631057305219,0.079816153559179,0.1341,0.0027,stable_low_volatility,0.11427135450469006,0.9999912377881706,1.4836150397818506e-11,8.762196114650026e-06
2013-02-07T00:00:00Z,SPY,120.19302368164062,-0.0013234384906017,0.0084164108650017,0.0805746107236555,0.135,0.0025,stable_low_volatility,0.1142717727313678,0.9999834889512141,8.726865231460789e-12,1.651103885774467e-05
2013-02-08T00:00:00Z,SPY,120.86190032958984,0.005565020559936,0.003703059557446,0.0785633644152071,0.1302,0.0025,stable_low_volatility,0.11427110793534083,0.9999958061431874,9.60281116777055e-13,4.193854713029227e-06
2013-02-11T00:00:00Z,SPY,120.83798217773438,-0.000197896539689,0.0149123163386231,0.0786009433393852,0.1294,0.0027,stable_low_volatility,0.11427100276474386,0.9999977547293124,2.3316955228109574e-13,2.2452717853907612e-06
2013-02-12T00:00:00Z,SPY,121.03700256347656,0.0016470018958893,0.0064216740937117,0.0781489802736944,0.1264,0.0029,stable_low_volatility,0.11427095321598987,0.9999986727534346,2.1301074601180853e-13,1.327245951928842e-06
2013-02-13T00:00:00Z,SPY,121.1405258178711,0.000855302528995,0.0065492994308586,0.0781215133831073,0.1298,0.0029,stable_low_volatility,0.11427099086780755,0.9999979751539777,2.7112552459149447e-13,2.0248472362751577e-06
2013-02-14T00:00:00Z,SPY,121.25199127197266,0.0009201334842243,0.0088105578667938,0.0778822473373188,0.1266,0.0027,stable_low_volatility,0.11427097339571457,0.9999982988752808,4.647974059659307e-12,1.7011188385897074e-06
2013-02-15T00:00:00Z,SPY,121.10870361328124,-0.0011817344786528,0.0020420271650403,0.0764825748006825,0.12460000000000002,0.0029,stable_low_volatility,0.11427245995293328,0.9999707614424476,2.2192344724466392e-09,2.9236339971352888e-05
2013-02-19T00:00:00Z,SPY,122.01632690429688,0.0074942862398543,0.0097514432575458,0.0794645702246215,0.1231,0.0029,stable_low_volatility,0.11428229699674237,0.9997885749306598,3.302777623566928e-08,0.00021139203989618493
2013-02-20T00:00:00Z,SPY,120.4955825805664,-0.0124634494605239,-0.0044731773874374,0.0926270312454109,0.1468,0.0027,stable_low_volatility,0.11774200309278794,0.9357078188661513,8.553236812559485e-06,0.06428362789535226
2013-02-21T00:00:00Z,SPY,119.76309967041016,-0.0060789191974444,-0.0113704818281193,0.0956532974504723,0.1522,0.0026000000000000003,stable_low_volatility,0.12084452552597781,0.8782194115294244,6.2175877256621805e-06,0.12177437088437697
2013-02-22T00:00:00Z,SPY,120.9334945678711,0.0097725835477027,-0.002626733802558,0.1012711166959773,0.1417,0.0027,stable_low_volatility,0.1236579518970172,0.826087809996667,4.091068315080277e-06,0.17390809893474962
2013-02-25T00:00:00Z,SPY,118.63251495361328,-0.0190268181902776,-0.020446000871868,0.1219303270127003,0.18989999999999999,0.0025,transition_uncertainty,0.1683001838364685,1.7209749585999485e-06,0.00044565586604418167,0.9995526231580484
2013-02-26T00:00:00Z,SPY,119.44469451904295,0.0068461801197357,-0.021076133420005,0.1245455239379478,0.16870000000000002,0.0025,transition_uncertainty,0.1682024625225327,0.0008066368791634509,1.7195243572692506e-05,0.9991761678756808
2013-02-27T00:00:00Z,SPY,120.9494171142578,0.0125976511662888,0.0037663997631445,0.1316847405536383,0.14730000000000001,0.0027,transition_uncertainty,0.16262157187813142,0.10418159299562174,5.824728876986726e-06,0.8958125822762809
2013-02-28T00:00:00Z,SPY,120.71060180664062,-0.0019745056513301,0.0079114697167825,0.131013937413516,0.1551,0.0025,transition_uncertainty,0.14654630858517956,0.4020106098946547,1.4367560399323828e-06,0.5979879533481455
2013-03-01T00:00:00Z,SPY,121.10870361328124,0.003297985435267,0.0014488049488377,0.1308723967961914,0.1536,0.0025,stable_low_volatility,0.13622583988794024,0.5932246118791018,7.500389786356008e-07,0.40677463808177255
2013-03-04T00:00:00Z,SPY,121.75359344482422,0.0053248842758832,0.0263087947889439,0.1272816301923154,0.1401,0.0024,stable_low_volatility,0.12159656672390406,0.8642719383789389,3.372675861356651e-07,0.13572772435422864
2013-03-05T00:00:00Z,SPY,122.84439086914062,0.0089590573341946,0.0284625145033599,0.1224477597283559,0.1348,0.0025,stable_low_volatility,0.11705322585945288,0.9484493324516152,2.5524986788806358e-08,0.05155064202270512
2013-03-06T00:00:00Z,SPY,123.01160430908205,0.0013611809115445,0.0170499969658897,0.1182771270535694,0.1353,0.0025,stable_low_volatility,0.11436483802388898,0.9982591942848336,3.35500287700006e-10,0.0017408053780503723
2013-03-07T00:00:00Z,SPY,123.2344970703125,0.0018119653221531,0.020908646182667,0.1182908389514439,0.1306,0.0025,stable_low_volatility,0.11427544556284254,0.9999154396311736,8.186987647552153e-11,8.45602881070093e-05
2013-03-08T00:00:00Z,SPY,123.75997161865234,0.0042640215266998,0.0218916388853191,0.1183799814991775,0.1259,0.0027,stable_low_volatility,0.11427441577125373,0.9999345193512448,5.771880716040518e-11,6.548059243679823e-05
2013-03-11T00:00:00Z,SPY,124.22969818115234,0.0037954643682966,0.0203370156581885,0.1177367515340218,0.11560000000000001,0.0027,stable_low_volatility,0.1142716934673949,0.9999849575655363,1.9468914007748687e-11,1.5042414374948069e-05
2013-03-12T00:00:00Z,SPY,123.95105743408205,-0.0022429479516564,0.0090086861688318,0.1183222496014149,0.1227,0.0027,stable_low_volatility,0.11427182781858537,0.9999824683045291,8.776592410989495e-12,1.753168495702107e-05
2013-03-13T00:00:00Z,SPY,124.12625122070312,0.001413410988561,0.0090613151326797,0.1183153721028799,0.1183,0.0027,stable_low_volatility,0.11427140449625224,0.9999903115454833,1.2282336433529241e-11,9.68844043702429e-06
2013-03-14T00:00:00Z,SPY,124.7870864868164,0.0053238961107291,0.0125986590882751,0.1191666813223332,0.113,0.0027,stable_low_volatility,0.11427210672626663,0.9999773009215142,7.7068376260732e-11,2.269900075420031e-05
2013-03-15T00:00:00Z,SPY,124.62232208251952,-0.0013203642214555,0.0069679271301417,0.1195719476412622,0.113,0.0025,stable_low_volatility,0.11427234209634388,0.9999729411270245,5.427707758619859e-10,2.705833048578209e-05
2013-03-18T00:00:00Z,SPY,123.9345474243164,-0.0055188721146417,-0.0023758470088653,0.1217817751221739,0.1336,0.0026000000000000003,stable_low_volatility,0.11428063841779788,0.9998192322114231,2.119954464230153e-09,0.0001807656671138292
2013-03-19T00:00:00Z,SPY,123.64667510986328,-0.0023227769853996,-0.0024556654095558,0.1199963241415681,0.1439,0.0024,stable_low_volatility,0.11429367305974611,0.9995777250932559,4.812818458601193e-10,0.00042227442710676585
2013-03-20T00:00:00Z,SPY,124.51034545898438,0.006984986441032,0.0030943836175179,0.1111752385941613,0.1267,0.0026000000000000003,stable_low_volatility,0.11427348541394168,0.9999517585415142,7.893674354507046e-10,4.824066915524639e-05
2013-03-21T00:00:00Z,SPY,123.44673919677734,-0.0085423123539353,-0.01074107367817,0.1137838812554262,0.1399,0.0027,stable_low_volatility,0.11430275593031906,0.9994094425667776,1.8079559946254947e-09,0.0005905556265467409
2013-03-22T00:00:00Z,SPY,124.43841552734376,0.0080332322831602,-0.0014757111896375,0.1122886736955088,0.13570000000000002,0.0026000000000000003,stable_low_volatility,0.11427573538638952,0.9999100698136161,7.092968090442304e-11,8.993011717727258e-05
2013-03-25T00:00:00Z,SPY,123.91853332519533,-0.0041778272404489,-0.0001292141654922,0.0850161206077345,0.1374,0.0024,stable_low_volatility,0.11427257129488498,0.9999686933359325,1.4262905899866825e-11,3.130664843583364e-05
2013-03-26T00:00:00Z,SPY,124.91022491455078,0.0080027705521095,0.0102190358419651,0.0859403927546594,0.1277,0.0025,stable_low_volatility,0.11427115187368991,0.9999949920655014,1.3525550615148402e-12,5.007932802874767e-06
2013-03-27T00:00:00Z,SPY,124.91022491455078,0.0,0.0032116163045916,0.077110669425272,0.1315,0.0025,stable_low_volatility,0.11427105568556915,0.9999967742239465,9.18019711223365e-13,3.2257763596598785e-06
2013-03-28T00:00:00Z,SPY,125.29408264160156,0.0030730688965885,0.0149647002168238,0.076069923899148,0.127,0.0025,stable_low_volatility,0.11427104992791744,0.9999968809000607,2.6192126447822477e-12,3.119097095146132e-06
2013-04-01T00:00:00Z,SPY,124.79827117919922,-0.0039571817914225,0.0028918373022548,0.0785822352598419,0.1358,0.0023,stable_low_volatility,0.1142712168434955,0.9999937883232746,2.057526114725764e-12,6.211675574444371e-06
2013-04-02T00:00:00Z,SPY,125.41407012939452,0.0049343548141871,0.0120687096923148,0.0783441105502016,0.1278,0.0025,stable_low_volatility,0.1142711100868078,0.9999957665184892,9.923607933527452e-11,4.233383250837929e-06
2013-04-03T00:00:00Z,SPY,124.14250946044922,-0.0101388996277164,-0.006146137793177,0.0834785467412099,0.1421,0.0024,stable_low_volatility,0.11428431373975383,0.9997511333263612,7.373034731605611e-10,0.0002488659355861897
2013-04-04T00:00:00Z,SPY,124.64632415771484,0.0040583576041381,-0.0021127234140877,0.0843764843283498,0.1389,0.0022,stable_low_volatility,0.11427217232387271,0.9999760856757417,1.3361095252001575e-10,2.391419032317812e-05
2013-04-05T00:00:00Z,SPY,124.08650207519533,-0.0044912843303039,-0.0096379696546442,0.0861902934899263,0.1392,0.0024,stable_low_volatility,0.11427612830713718,0.9999027898478987,6.765152225803224e-11,9.721008626715298e-05
2013-04-08T00:00:00Z,SPY,124.92625427246094,0.0067674741669867,0.0010255197612307,0.0881199726585947,0.1319,0.0024,stable_low_volatility,0.11427123611984023,0.9999934311669875,1.974049536926221e-12,6.568829452955288e-06
2013-04-09T00:00:00Z,SPY,125.35809326171876,0.0034567512791665,-0.0004463364247569,0.0879593610191306,0.12840000000000001,0.0024,stable_low_volatility,0.11427117320773464,0.9999945968848346,4.15132814253086e-11,5.403072685081483e-06
2013-04-10T00:00:00Z,SPY,126.8935317993164,0.0122484196883245,0.0221601959781845,0.0965652584506018,0.1236,0.0024,stable_low_volatility,0.11427688654507032,0.9998887494117878,3.5001986150469455e-09,0.00011124708680874765
2013-04-11T00:00:00Z,SPY,127.30941772460938,0.0032774399088417,0.0213651993742303,0.0968515917659554,0.12240000000000001,0.0024,stable_low_volatility,0.11427992023473905,0.9998325732925074,1.691517109509604e-08,0.00016740979100860948
2013-04-12T00:00:00Z,SPY,126.99754333496094,-0.0024497354180275,0.0234597737149651,0.0964718631839455,0.12060000000000001,0.0022,stable_low_volatility,0.11505226103199533,0.9855284637998185,2.4321626720194567e-06,0.014469104038172222
2013-04-15T00:00:00Z,SPY,124.0545425415039,-0.0231736828616814,-0.0069778105173621,0.1294817010028819,0.1727,0.0022,transition_uncertainty,0.1683043940247994,8.45204820318909e-06,0.0004817583554612684,0.9995097895961798
2013-04-16T00:00:00Z,SPY,125.88595581054688,0.0147629682196461,0.0042108374106015,0.1380572668910841,0.1396,0.0024,transition_uncertainty,0.16823648958371304,0.00020261116993061917,2.845204306722689e-05,0.9997689367884043
2013-04-17T00:00:00Z,SPY,124.04651641845705,-0.0146119507950364,-0.0224362529790876,0.1483805058424163,0.16510000000000002,0.0024,transition_uncertainty,0.1682502022701588,3.597954044831228e-08,5.038996295486087e-05,0.9999495740575665
2013-04-18T00:00:00Z,SPY,123.2707748413086,-0.0062536345199051,-0.0317230488952279,0.1477722482911846,0.17559999999999998,0.0024,transition_uncertainty,0.16824650214112372,8.750238090984658e-08,2.1203575255538913e-05,0.9999787089229479
2013-04-19T00:00:00Z,SPY,124.3424301147461,0.0086935064277569,-0.020906807726287,0.1479390084692136,0.1497,0.0024,transition_uncertainty,0.16818905128407605,0.0010426789634908745,1.1895663296045226e-05,0.9989454253744228
2013-04-22T00:00:00Z,SPY,124.89424896240234,0.0044378965985063,0.0067688486346035,0.1460230230737297,0.1439,0.0024,transition_uncertainty,0.16386064149589477,0.08121920526893096,3.630716014968391e-06,0.9187771640149972
2013-04-23T00:00:00Z,SPY,126.18179321289062,0.0103090755674095,0.0023500429451317,0.1492549944706587,0.1348,0.0023,transition_uncertainty,0.16157350568853168,0.12361194747189351,1.0933256048372692e-05,0.8763771192733147
2013-04-24T00:00:00Z,SPY,126.2617645263672,0.0006337785463361,0.0178582049046607,0.1469017674344939,0.1361,0.0023,transition_uncertainty,0.15255078805237918,0.2907659672617412,3.6401997125186486e-06,0.7092303925392163
2013-04-25T00:00:00Z,SPY,126.77362823486328,0.0040539882395609,0.0284159274415534,0.1474063190974499,0.1362,0.0023,transition_uncertainty,0.14940211329570519,0.3491084069184475,5.5204570544085005e-06,0.6508860726236536
2013-04-26T00:00:00Z,SPY,126.54975128173828,-0.0017659583956234,0.0177519545416251,0.1473928614712313,0.1361,0.0022,stable_low_volatility,0.1399325537752448,0.5245509978937883,2.305882175891681e-06,0.47544669622257985
2013-04-29T00:00:00Z,SPY,127.39740753173828,0.0066982055785542,0.0200422244429323,0.1479574873490431,0.1371,0.002,stable_low_volatility,0.13606523491156228,0.5962035262094583,2.137670341587152e-06,0.4037943361184372
2013-04-30T00:00:00Z,SPY,127.70130920410156,0.0023854619827139,0.0120422760884943,0.1473449065209134,0.1352,0.0022,stable_low_volatility,0.13357067163719277,0.6424225803247838,2.2554724887131115e-06,0.3575751642017542
2013-05-01T00:00:00Z,SPY,126.58169555664062,-0.0087674406350172,0.0025338710533118,0.1460384034239936,0.1449,0.002,stable_low_volatility,0.13311749603516887,0.6508192788920143,2.4046581595622312e-06,0.349178316450741
2013-05-02T00:00:00Z,SPY,127.75725555419922,0.0092869667481469,0.0077589269395497,0.1486307610886644,0.1359,0.002,stable_low_volatility,0.12863497154346307,0.7338682959413233,1.41836835464674e-06,0.26613028569152497
2013-05-03T00:00:00Z,SPY,129.0528106689453,0.0101407556786194,0.01977925173187,0.1501809367404784,0.1285,0.0022,stable_low_volatility,0.12563127294647128,0.7895190543639973,9.163489769302795e-07,0.21048002928828027
2013-05-06T00:00:00Z,SPY,129.3806915283203,0.0025406719751039,0.0155676950968404,0.1491428890673112,0.1266,0.0022,stable_low_volatility,0.1166392594221227,0.9561194820446941,1.366718168014295e-07,0.04388038128389123
2013-05-07T00:00:00Z,SPY,130.03651428222656,0.0050689383876318,0.0182864615302629,0.149493891898667,0.1283,0.0022,stable_low_volatility,0.11543756006946812,0.9783843182765054,1.311414393110928e-07,0.021615550583773346
2013-05-08T00:00:00Z,SPY,130.62832641601562,0.0045511227139218,0.0319685310074258,0.1448741581175976,0.1266,0.0022,stable_low_volatility,0.11511125461165538,0.984429984663258,1.0688200138222407e-07,0.01556990845476589
2013-05-09T00:00:00Z,SPY,130.2604522705078,-0.0028161896856599,0.0195933820388514,0.1454708948543894,0.1313,0.0022,stable_low_volatility,0.11456738472702081,0.9945064667441627,7.974267778552527e-09,0.0054935252802727486
2013-05-10T00:00:00Z,SPY,130.684326171875,0.0032540490530996,0.0126422314591423,0.1450073540388104,0.1259,0.0026000000000000003,stable_low_volatility,0.11431765210600417,0.9991334451222661,9.417493304741516e-11,0.0008665547818394823
2013-05-13T00:00:00Z,SPY,130.7882843017578,0.0007954904228231,0.0108794655277397,0.111510114490758,0.1255,0.0024,stable_low_volatility,0.11427164703152375,0.9999858179167624,1.6231669784052206e-11,1.4182067713649733e-05
2013-05-14T00:00:00Z,SPY,132.13983154296875,0.0103338555775578,0.0161748203752771,0.1062158120114942,0.1277,0.0026000000000000003,stable_low_volatility,0.114273569100761,0.9999502062447571,3.679816149160166e-11,4.979371929424521e-05
2013-05-15T00:00:00Z,SPY,132.8515625,0.0053861954319187,0.0170195557501362,0.0850357608060104,0.12810000000000002,0.0026000000000000003,stable_low_volatility,0.11427137110644232,0.9999909301816152,8.908981438000834e-12,9.06980903221901e-06
2013-05-16T00:00:00Z,SPY,132.22781372070312,-0.004695080491032,0.0151032904914973,0.082817315282687,0.1307,0.0023,stable_low_volatility,0.1142713448771936,0.9999914161858281,2.244483100466112e-11,8.583791951589225e-06
2013-05-17T00:00:00Z,SPY,133.50735473632812,0.0096767917401077,0.0216018909623507,0.083688365466051,0.1245,0.0026000000000000003,stable_low_volatility,0.11427226657688022,0.9999743391399618,3.280625969831393e-11,2.5660827549953e-05
2013-05-20T00:00:00Z,SPY,133.49935913085938,-5.988887641839025e-05,0.0207287284451755,0.0845795099789918,0.1302,0.0026000000000000003,stable_low_volatility,0.1142711739485894,0.9999945830678658,2.285144967388989e-12,5.416929368085093e-06
2013-05-21T00:00:00Z,SPY,133.69126892089844,0.0014375334180514,0.0117408760084971,0.0807076278655729,0.13369999999999999,0.0026000000000000003,stable_low_volatility,0.114271184571537,0.9999943865416966,1.2784814601349163e-10,5.61332965473752e-06
2013-05-22T00:00:00Z,SPY,132.69961547851562,-0.0074174884447356,-0.0011437352984415,0.0884291663015546,0.13820000000000002,0.0026000000000000003,stable_low_volatility,0.11429664373101432,0.9995227154672882,1.3431726046884411e-08,0.0004772710996623186
2013-05-23T00:00:00Z,SPY,132.3157501220703,-0.0028927390261161,0.000665037096907,0.0902213700621861,0.14070000000000002,0.0026000000000000003,stable_low_volatility,0.1142810359827719,0.9998118650918577,1.6434285920751868e-09,0.00018813326465641492
2013-05-24T00:00:00Z,SPY,132.20376586914062,-0.0008463410654164,-0.0097641726911752,0.0897504813883568,0.1399,0.0026000000000000003,stable_low_volatility,0.11427729157011875,0.9998812443643744,3.1480377751648603e-09,0.00011875248752780712
2013-05-28T00:00:00Z,SPY,132.99551391601562,0.0059888463968469,-0.0037741395773284,0.0893165554506994,0.1448,0.0029,stable_low_volatility,0.114301737108244,0.9994283880040221,3.116760214314214e-08,0.0005715808270451625
2013-05-29T00:00:00Z,SPY,132.1318817138672,-0.0064936942361364,-0.011664091601628,0.0944461487654739,0.14830000000000002,0.003,stable_low_volatility,0.11474137102920375,0.9912843601884149,6.374379736282204e-07,0.008715002373055262
2013-05-30T00:00:00Z,SPY,132.61968994140625,0.003691828355214,-0.0006023042103111,0.0860414871508192,0.14529999999999998,0.0031,stable_low_volatility,0.11553596037746713,0.976562674457973,7.692587593350037e-07,0.02343655628419197
2013-05-31T00:00:00Z,SPY,130.71627807617188,-0.014352407746356,-0.012088296702568,0.1006670245052342,0.163,0.003,transition_uncertainty,0.1656958270025697,0.04750149427875001,0.00012473485448680633,0.9523737708658311
2013-06-03T00:00:00Z,SPY,131.43609619140625,0.0055067213190918,-0.0058067156611426,0.0964844191397689,0.16280000000000003,0.003,transition_uncertainty,0.16658766124656244,0.030712260613122645,1.1615348200516067e-05,0.9692761240368598
2013-06-04T00:00:00Z,SPY,130.8042755126953,-0.0048070560296529,-0.0164760324525234,0.0983588246831735,0.1627,0.0032,transition_uncertainty,0.1678619284571734,0.007109020182095593,1.4227820362251457e-05,0.9928767519980244
2013-06-05T00:00:00Z,SPY,128.9728546142578,-0.0140012311620483,-0.02390813676937,0.1095763747043224,0.17500000000000002,0.003,transition_uncertainty,0.1682502402613085,1.7883353157112237e-06,5.143645892147531e-05,0.9999467752072149
2013-06-06T00:00:00Z,SPY,130.14048767089844,0.0090533241288088,-0.0186940737955515,0.1133414592580246,0.1663,0.003,transition_uncertainty,0.16824354870432992,4.4444334542020764e-05,1.678799772981765e-05,0.9999387676665155
2013-06-07T00:00:00Z,SPY,131.79592895507812,0.0127204170954544,0.0082594983180068,0.1215653159289288,0.1514,0.0032,transition_uncertainty,0.16815944714113487,0.0015942161581348516,1.3189789968588352e-05,0.9983925940520728
2013-06-10T00:00:00Z,SPY,131.79592895507812,0.0,0.0027377012411253,0.1211678012228316,0.1544,0.0032,transition_uncertainty,0.16786339183486484,0.00705561781939099,3.0271718909610846e-06,0.9929413550078293
2013-06-11T00:00:00Z,SPY,130.4364013671875,-0.0103153989555626,-0.0028124015370744,0.1270512037759221,0.17070000000000002,0.0034000000000000002,transition_uncertainty,0.16823361360737876,0.00020694126142610354,7.594321516569177e-06,0.9997854644156314
2013-06-12T00:00:00Z,SPY,129.3567657470703,-0.0082771036980539,0.0029766816743006,0.1239383890971582,0.1859,0.0034000000000000002,transition_uncertainty,0.1682442823559955,8.917637528423443e-06,7.4430058443004224e-06,0.9999836393573378
2013-06-13T00:00:00Z,SPY,131.3240966796875,0.0152085661793979,0.0090948561049055,0.1349502510705605,0.1641,0.0032,transition_uncertainty,0.16824416612363424,1.735711027702137e-05,1.0121164407620842e-05,0.9999725217267985
2013-06-14T00:00:00Z,SPY,130.50038146972656,-0.0062723843589045,-0.0098299507095788,0.1357089883154358,0.17149999999999999,0.0029,transition_uncertainty,0.1682428091912171,3.0471663381574564e-05,4.997244065834863e-06,0.999964531092367
2013-06-17T00:00:00Z,SPY,131.50807189941406,0.0077217431729981,-0.0021841118913633,0.1339228763446622,0.168,0.0027,transition_uncertainty,0.1682362630240896,0.0001491138699389198,3.870802438332563e-06,0.9998470153259115
2013-06-18T00:00:00Z,SPY,132.54771423339844,0.0079055400856273,0.0161865310916347,0.137385339079576,0.1661,0.0027,transition_uncertainty,0.16823352470097053,0.0001993826191634477,3.6721042292629986e-06,0.9997969452762593
2013-06-19T00:00:00Z,SPY,130.71627807617188,-0.0138171840066714,0.0105097891188761,0.1453032163372729,0.16640000000000002,0.0031,transition_uncertainty,0.16825290640824359,1.7812467919760456e-06,7.247966031133223e-05,0.99992573909174
2013-06-20T00:00:00Z,SPY,127.47737884521484,-0.0247780863915788,-0.0292917897912915,0.1673144681267399,0.2049,0.0033000000000000004,transition_uncertainty,0.168525228052717,1.7713461537347838e-15,0.002221392483962084,0.9977786075148745
2013-06-21T00:00:00Z,SPY,127.88658142089844,0.0032100014872478,-0.0200290606003666,0.1682833442143737,0.189,0.0038,transition_uncertainty,0.1682650552181827,3.4571082681180287e-09,0.00016762335235532888,0.9998323731899075
2013-06-24T00:00:00Z,SPY,126.27068328857422,-0.0126354001676376,-0.039825605646821,0.1726989980690803,0.2011,0.0042,transition_uncertainty,0.1682835268350497,3.454322325977988e-13,0.0003134344258719502,0.9996865655738708
2013-06-25T00:00:00Z,SPY,127.48462677001952,0.0096138188994432,-0.0381982253912239,0.175432952533665,0.1847,0.0043,transition_uncertainty,0.16825430540624509,9.223910353618775e-11,8.276429579883426e-05,0.9999172356128876
2013-06-26T00:00:00Z,SPY,128.74684143066406,0.0099009166251986,-0.0150664987903049,0.1795611732360829,0.1721,0.0039000000000000003,transition_uncertainty,0.16824548733297917,1.22217843926081e-07,1.3207601556819886e-05,0.9999866701816097
2013-06-27T00:00:00Z,SPY,129.50259399414062,0.0058700668309876,0.0158868590433196,0.1805213622264633,0.1686,0.0036,transition_uncertainty,0.1682445936919184,1.650651209969078e-06,6.80451393072822e-06,0.9999915448345765
2013-06-28T00:00:00Z,SPY,128.97195434570312,-0.0040975213860311,0.0084869961550737,0.1740551574920563,0.1686,0.0036,transition_uncertainty,0.16824459885219287,2.2543740421960064e-06,7.102467372663546e-06,0.9999906431586457
2013-07-01T00:00:00Z,SPY,129.72769165039062,0.0058597026657576,0.0273777592057207,0.1742243753451667,0.1637,0.0034000000000000002,transition_uncertainty,0.1682448022226439,1.7892239438829299e-06,8.509666963341648e-06,0.999989701109654
2013-07-02T00:00:00Z,SPY,129.60711669921875,-0.0009294465170691,0.0166489872777222,0.1735369997946219,0.16440000000000002,0.0034000000000000002,transition_uncertainty,0.16824443402074316,4.750066182822478e-06,6.864612250822882e-06,0.9999883853217062
2013-07-03T00:00:00Z,SPY,129.6633758544922,0.0004340745840678,0.0071188886161663,0.1658849857503115,0.162,0.0036,transition_uncertainty,0.16823897440936364,9.52572724594349e-05,2.3282290980810457e-06,0.9999024144996171
2013-07-05T00:00:00Z,SPY,131.06222534179688,0.010788316115373,0.0120432440737581,0.16719318191075,0.1489,0.004,transition_uncertainty,0.1682428062229981,3.8084842796216886e-05,8.217449637506697e-06,0.9999536977071868
2013-07-08T00:00:00Z,SPY,131.8099365234375,0.0057050090496377,0.0220046458327467,0.1621625692880498,0.1478,0.0037,transition_uncertainty,0.16823830557571962,0.00011618814088514094,5.966255178076479e-06,0.9998778456028573
2013-07-09T00:00:00Z,SPY,132.7586669921875,0.0071977158458103,0.0233641353148037,0.1641456363269349,0.1435,0.0037,transition_uncertainty,0.16824023128353052,8.757589192070266e-05,8.977140139027689e-06,0.9999034469669114
2013-07-10T00:00:00Z,SPY,132.80690002441406,0.0003633136225253,0.0246883304457816,0.1591840469585191,0.1421,0.0038,transition_uncertainty,0.1682340173183546,0.00020092365515070966,8.21732990440107e-06,0.9997908590136342
2013-07-11T00:00:00Z,SPY,134.61575317382812,0.0136201744719703,0.0381941106091012,0.1612843651581252,0.1401,0.0034000000000000002,transition_uncertainty,0.16823983739664827,0.0001571183088930011,3.549676601405278e-05,0.9998073849263815
2013-07-12T00:00:00Z,SPY,134.67202758789062,0.0004180373599353,0.0275426595014678,0.1537077046624308,0.1384,0.0037,transition_uncertainty,0.163065068372103,0.09596315446463968,5.218563928036574e-06,0.9040316269729545
2013-07-15T00:00:00Z,SPY,135.18658447265625,0.0038208148639464,0.0256175523506025,0.1512901258163234,0.1379,0.0034000000000000002,transition_uncertainty,0.14866687613268903,0.3627223067696057,1.9289486870282976e-06,0.6372757642825737
2013-07-16T00:00:00Z,SPY,134.68006896972656,-0.0037467882253666,0.0144728929648874,0.1507963477725713,0.1442,0.0034000000000000002,stable_low_volatility,0.1344902645521015,0.6253804326399511,5.039300878412062e-07,0.3746190634315719
2013-07-17T00:00:00Z,SPY,135.0258026123047,0.0025670735486171,0.0167077357236915,0.1488404569491965,0.1378,0.0032,stable_low_volatility,0.12121396946075377,0.8713600768858977,1.0365355120916752e-07,0.12863981946071934
2013-07-18T00:00:00Z,SPY,135.76544189453125,0.0054777625306938,0.0085405213995908,0.1387685521994426,0.1377,0.0032,stable_low_volatility,0.11542607707643897,0.9785967662870387,5.032952716833356e-10,0.021403233210443556
2013-07-19T00:00:00Z,SPY,136.00662231445312,0.0017764492683582,0.0099099623764964,0.0954988401736993,0.12539999999999998,0.0032,stable_low_volatility,0.11427636934834148,0.9998983237308456,4.68301084511741e-12,0.00010167626460674677
2013-07-22T00:00:00Z,SPY,136.27198791503906,0.0019511226443988,0.0080289286589849,0.095608605967749,0.1229,0.0032,stable_low_volatility,0.11427103508226374,0.9999971559559042,3.17043561080754e-13,2.8440448035524482e-06
2013-07-23T00:00:00Z,SPY,135.98248291015625,-0.0021244645309153,0.0096704282258901,0.0780390850687023,0.1266,0.0033000000000000004,stable_low_volatility,0.11427098775405604,0.9999980328449305,1.1566594019688624e-12,1.967154723943141e-06
2013-07-24T00:00:00Z,SPY,135.4840545654297,-0.0036653864090412,0.0033938102515174,0.0789919018875227,0.1318,0.0034000000000000002,stable_low_volatility,0.1142712068180343,0.9999939740736978,2.386750682150711e-12,6.025924782673932e-06
2013-07-25T00:00:00Z,SPY,135.8136749267578,0.0024329088938577,0.000355267375508,0.0747877026201815,0.1297,0.0032,stable_low_volatility,0.11427108526827433,0.9999962261207017,1.4620142993348555e-12,3.773878425335042e-06
2013-07-26T00:00:00Z,SPY,135.95840454101562,0.0010656483180788,-0.000354525188678,0.0740136606480889,0.1272,0.0031,stable_low_volatility,0.11427104632882548,0.9999969475803684,2.1280628369857135e-12,3.0524166987696616e-06
2013-07-29T00:00:00Z,SPY,135.54034423828125,-0.0030749132732597,-0.0053689954036185,0.0728923557552486,0.13390000000000002,0.0033000000000000004,stable_low_volatility,0.11427114090875326,0.9999951952237931,1.5957497815394682e-12,4.804774759348077e-06
2013-07-30T00:00:00Z,SPY,135.54034423828125,0.0,-0.00325143843834,0.0722692208830539,0.13390000000000002,0.0033000000000000004,stable_low_volatility,0.1142710706090276,0.9999964977239354,2.7502174935288252e-12,3.5022728032427178e-06
2013-07-31T00:00:00Z,SPY,135.6368408203125,0.000711939921457,0.0011277065435699,0.0715602591333037,0.1345,0.0031,stable_low_volatility,0.1142713435830864,0.999991440152627,1.9828802857658972e-11,8.559826477530196e-06
2013-08-01T00:00:00Z,SPY,137.2045440673828,0.0115580931964285,0.0102410095402769,0.0782426977367906,0.1294,0.0034999999999999996,stable_low_volatility,0.11427169002446552,0.9999850213237959,3.433007942696048e-12,1.4978674069481679e-05
2013-08-02T00:00:00Z,SPY,137.43771362304688,0.0016994302721458,0.01088060048237,0.0724991019857719,0.1198,0.003,stable_low_volatility,0.11427095182900847,0.9999986984484451,2.2883157766384433e-13,1.3015500448739769e-06
2013-08-05T00:00:00Z,SPY,137.23670959472656,-0.0014625099837706,0.0125155750930001,0.072608293905949,0.1184,0.0032,stable_low_volatility,0.11427092924300716,0.9999991169246902,4.61280275727458e-13,8.830757200142698e-07
2013-08-06T00:00:00Z,SPY,136.45687866210938,-0.0056823785335579,0.0067620783241988,0.0748286760386317,0.1272,0.0032,stable_low_volatility,0.11427106020749406,0.9999966904452063,1.2632842305626481e-12,3.3095553270019366e-06
2013-08-07T00:00:00Z,SPY,136.01463317871094,-0.0032409174805582,0.0027853226019833,0.076552184793881,0.1298,0.0032,stable_low_volatility,0.11427103376102472,0.9999971804357942,8.641799205395697e-13,2.8195640293022035e-06
2013-08-08T00:00:00Z,SPY,136.51312255859375,0.0036649687480894,-0.0050393484668371,0.062114589490429,0.1273,0.003,stable_low_volatility,0.11427105649221873,0.9999967592828158,6.479164391302793e-12,3.240709125815001e-06
2013-08-09T00:00:00Z,SPY,136.1192169189453,-0.0028854782036017,-0.0095934126765075,0.0634097728327265,0.1341,0.0032,stable_low_volatility,0.11427128399124765,0.999992544219422,4.110506503317571e-12,7.4557747022507825e-06
2013-08-12T00:00:00Z,SPY,135.95840454101562,-0.0011814083387318,-0.0093145999892149,0.0624557231371931,0.12810000000000002,0.0032,stable_low_volatility,0.11427104163136423,0.9999970346078356,7.888897888151599e-13,2.9653895995707165e-06
2013-08-13T00:00:00Z,SPY,136.3603973388672,0.0029567337099067,-0.00070704624192,0.0612288365171238,0.1231,0.0034000000000000002,stable_low_volatility,0.1142709540714641,0.9999986569791796,3.208939351947105e-11,1.3429886467739238e-06
2013-08-14T00:00:00Z,SPY,135.66091918945312,-0.0051296282723186,-0.0026005583442854,0.0640307480314486,0.1304,0.0034000000000000002,stable_low_volatility,0.1142758705348338,0.9999076082723439,1.816471185576877e-08,9.237356286142585e-05
2013-08-15T00:00:00Z,SPY,133.76361083984375,-0.0139856663285595,-0.0201410067194812,0.0787617766132036,0.14730000000000001,0.0036,stable_low_volatility,0.11568162693253957,0.9738793092676311,7.379972160458836e-06,0.026113310760199925
2013-08-16T00:00:00Z,SPY,133.32139587402344,-0.0033059436945805,-0.0205541958604411,0.0786746968574807,0.1437,0.0036,stable_low_volatility,0.11530053951424035,0.9809252219818151,1.0743498516721426e-06,0.01907370366884054
2013-08-19T00:00:00Z,SPY,132.46917724609375,-0.0063922120102534,-0.0256639323379913,0.080107502332948,0.151,0.0036,stable_low_volatility,0.11549889329847136,0.9772500382578541,1.0215911126539895e-06,0.022748940151827567
2013-08-20T00:00:00Z,SPY,133.12045288085938,0.0049164314922536,-0.0237601570634637,0.0831107377340289,0.1491,0.0036,stable_low_volatility,0.11546865466430208,0.9778092879466977,5.930742996113269e-07,0.02219011898003702
2013-08-21T00:00:00Z,SPY,132.3003387451172,-0.0061606922001398,-0.0247719126806359,0.0846176153589771,0.1594,0.0038,stable_low_volatility,0.11588575124640056,0.9700802796290602,1.1380566838293972e-07,0.02991960656691367
2013-08-22T00:00:00Z,SPY,133.50628662109375,0.0091152289360336,-0.0019237236280806,0.0914009632262183,0.1476,0.0042,stable_low_volatility,0.11435938281963938,0.9983602706897612,1.8026587721329474e-09,0.0016397275092204816
2013-08-23T00:00:00Z,SPY,133.95655822753906,0.0033726622007188,0.0047641441896977,0.0924026557397183,0.1398,0.004,stable_low_volatility,0.11428563235509312,0.9997267115094239,4.667291648324085e-09,0.00027328382399386644
2013-08-26T00:00:00Z,SPY,133.4580535888672,-0.00372139031689,0.0074649542129816,0.0926487053832446,0.1499,0.0040999999999999995,stable_low_volatility,0.11497599644596568,0.9869365655488083,3.387428170162957e-07,0.013063095707155263
2013-08-27T00:00:00Z,SPY,131.31153869628906,-0.0160838168612192,-0.0135885519123741,0.1075338211523167,0.1677,0.0038,transition_uncertainty,0.14467298528413675,0.43684686339364553,5.583887217961746e-05,0.563097297732453
2013-08-28T00:00:00Z,SPY,131.77780151367188,0.0035508137518762,-0.0039496288248513,0.1087989374866611,0.1649,0.004,stable_low_volatility,0.13921739536531927,0.5377999319440162,1.7178023554216988e-06,0.46219835025424205
2013-08-29T00:00:00Z,SPY,131.98681640625,0.0015861160998078,-0.0113812634093867,0.098359632537484,0.1681,0.0039000000000000003,stable_low_volatility,0.13732235272419802,0.5729122502862039,2.2891780737970966e-06,0.4270854605351725
2013-08-30T00:00:00Z,SPY,131.5687255859375,-0.0031676710727353,-0.0178254254453565,0.097486871842135,0.17010000000000003,0.0039000000000000003,stable_low_volatility,0.13583569920629748,0.6004565215944752,2.2241538109397316e-06,0.3995412542517476
2013-09-03T00:00:00Z,SPY,132.16368103027344,0.0045220126719804,-0.0096987219863194,0.1003367493752792,0.1661,0.0043,stable_low_volatility,0.12672389991087152,0.7692735967338881,2.857165548781853e-07,0.23072611754776357
2013-09-04T00:00:00Z,SPY,133.257080078125,0.0082730674518751,0.014816225604787,0.1053780932705145,0.15880000000000002,0.0046,stable_low_volatility,0.11652011437230358,0.958326686938417,1.2627876887572405e-08,0.04167330043216837
2013-09-05T00:00:00Z,SPY,133.42593383789062,0.0012671278679274,0.0125069040861769,0.1054256107897742,0.1577,0.005200000000000001,stable_low_volatility,0.11442959973276304,0.9970593072773595,2.545288953846874e-09,0.002940690178309127
2013-09-06T00:00:00Z,SPY,133.49026489257812,0.0004821480565064,0.0113908989341826,0.1041753330889835,0.1585,0.0046,stable_low_volatility,0.11435170863218777,0.9985024728846129,8.773034309654704e-09,0.0014975183437220567
2013-09-09T00:00:00Z,SPY,134.7685546875,0.0095759027517889,0.0243205905302505,0.1105123401261361,0.15630000000000002,0.0045000000000000005,stable_low_volatility,0.11434455298736657,0.9986350430074049,5.25693508437898e-09,0.0013649517357081265
2013-09-10T00:00:00Z,SPY,135.76544189453125,0.0073970312239588,0.0272522741208516,0.1139272992085013,0.14529999999999998,0.005,stable_low_volatility,0.11430889580138603,0.9992956817607479,7.52076613425847e-10,0.000704317487023011
2013-09-11T00:00:00Z,SPY,136.1915283203125,0.003138401200154,0.0220209555880042,0.11399284256074,0.13820000000000002,0.0047,stable_low_volatility,0.11427567411796154,0.9999112049871075,7.568501344651107e-11,8.879493666860728e-05
2013-09-12T00:00:00Z,SPY,135.8297882080078,-0.0026561131721343,0.0180163953211511,0.1128600318025689,0.1429,0.0045000000000000005,stable_low_volatility,0.11427354807538885,0.9999505957438282,1.535757392161847e-11,4.940424019949773e-05
2013-09-13T00:00:00Z,SPY,136.13525390625,0.0022488859201812,0.0198140966743929,0.0998473712136027,0.1416,0.0045000000000000005,stable_low_volatility,0.11427183510166962,0.9999823333815456,1.4189226991641558e-11,1.7666603767561534e-05
2013-09-16T00:00:00Z,SPY,136.9231414794922,0.0057875351948495,0.0159873109642543,0.0999967621378593,0.1438,0.0040999999999999995,stable_low_volatility,0.11427281901619057,0.999964103648748,3.0939744107479544e-11,3.5896320641079026e-05
2013-09-17T00:00:00Z,SPY,137.5341339111328,0.0044623021721432,0.013027556879869,0.0961999245951405,0.14529999999999998,0.0039000000000000003,stable_low_volatility,0.11427243695813509,0.9999711829773673,3.0279271366407766e-10,2.881671826188775e-05
2013-09-18T00:00:00Z,SPY,139.12606811523438,0.0115748298900852,0.0215471537114999,0.1016584104604579,0.1359,0.0034000000000000002,stable_low_volatility,0.11431524457518578,0.9991780665374883,6.552005556865688e-09,0.0008219269089700024
2013-09-19T00:00:00Z,SPY,138.89285278320312,-0.0016762878099745,0.0225507572058094,0.0979200115633542,0.1316,0.0034000000000000002,stable_low_volatility,0.11427531278634588,0.9999178999840149,2.1055117640860785e-10,8.209980465999808e-05
2013-09-20T00:00:00Z,SPY,137.92176818847656,-0.0069916095412217,0.0131230833378166,0.1000762464522554,0.13119999999999998,0.0034000000000000002,stable_low_volatility,0.11427324800707721,0.9999561555931397,1.1871976972695602e-10,4.384428754500834e-05
2013-09-23T00:00:00Z,SPY,137.28358459472656,-0.0046271419090124,0.0026324484768585,0.1022406367618339,0.1431,0.0034999999999999996,stable_low_volatility,0.11427285393536431,0.9999634566831169,3.449000654918835e-11,3.654328324089778e-05
2013-09-24T00:00:00Z,SPY,136.96038818359375,-0.0023542247391552,-0.0041716605996137,0.1014721543429347,0.1408,0.0034999999999999996,stable_low_volatility,0.1142727826641568,0.9999647773566377,1.0807494988801539e-10,3.52225367435739e-05
2013-09-25T00:00:00Z,SPY,136.56454467773438,-0.002890204321915,-0.0184115275605888,0.0796577291084593,0.1401,0.0036,stable_low_volatility,0.11427673260093896,0.9998915947335566,5.484315055476369e-10,0.0001084047178710748
2013-09-26T00:00:00Z,SPY,137.0896759033203,0.0038452969387123,-0.012982503014013,0.079741838634981,0.1406,0.0034000000000000002,stable_low_volatility,0.11427343137307469,0.9999527617172081,1.6083869065834665e-09,4.723667277689586e-05
2013-09-27T00:00:00Z,SPY,136.4595489501953,-0.004596458113807,-0.0106018017132948,0.0831027734180035,0.15460000000000002,0.0034000000000000002,stable_low_volatility,0.11434674630013068,0.9985945354165932,6.050408180076801e-08,0.0014054040810842334
2013-09-30T00:00:00Z,SPY,135.732421875,-0.0053285173576288,-0.0112989672021293,0.0851114482078395,0.166,0.0033000000000000004,stable_low_volatility,0.11501743548482073,0.9861696605858522,7.091511551353017e-07,0.013829630264005245
2013-10-01T00:00:00Z,SPY,136.8069305419922,0.0079163743794516,-0.0011204527355446,0.0874738736176402,0.15539999999999998,0.0033000000000000004,stable_low_volatility,0.11550586587134667,0.9771198505262966,5.949961168966671e-07,0.022879554476318998
2013-10-02T00:00:00Z,SPY,136.67762756347656,-0.0009451493283517,0.0008280544998633,0.0844268854619311,0.166,0.0031,stable_low_volatility,0.120435126494403,0.8857969738400365,2.935935311988097e-06,0.11420009022570578
2013-10-03T00:00:00Z,SPY,135.4173126220703,-0.0092210770985246,-0.0121990461369928,0.0923325649093759,0.17670000000000002,0.0033000000000000004,transition_uncertainty,0.16153934804629752,0.12437569243916878,6.66949125259335e-05,0.8755576126490912
2013-10-04T00:00:00Z,SPY,136.443359375,0.0075769244940875,-0.0001186401048505,0.0954251890332588,0.1674,0.0033000000000000004,transition_uncertainty,0.16273812493140535,0.10202009336904755,4.960866123002232e-06,0.8979749457654373
2013-10-07T00:00:00Z,SPY,135.2638397216797,-0.0086447567600452,-0.0034522492625368,0.0959672178196064,0.1941,0.0037,transition_uncertainty,0.16805102866133645,0.0035960355025044027,1.0234278558642057e-05,0.9963937302181881
2013-10-08T00:00:00Z,SPY,133.6885223388672,-0.0116462565756959,-0.0227942268039397,0.1008007011210485,0.2034,0.004,transition_uncertainty,0.16825024700114238,1.3732003963708826e-07,5.078623800929724e-05,0.9999490764436632
2013-10-09T00:00:00Z,SPY,133.7854766845703,0.0007252256514389,-0.0211603825034427,0.0999221274386797,0.196,0.0037,transition_uncertainty,0.16824604746055197,1.6969089197252606e-06,1.8300084525549057e-05,0.9999800030053295
2013-10-10T00:00:00Z,SPY,136.66958618164062,0.0215577173886389,0.0092475144818833,0.1269238604702544,0.1648,0.0034999999999999996,transition_uncertainty,0.16824844823301904,3.3295814288311314e-06,3.7947076182543795e-05,0.9999587233439152
2013-10-11T00:00:00Z,SPY,137.55018615722656,0.0064432768122644,0.0081119871813224,0.1286240081030838,0.1572,0.0034999999999999996,transition_uncertainty,0.16806186596745565,0.0033784772048617976,3.090685348333788e-06,0.9966184321079744
2013-10-14T00:00:00Z,SPY,138.09951782226562,0.0039936817272725,0.0209640514894495,0.1278104180450934,0.1607,0.0034999999999999996,transition_uncertainty,0.16811973331471847,0.0023070578141894836,3.4040209602372274e-06,0.9976895381636031
2013-10-15T00:00:00Z,SPY,137.09779357910156,-0.0072536404106297,0.0255016001418035,0.12968175086856,0.18660000000000002,0.0037,transition_uncertainty,0.1682432551246469,2.8827878565061217e-05,7.817040306509634e-06,0.999963355081725
2013-10-16T00:00:00Z,SPY,139.01248168945312,0.0139658564909495,0.0390700480681223,0.1327337603673435,0.1471,0.0034000000000000002,transition_uncertainty,0.1681242067634002,0.00225821777016903,1.7908278169912684e-05,0.9977238739525396
2013-10-17T00:00:00Z,SPY,139.9414825439453,0.0066828592886178,0.0239401936723226,0.1346560475258576,0.1348,0.0033000000000000004,transition_uncertainty,0.14195788652241342,0.4870262450326005,2.3969954989534674e-06,0.5129713579712141
2013-10-18T00:00:00Z,SPY,140.88671875,0.006754510448736,0.0242568380747927,0.1334837416397052,0.1304,0.0033000000000000004,stable_low_volatility,0.12582980313861808,0.7858404315009413,7.908707946617534e-07,0.2141587776274944
2013-10-21T00:00:00Z,SPY,140.89483642578125,5.76184600882268e-05,0.0202413349995413,0.1318543972734409,0.1316,0.0033000000000000004,stable_low_volatility,0.11712833087597585,0.9470583834015494,2.7345499535157306e-07,0.0529413431433287
2013-10-22T00:00:00Z,SPY,141.7108154296875,0.0057914046008071,0.0336476738987367,0.1320238566863645,0.1333,0.0031,stable_low_volatility,0.11626507035346051,0.9630522959742024,9.937989669118246e-08,0.03694760464758985
2013-10-23T00:00:00Z,SPY,141.0321807861328,-0.0047888697944258,0.0145289046863545,0.133073674048564,0.1342,0.0031,stable_low_volatility,0.1145573757372095,0.9946918967070266,1.7374387502317007e-09,0.005308101556530115
2013-10-24T00:00:00Z,SPY,141.500732421875,0.003322302988796,0.0111421563469575,0.1329707498363163,0.132,0.0033000000000000004,stable_low_volatility,0.11428530213864056,0.9997328189599101,9.609321441575426e-11,0.0002671809428234013
2013-10-25T00:00:00Z,SPY,142.14703369140625,0.0045674764961947,0.0089455908448166,0.1312803246133667,0.1309,0.0032,stable_low_volatility,0.11427458418305489,0.9999313990441072,5.865888757670544e-11,6.860089586830794e-05
2013-10-28T00:00:00Z,SPY,142.37327575683594,0.0015916059558502,0.0104932115935525,0.1283826591993689,0.1331,0.0032,stable_low_volatility,0.11427312352101729,0.9999584618859291,4.782125845113042e-11,4.153806756842757e-05
2013-10-29T00:00:00Z,SPY,143.1326446533203,0.0053336477119576,0.0100333148131399,0.1272436233515085,0.1341,0.0031,stable_low_volatility,0.11427421626505548,0.9999382163138102,2.9528412030757846e-10,6.178339018188187e-05
2013-10-30T00:00:00Z,SPY,142.42169189453125,-0.0049670902155902,0.0098524400647648,0.1293792297543974,0.1365,0.0033000000000000004,stable_low_volatility,0.11428634660688244,0.999713469765395,1.1648098761388e-09,0.0002865290683667128
2013-10-31T00:00:00Z,SPY,142.01780700683594,-0.0028358382934701,0.0036542184348509,0.1238127531595132,0.1375,0.0031,stable_low_volatility,0.11427928541617637,0.9998442961273181,3.154970882541263e-10,0.0001557035567279143
2013-11-01T00:00:00Z,SPY,142.3570556640625,0.0023887754949647,0.0014774981032119,0.1223011830788442,0.1328,0.0033000000000000004,stable_low_volatility,0.11427587764867844,0.999907433941971,4.594552502274723e-11,9.256601210590716e-05
2013-11-04T00:00:00Z,SPY,142.85797119140625,0.0035187263814013,0.0034043989786267,0.115483880582591,0.1293,0.0032,stable_low_volatility,0.1142716672732853,0.999985442853813,6.8820246483668495e-12,1.455713820713585e-05
2013-11-05T00:00:00Z,SPY,142.40553283691406,-0.0031670501178123,-0.0050799858981672,0.1047977422465181,0.13269999999999998,0.0032,stable_low_volatility,0.11427181124739355,0.9999827753300529,7.750804420377127e-12,1.722466050685368e-05
2013-11-06T00:00:00Z,SPY,143.1326446533203,0.0051059239196762,0.0049918853605217,0.1045993381555347,0.1267,0.003,stable_low_volatility,0.11427156531443824,0.9999873325252495,2.594850878442511e-10,1.2667215799660015e-05
2013-11-07T00:00:00Z,SPY,141.322998046875,-0.0126431437833656,-0.0048924073297899,0.0966221790547011,0.1391,0.0029,stable_low_volatility,0.11431580805556411,0.9991676443887922,1.4178068707393739e-08,0.0008323414334238758
2013-11-08T00:00:00Z,SPY,143.22958374023438,0.013490979668624,0.006129152307216,0.1040594945316872,0.129,0.0032,stable_low_volatility,0.11428268289426916,0.9997813477521055,7.211835378270583e-11,0.00021865217588941887
2013-11-11T00:00:00Z,SPY,143.25390625,0.0001698148464197,0.0027715293398873,0.1039864341764341,0.1253,0.0032,stable_low_volatility,0.11427113071797709,0.9999953840376418,7.543835309111414e-13,4.615962755284569e-06
2013-11-12T00:00:00Z,SPY,142.96298217773438,-0.0020308281978567,0.003914520241701,0.0994573758984187,0.1282,0.0034000000000000002,stable_low_volatility,0.11427116457839326,0.9999947566822031,1.6864323901981784e-12,5.24331774426832e-06
2013-11-13T00:00:00Z,SPY,144.1101531982422,0.0080242521737663,0.0068293892514141,0.0921485102794615,0.1252,0.0032,stable_low_volatility,0.11427127702990107,0.9999926732102832,8.567856129497943e-12,7.326780005818053e-06
2013-11-14T00:00:00Z,SPY,144.8292236328125,0.0049897277784525,0.024810014183074,0.0911594516212371,0.12369999999999999,0.0029,stable_low_volatility,0.11427156304291505,0.9999873740158731,6.926908377929267e-12,1.26259767947203e-05
2013-11-15T00:00:00Z,SPY,145.45932006835938,0.0043506166762612,0.0155675683046661,0.0897998680332657,0.1219,0.0031,stable_low_volatility,0.1142711172710276,0.9999956331835014,3.762957395202345e-12,4.366812720354389e-06
2013-11-18T00:00:00Z,SPY,144.95034790039062,-0.0034990687962074,0.0118422016878902,0.0914846609460768,0.131,0.0031,stable_low_volatility,0.11427130030251575,0.9999922420148214,3.204193019425577e-12,7.757983254588464e-06
2013-11-19T00:00:00Z,SPY,144.6352996826172,-0.0021734905941028,0.011697556104445,0.0908144652717623,0.13390000000000002,0.0029,stable_low_volatility,0.1142712259979739,0.9999936187144945,4.1291834438392436e-12,6.381281876137217e-06
2013-11-20T00:00:00Z,SPY,144.1829071044922,-0.0031278158175612,0.000504849274221,0.0895811065491228,0.134,0.0028000000000000004,stable_low_volatility,0.11427160451407718,0.999986605644728,6.530477317175471e-12,1.3394348117774757e-05
2013-11-21T00:00:00Z,SPY,145.34625244140625,0.0080685384993033,0.0035699204595929,0.0926408652599111,0.1266,0.0029,stable_low_volatility,0.11427125183004008,0.9999931400978955,1.5108667267321828e-12,6.8599014102075425e-06
2013-11-22T00:00:00Z,SPY,146.0733184814453,0.0050023033124446,0.0042211005303571,0.0928526349090039,0.1226,0.0031,stable_low_volatility,0.11427103836882074,0.9999970950599519,6.763623229013934e-13,2.9049390767304357e-06
2013-11-25T00:00:00Z,SPY,145.9279022216797,-0.0009955018567205,0.0067440632978736,0.0932215238562612,0.12789999999999999,0.003,stable_low_volatility,0.11427105446670688,0.9999967967975324,5.351655594360218e-13,3.2032004759715995e-06
2013-11-26T00:00:00Z,SPY,145.96824645996094,0.0002764669241934,0.0092159160334215,0.0920002197532117,0.12810000000000002,0.0029,stable_low_volatility,0.11427106269908853,0.9999966442794092,5.198034646260586e-13,3.3557217778141067e-06
2013-11-27T00:00:00Z,SPY,146.32379150390625,0.0024357697825934,0.0148483925203597,0.0893553835586614,0.1298,0.0028000000000000004,stable_low_volatility,0.1142710336329733,0.9999971828077497,4.419088827228507e-13,2.817192635699956e-06
2013-11-29T00:00:00Z,SPY,146.22683715820312,-0.0006626013767592,0.0060585305916427,0.0883292506363863,0.13699999999999998,0.0028000000000000004,stable_low_volatility,0.11427107349217873,0.9999964443004051,1.6373532606903614e-12,3.5556966568528206e-06
2013-12-02T00:00:00Z,SPY,145.84716796875,-0.0025964398658391,-0.0015481986378234,0.0894027387354183,0.1423,0.003,stable_low_volatility,0.11427173554637851,0.9999841779623472,2.8913058385331743e-11,1.58220099725832e-05
2013-12-03T00:00:00Z,SPY,145.2169647216797,-0.0043209837794405,-0.00487184074585,0.091044364035173,0.14550000000000002,0.0028000000000000004,stable_low_volatility,0.11427351228324692,0.9999512590821584,9.528027328818898e-11,4.87408222602222e-05
2013-12-04T00:00:00Z,SPY,145.20083618164062,-0.000111065122935,-0.0052573782102042,0.0899059457682549,0.147,0.003,stable_low_volatility,0.11427342430151884,0.9999528895170124,2.333094984043251e-10,4.711025025400758e-05
2013-12-05T00:00:00Z,SPY,144.56263732910156,-0.0043952835901075,-0.0120360069726437,0.0904514727378715,0.15080000000000002,0.003,stable_low_volatility,0.11427849696050707,0.9998589043476014,2.605523845667603e-10,0.00014109539065427088
2013-12-06T00:00:00Z,SPY,146.1783447265625,0.0111765213149974,-0.0003316247043499,0.0835555063482667,0.1379,0.003,stable_low_volatility,0.11427367320276226,0.9999482774026295,1.092517972232591e-11,5.1722587294725374e-05
2013-12-09T00:00:00Z,SPY,146.5499725341797,0.0025422904351006,0.0048187741676291,0.0713695086334343,0.1349,0.003,stable_low_volatility,0.11427099683194523,0.9999978646506013,1.0880953237160902e-12,2.1353488576617002e-06
2013-12-10T00:00:00Z,SPY,146.02484130859375,-0.0035832911907469,0.0055632383479604,0.0732737121228078,0.1391,0.003,stable_low_volatility,0.11427126922419195,0.9999928182809117,1.9661632248319952e-10,7.181523450774036e-06
2013-12-11T00:00:00Z,SPY,144.3848876953125,-0.0112306481457873,-0.0056194475719644,0.0847614458164573,0.1542,0.0031,stable_low_volatility,0.11430614331376986,0.9993466879851883,4.44747584608094e-09,0.0006533075677729312
2013-12-12T00:00:00Z,SPY,143.90821838378906,-0.003301379521999,-0.0045268885336028,0.0809073218259013,0.15539999999999998,0.0034000000000000002,stable_low_volatility,0.11427784951908926,0.9998709015701401,9.20368873246088e-10,0.00012909751043245645
2013-12-13T00:00:00Z,SPY,143.8920440673828,-0.0001123932780761,-0.0156404880863604,0.0786825227508646,0.1576,0.0034000000000000002,stable_low_volatility,0.11428662368246331,0.999708344022191,4.509514114211358e-09,0.000291651469514484
2013-12-16T00:00:00Z,SPY,144.78880310058594,0.006232165503071,-0.0120175350642457,0.0804159426628724,0.16030000000000003,0.0034000000000000002,stable_low_volatility,0.11429674063520129,0.9995209139471305,1.0832505887203943e-08,0.00047907521975171615
2013-12-17T00:00:00Z,SPY,144.32830810546875,-0.0031804599890039,-0.011618113657386,0.0802511487110951,0.16210000000000002,0.0034000000000000002,stable_low_volatility,0.11435836737278618,0.9983791964525331,4.9419792742962716e-08,0.001620754129460114
2013-12-18T00:00:00Z,SPY,146.79238891601562,0.0170727478406123,0.0166741911783976,0.1002263896852494,0.138,0.0032,stable_low_volatility,0.11475582635092992,0.9910154857142077,1.904561031711893e-07,0.008984323829107622
2013-12-19T00:00:00Z,SPY,146.62274169921875,-0.0011556949106805,0.0188628790344018,0.0994560484743322,0.14150000000000001,0.0034999999999999996,stable_low_volatility,0.11430449239415116,0.9993772720248913,2.7955602490756268e-09,0.00062272518095061
2013-12-20T00:00:00Z,SPY,147.47555541992188,0.0058163809435003,0.0249041660069888,0.0976090846540107,0.1379,0.0037,stable_low_volatility,0.11429453207685113,0.9995618099108153,7.050347573934864e-10,0.000438189383331437
2013-12-23T00:00:00Z,SPY,148.2634735107422,0.0053427029895007,0.0239981983119397,0.097812423467224,0.1304,0.0038,stable_low_volatility,0.1142721499256058,0.999976500388218,1.5630674597550838e-11,2.3499595412173653e-05
2013-12-24T00:00:00Z,SPY,148.5884246826172,0.0021917142785101,0.0295168469239959,0.0977142909653493,0.12480000000000001,0.0038,stable_low_volatility,0.11427168708450729,0.9999850757908002,4.082945951586842e-12,1.492420465432954e-05
2013-12-26T00:00:00Z,SPY,149.34378051757812,0.0050835442705201,0.0173809529254425,0.0987823811368459,0.1233,0.0042,stable_low_volatility,0.1142711221086894,0.999995543547737,1.032449364615794e-12,4.456451821745785e-06
2013-12-27T00:00:00Z,SPY,149.33566284179688,-5.435563337896632e-05,0.0185027309620453,0.0987462034898711,0.12460000000000002,0.004,stable_low_volatility,0.11427110879072427,0.9999957902998563,1.119812446575832e-12,4.209699382902434e-06
2013-12-30T00:00:00Z,SPY,149.31130981445312,-0.0001630757642234,0.0124478554381715,0.0986492199160845,0.1356,0.0039000000000000003,stable_low_volatility,0.11427117628038429,0.9999945398671025,1.4672808773491918e-12,5.460132294488535e-06
2013-12-31T00:00:00Z,SPY,150.01800537109375,0.0047330343395877,0.0118338780200266,0.0984859390414867,0.13720000000000002,0.0038,stable_low_volatility,0.11427149493691673,0.9999886359755661,5.1050007093821635e-11,1.1363973489345751e-05
2014-01-02T00:00:00Z,SPY,148.5802764892578,-0.009583708824014,-5.4837335928259456e-05,0.10421275895326,0.1423,0.0039000000000000003,stable_low_volatility,0.1142799254685204,0.9998324369566252,1.438193351367111e-10,0.00016756289787098923
2014-01-03T00:00:00Z,SPY,148.55589294433594,-0.0001641102405919,-0.0052756637773037,0.1042214085188319,0.1376,0.0040999999999999995,stable_low_volatility,0.11427197724017185,0.999979699880491,1.7074427802144862e-11,2.03001039841495e-05
2014-01-06T00:00:00Z,SPY,148.12542724609375,-0.0028976682762997,-0.0081041298017688,0.1032927667649476,0.1355,0.004,stable_low_volatility,0.11427291513631063,0.9999623227089988,1.3866304897244071e-11,3.7677275859702565e-05
2014-01-07T00:00:00Z,SPY,149.03517150878906,0.0061417157041099,-0.0018494131891764,0.098350714750433,0.1292,0.004,stable_low_volatility,0.11427135266298415,0.9999912718939236,4.271809238429892e-12,8.728103423009101e-06
2014-01-08T00:00:00Z,SPY,149.06761169433594,0.0002176679854726,-0.0063351973945184,0.098203892926641,0.12869999999999998,0.0043,stable_low_volatility,0.11427143257013309,0.9999897913815345,2.6542154784769654e-12,1.0208615935956467e-05
2014-01-09T00:00:00Z,SPY,149.16510009765625,0.0006539878261431,0.0039360783424085,0.0968036812615433,0.12890000000000001,0.0044,stable_low_volatility,0.11427113630528954,0.9999952805158,8.446242970704757e-13,4.719484048724595e-06
2014-01-10T00:00:00Z,SPY,149.5712127685547,0.0027225716379539,0.0068345981037534,0.0851557175201405,0.12140000000000001,0.0039000000000000003,stable_low_volatility,0.11427108564058211,0.9999962196087443,1.6563398256939304e-10,3.780226453860848e-06
2014-01-13T00:00:00Z,SPY,147.58111572265625,-0.0133053480617149,-0.0036746663524095,0.0994523862534383,0.1328,0.0039000000000000003,stable_low_volatility,0.11430161588968012,0.9994305670990143,2.69607290721261e-09,0.0005694302058839433
2014-01-14T00:00:00Z,SPY,149.18946838378906,0.0108980925727335,0.001035305112464,0.1048963895608892,0.12279999999999999,0.0039000000000000003,stable_low_volatility,0.1142730693807864,0.999959464919197,2.1029321792637097e-11,4.0535060002888364e-05
2014-01-15T00:00:00Z,SPY,149.99356079101562,0.005389739744618,0.0062116048292122,0.1044711492806036,0.12279999999999999,0.0040999999999999995,stable_low_volatility,0.11427127651447642,0.9999926827526316,1.9595265421271234e-12,7.317246887363628e-06
2014-01-16T00:00:00Z,SPY,149.79864501953125,-0.00129949426133,0.0042472731319875,0.1034958860801522,0.1253,0.0040999999999999995,stable_low_volatility,0.1142711147575784,0.9999956797457898,1.2818129768263238e-12,4.320252726822648e-06
2014-01-17T00:00:00Z,SPY,149.16510009765625,-0.0042293100968463,-0.0027151793676156,0.0888592935846633,0.1244,0.004,stable_low_volatility,0.11427127807600819,0.9999926538199984,3.748392680902745e-12,7.346176102620094e-06
2014-01-21T00:00:00Z,SPY,149.60369873046875,0.0029403569100638,0.0137048903439209,0.0888506227246589,0.12869999999999998,0.004,stable_low_volatility,0.11427112738641901,0.9999954458866359,5.4722772900814114e-11,4.5540584682798e-06
2014-01-22T00:00:00Z,SPY,149.70118713378906,0.0006516443386599,0.0034299924488208,0.0870276502781523,0.12840000000000001,0.0044,stable_low_volatility,0.11428311265665098,0.9997734126279628,1.1758946593053305e-08,0.00022657561269760022
2014-01-23T00:00:00Z,SPY,148.47470092773438,-0.0081928956579253,-0.0101261671185836,0.0907871065363982,0.1377,0.0039000000000000003,stable_low_volatility,0.12043188452615261,0.8858895415623054,1.6783238269693653e-05,0.11409367519773601
2014-01-24T00:00:00Z,SPY,145.30679321289062,-0.0213363468324858,-0.0299859308210361,0.1184002859987231,0.1814,0.0037,transition_uncertainty,0.16835854902806155,2.671656225632285e-07,0.000905763710057344,0.9990939691259819
2014-01-27T00:00:00Z,SPY,144.59201049804688,-0.0049191279983483,-0.0306579058815731,0.1167798428085375,0.17420000000000002,0.0037,transition_uncertainty,0.16825004374038058,7.936762481206767e-07,4.9461367947946484e-05,0.9999497449575692
2014-01-28T00:00:00Z,SPY,145.4530487060547,0.0059549501043796,-0.0277443008403958,0.1197421782438394,0.158,0.0038,transition_uncertainty,0.16824283767388315,4.363251923567497e-05,1.0829337033558003e-05,0.9999455381427529
2014-01-29T00:00:00Z,SPY,144.05596923828125,-0.0096050201780011,-0.0377099073400308,0.1232156003638325,0.17350000000000002,0.0036,transition_uncertainty,0.16825203913800119,1.2221463310064754e-08,6.487983920567014e-05,0.9999351079378455
2014-01-30T00:00:00Z,SPY,145.58303833007812,0.0106005263084305,-0.0194757933815518,0.1289005758150521,0.1729,0.0036,transition_uncertainty,0.16824430261458712,8.795020818614392e-06,7.550686375673479e-06,0.9999836542909967
2014-01-31T00:00:00Z,SPY,144.73008728027344,-0.0058588628152601,-0.0039688848667401,0.1264255151250205,0.1841,0.0034000000000000002,transition_uncertainty,0.16824518200389055,6.688206421827213e-06,1.3594850509715307e-05,0.9999797169422654
2014-02-03T00:00:00Z,SPY,141.4729461669922,-0.0225049343539309,-0.0215714846229129,0.1474085140283171,0.2144,0.003,transition_uncertainty,0.16831225348662385,2.0751252297204948e-13,0.0005401988876812644,0.9994598011114274
2014-02-04T00:00:00Z,SPY,142.46380615234375,0.0070038831606855,-0.0205512540321646,0.1511263483953614,0.1911,0.0031,transition_uncertainty,0.1682462921197892,6.990587357239278e-08,1.9538199159815957e-05,0.9999803918939248
2014-02-05T00:00:00Z,SPY,142.2852020263672,-0.0012536807123176,-0.0122922168465303,0.1481397529186414,0.1995,0.0032,transition_uncertainty,0.1682448345390427,1.4242301421931467e-07,8.063141907667834e-06,0.9999917944342233
2014-02-06T00:00:00Z,SPY,144.16148376464844,0.013186766519357,-0.009764561735596,0.1578066538691032,0.1723,0.0033000000000000004,transition_uncertainty,0.16824479291559133,1.156659063973557e-06,8.16669344654674e-06,0.9999906766459279
2014-02-07T00:00:00Z,SPY,145.94845581054688,0.0123956274535559,0.0084182118118538,0.1653413050171588,0.1529,0.003,transition_uncertainty,0.16824508674482194,6.906135437275508e-06,1.2935737891499782e-05,0.9999801581256559
2014-02-10T00:00:00Z,SPY,146.216552734375,0.0018369288139379,0.0335301320563687,0.1651009001841364,0.1526,0.0032,transition_uncertainty,0.16824381719384315,1.6487949371306968e-05,6.996451010355616e-06,0.99997651559825
2014-02-11T00:00:00Z,SPY,147.81674194335938,0.0109439675540112,0.0375740051848079,0.1636751058296643,0.1451,0.0034999999999999996,transition_uncertainty,0.16824633497132496,2.841909230213785e-06,2.1057491016481237e-05,0.9999761005983739
2014-02-12T00:00:00Z,SPY,147.889892578125,0.0004948738133712,0.039390537258535,0.1586992921907377,0.14300000000000002,0.0034999999999999996,transition_uncertainty,0.16824404362558792,2.4078407460498358e-05,1.201782627662724e-05,0.9999639037671977
2014-02-13T00:00:00Z,SPY,148.65338134765625,0.0051625486787605,0.0311587912784048,0.1585914945501478,0.1414,0.0032,transition_uncertainty,0.16823580075137903,0.00016996187989815458,9.104085315063914e-06,0.9998209340354294
2014-02-14T00:00:00Z,SPY,149.47381591796875,0.0055191113910402,0.0241548297845513,0.1599403463353226,0.13570000000000002,0.0032,transition_uncertainty,0.16819237640016932,0.0009731483123456606,8.51979263632861e-06,0.9990183318945157
2014-02-18T00:00:00Z,SPY,149.6525115966797,0.0011954982055786,0.0234991100395223,0.1592409145914026,0.1387,0.0031,transition_uncertainty,0.16811971011712348,0.0023126052138981333,5.584398363191825e-06,0.9976818103889639
2014-02-19T00:00:00Z,SPY,148.66151428222656,-0.0066219891926966,0.0057149976907953,0.1606530363560789,0.155,0.0033000000000000004,transition_uncertainty,0.16804001235218055,0.0037881529378456205,5.125630798462878e-06,0.9962067214301379
2014-02-20T00:00:00Z,SPY,149.53872680664062,0.0059007371790167,0.0111490663748003,0.1621374507527482,0.1479,0.0034000000000000002,transition_uncertainty,0.165874055606553,0.04391487463788628,3.5497366177527097e-06,0.9560815756257339
2014-02-21T00:00:00Z,SPY,149.36814880371094,-0.0011406944981566,0.0048082825266049,0.1593270963205966,0.1468,0.0033000000000000004,transition_uncertainty,0.15603170867527286,0.2262659065192397,9.781173336545977e-07,0.7737331153642388
2014-02-24T00:00:00Z,SPY,150.19671630859375,0.0055471498543619,0.0048363011687728,0.1375465308059034,0.1423,0.0034999999999999996,stable_low_volatility,0.1255879016368176,0.7903208389368095,1.534900485989262e-07,0.20967900757292945
2014-02-25T00:00:00Z,SPY,150.13978576660156,-0.0003790398578036,0.0032560373676526,0.1355907492603713,0.13670000000000002,0.0034000000000000002,stable_low_volatility,0.1160563441372598,0.9669193735613079,3.092294872150175e-08,0.0330805955142424
2014-02-26T00:00:00Z,SPY,150.14797973632812,5.457560555810481e-05,0.0099989930903003,0.1348634862517274,0.1435,0.0033000000000000004,stable_low_volatility,0.11457437733829892,0.9943768993402069,3.8504565513517576e-09,0.005623096808447363
2014-02-27T00:00:00Z,SPY,150.9358673095703,0.0052474070888317,0.0093430011928363,0.1286152356922593,0.1404,0.0033000000000000004,stable_low_volatility,0.11433431436755594,0.9988247406447038,4.618848740486391e-09,0.0011752547368950863
2014-02-28T00:00:00Z,SPY,151.31764221191406,0.0025293848914038,0.0130516005173566,0.124921145753923,0.14,0.0033000000000000004,stable_low_volatility,0.1143832483923896,0.9979181960687137,4.526865079860126e-08,0.002081758663140135
2014-03-03T00:00:00Z,SPY,150.25350952148438,-0.0070324429780594,0.0003781255295485,0.1259663159051102,0.16,0.0032,stable_low_volatility,0.11471757157175155,0.9917239691626699,6.537606625710776e-08,0.008275965461406232
2014-03-04T00:00:00Z,SPY,152.36541748046875,0.0140556314838182,0.0148237304489498,0.0941351769866629,0.141,0.0033000000000000004,stable_low_volatility,0.11444360802880409,0.9967997619046169,1.5155969759194347e-09,0.003200236579910302
2014-03-05T00:00:00Z,SPY,152.5034942626953,0.0009062212706125,0.0156879535142842,0.0938044296945706,0.1389,0.0033000000000000004,stable_low_volatility,0.11427297591271364,0.9999611966375499,4.97517103806799e-12,3.8803357052542766e-05
2014-03-06T00:00:00Z,SPY,152.8528289794922,0.0022906669678999,0.01270050455264,0.092301388377299,0.1421,0.0037,stable_low_volatility,0.11427137933626498,0.9999907776898522,2.7263931564713177e-12,9.22230803116659e-06
2014-03-07T00:00:00Z,SPY,152.9177703857422,0.0004248623115683,0.0105746306275855,0.0856945110888235,0.1411,0.0038,stable_low_volatility,0.11427146591563461,0.9999891735646436,3.65963706989611e-12,1.0826431706591778e-05
2014-03-10T00:00:00Z,SPY,152.83657836914062,-0.0005309521345802,0.0171914044196546,0.0789294816534205,0.142,0.0037,stable_low_volatility,0.11427124974556442,0.9999931787693457,2.1985559744192294e-11,6.821210331821019e-06
2014-03-11T00:00:00Z,SPY,152.08116149902344,-0.0049426444780297,-0.0018656200740679,0.083039461471925,0.14800000000000002,0.0037,stable_low_volatility,0.11427488278279777,0.999925871798998,2.253933002147833e-09,7.412594558489557e-05
2014-03-12T00:00:00Z,SPY,152.1217041015625,0.0002665853031331,-0.002503484677375,0.0761854358938105,0.14470000000000002,0.0037,stable_low_volatility,0.11437263459717152,0.998115018626486,1.1865435836382842e-07,0.0018848627207465806
2014-03-13T00:00:00Z,SPY,150.41598510742188,-0.0112128575223021,-0.0159424191775819,0.0885647668745307,0.16219999999999998,0.0034000000000000002,stable_low_volatility,0.12315989796493951,0.8353503078272981,1.8854975950816635e-05,0.16463083719608274
2014-03-14T00:00:00Z,SPY,149.99356079101562,-0.0028083738314419,-0.0191227585083807,0.0879417700543304,0.1782,0.0036,stable_low_volatility,0.12362711859961888,0.8266511749239994,7.216744822900461e-07,0.17334810340309675
2014-03-17T00:00:00Z,SPY,151.35008239746094,0.0090438656119067,-0.0097260484861771,0.0914181506847292,0.1564,0.0038,stable_low_volatility,0.11598074363374115,0.9683200333634369,8.997204949886113e-09,0.03167995764017681
2014-03-18T00:00:00Z,SPY,152.43040466308594,0.0071379033860581,0.0022964262017735,0.0942771107939861,0.1452,0.0036,stable_low_volatility,0.11432919520105288,0.9989195816221497,2.094141605210028e-09,0.0010804162820038628
2014-03-19T00:00:00Z,SPY,151.61814880371094,-0.005328699751013,-0.0033102133638692,0.0929971163599008,0.1512,0.0047,stable_low_volatility,0.11430056916870811,0.9994499561041237,8.099415151136204e-10,0.0005500430842797199
2014-03-20T00:00:00Z,SPY,152.5034942626953,0.0058393105704686,0.0138782400938477,0.0929546938785145,0.1452,0.0045000000000000005,stable_low_volatility,0.11427378119585853,0.9999462769544545,1.9515104697804147e-10,5.3722849405493775e-05
2014-03-21T00:00:00Z,SPY,151.91201782226562,-0.0038784451680223,0.0127902626028257,0.0942870797220385,0.15,0.0045000000000000005,stable_low_volatility,0.11427869012607376,0.9998553258954662,4.662730720173508e-10,0.00014467363663101023
2014-03-24T00:00:00Z,SPY,151.2838897705078,-0.0041348147484467,-0.0004373478091627,0.0941621614812487,0.1509,0.0047,stable_low_volatility,0.11427503418719803,0.9999230614507438,5.322761084024541e-11,7.69384971087276e-05
2014-03-25T00:00:00Z,SPY,152.00180053710938,0.0047454541768499,-0.002811802060907,0.095370963671759,0.1402,0.0047,stable_low_volatility,0.1142721971724958,0.9999756253188289,1.480344589639027e-10,2.437453269504053e-05
2014-03-26T00:00:00Z,SPY,150.9085235595703,-0.0071925264942644,-0.0046803449965565,0.0993504038149554,0.1493,0.0045000000000000005,stable_low_volatility,0.11428196844604141,0.9997945879691816,1.3774892018074204e-09,0.00020541065248194597
2014-03-27T00:00:00Z,SPY,150.59036254882812,-0.0021083037805786,-0.0125448385502021,0.0978760943410416,0.1462,0.0045000000000000005,stable_low_volatility,0.11428405136036733,0.9997559937739952,3.671053438522873e-10,0.00024400585907201507
2014-03-28T00:00:00Z,SPY,151.33273315429688,0.004929735163019,-0.0038132905893364,0.0990924246784148,0.1441,0.0045000000000000005,stable_low_volatility,0.1142730561697669,0.9999597096907087,2.2438304766481756e-11,4.02902861308128e-05
2014-03-31T00:00:00Z,SPY,152.57284545898438,0.008194607199905,0.0085201120253575,0.0994310263073876,0.1388,0.0044,stable_low_volatility,0.11427213982946609,0.9999766874268824,4.873202521711345e-12,2.3312568988200034e-05
2014-04-01T00:00:00Z,SPY,153.58450317382812,0.0066306537824629,0.0104123940053746,0.0894169001534957,0.131,0.0044,stable_low_volatility,0.11427119365523083,0.9999942179550813,4.836804357061328e-12,5.782040243256129e-06
2014-04-02T00:00:00Z,SPY,154.0985107421875,0.0033467410952108,0.0211385487537285,0.0900160340793978,0.1309,0.0047,stable_low_volatility,0.11427163830969675,0.9999859805321221,4.5013915142094797e-10,1.401901865032088e-05
2014-04-03T00:00:00Z,SPY,153.89459228515625,-0.0013232993365679,0.0219418406357627,0.0899883468063927,0.13369999999999999,0.0046,stable_low_volatility,0.1143328249315768,0.998852473256594,6.283127539468393e-08,0.0011474639138433634
2014-04-04T00:00:00Z,SPY,152.0751495361328,-0.0118226555072976,0.0049058545785924,0.099909337564551,0.1396,0.0043,stable_low_volatility,0.1216315027125725,0.8636649301565366,1.7498313693579285e-05,0.13631757152845003
2014-04-07T00:00:00Z,SPY,150.39454650878906,-0.0110511351293752,-0.0142771077228214,0.1070710729891226,0.1557,0.0040999999999999995,stable_low_volatility,0.13575146471257668,0.6020577896196657,1.9516846438380813e-05,0.3979226935330871
2014-04-08T00:00:00Z,SPY,151.01461791992188,0.0041229647319465,-0.0167327119650713,0.1072488950715265,0.1489,0.004,stable_low_volatility,0.13769945103827214,0.5659310694807246,4.684703863075589e-06,0.4340642458167891
2014-04-09T00:00:00Z,SPY,152.63812255859375,0.0107506456065913,-0.0094769779186058,0.1142068343438667,0.13820000000000002,0.0037,transition_uncertainty,0.1431525307971003,0.46491168900711377,1.073834266391804e-05,0.5350775726507999
2014-04-10T00:00:00Z,SPY,149.4318389892578,-0.0210057848956123,-0.0289987661660603,0.1315804602567352,0.1589,0.0037,transition_uncertainty,0.1682911180473929,2.6444796554328608e-06,0.00037448516590523386,0.999622870354558
2014-04-11T00:00:00Z,SPY,148.08566284179688,-0.0090086299985755,-0.0262336529439877,0.1349613673279082,0.1703,0.0037,transition_uncertainty,0.16824648244574852,1.0061090394967533e-05,2.5297402466746228e-05,0.9999646415083894
2014-04-14T00:00:00Z,SPY,149.25233459472656,0.0078783572328406,-0.0075947694951541,0.1339244710007251,0.1611,0.0037,transition_uncertainty,0.1672631762162644,0.018178869446096205,4.124144887224917e-06,0.9818170064081937
2014-04-15T00:00:00Z,SPY,150.28033447265625,0.0068876636383683,-0.0048623335765746,0.1337350291709904,0.1561,0.0039000000000000003,transition_uncertainty,0.1617332295978363,0.12063360023779794,2.8322140458605425e-06,0.8793635675479234
2014-04-16T00:00:00Z,SPY,151.85494995117188,0.0104778544980024,-0.0051309109041303,0.1381290498478366,0.1418,0.0039000000000000003,transition_uncertainty,0.14140378336094878,0.4972883278922873,5.94136978565014e-07,0.5027110779697899
2014-04-17T00:00:00Z,SPY,152.0670623779297,0.0013968094344374,0.0176349525408792,0.1365724339184034,0.1336,0.0043,stable_low_volatility,0.11913086468113539,0.909955630389685,1.879831957830183e-07,0.09004418162839245
2014-04-21T00:00:00Z,SPY,152.5973358154297,0.0034871025270555,0.0304666426651494,0.1363982152082145,0.1325,0.0042,stable_low_volatility,0.11586522959624003,0.9704603612818994,5.439569713211638e-08,0.02953958432326776
2014-04-22T00:00:00Z,SPY,153.29083251953125,0.0045446186881032,0.0270581893125534,0.1361900312798773,0.1319,0.0045000000000000005,stable_low_volatility,0.11466963453587808,0.9926119977859775,6.008633134642078e-09,0.0073879962038819755
2014-04-23T00:00:00Z,SPY,152.931884765625,-0.0023416126588033,0.0176440270929207,0.1356976539105767,0.13269999999999998,0.0043,stable_low_volatility,0.11431144251522189,0.999248496139136,4.905926622980993e-10,0.0007515033717493411
2014-04-24T00:00:00Z,SPY,153.2418670654297,0.0020269304879081,0.0091331702700752,0.1328370549298832,0.1332,0.0043,stable_low_volatility,0.11427971601495845,0.9998363199249135,1.1020848831677533e-09,0.00016367897283750231
2014-04-25T00:00:00Z,SPY,151.98545837402344,-0.0081988605037669,-0.0005366316849301,0.136327802693101,0.1406,0.0043,stable_low_volatility,0.11431913216514335,0.9991060373594624,6.261145253190316e-09,0.00089395637998142
2014-04-28T00:00:00Z,SPY,152.466796875,0.0031670036470992,-0.0008554470478276,0.1357076386800002,0.13970000000000002,0.0044,stable_low_volatility,0.11430474122277688,0.9993726579262984,1.1548312662579035e-09,0.0006273409203401748
2014-04-29T00:00:00Z,SPY,153.17654418945312,0.0046550942828229,-0.0007455653296394,0.1335884234392611,0.1371,0.0044,stable_low_volatility,0.11427980628956774,0.999834645118618,1.5615542247000913e-10,0.0001653547263807395
2014-04-30T00:00:00Z,SPY,153.63348388671875,0.0029830918283446,0.004587657584741,0.1318883521260022,0.1341,0.0042,stable_low_volatility,0.11427554334516096,0.9999136279779886,9.823465741119844e-11,8.637192491599082e-05
2014-05-01T00:00:00Z,SPY,153.64979553222656,0.0001061724638089,0.0026619909728893,0.1313051954011963,0.1325,0.0040999999999999995,stable_low_volatility,0.11427414405042444,0.9999395537495283,6.470461931223287e-11,6.0446184541654734e-05
2014-05-02T00:00:00Z,SPY,153.42950439453125,-0.0014337222964224,0.0095012117340471,0.1313189428168438,0.1291,0.0042,stable_low_volatility,0.1142737691105132,0.9999465005071805,4.002280373343294e-11,5.349945242647258e-05
2014-05-05T00:00:00Z,SPY,153.72323608398438,0.0019144407108153,0.0082407398511459,0.1238797365571465,0.1329,0.0043,stable_low_volatility,0.11427237502987853,0.9999723298796384,9.038108201087863e-11,2.7670030414045137e-05
2014-05-06T00:00:00Z,SPY,152.38523864746094,-0.0087039374827657,-0.0051659707181634,0.1211788067058454,0.138,0.0043,stable_low_volatility,0.11428204804428096,0.9997931108905515,3.9818166559813393e-10,0.00020688871056047473
2014-05-07T00:00:00Z,SPY,153.28271484375,0.0058895218740009,-0.0022831549092995,0.1220017331523132,0.134,0.0040999999999999995,stable_low_volatility,0.11427517153267719,0.9999205167671905,6.479718564282884e-11,7.948316887143655e-05
2014-05-08T00:00:00Z,SPY,153.1195068359375,-0.0010647515473539,-0.0034512814966801,0.1162913795198707,0.1343,0.004,stable_low_volatility,0.11427265678941534,0.9999671092907539,2.541199105531014e-12,3.2890707958239096e-05
2014-05-09T00:00:00Z,SPY,153.3479461669922,0.0014919022126909,-0.0005315680830809,0.0844885980860572,0.1292,0.004,stable_low_volatility,0.11427104929198897,0.9999968926797993,8.471683039251974e-13,3.1073196227029777e-06
2014-05-12T00:00:00Z,SPY,154.8409423828125,0.0097360039905227,0.0072709001404152,0.0801340803227491,0.1223,0.0040999999999999995,stable_low_volatility,0.11427110862777876,0.9999957933157281,9.85922706542636e-13,4.206682735156302e-06
2014-05-13T00:00:00Z,SPY,154.97964477539062,0.0008957733687464,0.0170253113159586,0.0774246669516647,0.1213,0.0039000000000000003,stable_low_volatility,0.11427095978101107,0.999998551114144,3.525600526127517e-13,1.4488837566131195e-06
2014-05-14T00:00:00Z,SPY,154.24539184570312,-0.00473773785423,0.0062804015634407,0.078481593529332,0.1217,0.0039000000000000003,stable_low_volatility,0.11427098651036395,0.999998055909671,1.167632392135655e-11,1.944078555049385e-06
2014-05-15T00:00:00Z,SPY,152.89105224609375,-0.008780421790261,-0.0014920018655005,0.0785432938615651,0.1317,0.0038,stable_low_volatility,0.11427350937616222,0.9999513127906611,3.0099574677259036e-11,4.868717880861804e-05
2014-05-16T00:00:00Z,SPY,153.42137145996094,0.003468608568496,0.0004788149747294,0.0792512205910783,0.1244,0.0038,stable_low_volatility,0.11427102579707309,0.9999973279881715,7.611699903611334e-13,2.6720111422417186e-06
2014-05-19T00:00:00Z,SPY,153.98431396484375,0.0036692574152208,-0.0055323120925659,0.0793460561389751,0.1242,0.0036,stable_low_volatility,0.11427100891515359,0.9999976407917164,7.283688611910533e-12,2.35920215025455e-06
2014-05-20T00:00:00Z,SPY,153.01341247558594,-0.0063051973558779,-0.0126870357888244,0.0812763672430596,0.12960000000000002,0.0034999999999999996,stable_low_volatility,0.11427264088397589,0.9999674040301458,2.2484705155895478e-11,3.259594853592637e-05
2014-05-21T00:00:00Z,SPY,154.30245971679688,0.008424406856599,0.0003699810439123,0.0861148374636733,0.1191,0.0037,stable_low_volatility,0.11427110948724212,0.9999957773959999,8.471770867856285e-13,4.222604066715041e-06
2014-05-22T00:00:00Z,SPY,154.677734375,0.0024320717822119,0.0116859822903854,0.0862250161101576,0.12029999999999999,0.0037,stable_low_volatility,0.1142709551245862,0.9999986373923282,1.0876136063158363e-13,1.3626075588734466e-06
2014-05-23T00:00:00Z,SPY,155.29782104492188,0.0040088941852389,0.012230692289507,0.0806074002969423,0.11359999999999999,0.0037,stable_low_volatility,0.11427093324795452,0.9999990427209048,2.681449398944152e-13,9.572795526479398e-07
2014-05-27T00:00:00Z,SPY,156.2523193359375,0.0061462439369288,0.0147288078421516,0.0822939062392476,0.1151,0.0039000000000000003,stable_low_volatility,0.11427097247774723,0.999998315871889,5.565567345529673e-13,1.6841257741805436e-06
2014-05-28T00:00:00Z,SPY,156.13818359375,-0.0007304579072654,0.0204215504223372,0.0815412211949175,0.1168,0.0037,stable_low_volatility,0.11427098359541346,0.999998109889897,4.854401869373809e-13,1.8901091551527772e-06
2014-05-29T00:00:00Z,SPY,156.94586181640625,0.0051728424403714,0.0171313024073693,0.0826185283296081,0.11570000000000001,0.0037,stable_low_volatility,0.1142709702720286,0.9999983567481509,3.481259389339288e-13,1.6432528102261859e-06
2014-05-30T00:00:00Z,SPY,157.19873046875,0.0016111839421388,0.0162983774228171,0.082559093141529,0.114,0.0037,stable_low_volatility,0.11427095565124361,0.9999986276352824,2.594792714560976e-13,1.3723645840301436e-06
2014-06-02T00:00:00Z,SPY,157.3782196044922,0.0011417976163481,0.0133961864086202,0.0819973084170297,0.1158,0.0039000000000000003,stable_low_volatility,0.1142709384071316,0.9999989471331077,1.554980585975437e-13,1.0528676821019432e-06
2014-06-03T00:00:00Z,SPY,157.29664611816406,-0.0005183276728706,0.0066835921966783,0.0821986641177589,0.1187,0.0040999999999999995,stable_low_volatility,0.11427093974568425,0.9999989223257566,9.83997039747614e-14,1.0776729163299793e-06
2014-06-04T00:00:00Z,SPY,157.6148681640625,0.0020230694916367,0.0094575493087241,0.073432408087689,0.1208,0.0040999999999999995,stable_low_volatility,0.11427092711617665,0.9999991563239667,1.847884637450062e-13,8.436749325859155e-07
2014-06-05T00:00:00Z,SPY,158.64283752441406,0.0065220329295427,0.0108124909339306,0.0739397250578343,0.1168,0.004,stable_low_volatility,0.11427097605914412,0.9999982495261834,4.3546979038159377e-13,1.750474807614545e-06
2014-06-06T00:00:00Z,SPY,159.40164184570312,0.0047830985194796,0.0140135443230633,0.0739278883736198,0.1073,0.0040999999999999995,stable_low_volatility,0.11427093257831764,0.9999990551300387,3.074355384460578e-13,9.44871066271293e-07
2014-06-09T00:00:00Z,SPY,159.5647430419922,0.0010232090109016,0.0138934310160259,0.0739901741874182,0.1115,0.0043,stable_low_volatility,0.11427092152737796,0.9999992598753135,1.1833499835624177e-13,7.40124723724341e-07
2014-06-10T00:00:00Z,SPY,159.58106994628906,0.0001023215027682,0.0145230294764766,0.068366296208719,0.1099,0.0045000000000000005,stable_low_volatility,0.11427091453186483,0.999999389481859,2.1213320353736484e-13,6.10516427265491e-07
2014-06-11T00:00:00Z,SPY,159.02626037597656,-0.0034766628053016,0.0089546895439136,0.0706156775179503,0.11599999999999999,0.0044,stable_low_volatility,0.1142709336809347,0.9999990347028072,2.1121812744588913e-12,9.652957246352987e-07
2014-06-12T00:00:00Z,SPY,157.90036010742188,-0.0070799644404186,-0.0046801824058266,0.073714875301389,0.12560000000000002,0.0042,stable_low_volatility,0.11427137455399272,0.9999908662920128,4.002883362081782e-12,9.133702722262266e-06
2014-06-13T00:00:00Z,SPY,158.3817596435547,0.0030487551504334,-0.0063981913256304,0.0637446346103845,0.1218,0.0045000000000000005,stable_low_volatility,0.11427098440297806,0.9999980949341946,1.3501943388308177e-12,1.905065489643172e-06
2014-06-16T00:00:00Z,SPY,158.51231384277344,0.000824300724481,-0.0065956249429223,0.0634997901740008,0.1265,0.0049,stable_low_volatility,0.11427101886733632,0.9999974563793848,8.532325601004686e-13,2.5436192586805777e-06
2014-06-17T00:00:00Z,SPY,158.95286560058594,0.0027792904357542,-0.0039365843700294,0.0632009634112975,0.12060000000000001,0.0051,stable_low_volatility,0.11427096175238428,0.9999985145925284,5.957199994603859e-13,1.4854061006709438e-06
2014-06-18T00:00:00Z,SPY,160.11953735351562,0.0073397340055592,0.0068748203910113,0.0589512915817136,0.1061,0.0048,stable_low_volatility,0.11427095306204742,0.9999986756128821,1.2563677738733689e-12,1.324386995415684e-06
2014-06-19T00:00:00Z,SPY,160.29904174804688,0.0011210649087434,0.015191109374248,0.0544157750217766,0.10619999999999999,0.0048,stable_low_volatility,0.11427091769753848,0.9999993308304022,7.993018530962596e-13,6.69167343036121e-07
2014-06-20T00:00:00Z,SPY,160.6244354248047,0.0020299165435391,0.0141599372699054,0.0543832753238982,0.1085,0.005,stable_low_volatility,0.11427092928854161,0.999999116077042,6.188674250259671e-13,8.839218104631366e-07
2014-06-23T00:00:00Z,SPY,160.5752410888672,-0.0003062693157949,0.0130143027761233,0.0543110553093573,0.10980000000000001,0.0048,stable_low_volatility,0.114270910513164,0.9999994639476044,1.0637973389455412e-12,5.360517703983582e-07
2014-06-24T00:00:00Z,SPY,159.60792541503906,-0.0060240649010938,0.0041210947155816,0.0581130508625943,0.1213,0.0049,stable_low_volatility,0.11427100657266631,0.9999976841745123,1.0474519675479182e-12,2.315824400333342e-06
2014-06-25T00:00:00Z,SPY,160.32931518554688,0.0045197615884795,0.0013101326390176,0.0589395962434624,0.1159,0.0048,stable_low_volatility,0.11427093110750818,0.9999990823748366,4.1742716638039573e-13,9.176241281821653e-07
2014-06-26T00:00:00Z,SPY,160.21463012695312,-0.0007153093522604,-0.0005265884323027,0.0575422351631073,0.11630000000000001,0.0046,stable_low_volatility,0.11427093161679631,0.9999990729452043,3.0823970179916295e-13,9.270559915668959e-07
2014-06-27T00:00:00Z,SPY,160.52603149414062,0.001943651256697,-0.0006126336282759,0.057598574113048,0.1126,0.0045000000000000005,stable_low_volatility,0.11427091636181336,0.9999993555795557,2.7389460286826436e-13,6.444194637814677e-07
2014-06-30T00:00:00Z,SPY,160.44407653808594,-0.0005105399746812,-0.0008168416867495,0.0578607059326742,0.11570000000000001,0.0047,stable_low_volatility,0.11427092149847706,0.9999992604137339,3.918077617362236e-13,7.395867704197059e-07
2014-07-01T00:00:00Z,SPY,161.51795959472656,0.0066931922936133,0.0119670384457457,0.0609612208459149,0.1115,0.0047,stable_low_volatility,0.1142709443138097,0.9999988376882745,3.4567582325830615e-13,1.1623099161112972e-06
2014-07-02T00:00:00Z,SPY,161.68197631835938,0.00101547050275,0.0084367673575296,0.0609132656105046,0.1082,0.0049,stable_low_volatility,0.11427090380042293,0.999999588311851,1.1401422604086713e-13,4.1168659043327066e-07
2014-07-03T00:00:00Z,SPY,162.47714233398438,0.0049180869366618,0.014121757827225,0.0593409271326394,0.1032,0.005200000000000001,stable_low_volatility,0.11427090946140699,0.9999994834326087,3.4056017628980764e-13,5.165674749073956e-07
2014-07-07T00:00:00Z,SPY,161.91148376464844,-0.0034814655231514,0.0086307015604405,0.0599754015122311,0.1133,0.005200000000000001,stable_low_volatility,0.11427091766594695,0.9999993314233923,1.056372718150858e-12,6.68576362270614e-07
2014-07-08T00:00:00Z,SPY,160.8704071044922,-0.0064299124185011,0.0026571910637351,0.0652141674623578,0.1198,0.0051,stable_low_volatility,0.11427106581474024,0.9999965865521567,1.4074408491304528e-12,3.413447130950195e-06
2014-07-09T00:00:00Z,SPY,161.59178161621094,0.0044841964703314,0.0004570514738397,0.0667706881265669,0.1165,0.0051,stable_low_volatility,0.11427093274476743,0.9999990520413976,1.0417075798913902e-12,9.479569150611228e-07
2014-07-10T00:00:00Z,SPY,160.95236206054688,-0.0039570054198839,-0.0045126505404402,0.0671848343537558,0.1259,0.0046,stable_low_volatility,0.11427109072125824,0.9999961250871406,1.3936850704846404e-12,3.874911545467403e-06
2014-07-11T00:00:00Z,SPY,161.1736602783203,0.00137492991678,-0.0080225565081927,0.0607141288353858,0.1208,0.0048,stable_low_volatility,0.11427096389322867,0.9999984749240672,3.8406060094102445e-13,1.5250738686111329e-06
2014-07-14T00:00:00Z,SPY,161.9852752685547,0.0050356552604988,0.0004557521319088,0.0619797493661717,0.1182,0.0048,stable_low_volatility,0.11427092715654877,0.9999991555745437,4.110784387423185e-13,8.444235045932703e-07
2014-07-15T00:00:00Z,SPY,161.68197631835938,-0.001872385929477,0.0050448633062762,0.0628867991178567,0.11960000000000001,0.0049,stable_low_volatility,0.11427097301576593,0.9999983059111198,5.774368748137437e-13,1.694088924185667e-06
2014-07-16T00:00:00Z,SPY,162.2803497314453,0.0037009283700719,0.0042611580140241,0.063315820102754,0.11,0.005,stable_low_volatility,0.1142709250416155,0.9999991949629078,8.293397663294907e-11,8.049556991753289e-07
2014-07-17T00:00:00Z,SPY,160.43592834472656,-0.0113656483349404,-0.0032086122204658,0.0729015569417282,0.1454,0.0047,stable_low_volatility,0.11428319029813575,0.9997719475650231,4.5407940205799834e-10,0.00022805197954657984
2014-07-18T00:00:00Z,SPY,162.075439453125,0.0102191019512514,0.0055950778386957,0.0811854301141362,0.12060000000000001,0.0051,stable_low_volatility,0.11427150273963639,0.9999884913057174,6.3665959779583614e-12,1.1508688753887356e-05
2014-07-21T00:00:00Z,SPY,161.77207946777344,-0.0018717208873544,-0.0013161430903382,0.0814249237653642,0.12810000000000002,0.0051,stable_low_volatility,0.11427101198197402,0.9999975839447953,2.5103930218949817e-13,2.4160532267082407e-06
2014-07-22T00:00:00Z,SPY,162.47714233398438,0.0043583717816484,0.0049180869366618,0.0825911012752405,0.12240000000000001,0.0049,stable_low_volatility,0.11427096155641354,0.9999985182232258,1.1584714141543176e-13,1.481776177071094e-06
2014-07-23T00:00:00Z,SPY,162.8378143310547,0.0022198322292554,0.0034351947141593,0.078917943013057,0.1152,0.005,stable_low_volatility,0.11427092857421957,0.9999991293156352,1.451782030831135e-13,8.706852586619281e-07
2014-07-24T00:00:00Z,SPY,162.84596252441406,5.0038705031951736e-05,0.01502178598368,0.0778695145997824,0.1184,0.0053,stable_low_volatility,0.1142709392826071,0.9999989309113774,4.4288395883228964e-13,1.0690885582337121e-06
2014-07-25T00:00:00Z,SPY,162.0836639404297,-0.004681102141971,5.074480953082272e-05,0.0801281820816818,0.12689999999999999,0.0053,stable_low_volatility,0.1142710532023408,0.9999968202296792,4.986732868238147e-13,3.1797703887446455e-06
2014-07-28T00:00:00Z,SPY,162.149169921875,0.0004041491897011,0.0023309983734038,0.0799673015231437,0.12560000000000002,0.0054,stable_low_volatility,0.11427096961540423,0.9999983689317219,8.87865334219458e-12,1.6310599842139989e-06
2014-07-29T00:00:00Z,SPY,161.4524383544922,-0.0042968555911726,-0.0063067577677223,0.0817210845301029,0.1328,0.0054,stable_low_volatility,0.11427466190706673,0.9999299706398138,5.020183447628876e-09,7.002434044989545e-05
2014-07-30T00:00:00Z,SPY,161.47703552246094,0.0001523493124009,-0.0083566511512321,0.0781946930543697,0.1333,0.005600000000000001,stable_low_volatility,0.11473646219117367,0.9913763331195514,1.0732669928191877e-06,0.008622593614807557
2014-07-31T00:00:00Z,SPY,158.2881622314453,-0.0197481535420686,-0.0279884144642851,0.1052561944032925,0.16949999999999998,0.0053,transition_uncertainty,0.16832300646712137,2.1557122954642755e-05,0.0006342660491019921,0.9993441768270939
2014-08-01T00:00:00Z,SPY,157.8045196533203,-0.0030554563986776,-0.0264008363525276,0.1030417895269267,0.1703,0.0047,transition_uncertainty,0.16824776555228335,2.1212098252121746e-05,4.017702674772872e-05,0.9999386108756044
2014-08-04T00:00:00Z,SPY,158.94395446777344,0.0072205461349037,-0.0197670790152417,0.107147442983231,0.1512,0.0047,transition_uncertainty,0.16816871825443666,0.001410395327465414,8.056900315249755e-06,0.9985815477734684
2014-08-05T00:00:00Z,SPY,157.40277099609375,-0.0096963956687775,-0.0250827265272192,0.1099995362289111,0.16870000000000002,0.0047,transition_uncertainty,0.16823032563082282,0.0002932943893637178,1.8430676020728062e-05,0.9996882749330878
2014-08-06T00:00:00Z,SPY,157.45196533203125,0.0003125379281836,-0.0249265796675454,0.1081846652287282,0.1637,0.0048,transition_uncertainty,0.166912750850063,0.024674930173712018,5.593386867417962e-06,0.9753194764391279
2014-08-07T00:00:00Z,SPY,156.59939575195312,-0.0054147916050475,-0.0106689373082928,0.1087868428453177,0.1666,0.0044,transition_uncertainty,0.15920186480262047,0.16753381507366638,2.6557744634984093e-06,0.8324635291525518
2014-08-08T00:00:00Z,SPY,158.41104125976562,0.0115686621848916,0.0038434995890979,0.1177478616364348,0.1577,0.0045000000000000005,stable_low_volatility,0.13743574542351852,0.5708061262148872,7.094117338709406e-08,0.4291938028456853
2014-08-11T00:00:00Z,SPY,158.87014770507812,0.0028981972573467,-0.0004643571562218,0.1165726218614993,0.1423,0.0047,stable_low_volatility,0.11499654279517794,0.9865550944432808,1.1374819820690269e-09,0.013444904420770691
2014-08-12T00:00:00Z,SPY,158.64883422851562,-0.0013930463322369,0.0079163995940885,0.1165357338612485,0.1413,0.0045000000000000005,stable_low_volatility,0.11429018795764166,0.9996422953149593,3.039119857346783e-11,0.00035770465430227043
2014-08-13T00:00:00Z,SPY,159.72271728515625,0.0067689312806031,0.0144218711296266,0.1186325248892542,0.129,0.0043,stable_low_volatility,0.11427237098169858,0.9999724046998809,1.2639215776681125e-11,2.7595287537847854e-05
2014-08-14T00:00:00Z,SPY,160.4769287109375,0.0047220047254439,0.0247608424053322,0.1131474682834949,0.1242,0.0042,stable_low_volatility,0.11427197079646381,0.9999798192838146,2.3431206341991738e-11,2.018069451184303e-05
2014-08-15T00:00:00Z,SPY,160.44407653808594,-0.0002047158623701,0.0128339240885773,0.1066022052403824,0.1315,0.0042,stable_low_volatility,0.11427237038435427,0.999972415799048,2.6489104086391163e-11,2.7584174258481867e-05
2014-08-18T00:00:00Z,SPY,161.78855895996094,0.0083797573016406,0.0183697900268871,0.1109456559136927,0.1232,0.0044,stable_low_volatility,0.11427184682300298,0.999982116216261,1.7675132699581765e-11,1.788376463351565e-05
2014-08-19T00:00:00Z,SPY,162.63284301757812,0.0052184410507427,0.0251121214248821,0.1114306951256655,0.12210000000000001,0.0046,stable_low_volatility,0.11427184179620059,0.9999822093323056,8.33338963571851e-12,1.779065868931736e-05
2014-08-20T00:00:00Z,SPY,163.0673370361328,0.0026716253033081,0.0209401631015664,0.1115584853587394,0.1178,0.0049,stable_low_volatility,0.11427136024133691,0.999991131480091,4.164672848272679e-12,8.86851628741935e-06
2014-08-21T00:00:00Z,SPY,163.5428009033203,0.0029157517123257,0.0191047536677704,0.1120130220759125,0.1176,0.0049,stable_low_volatility,0.11427126914170396,0.9999928193504697,2.748191239792543e-12,7.18064656344852e-06
2014-08-22T00:00:00Z,SPY,163.28868103027344,-0.0015538432241789,0.017729570038145,0.1107370731296884,0.11470000000000001,0.0053,stable_low_volatility,0.11427122429114409,0.9999936503283291,2.917431272281563e-12,6.349666966581724e-06
2014-08-25T00:00:00Z,SPY,164.1166229248047,0.0050704181655907,0.0143895463301573,0.1119808897385635,0.11699999999999999,0.0053,stable_low_volatility,0.11427118876392531,0.9999943085729756,1.107263161759527e-12,5.691426560231191e-06
2014-08-26T00:00:00Z,SPY,164.22320556640625,0.0006494323347756,0.0097788522866579,0.1104709284799854,0.11630000000000001,0.005200000000000001,stable_low_volatility,0.11427106169967824,0.9999966627930212,5.701344553411266e-13,3.337207030158383e-06
2014-08-27T00:00:00Z,SPY,164.15756225585938,-0.0003997200658729,0.0066857363316419,0.1105345962320146,0.1178,0.0051,stable_low_volatility,0.11427107281276096,0.9999964568841292,1.641179945728103e-13,3.5431141053924145e-06
2014-08-28T00:00:00Z,SPY,164.0674591064453,-0.0005488821116484,0.0032080788651476,0.0791979791168604,0.12050000000000001,0.005,stable_low_volatility,0.11427093871620089,0.9999989414032971,1.0547293792402212e-13,1.058596478277687e-06
2014-08-29T00:00:00Z,SPY,164.53477478027344,0.002848314201812,0.007631231645315,0.0771457646909042,0.1198,0.0048,stable_low_volatility,0.11427093409896678,0.9999990269502819,1.5032841921529242e-13,9.730493441595832e-07
2014-09-02T00:00:00Z,SPY,164.4527130126953,-0.0004987502957214,0.0020478735298168,0.0752007602549787,0.1225,0.0053,stable_low_volatility,0.11427094824788586,0.9999987648014564,1.3877543734261653e-13,1.2351980499855737e-06
2014-09-03T00:00:00Z,SPY,164.362548828125,-0.0005482681490536,0.0008484992193287,0.062676452182722,0.1236,0.005200000000000001,stable_low_volatility,0.11427093046746176,0.9999990942309988,2.7938314329575507e-13,9.057674085369641e-07
2014-09-04T00:00:00Z,SPY,164.1248321533203,-0.0014462946486262,-0.0001993822403871,0.0636691510375477,0.1264,0.0054,stable_low_volatility,0.11427097169783718,0.9999983303219165,4.8499908329471e-13,1.6696758744979986e-06
2014-09-05T00:00:00Z,SPY,164.8626251220703,0.0044953159072282,0.0048465796932291,0.0576071224699838,0.12090000000000001,0.005200000000000001,stable_low_volatility,0.11427095867610268,0.9999985715922973,8.150412318811569e-13,1.4284069187770666e-06
2014-09-08T00:00:00Z,SPY,164.4363555908203,-0.0025856044141865,-0.0005981664944967,0.0498206686073403,0.1266,0.0054,stable_low_volatility,0.11427094846143884,0.9999987608542543,3.828398608218908e-12,1.239141820885754e-06
2014-09-09T00:00:00Z,SPY,163.39524841308594,-0.0063313685954281,-0.0064302046481151,0.057507813776054,0.135,0.005600000000000001,stable_low_volatility,0.11427133820189267,0.9999915398214841,3.329708494600039e-12,8.460176007001727e-06
2014-09-10T00:00:00Z,SPY,164.01007080078125,0.0037627923312737,-0.0021445154620493,0.0570880542875685,0.1288,0.0058,stable_low_volatility,0.11427096264668375,0.9999984980251977,3.5978785554003685e-13,1.5019745102733854e-06
2014-09-11T00:00:00Z,SPY,164.19869995117188,0.001150107121286,0.0004500708203774,0.0538413252812174,0.128,0.0058,stable_low_volatility,0.1142709413738412,0.9999988921742212,4.815947605181949e-12,1.1078208773808817e-06
2014-09-12T00:00:00Z,SPY,163.23948669433594,-0.0058417835045051,-0.009845399626098,0.058079204580522,0.1331,0.0058,stable_low_volatility,0.1142718159374129,0.9999826885221016,4.295351222544391e-11,1.731143491708867e-05
2014-09-15T00:00:00Z,SPY,163.11656188964844,-0.0007530335164412,-0.0080261673060672,0.0582441739361995,0.1412,0.0058,stable_low_volatility,0.11427122288195521,0.9999936764488515,3.3421986375256253e-12,6.3235493401018815e-06
2014-09-16T00:00:00Z,SPY,164.34617614746094,0.0075382551199452,0.005819800414091,0.0568740309931769,0.1273,0.0055000000000000005,stable_low_volatility,0.11427108796781434,0.999996176113235,7.373677971617682e-12,3.823878441879339e-06
2014-09-17T00:00:00Z,SPY,164.5675048828125,0.0013467227564392,0.0033987795951162,0.0544956278212416,0.1265,0.0059,stable_low_volatility,0.11427112183640616,0.9999955485935911,3.5424825286685084e-12,4.4514019025680565e-06
2014-09-18T00:00:00Z,SPY,165.44461059570312,0.0053297624796293,0.0075878228323473,0.0566033978270431,0.12029999999999999,0.0059,stable_low_volatility,0.11427095111555292,0.999998711676119,1.3370722009536091e-12,1.288323286618479e-06
2014-09-19T00:00:00Z,SPY,165.29554748535156,-0.0009009849871497,0.0125953642262155,0.0562658188629583,0.1211,0.0059,stable_low_volatility,0.11427099736210762,0.9999978548790112,2.3916961966924483e-11,2.1450968400951286e-06
2014-09-22T00:00:00Z,SPY,164.01902770996094,-0.0077226506993707,0.0055326437110845,0.0631908471097937,0.1369,0.0058,stable_low_volatility,0.1142718768686968,0.9999815613472587,7.852702437336619e-10,1.8437869271171683e-05
2014-09-23T00:00:00Z,SPY,163.08016967773438,-0.0057240799761767,-0.0077032913049989,0.0638551437928726,0.1493,0.005699999999999999,stable_low_volatility,0.11428140913517677,0.9998050000387361,2.2368790084549908e-08,0.00019497759128422974
2014-09-24T00:00:00Z,SPY,164.35671997070312,0.0078277469019769,-0.0012808416355311,0.0700316631583611,0.13269999999999998,0.0059,stable_low_volatility,0.1144673201320717,0.9963619279648822,6.402766852724888e-07,0.0036374317587810805
2014-09-25T00:00:00Z,SPY,161.70474243164062,-0.0161354980772019,-0.0226049561275925,0.0908962435976414,0.1564,0.005600000000000001,stable_low_volatility,0.14108938000016621,0.5034332568927196,0.00013681485249701796,0.49642992825633425
2014-09-26T00:00:00Z,SPY,162.9895477294922,0.0079453779680871,-0.0139507675248404,0.0959703094859255,0.1485,0.0059,stable_low_volatility,0.1376926365345334,0.5660610433473484,6.2679636386806075e-06,0.4339326886880635
2014-09-29T00:00:00Z,SPY,162.69309997558594,-0.0018188145070398,-0.008083987284205,0.0953506536955456,0.1598,0.0058,stable_low_volatility,0.13801634709818897,0.5600546255988663,2.5305613375840277e-06,0.4399428438385792
2014-09-30T00:00:00Z,SPY,162.26478576660156,-0.0026326513481435,-0.0049998961415363,0.0956330314857687,0.1631,0.0058,transition_uncertainty,0.14536565431173604,0.4238991708171829,7.244231919208981e-06,0.5760935849502404
2014-10-01T00:00:00Z,SPY,160.0657501220703,-0.0135521433941576,-0.0261076629504268,0.1061350381178802,0.1671,0.0053,transition_uncertainty,0.1679740555348757,0.005244797934351883,0.00010508250924413267,0.9946501195552402
2014-10-02T00:00:00Z,SPY,160.09048461914062,0.0001545271055891,-0.0099827487321988,0.1062626815069918,0.1616,0.0053,transition_uncertainty,0.16732397819809403,0.017061093865267565,7.852801712938651e-06,0.9829310533321076
2014-10-03T00:00:00Z,SPY,161.85296630859375,0.0110092844908684,-0.0069733393136642,0.1131398698150445,0.14550000000000002,0.005699999999999999,transition_uncertainty,0.16669517249404336,0.02871386473871853,8.867870624948591e-06,0.9712772673916946
2014-10-06T00:00:00Z,SPY,161.6635284423828,-0.0011704318464559,-0.0063283048473329,0.1129744915465955,0.15460000000000002,0.0054,transition_uncertainty,0.16668773995016106,0.02884001504341127,3.943352051100199e-06,0.9711560416036275
2014-10-07T00:00:00Z,SPY,159.1680450439453,-0.0154362794285224,-0.0190844902547774,0.1231834766876623,0.172,0.005200000000000001,transition_uncertainty,0.1682465637498018,2.0029022600511392e-05,3.018609877084682e-05,0.9999497848787431
2014-10-08T00:00:00Z,SPY,161.95179748535156,0.0174893926770143,0.0117829539538776,0.1390108706713032,0.15109999999999998,0.0046,transition_uncertainty,0.1682661178689143,1.0604849871947947e-05,0.00018052856119451656,0.9998088665872534
2014-10-09T00:00:00Z,SPY,158.73974609375,-0.019833379076216,-0.0084373442219508,0.15484434785181,0.18760000000000002,0.0046,transition_uncertainty,0.1688196621274238,9.435858638022773e-10,0.004545617273602303,0.9954543817827327
2014-10-10T00:00:00Z,SPY,156.92784118652344,-0.0114143114866548,-0.0304296253222812,0.1581025212106258,0.21239999999999998,0.0045000000000000005,transition_uncertainty,0.17446341182413597,1.0830089893996617e-11,0.0490966448214506,0.95090335516903
2014-10-13T00:00:00Z,SPY,154.3500213623047,-0.0164267844681222,-0.0452390662912239,0.1662374225848769,0.2464,0.0045000000000000005,transition_uncertainty,0.20624312864565117,1.4700503238629359e-18,0.2999616066519482,0.7000383933485113
2014-10-14T00:00:00Z,SPY,154.58885192871094,0.0015473309578988,-0.0287695505336519,0.1626591433085459,0.2279,0.0039000000000000003,transition_uncertainty,0.20797000000781546,2.817906504307563e-12,0.3135933051602925,0.6864066948375444
2014-10-15T00:00:00Z,SPY,153.54293823242188,-0.0067657769835265,-0.051921987798192,0.1622991158779605,0.2625,0.0034000000000000002,transition_uncertainty,0.22221434763286782,4.953101327551246e-21,0.4260363374040774,0.5739636625968281
2014-10-16T00:00:00Z,SPY,153.41104125976562,-0.0008590233727101,-0.0335688128846904,0.1593199686600774,0.252,0.0034999999999999996,transition_uncertainty,0.2064375387707487,8.449151555673098e-16,0.30149625496095206,0.698503745037895
2014-10-17T00:00:00Z,SPY,155.22305297851562,0.0118114817803876,-0.0108635166017577,0.1684077090957866,0.21989999999999998,0.0039000000000000003,transition_uncertainty,0.17143403217406986,3.296797154578559e-11,0.025183114872833895,0.9748168850949197
2014-10-20T00:00:00Z,SPY,156.7301788330078,0.0097094202540957,0.0154205192179157,0.1733592001933189,0.1857,0.0037,transition_uncertainty,0.16828522680353272,2.053681158747576e-07,0.00032694125564633616,0.9996728533755269
2014-10-21T00:00:00Z,SPY,159.83517456054688,0.0198110903123982,0.0339372636925674,0.1892695768481275,0.1608,0.0038,transition_uncertainty,0.1682637166063734,9.693791661799826e-10,0.00015705546550093182,0.9998429435637218
2014-10-22T00:00:00Z,SPY,158.69862365722656,-0.0071107683677585,0.0335781344564372,0.1874728176836657,0.17870000000000003,0.0040999999999999995,transition_uncertainty,0.16824788548443242,7.073829938211797e-09,3.208924037984348e-05,0.9999679036867345
2014-10-23T00:00:00Z,SPY,160.5434112548828,0.011624471310103,0.0464918948241814,0.1848983801156371,0.1653,0.0040999999999999995,transition_uncertainty,0.16825266501439493,1.380781465537586e-09,6.981580551973495e-05,0.9999301828137288
2014-10-24T00:00:00Z,SPY,161.7788543701172,0.0076953834827451,0.0422347149202699,0.1847531898121251,0.1611,0.0040999999999999995,transition_uncertainty,0.16824741705791044,3.6305048691706595e-08,2.84039975091843e-05,0.9999715596974773
2014-10-27T00:00:00Z,SPY,161.55645751953125,-0.0013746966589165,0.0307935505622418,0.1847137033055185,0.1604,0.0040999999999999995,transition_uncertainty,0.16824481211193548,1.3400094906224561e-06,8.396342219453708e-06,0.9999902636483196
2014-10-28T00:00:00Z,SPY,163.40957641601562,0.011470410560719,0.0223630490928936,0.1890820831247452,0.1439,0.0042,transition_uncertainty,0.16824640544353311,1.9062431713748352e-06,2.1215141133187178e-05,0.9999768786164196
2014-10-29T00:00:00Z,SPY,163.16253662109375,-0.0015117828485947,0.0281282399367797,0.1819404251611917,0.1515,0.0048,transition_uncertainty,0.1682456044045258,2.1354606632582987e-06,1.4989502201768332e-05,0.9999828750380635
2014-10-30T00:00:00Z,SPY,164.2085418701172,0.0064108175239547,0.0228295299482301,0.1829189780742635,0.1452,0.0048,transition_uncertainty,0.16824496759298024,9.037048539642768e-06,1.2903054932520472e-05,0.9999780598960922
2014-10-31T00:00:00Z,SPY,166.0862579345703,0.0114349475555195,0.0266252569362288,0.1832202581756842,0.1403,0.005,transition_uncertainty,0.1682480930505478,1.4856872527282941e-06,3.435771205738178e-05,0.999964156601268
2014-11-03T00:00:00Z,SPY,166.17686462402344,0.0005455399536355,0.0285993340992489,0.1830155274440421,0.14730000000000001,0.005200000000000001,transition_uncertainty,0.16824159412419637,6.589176406399007e-05,1.0496586775293087e-05,0.9999236116492171
2014-11-04T00:00:00Z,SPY,165.600341796875,-0.0034693326802911,0.0134065911491136,0.172936563120747,0.1489,0.005200000000000001,transition_uncertainty,0.16780568607728805,0.008128261940073598,4.511205604168814e-06,0.9918672268539974
2014-11-05T00:00:00Z,SPY,166.64625549316406,0.0063158909271574,0.0213512178972825,0.1641495224436409,0.1417,0.005200000000000001,transition_uncertainty,0.16169314497742385,0.12137359665546442,1.6888763974320824e-06,0.8786247144674012
2014-11-06T00:00:00Z,SPY,167.31341552734375,0.0040034504958141,0.0189081129511667,0.1433201015337399,0.13670000000000002,0.0054,stable_low_volatility,0.12857720985524992,0.7349353482129312,7.845985839538887e-08,0.2650645733256934
2014-11-07T00:00:00Z,SPY,167.46987915039062,0.0009351528839078,0.0083307386958251,0.1335512740611616,0.13119999999999998,0.0051,stable_low_volatility,0.11495950380262865,0.9872413439851366,4.462146479330195e-10,0.012758655569117752
2014-11-10T00:00:00Z,SPY,167.9970245361328,0.0031477026699757,0.0109531487203557,0.1112272254997379,0.1267,0.0055000000000000005,stable_low_volatility,0.11427564092209956,0.9999118198675271,6.104867825856439e-12,8.818012497309745e-05
2014-11-11T00:00:00Z,SPY,168.16168212890625,0.0009801220779241,0.0154669990667832,0.1114269369460463,0.1292,0.0055000000000000005,stable_low_volatility,0.11427135517007007,0.9999912254337029,1.6682097765961743e-12,8.774565183865896e-06
2014-11-12T00:00:00Z,SPY,167.98056030273438,-0.0010770695433043,0.0080068094276803,0.1056456518055106,0.1302,0.0055000000000000005,stable_low_volatility,0.11427132316893464,0.999991818342824,3.1549449566575497e-12,8.18165293661517e-06
2014-11-13T00:00:00Z,SPY,168.169921875,0.0011272826565429,0.0051191731694477,0.1045404468417321,0.1379,0.0053,stable_low_volatility,0.11427147308548496,0.9999890407180186,1.690324063941557e-12,1.0959280164253104e-05
2014-11-14T00:00:00Z,SPY,168.2111358642578,0.0002450734875671,0.0044262091644642,0.1020479434547347,0.1331,0.0054,stable_low_volatility,0.11427123858688422,0.999993385459723,1.9861584624932416e-12,6.61453722265745e-06
2014-11-17T00:00:00Z,SPY,168.3181915283203,0.0006364362472939,0.001911742145876,0.1004430864626767,0.1399,0.0054,stable_low_volatility,0.11427143524332703,0.9999897418545979,1.1315648116053458e-12,1.0258146014981877e-05
2014-11-18T00:00:00Z,SPY,169.29002380371094,0.0057737804010751,0.0067098619645096,0.0812900273076527,0.1386,0.0053,stable_low_volatility,0.11427114132805247,0.9999951874567456,8.772766180412086e-13,4.8125435941604895e-06
2014-11-19T00:00:00Z,SPY,169.0182342529297,-0.0016054670244265,0.0061773454519096,0.0743312610590777,0.1396,0.0054,stable_low_volatility,0.11427109171094091,0.9999961067481608,4.686400390402413e-13,3.893251398160775e-06
2014-11-20T00:00:00Z,SPY,169.3147430419922,0.0017543005958682,0.0068075263057036,0.0674519895535596,0.1358,0.0053,stable_low_volatility,0.11427098881305113,0.9999980132217116,1.0964588348819634e-12,1.98677728928415e-06
2014-11-21T00:00:00Z,SPY,170.22067260742188,0.0053505651613869,0.0119465143186816,0.0656413715881962,0.129,0.0053,stable_low_volatility,0.11427122825177567,0.9999935769471273,2.2792953161945512e-12,6.423049479749301e-06
2014-11-24T00:00:00Z,SPY,170.69834899902344,0.0028062184474104,0.0141408213164091,0.0639875792096282,0.1262,0.0053,stable_low_volatility,0.11427094508589343,0.9999988233910345,1.7624380714652632e-13,1.1766099475069588e-06
2014-11-25T00:00:00Z,SPY,170.57485961914062,-0.0007234362875033,0.0075895542251174,0.056249736897147,0.1225,0.0051,stable_low_volatility,0.11427092985883672,0.9999991055087228,2.1105280230792364e-13,8.944902017494653e-07
2014-11-26T00:00:00Z,SPY,171.0113525390625,0.0025589522447591,0.0117923269932531,0.0545687402399203,0.1207,0.0053,stable_low_volatility,0.11427091881670495,0.999999310097575,3.5383573339801084e-13,6.899018714394675e-07
2014-11-28T00:00:00Z,SPY,170.6489715576172,-0.0021190463443796,0.0078801673832626,0.0545725309315596,0.1333,0.0047,stable_low_volatility,0.11427095782781167,0.9999985873228954,4.4644373272655645e-12,1.4126742958586685e-06
2014-12-01T00:00:00Z,SPY,169.46302795410156,-0.0069496088531374,-0.0044509555843881,0.0511998598279351,0.1429,0.0049,stable_low_volatility,0.11427186737347685,0.9999817354540912,1.1460128788568899e-11,1.8264535441913104e-05
2014-12-02T00:00:00Z,SPY,170.55831909179688,0.0064633044205486,-0.0008203354516765,0.0546579526556714,0.1285,0.0055000000000000005,stable_low_volatility,0.11427098785751125,0.9999980309240815,5.2383236667881e-13,1.9690753826596745e-06
2014-12-03T00:00:00Z,SPY,171.2172088623047,0.0038631347565825,0.0037657908357555,0.0523047423306669,0.1247,0.005699999999999999,stable_low_volatility,0.11427093075139938,0.9999990889741242,4.3081405008187e-13,9.110252578318991e-07
2014-12-04T00:00:00Z,SPY,171.02777099609375,-0.0011064183762233,9.600799471787268e-05,0.0501742651444639,0.12380000000000001,0.0055000000000000005,stable_low_volatility,0.11427095522964688,0.9999986354496502,7.93186987033573e-13,1.3645502772586508e-06
2014-12-05T00:00:00Z,SPY,171.307861328125,0.0016376891916438,0.0038610825749123,0.0491808393271166,0.1182,0.006500000000000001,stable_low_volatility,0.11427093760964029,0.9999989622598078,1.528643531208537e-10,1.0375858713416202e-06
2014-12-08T00:00:00Z,SPY,170.1630401611328,-0.0066828291364829,0.0041307665482104,0.0566025676803273,0.1421,0.0064,stable_low_volatility,0.11428260077764607,0.9997829891124598,5.11652280770599e-08,0.0002169597219212133
2014-12-09T00:00:00Z,SPY,170.0477752685547,-0.000677379132795,-0.0029933680512377,0.0561257425420351,0.1489,0.0064,stable_low_volatility,0.11522968934209914,0.9822442154667022,3.7565531071514093e-06,0.017752027980605056
2014-12-10T00:00:00Z,SPY,167.32168579101562,-0.0160313151597177,-0.0227519365440765,0.0817465526509777,0.18530000000000002,0.0059,transition_uncertainty,0.16828397048095908,0.0002695373624811047,0.0004317743532098452,0.9992986882838096
2014-12-11T00:00:00Z,SPY,168.169921875,0.0050694928154371,-0.0167098542210377,0.083797518599887,0.20079999999999998,0.0062,transition_uncertainty,0.1682516045669498,4.3600135705935495e-06,6.330178959229325e-05,0.9999323381971057
2014-12-12T00:00:00Z,SPY,165.45208740234375,-0.0161612400264798,-0.0341827507528392,0.1017396451217125,0.2108,0.005600000000000001,transition_uncertainty,0.16829582140643998,4.3397628260012394e-11,0.00041048619394603865,0.9995895137641445
2014-12-15T00:00:00Z,SPY,164.31546020507812,-0.0068698268792559,-0.0343645714752006,0.1038863613560537,0.20420000000000002,0.006,transition_uncertainty,0.16828165543624782,3.7461870418321566e-09,0.00029866344048629263,0.9997013328148866
2014-12-16T00:00:00Z,SPY,162.9977569580078,-0.008019350372909,-0.0414590446679637,0.1064274089828898,0.23570000000000002,0.0058,transition_uncertainty,0.16842683673129713,1.4310036368979056e-13,0.0014447041543972697,0.9985552958462235
2014-12-17T00:00:00Z,SPY,166.19332885742188,0.019605005363585,-0.0067436383291228,0.1278472743484677,0.19440000000000002,0.0062,transition_uncertainty,0.16826968099107278,6.420073962675079e-09,0.00020413986459404546,0.9997958537156411
2014-12-18T00:00:00Z,SPY,170.30299377441406,0.0247282183060302,0.0126840274148403,0.1562459457117656,0.1681,0.0067,transition_uncertainty,0.16826490719478807,1.7678020817026814e-09,0.00016645415432731117,0.999833544077856
2014-12-19T00:00:00Z,SPY,171.0276336669922,0.0042550038406135,0.0336988571869143,0.1567864728466373,0.1649,0.0067,transition_uncertainty,0.16824706659091695,4.4851065693246615e-07,2.5813079853297194e-05,0.9999737384088415
2014-12-22T00:00:00Z,SPY,171.81434631347656,0.0045999154032394,0.0456371305477845,0.1565032566029295,0.1525,0.0070999999999999995,transition_uncertainty,0.16824703434044314,6.928315343301576e-07,2.5662591807980398e-05,0.9999736445769228
2014-12-23T00:00:00Z,SPY,172.0462646484375,0.0013498193831718,0.0555130810343653,0.1563003895349185,0.14800000000000002,0.0073,transition_uncertainty,0.1682496095054733,1.3320341419942448e-07,4.575217814475575e-05,0.99995411461853
2014-12-24T00:00:00Z,SPY,172.06292724609375,9.684951713606615e-05,0.0353178940997531,0.1562497464207456,0.1437,0.0073,transition_uncertainty,0.16822794166918828,0.00030733168056573364,5.592655525577065e-06,0.9996870756624271
2014-12-26T00:00:00Z,SPY,172.61766052246094,0.003224013942142,0.0135914624678465,0.1563868313243631,0.145,0.0073,transition_uncertainty,0.1681124562794339,0.0024401648610611155,2.67102050480363e-06,0.9975571641182595
2014-12-29T00:00:00Z,SPY,172.849609375,0.0013437144950119,0.0106531071555102,0.1561094521596255,0.1506,0.0072,transition_uncertainty,0.16813974361461317,0.0019345303348512358,2.6453918086001343e-06,0.9980628242749223
2014-12-30T00:00:00Z,SPY,171.92210388183594,-0.0053659681182838,0.0006271744512111,0.1551782819287184,0.1592,0.0069,transition_uncertainty,0.16821796542759573,0.00048485107963290575,2.474589595623339e-06,0.9995126743323542
2014-12-31T00:00:00Z,SPY,170.21609497070312,-0.0099231505002136,-0.0106376600589043,0.1580628127766443,0.192,0.0067,transition_uncertainty,0.16824489517612912,1.345549693565267e-07,8.53845036585434e-06,0.9999913269942712
2015-01-02T00:00:00Z,SPY,170.12498474121094,-0.000535262129635,-0.0112629869542499,0.157372156172148,0.1779,0.006600000000000001,transition_uncertainty,0.16824427503767847,4.165591752002129e-06,5.360602797564707e-06,0.9999904738050552
2015-01-05T00:00:00Z,SPY,167.05258178710938,-0.018059680997328,-0.0322393358739063,0.169750923167641,0.19920000000000002,0.0068000000000000005,transition_uncertainty,0.16827481542858547,1.6634942325866663e-12,0.00024466771540695347,0.9997553322819042
2015-01-06T00:00:00Z,SPY,165.47911071777344,-0.0094190167700679,-0.042641106820416,0.1718714298093046,0.21120000000000003,0.006500000000000001,transition_uncertainty,0.16828953048880882,9.301233383850512e-14,0.0003608264885879336,0.9996391735122372
2015-01-07T00:00:00Z,SPY,167.5411834716797,0.0124612269485973,-0.0254820079049713,0.1777988545357687,0.1931,0.0062,transition_uncertainty,0.16824897836386835,6.606722948374677e-10,4.0713557808683475e-05,0.9999592857814843
2015-01-08T00:00:00Z,SPY,170.5142364501953,0.0177452069808148,0.0017515469353441,0.1893800528826403,0.17010000000000003,0.0062,transition_uncertainty,0.1682480364775631,1.2193959216824574e-08,3.328334544953104e-05,0.999966704458956
2015-01-09T00:00:00Z,SPY,169.14781188964844,-0.00801355117903,-0.0057438526918838,0.1821705449413102,0.17550000000000002,0.0059,transition_uncertainty,0.1682454843057475,9.856931964960765e-08,1.3173629116207511e-05,0.9999867278027896
2015-01-12T00:00:00Z,SPY,167.82272338867188,-0.0078339086162169,0.0046101747924134,0.1836917418859736,0.196,0.005600000000000001,transition_uncertainty,0.16824550125255322,1.0454164481487173e-08,1.3269863674243537e-05,0.9999867196829287
2015-01-13T00:00:00Z,SPY,167.35073852539062,-0.0028124014063825,0.0113103569356816,0.1739062360842833,0.2056,0.0054,transition_uncertainty,0.16824629269154945,3.869209343592862e-09,1.9514576524827576e-05,0.9999804815537965
2015-01-14T00:00:00Z,SPY,166.34039306640625,-0.0060372931000306,-0.0071671357477095,0.1734540831928685,0.21480000000000002,0.0051,transition_uncertainty,0.16824873334852233,3.7425223738200467e-10,3.877931661099222e-05,0.9999612203089596
2015-01-15T00:00:00Z,SPY,164.81655883789062,-0.0091609392067943,-0.0334146739352693,0.174263208438513,0.22390000000000002,0.0044,transition_uncertainty,0.16827011771168235,2.3810945149907106e-13,0.00020758454619031717,0.9997924154531537
2015-01-16T00:00:00Z,SPY,166.97802734375,0.0131143892403755,-0.0128277423258303,0.1663927377402287,0.2095,0.0049,transition_uncertainty,0.168250648747213,2.2746254624767573e-10,5.389916090472737e-05,0.9999461006129214
2015-01-20T00:00:00Z,SPY,167.33412170410156,0.0021325821487787,-0.0029114155383995,0.1401507307609861,0.19890000000000002,0.0053,transition_uncertainty,0.16824428521518592,1.825357871353896e-06,4.4438740997513336e-06,0.999993730767171
2015-01-21T00:00:00Z,SPY,168.1788787841797,0.0050483252995578,0.0049485306493788,0.1405611648313856,0.18850000000000003,0.0053,transition_uncertainty,0.1682435594202493,1.2111525895545457e-05,3.0970174341577697e-06,0.9999847914579365
2015-01-22T00:00:00Z,SPY,170.67987060546875,0.0148710220889183,0.0260879360633115,0.150087194104528,0.16399999999999998,0.0053,transition_uncertainty,0.1682458513978759,1.1856579667720796e-06,1.653456652820215e-05,0.9999822797768764
2015-01-23T00:00:00Z,SPY,169.74404907226562,-0.0054829051011311,0.0298968153996077,0.1510354280017257,0.1666,0.005200000000000001,transition_uncertainty,0.16824381436790178,1.361633181811988e-05,5.75067258017265e-06,0.9999806329962717
2015-01-26T00:00:00Z,SPY,170.14158630371094,0.0023419803734978,0.0189459595989134,0.1513964492062455,0.1552,0.0054,transition_uncertainty,0.16822414607203198,0.00037149286884190105,2.9669195689037475e-06,0.9996255402130211
2015-01-27T00:00:00Z,SPY,167.8973388671875,-0.0131904696863314,0.0033658237623637,0.1571487634988639,0.1722,0.0054,transition_uncertainty,0.16824483743210253,1.810592045835581e-06,8.796709327394663e-06,0.9999893926995865
2015-01-28T00:00:00Z,SPY,165.744140625,-0.0128244929712123,-0.0144770745100765,0.1619344963675092,0.20440000000000003,0.005,transition_uncertainty,0.16824759904036807,7.997811251374865e-10,2.9825416039089484e-05,0.9999701737843445
2015-01-29T00:00:00Z,SPY,167.27621459960938,0.0092436086659359,-0.019941754079056,0.1662303139752853,0.18760000000000002,0.0051,transition_uncertainty,0.16824614789826312,1.5633219666362675e-08,1.8376607712873827e-05,0.9999816077597377
2015-01-30T00:00:00Z,SPY,165.17271423339844,-0.0125750117627054,-0.0269307517044148,0.1683306443950865,0.2097,0.0047,transition_uncertainty,0.16825625785469547,8.325514887751514e-12,9.817663536711597e-05,0.9999018233568245
2015-02-02T00:00:00Z,SPY,167.21823120117188,0.0123841094291337,-0.0171818963608387,0.1753384512681908,0.1943,0.0049,transition_uncertainty,0.16824717032851988,1.8152357960776234e-09,2.644165451565619e-05,0.9999735565292462
2015-02-03T00:00:00Z,SPY,169.63641357421875,0.0144612364075162,0.0103579646870217,0.1706257838847695,0.17329999999999998,0.005200000000000001,transition_uncertainty,0.16824495474525286,5.19889003181805e-07,9.172856624274811e-06,0.99999030725271
2015-02-04T00:00:00Z,SPY,168.99046325683594,-0.0038078517682184,0.019586349294729,0.1672788049339804,0.1833,0.005200000000000001,transition_uncertainty,0.1682444843282077,7.556516120648218e-07,5.559889813963184e-06,0.9999936844596302
2015-02-05T00:00:00Z,SPY,170.69638061523438,0.01009475520406,0.0204462183928031,0.1653711882321381,0.1685,0.005200000000000001,transition_uncertainty,0.1682441088273412,5.799001764583198e-06,4.7444842570230546e-06,0.999989456512698
2015-02-06T00:00:00Z,SPY,170.224365234375,-0.0027652336807499,0.0305840527257927,0.1535405715494555,0.1729,0.006500000000000001,transition_uncertainty,0.16824429125935494,4.203134749658711e-06,5.504648726818366e-06,0.9999902922170895
2015-02-09T00:00:00Z,SPY,169.46250915527344,-0.0044755994716302,0.0134212516062413,0.1516001574919508,0.1855,0.006500000000000001,transition_uncertainty,0.16824357887381872,1.0245104425565147e-05,2.4553864657385862e-06,0.9999872995073726
2015-02-10T00:00:00Z,SPY,171.2678680419922,0.0106534412579986,0.0096173600549487,0.1529055592799954,0.1723,0.0067,transition_uncertainty,0.1682406127114853,6.697972133543895e-05,3.212970412227488e-06,0.9999298073096554
2015-02-11T00:00:00Z,SPY,171.3671875,0.0005799071311114,0.0140642507118988,0.1522504086460848,0.1696,0.0067,transition_uncertainty,0.16812865850225453,0.0021386350075628005,2.100848406220845e-06,0.9978592641444368
2015-02-12T00:00:00Z,SPY,173.01524353027344,0.0096171038010028,0.0135847222224705,0.1524969834489146,0.1534,0.0061,transition_uncertainty,0.1670558648130396,0.022018563479703178,3.557121132794023e-06,0.9779778794001199
2015-02-13T00:00:00Z,SPY,173.7274169921875,0.004116246912021,0.0205790267038992,0.1467776490998165,0.1469,0.006600000000000001,transition_uncertainty,0.16150195668267597,0.12491886640378577,2.9545315996722115e-06,0.8750781790633343
2015-02-17T00:00:00Z,SPY,174.00070190429688,0.0015730672615805,0.0267799218343052,0.1415556339231859,0.158,0.006999999999999999,transition_uncertainty,0.15540456874373196,0.2378861230164111,1.272612815801492e-06,0.7621126043723001
2015-02-18T00:00:00Z,SPY,174.0172576904297,9.514781234565284e-05,0.0160531550948213,0.1417264334303576,0.1545,0.0062,stable_low_volatility,0.13867198438177716,0.5479024247768213,5.356791700275293e-07,0.45209703954434793
2015-02-19T00:00:00Z,SPY,173.89305114746094,-0.000713759914489,0.0147394824196489,0.1415398974517075,0.1529,0.0067,stable_low_volatility,0.12681757622036977,0.7675378100078368,2.1307329198252906e-07,0.23246197692037843
2015-02-20T00:00:00Z,SPY,174.9364776611328,0.0060003922341154,0.0111044211576838,0.1340003168530507,0.14300000000000002,0.0067,stable_low_volatility,0.11860129790448476,0.9197670084338149,4.6950936822937316e-08,0.08023294461688632
2015-02-23T00:00:00Z,SPY,174.91163635253906,-0.0001420018793443,0.0068165369683981,0.1317627551872174,0.1456,0.0064,stable_low_volatility,0.1146770957975969,0.9924737451740492,9.685024749979876e-10,0.007526253858243038
2015-02-24T00:00:00Z,SPY,175.40855407714844,0.0028409643576132,0.0080910718028361,0.1318166585348625,0.1369,0.006,stable_low_volatility,0.11429336478809665,0.9995834356735388,5.0246629816803826e-11,0.00041656427641333977
2015-02-25T00:00:00Z,SPY,175.25949096679688,-0.0008498052511509,0.007138563685316,0.1201740746970689,0.1384,0.0061,stable_low_volatility,0.114272774176738,0.9999649343590091,5.267585090985832e-12,3.5065634114544054e-05
2015-02-26T00:00:00Z,SPY,175.05247497558594,-0.0011811970357151,0.0066674534748476,0.1072011540592155,0.1391,0.006600000000000001,stable_low_volatility,0.11427156275841159,0.9999873792908758,5.818411501909807e-12,1.2620704947399587e-05
2015-02-27T00:00:00Z,SPY,174.45616149902344,-0.0034064841222363,-0.0027456604164615,0.1064530078262981,0.1334,0.0063,stable_low_volatility,0.11427225847822291,0.9999744891227145,5.922373430743362e-12,2.5510870244759557e-05
2015-03-02T00:00:00Z,SPY,175.5576171875,0.0063136531207166,0.0036931838751936,0.0918657000210891,0.1304,0.006600000000000001,stable_low_volatility,0.11427119270290949,0.9999942356028145,6.255772193374558e-12,5.764391084767647e-06
2015-03-03T00:00:00Z,SPY,174.8371124267578,-0.0041040928458984,-0.003257775274399,0.0883378995660727,0.1386,0.0068000000000000005,stable_low_volatility,0.11427198283546212,0.9999795964657722,1.2574593617395483e-10,2.0403409599835692e-05
2015-03-04T00:00:00Z,SPY,174.10011291503906,-0.0042153493699885,-0.0066152083710973,0.0785827883185314,0.1423,0.006600000000000001,stable_low_volatility,0.11427721303831809,0.9998827100276211,7.683573577972474e-09,0.00011728228748750427
2015-03-05T00:00:00Z,SPY,174.29058837890625,0.0010940570955295,-0.0043523326178961,0.076242993701836,0.1404,0.006500000000000001,stable_low_volatility,0.11447103800290195,0.9962920629274156,2.2229126907798885e-07,0.0037077147819151424
2015-03-06T00:00:00Z,SPY,171.8392791748047,-0.0140644955467844,-0.0150002287206886,0.0879705478783785,0.152,0.0073,transition_uncertainty,0.14978633276598335,0.34241659952583736,0.0001874185675298653,0.6573959819062141
2015-03-09T00:00:00Z,SPY,172.55145263671875,0.0041444160225416,-0.0171235210350946,0.0881547353571388,0.1506,0.006999999999999999,transition_uncertainty,0.15164968292415376,0.3074811084430322,1.2009047384040318e-05,0.6925068825108387
2015-03-10T00:00:00Z,SPY,169.7523193359375,-0.0162220210726038,-0.0290830306005563,0.1056997738589286,0.16690000000000002,0.006999999999999999,transition_uncertainty,0.16825305089601827,0.0001442697286753907,0.00013432821074332613,0.9997214020606593
2015-03-11T00:00:00Z,SPY,169.35482788085938,-0.0023415966075344,-0.0272560709739193,0.0983573455114993,0.16870000000000002,0.006999999999999999,transition_uncertainty,0.16818484159919164,0.0011239690245274856,1.3299024398677746e-05,0.9988627319525847
2015-03-12T00:00:00Z,SPY,171.50799560546875,0.0127139435677861,-0.0159652497551282,0.108949101838404,0.1542,0.0067,transition_uncertainty,0.16727407824137436,0.01798760697773623,8.694913732261498e-06,0.9820036981072477
2015-03-13T00:00:00Z,SPY,170.45623779296875,-0.0061324127122296,-0.0080484589348691,0.1049283727386693,0.16,0.0068000000000000005,transition_uncertainty,0.16516673919935054,0.057030899619893306,8.238788205887001e-06,0.9429608615920687
2015-03-16T00:00:00Z,SPY,172.73362731933594,0.0133605525726387,0.001055770205544,0.115099382842829,0.1561,0.006600000000000001,transition_uncertainty,0.16179527809076044,0.11949231534494768,6.384398207024288e-06,0.8805013002570238
2015-03-17T00:00:00Z,SPY,172.22023010253906,-0.0029721903300724,0.0145383036665178,0.1152574770692197,0.15660000000000002,0.006999999999999999,transition_uncertainty,0.15476197153355975,0.24979455715350748,2.3460337009305427e-06,0.7502030968139034
2015-03-18T00:00:00Z,SPY,174.29058837890625,0.0120215742084104,0.0291444924234411,0.1234773771305419,0.13970000000000002,0.005699999999999999,transition_uncertainty,0.15400284648898735,0.2638864644396987,1.3844330821396481e-05,0.7360996912292398
2015-03-19T00:00:00Z,SPY,173.49554443359375,-0.0045615999848717,0.0115886657126882,0.1245604581808791,0.14070000000000002,0.0063,stable_low_volatility,0.13170051833343763,0.6770711393196642,1.712881655238299e-06,0.3229271477979066
2015-03-20T00:00:00Z,SPY,175.0269775390625,0.008826930457888,0.0268147402833403,0.1267606552147326,0.1302,0.006,stable_low_volatility,0.12873133812762408,0.7320919613939062,5.306794034997446e-06,0.26790273181113317
2015-03-23T00:00:00Z,SPY,174.68592834472656,-0.0019485521553945,0.0113023795985096,0.1269548129050249,0.1341,0.006,stable_low_volatility,0.12421637179883857,0.8157338750568959,8.356419471383279e-07,0.18426528930141375
2015-03-24T00:00:00Z,SPY,173.70431518554688,-0.0056193029884041,0.0086173679022736,0.1279446839146441,0.1362,0.0058,stable_low_volatility,0.12692917504952222,0.7654744793010795,2.066603990645217e-06,0.23452345409663886
2015-03-25T00:00:00Z,SPY,171.15895080566406,-0.0146534320529914,-0.017967909812973,0.1376298335794097,0.1544,0.0059,transition_uncertainty,0.1681641495103854,0.0016879734804227022,9.025549648434255e-05,0.9982217710216936
2015-03-26T00:00:00Z,SPY,170.75132751464844,-0.0023815481988929,-0.0158172184069872,0.1376957928719414,0.158,0.0061,transition_uncertainty,0.16823418932103615,0.00019617902396166408,7.553619314496248e-06,0.9997962673567679
2015-03-27T00:00:00Z,SPY,171.1422576904297,0.0022894707846281,-0.0221949776157553,0.1379911837697449,0.1507,0.0058,transition_uncertainty,0.16822791135539433,0.0003116985210790151,7.213877320078842e-06,0.9996810876008299
2015-03-30T00:00:00Z,SPY,173.23019409179688,0.0122000050107082,-0.0083334374252339,0.1435000227553793,0.1451,0.0058,transition_uncertainty,0.16811938844279553,0.002321501930396357,6.835640295926112e-06,0.9976716624279602
2015-03-31T00:00:00Z,SPY,171.71620178222656,-0.0087397714786836,-0.0114453886836182,0.1459209658047756,0.1529,0.005600000000000001,transition_uncertainty,0.16771338173871198,0.00984238477472786,6.183986128594244e-06,0.9901514312398308
2015-04-01T00:00:00Z,SPY,171.10899353027344,-0.0035361150878656,-0.0002918764993327,0.1457349274323572,0.15109999999999998,0.0055000000000000005,transition_uncertainty,0.1592055490490654,0.16746390846161066,1.9546506090493646e-06,0.8325341368878286
2015-04-02T00:00:00Z,SPY,171.72459411621094,0.0035977102853368,0.0056999064998719,0.1464484243298734,0.1467,0.0055000000000000005,stable_low_volatility,0.13627555743462427,0.5923031003068536,5.989383105831377e-07,0.40769630075552143
2015-04-06T00:00:00Z,SPY,172.8808135986328,0.0067329871319388,0.0101585425578989,0.1396605935154427,0.1474,0.0051,stable_low_volatility,0.12536368479870685,0.794475394732465,2.857084384122342e-07,0.20552431955744985
2015-04-07T00:00:00Z,SPY,172.42330932617188,-0.0026463565443595,-0.0046578760120618,0.1392666219753053,0.1478,0.005200000000000001,stable_low_volatility,0.11792729006070057,0.9322548071967216,1.032149262723872e-08,0.06774518248255222
2015-04-08T00:00:00Z,SPY,173.00558471679688,0.0033770108745767,0.0075088018555495,0.1255372271312228,0.1398,0.0054,stable_low_volatility,0.11445860918232129,0.9965218211169544,5.086846323172642e-10,0.0034781783735290625
2015-04-09T00:00:00Z,SPY,173.77085876464844,0.0044234066149038,0.015556547785456,0.125477618127575,0.1309,0.005600000000000001,stable_low_volatility,0.11427969202878117,0.9998367618307135,3.459120179165862e-11,0.00016323813458057724
2015-04-10T00:00:00Z,SPY,174.7191619873047,0.005457205134381,0.0174382003143198,0.1192968412214851,0.1258,0.005699999999999999,stable_low_volatility,0.11427209570747905,0.9999775049602206,2.503728358721105e-11,2.2495016292600167e-05
2015-04-13T00:00:00Z,SPY,173.92892456054688,-0.0045229007383588,0.0060626216414472,0.1181561837045039,0.1394,0.0054,stable_low_volatility,0.114272838249125,0.9999637472488218,7.28104895765632e-12,3.625274410689302e-05
2015-04-14T00:00:00Z,SPY,174.26168823242188,0.001913216405585,0.0106620091763367,0.1090474983471748,0.13670000000000002,0.0053,stable_low_volatility,0.11427151782489241,0.9999882117994235,2.949401530523998e-12,1.1788197946019334e-05
2015-04-15T00:00:00Z,SPY,175.04368591308594,0.0044874905585734,0.0117805514754067,0.109159584014738,0.12840000000000001,0.0051,stable_low_volatility,0.1142715567349792,0.9999874908844735,7.154308600043957e-12,1.2509106642729019e-05
2015-04-16T00:00:00Z,SPY,174.99368286132812,-0.0002856604138388,0.0070369917336707,0.1009333210042045,0.126,0.005,stable_low_volatility,0.1142716144356899,0.9999864227623617,4.0733814328157154e-10,1.357683050452676e-05
2015-04-17T00:00:00Z,SPY,172.9806365966797,-0.0115035367662023,-0.0099503990910356,0.1081236131975586,0.1389,0.0051,stable_low_volatility,0.11443227801638312,0.9970097069937386,1.2102626900816716e-08,0.0029902809033959844
2015-04-20T00:00:00Z,SPY,174.5611114501953,0.0091367154417441,0.0036347427045027,0.1084651446529079,0.133,0.0055000000000000005,stable_low_volatility,0.11427642408506018,0.9998973096132845,1.766698555325315e-11,0.00010269037018488015
2015-04-21T00:00:00Z,SPY,174.35316467285156,-0.0011912548884238,0.0005249371870406,0.1083299346253892,0.1325,0.0055000000000000005,stable_low_volatility,0.11427144542166552,0.9999895532710048,1.9693612579312326e-12,1.0446727709542148e-05
2015-04-22T00:00:00Z,SPY,175.20999145507812,0.0049143173502717,0.0009500802106896,0.107638108462005,0.12710000000000002,0.005699999999999999,stable_low_volatility,0.11427131182577954,0.9999920285108003,1.1463571941628156e-12,7.971489838252348e-06
2015-04-23T00:00:00Z,SPY,175.65086364746094,0.0025162502932707,0.0037554543420494,0.0915634921480929,0.12480000000000001,0.0055000000000000005,stable_low_volatility,0.1142710887485107,0.9999961616377728,7.616702520555084e-13,3.838362006383343e-06
2015-04-24T00:00:00Z,SPY,176.0584716796875,0.0023205580875744,0.0177929457514025,0.090573153595517,0.1229,0.0054,stable_low_volatility,0.11427101792446888,0.9999974738452768,9.132660151849195e-13,2.526152180193652e-06
2015-04-27T00:00:00Z,SPY,175.326416015625,-0.0041580257801758,0.0043841641421265,0.0927295376273122,0.13119999999999998,0.0054,stable_low_volatility,0.11427117140716246,0.9999946301466957,5.310671093532238e-13,5.369850973346847e-06
2015-04-28T00:00:00Z,SPY,175.88372802734375,0.0031787110258905,0.0087785235063788,0.083760004853694,0.1241,0.005600000000000001,stable_low_volatility,0.11427099428508859,0.9999979118423628,3.836155109749476e-12,2.0881535951211017e-06
2015-04-29T00:00:00Z,SPY,175.16006469726562,-0.004114441615461,-0.0002849538282484,0.0781725428304328,0.13390000000000002,0.005600000000000001,stable_low_volatility,0.1142719518334348,0.9999801731683998,1.1074965436867037e-09,1.982572486386949e-05
2015-04-30T00:00:00Z,SPY,173.40487670898438,-0.0100204803607191,-0.0127866546843991,0.0862172494587179,0.14550000000000002,0.0058,stable_low_volatility,0.11431854433681571,0.9991169216802173,3.3442958921878028e-09,0.0008830749758551411
2015-05-01T00:00:00Z,SPY,175.28480529785156,0.0108412671231972,-0.0043943717928184,0.092968020458573,0.127,0.006,stable_low_volatility,0.11427331199224423,0.9999549698575546,1.8051491011193414e-11,4.5030125492855806e-05
2015-05-04T00:00:00Z,SPY,175.7840118408203,0.0028479738567213,0.0026099650902264,0.0908207264822012,0.1285,0.006,stable_low_volatility,0.11427117961100512,0.9999944784547194,1.2705517599540572e-10,5.521419710673125e-06
2015-05-05T00:00:00Z,SPY,173.77085876464844,-0.011452424228404,-0.0120128751328651,0.1002931079504339,0.1431,0.0062,stable_low_volatility,0.11432217442113395,0.999049706719014,2.146358559405129e-08,0.0009502718174225009
2015-05-06T00:00:00Z,SPY,173.05548095703125,-0.004116788123756,-0.0120152030308494,0.1008653023290649,0.1515,0.006500000000000001,stable_low_volatility,0.11430626086445585,0.9993445013292652,7.435717403436683e-10,0.0006554979255287164
2015-05-07T00:00:00Z,SPY,173.74591064453125,0.0039896435737358,0.0019666917218206,0.1006268052934442,0.15130000000000002,0.0063,stable_low_volatility,0.11427443831668721,0.9999341018587576,1.5766690292191502e-10,6.589798185761981e-05
2015-05-08T00:00:00Z,SPY,176.0334930419922,0.0131662517349322,0.0042712643738196,0.1093843445357839,0.1286,0.0059,stable_low_volatility,0.11428415146638589,0.9997541404050069,9.515539822977198e-10,0.0002458586448512142
2015-05-11T00:00:00Z,SPY,175.193359375,-0.00477257851602,-0.0033601034567078,0.1095371374111474,0.1385,0.0062,stable_low_volatility,0.11427295357511953,0.9999616105617158,2.9435387823988474e-11,3.838940849237931e-05
2015-05-12T00:00:00Z,SPY,174.6692657470703,-0.0029915153736385,0.005170066999776,0.1100007039966834,0.1386,0.0061,stable_low_volatility,0.11427303650155123,0.9999600740960676,2.0798728040830266e-11,3.992588253218751e-05
2015-05-13T00:00:00Z,SPY,174.70254516601562,0.0001905281893925,0.0095175500936219,0.1087926360330734,0.1376,0.0059,stable_low_volatility,0.11427183300419985,0.9999823722563012,2.080483606428058e-11,1.762772166521807e-05
2015-05-14T00:00:00Z,SPY,176.5242462158203,0.0104274442485858,0.0159907969113199,0.1149531068864795,0.1274,0.005600000000000001,stable_low_volatility,0.11427370717824337,0.9999476479158973,1.3517513946396132e-11,5.2352070861538455e-05
2015-05-15T00:00:00Z,SPY,176.7156219482422,0.001084132840244,0.0038749950049976,0.1058391084733209,0.12380000000000001,0.0055000000000000005,stable_low_volatility,0.11427113238707787,0.9999953531149651,8.846726567667183e-13,4.646885875247635e-06
2015-05-18T00:00:00Z,SPY,177.26463317871094,0.003106749841446,0.0118227871826888,0.1018741947515059,0.1273,0.0058,stable_low_volatility,0.11427113063081752,0.999995385645621,9.499892848836987e-13,4.614352220853911e-06
2015-05-19T00:00:00Z,SPY,177.20635986328125,-0.0003287362762933,0.014525131856252,0.1016998147669935,0.1285,0.0063,stable_low_volatility,0.1142711632621887,0.9999947810601715,1.0184202781811769e-12,5.218938248618326e-06
2015-05-20T00:00:00Z,SPY,177.08160400390625,-0.0007040145707595,0.0136177686228318,0.1006505952134683,0.1288,0.006,stable_low_volatility,0.1142711640918437,0.9999947656861534,5.355086961379332e-13,5.234312364613806e-06
2015-05-21T00:00:00Z,SPY,177.59735107421875,0.0029124824863293,0.0060790791146414,0.1007635027106835,0.1211,0.006,stable_low_volatility,0.11427102202384708,0.999997397895388,7.162532600940668e-13,2.6021032432909622e-06
2015-05-22T00:00:00Z,SPY,177.1730499267578,-0.0023891186715032,0.0025884976861276,0.1010546642603122,0.1213,0.0064,stable_low_volatility,0.11427117166183214,0.9999946257120234,1.1696605132575113e-10,5.374172582710108e-06
2015-05-26T00:00:00Z,SPY,175.26817321777344,-0.010751503740393,-0.011262596069712,0.1075077524624168,0.1406,0.0064,stable_low_volatility,0.11431273977261894,0.9992244655184009,2.49831432239918e-09,0.0007755319837274692
2015-05-27T00:00:00Z,SPY,176.9318389892578,0.0094921156587697,-0.0015491592640085,0.1121818163417726,0.13269999999999998,0.0064,stable_low_volatility,0.11427506554008568,0.9999224804994842,3.4160504577375494e-11,7.75194653913024e-05
2015-05-28T00:00:00Z,SPY,176.73226928710938,-0.0011279468030654,-0.0019727329598232,0.1111155110800323,0.1331,0.0062,stable_low_volatility,0.11427181613752048,0.9999826848623583,6.547050630967847e-11,1.7315070526782656e-05
2015-05-29T00:00:00Z,SPY,175.6342010498047,-0.0062131734161169,-0.011053937530823,0.1070578124597559,0.1384,0.0061,stable_low_volatility,0.11428116946577402,0.9998093886284994,2.3167587559147942e-10,0.00019061113880151613
2015-06-01T00:00:00Z,SPY,175.9918670654297,0.0020364257843128,-0.0066668314499096,0.100357400697208,0.13970000000000002,0.0064,stable_low_volatility,0.11427231954680572,0.9999733576753269,1.0744024200651396e-11,2.6642315372127352e-05
2015-06-02T00:00:00Z,SPY,175.8171844482422,-0.0009925607364716,0.0031324068733609,0.0999406807645115,0.1424,0.0064,stable_low_volatility,0.1142717116469761,0.9999846207047368,4.711916609763569e-12,1.5379290425818946e-05
2015-06-03T00:00:00Z,SPY,176.2830352783203,0.0026496319545787,-0.003666969803987,0.0904693656253826,0.1366,0.0069,stable_low_volatility,0.11427158646802356,0.9999869404616789,2.0410667965614094e-10,1.3059333425706807e-05
2015-06-04T00:00:00Z,SPY,174.79405212402344,-0.0084465481998652,-0.0109669681202204,0.094782145770758,0.1471,0.006600000000000001,stable_low_volatility,0.1143033013065999,0.9993993388452185,2.192066149368537e-09,0.00060065896442435
2015-06-05T00:00:00Z,SPY,174.4945831298828,-0.0017132676455612,-0.0064885877187366,0.0941614793319098,0.1421,0.0073,stable_low_volatility,0.11427466868343245,0.9999298341524171,3.6068340369443066e-10,7.016548739350972e-05
2015-06-08T00:00:00Z,SPY,173.42152404785156,-0.0061495266087001,-0.0146048965809455,0.0834616985936965,0.1529,0.006999999999999999,stable_low_volatility,0.11428108722940532,0.9998109128268198,4.617648453594628e-10,0.00018908671007585983
2015-06-09T00:00:00Z,SPY,173.396484375,-0.0001443861884448,-0.0137682791408527,0.0820993134566718,0.14470000000000002,0.0072,stable_low_volatility,0.11427408639771086,0.9999406224072572,2.6766075267360156e-10,5.93773248934814e-05
2015-06-10T00:00:00Z,SPY,175.47616577148438,0.0119937921693193,-0.0045771251077112,0.0925360951209162,0.1322,0.0075,stable_low_volatility,0.11427572547701212,0.999910253325883,3.6289186794369557e-11,8.974663781111766e-05
2015-06-11T00:00:00Z,SPY,176.04176330566406,0.0032232157096265,0.0071381787107682,0.0931408169754237,0.1285,0.0073,stable_low_volatility,0.11427106534533184,0.9999965952614484,6.953365101966693e-12,3.4047320264770525e-06
2015-06-12T00:00:00Z,SPY,174.6942596435547,-0.0076544544703842,0.0011443135373621,0.0894300143365131,0.1378,0.0074,stable_low_volatility,0.11427355776183519,0.9999504169278306,2.9415526148532446e-10,4.958277682357305e-05
2015-06-15T00:00:00Z,SPY,173.94557189941406,-0.0042857031803348,0.0030218155124615,0.0901847551137445,0.1539,0.0072,stable_low_volatility,0.11427490487257133,0.9999254573476072,4.4392520891240325e-11,7.454260960515011e-05
2015-06-16T00:00:00Z,SPY,174.8938751220703,0.0054517238484497,0.0086356465211367,0.0918860468039064,0.1481,0.0070999999999999995,stable_low_volatility,0.1142718841654599,0.9999814243398745,1.4227040033416297e-11,1.857564620117098e-05
2015-06-17T00:00:00Z,SPY,175.1767120361328,0.0016171916475924,-0.0017065208487717,0.0922413309797049,0.145,0.0067,stable_low_volatility,0.11427268431669879,0.9999665995358703,1.1747595366912157e-10,3.340034644567944e-05
2015-06-18T00:00:00Z,SPY,176.9983367919922,0.0103987838034296,0.0054337872352892,0.1000458677760521,0.1319,0.006600000000000001,stable_low_volatility,0.11427613664007362,0.9999026362346376,3.996517100723025e-10,9.736336704821449e-05
2015-06-19T00:00:00Z,SPY,176.2126922607422,-0.0044387113771203,0.008691943400348,0.1005932058425421,0.1396,0.006500000000000001,stable_low_volatility,0.11427308071265516,0.9999592549399562,1.281001214266273e-11,4.074504575821764e-05
2015-06-22T00:00:00Z,SPY,177.11546325683594,0.005123189394087,0.0182234668167058,0.102127415951604,0.1274,0.0068000000000000005,stable_low_volatility,0.11427129899358927,0.9999922662544863,7.345315226026264e-13,7.733744111786986e-06
2015-06-23T00:00:00Z,SPY,177.24081420898438,0.0007077357890918,0.0134192182846653,0.0938288231771597,0.1211,0.006999999999999999,stable_low_volatility,0.11427100059951872,0.9999977948452154,2.5428915583799115e-12,2.205151524824747e-06
2015-06-24T00:00:00Z,SPY,175.95350646972656,-0.0072630434756406,0.0044343476057109,0.0915834681140258,0.1326,0.0068000000000000005,stable_low_volatility,0.11427182160310234,0.9999825842230602,3.298482968356663e-10,1.7415447180335105e-05
2015-06-25T00:00:00Z,SPY,175.4185791015625,-0.0030401631595565,-0.0089252685593662,0.0920710103584957,0.1401,0.0068000000000000005,stable_low_volatility,0.11429310683588254,0.9995882574937551,1.8170586955882956e-08,0.0004117243364521247
2015-06-26T00:00:00Z,SPY,175.3851318359375,-0.0001906711694753,-0.0046963724019387,0.0894311423488839,0.1402,0.0072,stable_low_volatility,0.11506691113463739,0.9852534182571806,8.935394170308633e-07,0.014745688203858635
2015-06-29T00:00:00Z,SPY,171.70724487304688,-0.0209703463708147,-0.0305349870888832,0.1161842549111506,0.18850000000000003,0.0064,transition_uncertainty,0.16836977272768935,1.5142915281413175e-07,0.0009943128329354986,0.9990055357364092
2015-06-30T00:00:00Z,SPY,172.06671142578125,0.0020934850652349,-0.0291925017738992,0.1167828124415756,0.18230000000000002,0.0064,transition_uncertainty,0.16824912006179038,7.838097810572462e-07,4.2165766651939476e-05,0.9999570504243319
2015-07-01T00:00:00Z,SPY,173.44595336914062,0.008015739546195,-0.0142512255134703,0.1205177047746273,0.16090000000000002,0.0069,transition_uncertainty,0.168228040946277,0.0003082815429932516,6.781028554557733e-06,0.9996849374280458
2015-07-02T00:00:00Z,SPY,173.287109375,-0.000915812626672,-0.0121507638328801,0.1170734896760104,0.1679,0.0064,transition_uncertainty,0.1682038743802467,0.0007481340573542981,3.4148218378550885e-06,0.9992484511202648
2015-07-06T00:00:00Z,SPY,172.79391479492188,-0.0028461123384015,-0.0147744396226218,0.1173075127258569,0.17010000000000003,0.006,transition_uncertainty,0.16822137567409237,0.0004263593276873732,4.473907736771949e-06,0.9995691667659187
2015-07-07T00:00:00Z,SPY,173.8805694580078,0.0062887322413849,0.0126571513424946,0.1176291376750328,0.16090000000000002,0.0058,transition_uncertainty,0.16820237611026848,0.0007829886124075386,6.437645103599522e-06,0.999210573740892
2015-07-08T00:00:00Z,SPY,170.9633331298828,-0.016777241627504,-0.0064125029574612,0.13230799870582,0.1966,0.0055000000000000005,transition_uncertainty,0.16824697643671108,4.3737238129179836e-08,2.4928955891949368e-05,0.9999750273080762
2015-07-09T00:00:00Z,SPY,171.27259826660156,0.001808955938428,-0.0125304457113136,0.1241209284283127,0.1997,0.006,transition_uncertainty,0.16824209868912923,4.701574255311148e-05,6.437325545851494e-06,0.9999465469325832
2015-07-10T00:00:00Z,SPY,173.42916870117188,0.0125914504503132,0.0008197916549259,0.1326156125852835,0.16829999999999998,0.006500000000000001,transition_uncertainty,0.16663499511991448,0.029813141111735202,2.1881013259101436e-06,0.9701846707862704
2015-07-13T00:00:00Z,SPY,175.34335327148438,0.0110372700546743,0.0147542144617087,0.136165448781662,0.139,0.0069,stable_low_volatility,0.13700920481056794,0.5787099850005919,4.962400796435937e-07,0.4212895187589567
2015-07-14T00:00:00Z,SPY,176.10398864746094,0.0043379766713989,0.0127870480087775,0.1358423635680718,0.13369999999999999,0.006600000000000001,stable_low_volatility,0.11783260679149442,0.9340094916094983,1.8561138740177746e-07,0.06599032278047179
2015-07-15T00:00:00Z,SPY,176.04551696777344,-0.0003320292750697,0.0297267475127525,0.1346656599320538,0.1323,0.0064,stable_low_volatility,0.11639730407563376,0.9606027400338767,2.887449591378298e-07,0.03939697121964034
2015-07-16T00:00:00Z,SPY,177.45816040039062,0.0080243079003017,0.0361153050539975,0.1373497192385462,0.1211,0.0067,stable_low_volatility,0.11584349490590097,0.9708631188597122,8.060324167168234e-08,0.029136800537522264
2015-07-17T00:00:00Z,SPY,177.608642578125,0.0008479868009161,0.0240990250270678,0.1325074250849985,0.1195,0.0068000000000000005,stable_low_volatility,0.11437882958797199,0.9979999624941538,8.238137182239949e-10,0.002000036683659426
2015-07-20T00:00:00Z,SPY,177.7005157470703,0.0005172787067775,0.0134431241995032,0.131378325079184,0.1225,0.0070999999999999995,stable_low_volatility,0.1142749101551416,0.9999253596715246,1.309850096981471e-10,7.464019752270725e-05
2015-07-21T00:00:00Z,SPY,176.9983367919922,-0.003951473928627,0.0050785229306851,0.1310283358621875,0.1222,0.0070999999999999995,stable_low_volatility,0.11427767974035424,0.9998740534695112,3.5942926597392576e-09,0.00012594293597216136
2015-07-22T00:00:00Z,SPY,176.6807861328125,-0.0017940883792194,0.0036085506520189,0.1311419159025237,0.12119999999999999,0.0075,stable_low_volatility,0.11443287761991691,0.9969988739271838,1.2981002418235063e-07,0.003000996261667094
2015-07-23T00:00:00Z,SPY,175.68605041503906,-0.0056301295661299,-0.0099860721048455,0.1300820425379343,0.1264,0.0070999999999999995,stable_low_volatility,0.1199635737161479,0.8945392372408927,5.247835002319264e-06,0.10545551492511976
2015-07-24T00:00:00Z,SPY,173.86386108398438,-0.0103718498238759,-0.0210844553495948,0.1348669110420231,0.1374,0.006999999999999999,transition_uncertainty,0.15572260260519974,0.2321316415097403,6.00628524944346e-05,0.7678082956380264
2015-07-27T00:00:00Z,SPY,172.8523712158203,-0.0058177119837196,-0.0272826700072755,0.1362070587582348,0.156,0.0068000000000000005,transition_uncertainty,0.1579944052158479,0.18991249908187832,5.6851655656961685e-06,0.8100818157510314
2015-07-28T00:00:00Z,SPY,174.97555541992188,0.0122832228980567,-0.011428250732364,0.1203182100558295,0.1344,0.0069,stable_low_volatility,0.13413187584045114,0.632020040240128,2.704780160117224e-07,0.36797968928062474
2015-07-29T00:00:00Z,SPY,176.17926025390625,0.0068792742568846,-0.0028385988645605,0.122096857292893,0.125,0.006999999999999999,stable_low_volatility,0.11513328425517828,0.9840215782314253,2.2707509895303983e-09,0.01597841949916179
2015-07-30T00:00:00Z,SPY,176.22105407714844,0.0002372232871334,0.0030452256217581,0.1194398078867753,0.1213,0.0072,stable_low_volatility,0.11428158287598009,0.9998017286003316,4.299172470281742e-11,0.00019827135490520494
2015-07-31T00:00:00Z,SPY,175.95350646972656,-0.0015182499549953,0.0120188598867754,0.1195734497322953,0.12119999999999999,0.0067,stable_low_volatility,0.1142719949483012,0.9999793718251896,3.5166398098049636e-11,2.0628139580545608e-05
2015-08-03T00:00:00Z,SPY,175.36007690429688,-0.0033726498399268,0.0145077887612283,0.1197996446651487,0.12560000000000002,0.0068000000000000005,stable_low_volatility,0.11427283760040977,0.9999637593301114,3.487609291363036e-11,3.6240634340882324e-05
2015-08-04T00:00:00Z,SPY,175.0173797607422,-0.0019542483648756,0.0002390296217087,0.1183106493629727,0.13,0.0074,stable_low_volatility,0.11427191755382024,0.9999808056987097,3.784497368376019e-12,1.919429662707781e-05
2015-08-05T00:00:00Z,SPY,175.5941162109375,0.0032953095914458,-0.0033212992387722,0.0994915635011855,0.1251,0.0073,stable_low_volatility,0.11427128011995404,0.9999926161199016,7.824575944479434e-11,7.38380005821045e-06
2015-08-06T00:00:00Z,SPY,174.1564178466797,-0.0081876226566198,-0.0117161722887259,0.1050737781251645,0.1377,0.0070999999999999995,stable_low_volatility,0.11428353222759707,0.9997656127478571,6.148693163890443e-10,0.00023438663824434797
2015-08-07T00:00:00Z,SPY,173.82205200195312,-0.001919916870482,-0.012113736807741,0.0958871737792609,0.13390000000000002,0.0073,stable_low_volatility,0.11427366450477652,0.9999484386695394,6.052441232802905e-11,5.156126947877678e-05
2015-08-10T00:00:00Z,SPY,176.0120849609375,0.0125992814706834,0.0037181100062841,0.0983323473697207,0.1223,0.0073,stable_low_volatility,0.11427198814442158,0.9999794983842316,2.4565592196072414e-10,2.0501371350217834e-05
2015-08-11T00:00:00Z,SPY,174.42396545410156,-0.009022786743242,-0.0033906021644927,0.1022692654942889,0.1371,0.0068000000000000005,stable_low_volatility,0.11427804302877466,0.9998673157600628,7.069031757280565e-10,0.00013268353408288526
2015-08-12T00:00:00Z,SPY,174.6328887939453,0.0011977903340278,-0.0054741436543208,0.1024423571055146,0.1361,0.0067,stable_low_volatility,0.11427600541305889,0.9999050667601195,5.026027626390221e-11,9.493319006884385e-05
2015-08-13T00:00:00Z,SPY,174.4155731201172,-0.0012444143559037,0.0014880604266083,0.0975320450691751,0.1349,0.0072,stable_low_volatility,0.11427135136079919,0.9999912960135129,1.1353214908818565e-12,8.703987074270825e-06
2015-08-14T00:00:00Z,SPY,175.05076599121094,0.0036418357588763,0.0070688038433928,0.0986763794098154,0.1283,0.0073,stable_low_volatility,0.11427109658482303,0.9999960164538824,4.724869005761295e-12,3.983540798237731e-06
2015-08-17T00:00:00Z,SPY,176.02877807617188,0.005587019739234,9.48407334535606e-05,0.1011211700430241,0.1302,0.0072,stable_low_volatility,0.11427255052557178,0.9999690803975585,9.733744404064235e-10,3.091862793376059e-05
2015-08-18T00:00:00Z,SPY,175.5188751220703,-0.0028967022305915,0.0062772891621758,0.1007060843925672,0.1379,0.0074,stable_low_volatility,0.11444219885188242,0.9968268775693075,4.3043234447934024e-07,0.003172691997172028
2015-08-19T00:00:00Z,SPY,174.13128662109375,-0.0079056369294272,-0.0028723236288178,0.1041206143861134,0.1525,0.0067,stable_low_volatility,0.13458721951297928,0.6346498741981401,0.004715149262284528,0.3606349765399785
2015-08-20T00:00:00Z,SPY,170.4952392578125,-0.0208810687259964,-0.0224769714777981,0.12596830913974,0.19140000000000001,0.0069,transition_uncertainty,0.2116842053838173,6.818574313555069e-07,0.34291305106660047,0.6570862670758999
2015-08-21T00:00:00Z,SPY,165.36285400390625,-0.0301028068364147,-0.0553434424148198,0.1604589797048391,0.2803,0.0064,stress_high_volatility,0.2949226263349379,7.68958721638095e-33,0.9999860570995915,1.3942898892855935e-05
2015-08-24T00:00:00Z,SPY,158.39999389648438,-0.0421065550021131,-0.1001471712316215,0.2155255710160594,0.40740000000000004,0.0059,stress_high_volatility,0.2949243926297898,1.4451281522527127e-96,1.0,2.4431035416512075e-25
2015-08-25T00:00:00Z,SPY,156.5360107421875,-0.0117675708719724,-0.1081528375035481,0.2077615148384898,0.3602,0.0067,stress_high_volatility,0.2949243926297898,2.0690539922216267e-90,1.0,2.8086722976728313e-17
2015-08-26T00:00:00Z,SPY,162.5459747314453,0.0383934914449566,-0.0665320524212161,0.2555173765585695,0.3032,0.0067,stress_high_volatility,0.29492439262982517,8.838037312414282e-68,1.0,2.1010996807437288e-13
2015-08-27T00:00:00Z,SPY,166.5665740966797,0.0247351518355167,-0.023042667808408,0.2745967982942054,0.261,0.0068000000000000005,stress_high_volatility,0.294924389090227,8.344939326600476e-43,0.9999999720603232,2.7938793553997796e-08
2015-08-28T00:00:00Z,SPY,166.57498168945312,5.0475870198019024e-05,0.0073301086440986,0.2747517043739457,0.2605,0.0072,stress_high_volatility,0.2949241362527776,3.510185354449364e-30,0.9999979761944375,2.0238045743139996e-06
2015-08-31T00:00:00Z,SPY,165.22914123535156,-0.0080794873302799,0.0431133055682444,0.2754109494943041,0.2843,0.0074,stress_high_volatility,0.29492438956350564,1.1195520294105896e-35,0.9999999757928894,2.4208813204459475e-08
2015-09-01T00:00:00Z,SPY,160.29742431640625,-0.0298477428501585,0.0240290624271353,0.2919056565511314,0.314,0.006999999999999999,stress_high_volatility,0.29492439263003545,7.406453906828048e-52,1.0,1.4599892034296825e-12
2015-09-02T00:00:00Z,SPY,163.34005737304688,0.0189811724649726,0.0048852802594068,0.3023289354155488,0.2609,0.0072,stress_high_volatility,0.2949243896117739,6.315650933510997e-41,0.9999999761785151,2.381972213958516e-08
2015-09-03T00:00:00Z,SPY,163.45703125,0.0007161371119515,-0.0186684685300354,0.3021881057169321,0.2561,0.0070999999999999995,stress_high_volatility,0.29492437989122444,1.2928035560231873e-34,0.9999998994426329,1.0055795790061899e-07
2015-09-04T00:00:00Z,SPY,160.98281860351562,-0.0151367770940374,-0.0335714464994689,0.305148029697003,0.278,0.0070999999999999995,stress_high_volatility,0.2949243925629733,1.0840206673370734e-42,0.9999999994724931,5.275566554308229e-10
2015-09-08T00:00:00Z,SPY,165.028564453125,0.0251315381647878,-0.0012139310337566,0.3167945684195813,0.249,0.0074,stress_high_volatility,0.29492439192734093,2.0152294543261743e-40,0.9999999944557203,5.543706962523221e-09
2015-09-09T00:00:00Z,SPY,162.82183837890625,-0.013371782524628,0.0157483133198517,0.3182516730506859,0.26230000000000003,0.0075,stress_high_volatility,0.2949243920169045,2.999515639760106e-39,0.9999999951614882,4.8388692630549425e-09
2015-09-10T00:00:00Z,SPY,163.70785522460938,0.0054416339633831,0.0022517308826608,0.3194213897465028,0.24370000000000003,0.0075,stress_high_volatility,0.2949243860252209,2.8878472565424244e-35,0.999999947864127,5.213607102578268e-08
2015-09-11T00:00:00Z,SPY,164.45179748535156,0.0045443284301873,0.0060857965408054,0.3205544427655928,0.23199999999999998,0.0070999999999999995,stress_high_volatility,0.29492437233408053,2.6200911023351467e-32,0.9999998397870642,1.6021386915333915e-07
2015-09-14T00:00:00Z,SPY,163.8416290283203,-0.0037103179555432,0.0177584816168838,0.3196148825652438,0.2425,0.0073,stress_high_volatility,0.29492437891897594,7.963345392133444e-33,0.9999998917701364,1.082287173263048e-07
2015-09-15T00:00:00Z,SPY,165.88954162597656,0.0124993422599715,0.0052171402914682,0.3230458937295077,0.2254,0.008199999999999999,stress_high_volatility,0.29492437894070894,1.8065130375203694e-32,0.9999998919411214,1.0805816343107548e-07
2015-09-16T00:00:00Z,SPY,167.32720947265625,0.0086664164153345,0.0276705578232414,0.3256588565227031,0.21350000000000002,0.008199999999999999,stress_high_volatility,0.2949243743519341,1.014271085038858e-31,0.999999855717771,1.4428163186968966e-07
2015-09-17T00:00:00Z,SPY,166.9510498046875,-0.0022480484145659,0.0198108672038272,0.3249990233739883,0.2114,0.006999999999999999,stress_high_volatility,0.2949243853996064,1.3306465703409844e-32,0.9999999429273901,5.707146549173044e-08
2015-09-18T00:00:00Z,SPY,164.22286987304688,-0.016341196625192,-0.0013920651267134,0.3218119205297203,0.22280000000000003,0.0069,stress_high_volatility,0.2949243897307666,3.410137383695945e-35,0.9999999771134755,2.2888039001837266e-08
2015-09-21T00:00:00Z,SPY,165.0714874267578,0.0051674748734262,0.0075063853169143,0.3040625734322734,0.20140000000000002,0.0072,stress_high_volatility,0.29492358377570027,1.0071673670547357e-26,0.9999936150110558,6.384988713185501e-06
2015-09-22T00:00:00Z,SPY,162.92892456054688,-0.0129796059853255,-0.0178469181143731,0.2639089581389439,0.22440000000000002,0.0069,stress_high_volatility,0.2949199187336507,3.057354490031095e-24,0.9999646836456089,3.5316353384865294e-05
2015-09-23T00:00:00Z,SPY,162.6684112548828,-0.0015989383491403,-0.027842442555852,0.2595595615508118,0.2213,0.006999999999999999,stress_high_volatility,0.2948822803591007,1.7635462880754494e-21,0.9996675711976263,0.0003324288029324946
2015-09-24T00:00:00Z,SPY,162.0802459716797,-0.0036157314051683,-0.0291750416586542,0.2229201909370762,0.2347,0.0067,stress_high_volatility,0.29473102257752487,1.6925248596587868e-19,0.998473561892175,0.001526438108558857
2015-09-25T00:00:00Z,SPY,162.0382843017578,-0.0002588944116558,-0.0133025660371047,0.2031685712787217,0.23620000000000002,0.006999999999999999,stress_high_volatility,0.2945144125668664,1.0828707776784899e-15,0.9967636705673347,0.003236329434400241
2015-09-28T00:00:00Z,SPY,157.97154235839844,-0.0250974142369098,-0.0430113351435669,0.2201932522007333,0.2763,0.0067,stress_high_volatility,0.2949231827906036,2.145640428784453e-31,0.9999904496854858,9.55031521398975e-06
2015-09-29T00:00:00Z,SPY,158.06398010253906,0.0005851544066772,-0.0298593050382526,0.2194956253749476,0.2683,0.0064,stress_high_volatility,0.29380393614796696,1.998122537905954e-24,0.991155261890706,0.008844738107509922
2015-09-30T00:00:00Z,SPY,161.01318359375,0.018658289442653,-0.0101754707528265,0.2045057644675445,0.245,0.0064,stress_high_volatility,0.25993639538988667,4.2351953989513664e-18,0.7238092887517904,0.2761907112473857
2015-10-01T00:00:00Z,SPY,161.43333435058594,0.0026094183560523,-0.0039913045369315,0.1927305053664489,0.2255,0.0064,transition_uncertainty,0.17515025274915788,1.0790202444910244e-11,0.05451847798233005,0.9454815220066468
2015-10-02T00:00:00Z,SPY,163.84474182128906,0.0149374816570799,0.011148337735835,0.200354034264513,0.20940000000000003,0.0058,transition_uncertainty,0.16998377488508834,6.57277230882737e-12,0.013734971963400728,0.9862650280304361
2015-10-05T00:00:00Z,SPY,166.76034545898438,0.0177949173423914,0.0556353566558609,0.2009024871446359,0.1954,0.0061,transition_uncertainty,0.1691120209954836,2.991060308889996e-14,0.006853459849622847,0.9931465401494958
2015-10-06T00:00:00Z,SPY,166.18898010253906,-0.0034262663277214,0.0514032355425262,0.1820407135814729,0.19399999999999998,0.0061,transition_uncertainty,0.16830555841346145,7.879564003865142e-11,0.00048734888190095956,0.9995126510388194
2015-10-07T00:00:00Z,SPY,167.55018615722656,0.0081907118862372,0.0405991759033221,0.1763714510315671,0.184,0.006500000000000001,transition_uncertainty,0.168248058728753,7.045854030341717e-09,3.345679947805211e-05,0.9999665361534846
2015-10-08T00:00:00Z,SPY,169.0625762939453,0.009026490339435,0.0472593964192729,0.1778868137162706,0.17420000000000002,0.006500000000000001,transition_uncertainty,0.16824931779365393,1.7971274814646847e-09,4.339345591264572e-05,0.9999566047475141
2015-10-09T00:00:00Z,SPY,169.16342163085938,0.00059649710258,0.0324617058225253,0.1775769937662528,0.17079999999999998,0.006500000000000001,transition_uncertainty,0.16824481941121877,5.282236876007686e-07,8.10809662151761e-06,0.9999913636793321
2015-10-12T00:00:00Z,SPY,169.32305908203125,0.0009436877643691,0.0153676440042946,0.1765590912429342,0.1617,0.006500000000000001,transition_uncertainty,0.16824270193609683,2.7133478097022163e-05,2.7283361488089965e-06,0.9999701381841464
2015-10-13T00:00:00Z,SPY,168.25601196289062,-0.0063018417274381,0.0124378394949906,0.1739015378772015,0.17670000000000002,0.0064,transition_uncertainty,0.1682441854603851,2.2958444875093754e-06,3.856875234442129e-06,0.9999938472799946
2015-10-14T00:00:00Z,SPY,167.4493408203125,-0.00479430799035,-0.000601881377914,0.1723171001482073,0.18030000000000002,0.005699999999999999,transition_uncertainty,0.16824423016569046,1.60995105060354e-06,3.9175451655715325e-06,0.999994472503019
2015-10-15T00:00:00Z,SPY,170.02044677734375,0.0153545301787139,0.0056657747941391,0.1802383238937654,0.1605,0.0061,transition_uncertainty,0.1682457892378362,4.93348247867256e-07,1.5748923355745995e-05,0.9999837577279627
2015-10-16T00:00:00Z,SPY,170.79345703125,0.0045465723009101,0.0096358620833978,0.1683976790677107,0.15050000000000002,0.0061,transition_uncertainty,0.1682382969002261,0.0001143045664777784,5.095263747985654e-06,0.9998806001695979
2015-10-19T00:00:00Z,SPY,170.87745666503906,0.0004918199751275,0.0091800702836035,0.1680381644218384,0.14980000000000002,0.0061,transition_uncertainty,0.1682276093001062,0.00030791764834592393,3.2186286730473078e-06,0.9996888637238801
2015-10-20T00:00:00Z,SPY,170.6589813232422,-0.0012785498219647,0.0142816255557129,0.1592554523903447,0.1575,0.006600000000000001,transition_uncertainty,0.16822919650426243,0.0002768104241974576,2.4944135240018704e-06,0.9997206951621538
2015-10-21T00:00:00Z,SPY,169.60031127929688,-0.0062034241370519,0.0128454997102231,0.16159188697649,0.167,0.0064,transition_uncertainty,0.16824277016322253,2.8129922024376392e-05,3.6914495201520424e-06,0.9999681786291097
2015-10-22T00:00:00Z,SPY,172.4655303955078,0.0168939496313336,0.0143811151217954,0.1680990352187144,0.1445,0.0061,transition_uncertainty,0.1682477579147294,6.413558436493613e-06,3.3811739595138576e-05,0.9999597747024106
2015-10-23T00:00:00Z,SPY,174.3560333251953,0.0109616276675814,0.0208589740840803,0.1697963870286424,0.1446,0.006600000000000001,transition_uncertainty,0.16807890774402076,0.0030822189431929437,1.1393831354223457e-05,0.9969063872244445
2015-10-26T00:00:00Z,SPY,173.92745971679688,-0.0024580371566442,0.0178490662916206,0.1332743048428521,0.1529,0.006600000000000001,transition_uncertainty,0.15333820308436097,0.2761718586164688,1.4938066239891219e-06,0.7238266475755877
2015-10-27T00:00:00Z,SPY,173.59140014648438,-0.0019321823641862,0.0171829153116058,0.1346268580612433,0.1543,0.006500000000000001,transition_uncertainty,0.14843377946585665,0.3670398900947275,1.4237057490455526e-06,0.632958686200026
2015-10-28T00:00:00Z,SPY,175.5659942626953,0.0113749535665055,0.0351749530316261,0.1270677493632795,0.1433,0.0073,transition_uncertainty,0.14651066691315195,0.4026726632802374,2.157424452328603e-06,0.5973251792966134
2015-10-29T00:00:00Z,SPY,175.46517944335938,-0.000574227484994,0.0173927453269797,0.1281358834567805,0.1461,0.0075,stable_low_volatility,0.12020377153168718,0.890076891419378,1.3178615984433322e-07,0.10992297679434064
2015-10-30T00:00:00Z,SPY,174.70889282226562,-0.0043101806494768,0.0020237871345247,0.1249958385057443,0.1507,0.0075,stable_low_volatility,0.11631946379282246,0.9620443469311643,3.202505746645318e-08,0.03795562104245231
2015-11-02T00:00:00Z,SPY,176.77586364746094,0.0118309422709128,0.0163769650594682,0.1175153499712279,0.14150000000000001,0.0077,stable_low_volatility,0.11463629861479784,0.9932296373840543,5.242792504728358e-09,0.006770357374098685
2015-11-03T00:00:00Z,SPY,177.2884521484375,0.0028996520814561,0.0212974375391488,0.1151033363711767,0.1454,0.008,stable_low_volatility,0.11431374146581276,0.999205903359203,1.225528786826186e-09,0.0007940954165499382
2015-11-04T00:00:00Z,SPY,176.7506561279297,-0.0030334520606989,0.0067476726925932,0.1156093290565953,0.1551,0.0084,stable_low_volatility,0.11429569347845724,0.9995402955887532,2.366825787910595e-09,0.00045970204296557726
2015-11-05T00:00:00Z,SPY,176.57423400878906,-0.0009981412403523,0.0063206532996917,0.1137962101673701,0.15050000000000002,0.0085,stable_low_volatility,0.1143464203308959,0.9986004667451047,1.4422783112674576e-08,0.001399518831515417
2015-11-06T00:00:00Z,SPY,176.48182678222656,-0.0005233335830747,0.0101479319759902,0.1140711577191169,0.1433,0.009000000000000001,stable_low_volatility,0.11561748543970711,0.9750516290710427,5.285089904685593e-07,0.024947842419452356
2015-11-09T00:00:00Z,SPY,174.83493041992188,-0.0093318184219438,-0.0109796280300449,0.1211417477758685,0.16519999999999999,0.0089,transition_uncertainty,0.14264594363536443,0.47430830411158503,1.528343089096981e-05,0.525676412455889
2015-11-10T00:00:00Z,SPY,175.23826599121094,0.0023069507353039,-0.0115641268925401,0.1174727446261977,0.1529,0.0087,transition_uncertainty,0.1445186517893302,0.43958052547980936,2.2417247733564713e-06,0.5604172327940038
2015-11-11T00:00:00Z,SPY,174.54930114746094,-0.0039315890273905,-0.0124545788326547,0.1168422666661463,0.1606,0.0087,transition_uncertainty,0.1540596141815513,0.26281147857229625,3.957619794008938e-06,0.7371845638071118
2015-11-12T00:00:00Z,SPY,172.1126251220703,-0.0139598154181785,-0.0252676100324845,0.1193236097961836,0.1837,0.0089,transition_uncertainty,0.16824669228033606,4.460616966848395e-05,4.167192791867234e-05,0.9999137219024926
2015-11-13T00:00:00Z,SPY,170.1800537109375,-0.0112285278884227,-0.0357077733508802,0.1254870441543481,0.20079999999999998,0.0086,transition_uncertainty,0.1682509181244432,7.547094717558881e-10,5.602581622802909e-05,0.9999439734290128
2015-11-16T00:00:00Z,SPY,172.76795959472656,0.0152068695911025,-0.0118224134057812,0.1367230233103052,0.1816,0.0088,transition_uncertainty,0.16824486178357956,1.2322360541623827e-06,8.742527402876775e-06,0.9999900252357282
2015-11-17T00:00:00Z,SPY,172.64190673828125,-0.0007296078320366,-0.0148161660824691,0.1366393890477528,0.1884,0.0086,transition_uncertainty,0.168244017445722,6.253106440568077e-06,4.216602663297324e-06,0.999989530290133
2015-11-18T00:00:00Z,SPY,175.38108825683594,0.0158662608071584,0.0047653419630269,0.1441766210340104,0.1685,0.009000000000000001,transition_uncertainty,0.1682103192836055,0.0006358541514469685,6.452594827923872e-06,0.9993576932532066
2015-11-19T00:00:00Z,SPY,175.22982788085938,-0.0008624668570595,0.0181114125508119,0.1328595677434212,0.1699,0.0091,transition_uncertainty,0.16418991928463367,0.07511357290336336,1.569345881933496e-06,0.9248848577496808
2015-11-20T00:00:00Z,SPY,175.86843872070312,0.0036444185762594,0.0334256858293613,0.1279414710690539,0.1547,0.009300000000000001,transition_uncertainty,0.15434789957342707,0.25746364506118763,1.171862470097216e-06,0.7425351830770213
2015-11-23T00:00:00Z,SPY,175.6668243408203,-0.0011463931865739,0.0167789487871119,0.1276320521129071,0.1562,0.0094,stable_low_volatility,0.126685552689484,0.7699839133375942,2.1193502485936395e-07,0.2300158747265679
2015-11-24T00:00:00Z,SPY,175.90199279785156,0.0013387186676465,0.018883515139302,0.1273333651741673,0.1593,0.009300000000000001,stable_low_volatility,0.12002527983107762,0.8933838453474359,8.696916749028529e-08,0.10661606768408308
2015-11-25T00:00:00Z,SPY,175.87684631347656,-0.0001429573592375,0.0028267475220282,0.1209592220511137,0.1519,0.009300000000000001,stable_low_volatility,0.11597062059490759,0.9685076888917451,5.068888182386766e-08,0.031492260420555994
2015-11-27T00:00:00Z,SPY,176.07852172851562,0.001146685418043,0.0048433183888834,0.1209883370919565,0.1512,0.0092,stable_low_volatility,0.11596822165191333,0.9685522110142027,8.263769910549043e-08,0.03144770634642722
2015-11-30T00:00:00Z,SPY,175.34751892089844,-0.0041515728348985,-0.0029619856956367,0.1209111643466553,0.1613,0.0094,stable_low_volatility,0.11990183327160946,0.8956736837589286,1.2138213278981168e-06,0.10432510241818271
2015-12-01T00:00:00Z,SPY,177.01954650878906,0.0095355075348679,0.0077004987882303,0.1182662786123087,0.1467,0.0091,stable_low_volatility,0.1247470867987084,0.8059047370470087,2.4738681576422536e-06,0.19409278908639696
2015-12-02T00:00:00Z,SPY,175.2130584716797,-0.0102050201389465,-0.0039165805640621,0.1232092146957837,0.1591,0.0094,transition_uncertainty,0.15709773974465893,0.20654913625124005,1.5653031339847557e-05,0.793435210717942
2015-12-03T00:00:00Z,SPY,172.75958251953125,-0.0140028144794071,-0.01772412832778,0.1320668082268989,0.1811,0.0096,transition_uncertainty,0.16824630212986583,3.5645187247351334e-05,3.4774254475637465e-05,0.9999295805594655
2015-12-04T00:00:00Z,SPY,176.12892150878906,0.019503051235244,0.0002862346854044,0.1507260326379534,0.1481,0.0096,transition_uncertainty,0.16824876924185564,1.7120933063478203e-06,3.979194125523726e-05,0.9999584959650994
2015-12-07T00:00:00Z,SPY,175.06182861328125,-0.0060585898463845,-0.0016292805816434,0.1522020374926651,0.1584,0.0094,transition_uncertainty,0.1682373347184638,0.00012878113964047633,3.667747164389921e-06,0.9998675511133635
2015-12-08T00:00:00Z,SPY,173.88546752929688,-0.0067196892281012,-0.0177047057305425,0.150419909848027,0.17600000000000002,0.0094,transition_uncertainty,0.1682442980800565,2.8460960717389854e-06,4.980318365232416e-06,0.9999921735849732
2015-12-09T00:00:00Z,SPY,172.53273010253906,-0.0077794737304881,-0.0152975377093474,0.152393622979724,0.1961,0.009300000000000001,transition_uncertainty,0.16824531860871594,4.021617714264722e-08,1.1840779720754742e-05,0.9999881190029584
2015-12-10T00:00:00Z,SPY,172.97802734375,0.0025809435748584,0.0012644440385474,0.1523562958414272,0.19340000000000002,0.0095,transition_uncertainty,0.16824685383239774,2.45668345825542e-06,2.498918358282119e-05,0.9999725541330238
2015-12-11T00:00:00Z,SPY,169.6255340576172,-0.0193810354853369,-0.0369240179038248,0.1599537622810178,0.2439,0.0088,transition_uncertainty,0.1687937925159196,3.559042943759691e-17,0.00434140551222569,0.9956585944893404
2015-12-14T00:00:00Z,SPY,170.48255920410156,0.0050524536370406,-0.0261580119747034,0.1561066927116229,0.2273,0.0097,transition_uncertainty,0.16830586039311718,1.7365523926036403e-11,0.00048973264416303,0.9995102673378308
2015-12-15T00:00:00Z,SPY,172.2722625732422,0.0104978678024065,-0.0092773995376174,0.150967866322589,0.2095,0.0098,transition_uncertainty,0.168246840306076,1.1754995060975005e-08,2.384073502620971e-05,0.9999761475089907
2015-12-16T00:00:00Z,SPY,174.7929229736328,0.0146318412653281,0.01310008176275,0.1596450748825603,0.1786,0.0102,transition_uncertainty,0.16824581887681114,1.6600684070180172e-07,1.584342154283583e-05,0.9999839905730413
2015-12-17T00:00:00Z,SPY,172.12940979003906,-0.0152381065450546,-0.0049059268783573,0.1587344745610638,0.1894,0.01,transition_uncertainty,0.1682469699646673,1.2972661183309e-08,2.486475995740783e-05,0.99997512226787
2015-12-18T00:00:00Z,SPY,169.06295776367188,-0.0178148059074134,-0.00331657787886,0.1698626641560462,0.207,0.0097,transition_uncertainty,0.16825908516115032,1.6034609818039914e-11,0.00012049502843215862,0.9998795049564946
2015-12-21T00:00:00Z,SPY,170.4575958251953,0.0082492231294861,-0.0001464277579055,0.1725589559013815,0.187,0.0096,transition_uncertainty,0.16824445338221253,5.187738460130901e-07,5.214685438092181e-06,0.9999942665400084
2015-12-22T00:00:00Z,SPY,172.00428771972656,0.0090737634016462,-0.0015555310501694,0.1766196921660333,0.166,0.0099,transition_uncertainty,0.16824439956335915,3.051457396256887e-06,5.868909829297954e-06,0.9999910796320782
2015-12-23T00:00:00Z,SPY,174.13427734375,0.0123833519051232,-0.0037681481531273,0.1827744274798202,0.1557,0.0101,transition_uncertainty,0.16824518117679005,1.610253396322362e-06,1.1424828873438967e-05,0.9999869649194912
2015-12-24T00:00:00Z,SPY,173.84690856933594,-0.0016502711516513,0.0099779507836101,0.1828132408773864,0.1574,0.0103,transition_uncertainty,0.1682430339152314,2.220447033000021e-05,3.248903347864383e-06,0.9999745466267802
2015-12-28T00:00:00Z,SPY,173.44969177246094,-0.0022848654609038,0.0259473397769436,0.1827894353985869,0.1691,0.0105,transition_uncertainty,0.16824433372962547,1.6075347673589544e-06,4.734037153059574e-06,0.9999936584264186
2015-12-29T00:00:00Z,SPY,175.30072021484375,0.0106718462481389,0.0284124879633704,0.1866199097566921,0.1608,0.010900000000000002,transition_uncertainty,0.16824535363878765,4.031428721590805e-07,1.227192789582067e-05,0.999987324929246
2015-12-30T00:00:00Z,SPY,174.05824279785156,-0.0070876914565407,0.0119413016114564,0.184701838731172,0.1729,0.0108,transition_uncertainty,0.16824433414762757,1.20518079545755e-06,4.565907854045393e-06,0.9999942289126101
2015-12-31T00:00:00Z,SPY,172.3170623779297,-0.0100034355853175,-0.0104357108407383,0.1845655406912378,0.1821,0.0106,transition_uncertainty,0.16824699902324827,2.618626458921995e-08,2.5099776223269178e-05,0.9999748740365925
2016-01-04T00:00:00Z,SPY,169.90817260742188,-0.0139794036485172,-0.0226563474399843,0.184542919791355,0.207,0.0102,transition_uncertainty,0.16833270149485058,1.8635698821375903e-12,0.0007016128114734216,0.9992983871868473
2016-01-05T00:00:00Z,SPY,170.19552612304688,0.0016912283336065,-0.0187614380640296,0.1689693917660741,0.19340000000000002,0.010400000000000001,transition_uncertainty,0.16859954155425821,9.132258177116618e-08,0.002808052529901211,0.9971918561486728
2016-01-06T00:00:00Z,SPY,168.0486602783203,-0.0126141144460779,-0.0413692535183854,0.1728246377536181,0.2059,0.0099,transition_uncertainty,0.195474604656865,1.3001432719939546e-12,0.21495627527599265,0.7850437247233889
2016-01-07T00:00:00Z,SPY,164.0168914794922,-0.0239916747455811,-0.0576896052548412,0.1895565047582161,0.24989999999999998,0.0096,stress_high_volatility,0.2947093926291123,3.8966697085040895e-26,0.9983028178881197,0.001697182110596738
2016-01-08T00:00:00Z,SPY,162.21652221679688,-0.0109767307894651,-0.0586160187606963,0.1910011773223015,0.2701,0.0094,stress_high_volatility,0.29492291154297706,2.728985477538195e-28,0.999988308492127,1.1691508410041133e-05
2016-01-11T00:00:00Z,SPY,162.37716674804688,0.0009903093042229,-0.0443239765562991,0.1904594700105698,0.24300000000000002,0.0094,stress_high_volatility,0.2948340343860686,6.443287863973706e-22,0.9992867237456237,0.0007132762547811673
2016-01-12T00:00:00Z,SPY,163.68724060058594,0.0080680915844026,-0.0382400505507742,0.1840142077300881,0.22469999999999998,0.009300000000000001,stress_high_volatility,0.294674894493108,8.032730987463116e-17,0.998030494077625,0.0019695059213100017
2016-01-13T00:00:00Z,SPY,159.60476684570312,-0.0249406962931489,-0.0502467167464025,0.1998611335100875,0.2522,0.0091,stress_high_volatility,0.29492347240773037,1.5409515198188437e-28,0.9999927358885627,7.264109840797993e-06
2016-01-14T00:00:00Z,SPY,162.2250213623047,0.0164171444774872,-0.0109249120686545,0.2061626442957668,0.2395,0.009000000000000001,stress_high_volatility,0.2948918568456501,6.7122769922898624e-21,0.9997431667415462,0.0002568332579223221
2016-01-15T00:00:00Z,SPY,158.74261474609375,-0.0214665196957103,-0.0214152505751563,0.2054084587013316,0.2702,0.0085,stress_high_volatility,0.2949240510079114,1.0031203621469743e-27,0.9999973032827238,2.696716136618637e-06
2016-01-19T00:00:00Z,SPY,158.9539337158203,0.0013312050457563,-0.021081985237113,0.202572810749396,0.2605,0.0088,stress_high_volatility,0.29490638329171787,1.7223461546125866e-22,0.9998578366210973,0.00014216337927801245
2016-01-20T00:00:00Z,SPY,156.9169464111328,-0.0128149537231916,-0.0413611602505619,0.1986850938994283,0.2759,0.0085,stress_high_volatility,0.29492208903283595,4.986642986202571e-28,0.9999818157028032,1.8184298466824397e-05
2016-01-21T00:00:00Z,SPY,157.7960205078125,0.0056021616325394,-0.0113326586269144,0.1967994013389934,0.2669,0.0084,stress_high_volatility,0.29422415606872504,2.1922749544689356e-21,0.9944724234267439,0.0055275765742287325
2016-01-22T00:00:00Z,SPY,161.03326416015625,0.0205153694112549,-0.0073463217458102,0.2102083119072187,0.22340000000000002,0.0088,stress_high_volatility,0.29078421149019296,6.603523170019926e-17,0.9673179471843968,0.0326820528169047
2016-01-25T00:00:00Z,SPY,158.59893798828125,-0.0151169150334923,-0.0009050925489813,0.205780442568529,0.2415,0.0088,stress_high_volatility,0.2874306566588599,2.3583595653283345e-16,0.94084542040374,0.059154579594451195
2016-01-26T00:00:00Z,SPY,160.76275634765625,0.0136433344814381,0.0113795399053777,0.2155827840477457,0.225,0.0085,stress_high_volatility,0.2842399190653497,1.688209672168093e-14,0.9156581517694321,0.08434184823082198
2016-01-27T00:00:00Z,SPY,159.0131378173828,-0.0108832329702646,0.0133586043712439,0.2169028229252626,0.2311,0.0084,stress_high_volatility,0.2836996744861953,2.3020913236574377e-15,0.9113935311456147,0.08860646885572801
2016-01-28T00:00:00Z,SPY,159.8415069580078,0.0052094383646232,0.0129628519376636,0.212758663157501,0.2242,0.0083,stress_high_volatility,0.2835836930708902,5.565382771809232e-13,0.9104779889020101,0.0895220110969642
2016-01-29T00:00:00Z,SPY,163.73794555664062,0.0243768885365704,0.0167957931585764,0.2355063638852886,0.20199999999999999,0.0076,stress_high_volatility,0.28879434415495164,5.325216482530826e-17,0.9516101925877769,0.04838980741050229
2016-02-01T00:00:00Z,SPY,163.6787567138672,-0.0003614851925265,0.03202933632482,0.2341960487644134,0.1998,0.008100000000000001,stress_high_volatility,0.2893487385474242,1.507698525095775e-13,0.955986510000668,0.04401348999764772
2016-02-02T00:00:00Z,SPY,160.7289276123047,-0.018022064443703,-0.0002104264452794,0.2373066658512322,0.2198,0.0075,stress_high_volatility,0.29223983546778026,1.5927853991276185e-17,0.9788084540306728,0.02119154596758978
2016-02-03T00:00:00Z,SPY,161.69247436523438,0.0059948558560276,0.0168497809968923,0.2388598071540012,0.2165,0.0072,stress_high_volatility,0.2927179660167463,1.1578636647617303e-15,0.9825827545543834,0.01741724544566038
2016-02-04T00:00:00Z,SPY,161.9461212158203,0.0015686991715706,0.0131668819811954,0.2361860667546272,0.2184,0.006999999999999999,stress_high_volatility,0.29323172384921975,1.2935016727755826e-14,0.9866382922333023,0.013361707767689024
2016-02-05T00:00:00Z,SPY,158.8609619140625,-0.0190505291426296,-0.0297852988566481,0.2304342993469711,0.2338,0.0074,stress_high_volatility,0.29485036586785107,1.070058510728515e-21,0.999415642345784,0.0005843576533871638
2016-02-08T00:00:00Z,SPY,156.72256469726562,-0.0134608099499842,-0.0424990521449398,0.2319685517549301,0.26,0.006600000000000001,stress_high_volatility,0.29492381052722483,1.5000593447874863e-27,0.9999954049595615,4.595039163020062e-06
2016-02-09T00:00:00Z,SPY,156.7310333251953,5.403579214036114e-05,-0.024873520569693,0.2318471673416095,0.26539999999999997,0.0069,stress_high_volatility,0.29492252362835397,5.805352317940519e-26,0.9999852463439918,1.475365686496624e-05
2016-02-10T00:00:00Z,SPY,156.59580993652344,-0.0008627735414167,-0.0315207275336666,0.2289898049768595,0.2629,0.0070999999999999995,stress_high_volatility,0.2949217662787352,3.1278058030143286e-25,0.9999792679266636,2.073207245192913e-05
2016-02-11T00:00:00Z,SPY,154.5587615966797,-0.0130083195755331,-0.0456161565567583,0.216485183108691,0.28140000000000004,0.0064,stress_high_volatility,0.2949235936482049,2.8676337632600897e-31,0.9999936929433432,6.307056413631396e-06
2016-02-12T00:00:00Z,SPY,157.74526977539062,0.0206168071340149,-0.0070230730396522,0.2214425816190867,0.254,0.0070999999999999995,stress_high_volatility,0.2936581436077819,2.8402838979290614e-23,0.9900043944881717,0.009995605512945703
2016-02-16T00:00:00Z,SPY,160.4078369140625,0.0168789031992087,0.0235146242273125,0.2166905777908249,0.2411,0.0074,stress_high_volatility,0.2783826827864159,1.1516810938655595e-17,0.8694218884380189,0.13057811156200932
2016-02-17T00:00:00Z,SPY,163.02796936035156,0.0163341922483051,0.0401767020963295,0.2237421793258593,0.2231,0.0074,stress_high_volatility,0.25025350734671814,1.1550023366855182e-16,0.6473738266893692,0.35262617331154184
2016-02-18T00:00:00Z,SPY,162.3602294921875,-0.0040958607948315,0.0368108160620688,0.2184746744317823,0.2164,0.0070999999999999995,transition_uncertainty,0.19074464033790348,1.7143400028239228e-13,0.17761855055616496,0.8223814494440647
2016-02-19T00:00:00Z,SPY,162.28419494628906,-0.0004683077015612,0.0499837943174574,0.2181047977292385,0.2053,0.0076,transition_uncertainty,0.17589793495436443,1.1980732229128636e-13,0.06042058431147042,0.9395794156867092
2016-02-22T00:00:00Z,SPY,164.63389587402344,0.0144789264814855,0.0436693037353281,0.2122215714197676,0.1938,0.0078000000000000005,transition_uncertainty,0.16995809932726924,1.5708950086496233e-12,0.013532292441576173,0.986467707555107
2016-02-23T00:00:00Z,SPY,162.55462646484375,-0.0126296556255385,0.0133833208656219,0.2098214526434208,0.20980000000000001,0.0076,transition_uncertainty,0.1684391242677041,1.0966754390712801e-11,0.0015417003789684463,0.9984582996096131
2016-02-24T00:00:00Z,SPY,163.2984619140625,0.0045759106670495,0.0016591788192679,0.205197476015673,0.2072,0.0075,transition_uncertainty,0.16825840526421756,1.8432988692792095e-10,0.00011512808313786381,0.9998848717325997
2016-02-25T00:00:00Z,SPY,165.2762908935547,0.0121117428560535,0.0179604414855025,0.2039922113116334,0.1911,0.0072,transition_uncertainty,0.16824770843165837,1.1970775320517747e-09,3.068910456521497e-05,0.9999693096995749
2016-02-26T00:00:00Z,SPY,164.89593505859375,-0.0023013333183155,0.0160936196723846,0.2041375332323858,0.1981,0.008,transition_uncertainty,0.1682467613736425,1.2791763713946818e-09,2.321318756925369e-05,0.9999767855336125
2016-02-29T00:00:00Z,SPY,163.6027069091797,-0.0078426927198328,-0.0062635276858953,0.1882635408254478,0.20550000000000002,0.0078000000000000005,transition_uncertainty,0.16824733518714313,9.586561414443263e-10,2.7742663221741184e-05,0.9999722563763132
2016-03-01T00:00:00Z,SPY,167.4485321044922,0.0235071000227851,0.0301062218041936,0.2055684732134781,0.177,0.0085,transition_uncertainty,0.16828039782725362,5.058471648510297e-12,0.0002887344446500786,0.9997112655515928
2016-03-02T00:00:00Z,SPY,168.2007598876953,0.0044922924898125,0.0300204785530233,0.1926466469325603,0.1709,0.0085,transition_uncertainty,0.16824590271248782,1.0981085683725315e-07,1.6481266549201382e-05,0.999983408924281
2016-03-03T00:00:00Z,SPY,168.86007690429688,0.0039198218666893,0.021683606229101,0.1922589931840847,0.167,0.0085,transition_uncertainty,0.16824479520442367,6.67217411554066e-07,7.976227865698071e-06,0.9999913565562311
2016-03-04T00:00:00Z,SPY,169.40943908691406,0.0032533574109914,0.0273718331911365,0.1922818372311788,0.1686,0.0088,transition_uncertainty,0.1682454887553182,1.4440461060376158e-07,1.3228283278610109e-05,0.9999866273122398
2016-03-07T00:00:00Z,SPY,169.54473876953125,0.0007986549235179,0.03631988719875,0.1749591606975052,0.17350000000000002,0.0091,transition_uncertainty,0.168244849602645,2.737477701421849e-07,8.238004464444832e-06,0.9999914882462962
2016-03-08T00:00:00Z,SPY,167.69357299804688,-0.0109184501089163,0.0014633803621626,0.1718917004379399,0.18670000000000003,0.0088,transition_uncertainty,0.1682448960803694,1.019453217646077e-07,8.531692148232214e-06,0.9999913663641372
2016-03-09T00:00:00Z,SPY,168.52198791503906,0.0049400516798687,0.0019097893942823,0.1715099659301262,0.1834,0.009000000000000001,transition_uncertainty,0.1682441386426173,1.8821809969755516e-06,3.3110571914370027e-06,0.999994806762358
2016-03-10T00:00:00Z,SPY,168.6571807861328,0.0008022268949372,-0.0012015635778672,0.1710330149427005,0.18050000000000002,0.009300000000000001,transition_uncertainty,0.16824450826663825,8.773271623228573e-07,5.8006988648832024e-06,0.9999933219737769
2016-03-11T00:00:00Z,SPY,171.3788604736328,0.0161373484058839,0.0116252163830632,0.1641697527845947,0.165,0.0097,transition_uncertainty,0.16824517697963873,2.34320184355134e-06,1.1703978180964854e-05,0.9999859528183885
2016-03-14T00:00:00Z,SPY,171.15908813476562,-0.0012823771745231,0.0095216718427861,0.1552736561401402,0.16920000000000002,0.0097,transition_uncertainty,0.16818001109145972,0.0011865065933220208,1.8120910131371432e-06,0.9988116813169173
2016-03-15T00:00:00Z,SPY,170.8801727294922,-0.0016295681889461,0.019002515567382,0.1489761921956771,0.1684,0.0098,transition_uncertainty,0.16766724889769982,0.010687730312009943,2.1813375960142308e-06,0.9893100883515649
2016-03-16T00:00:00Z,SPY,171.8690643310547,0.0057870470620833,0.0198613632406416,0.1412680110167138,0.1499,0.0087,transition_uncertainty,0.16242084193320508,0.10789548626207504,3.61279164036169e-06,0.8921009009471897
2016-03-17T00:00:00Z,SPY,172.95944213867188,0.0063442354321363,0.0255089130061683,0.1395031312415441,0.1444,0.0087,transition_uncertainty,0.15199630897244037,0.30103509059486117,1.8695195999996983e-06,0.698963039887088
2016-03-18T00:00:00Z,SPY,173.6391143798828,0.0039296625428868,0.0131886389021576,0.1388567452315904,0.1402,0.0084,stable_low_volatility,0.12701408353128038,0.7638967251679486,1.125104492449513e-07,0.23610316232058914
2016-03-21T00:00:00Z,SPY,173.88546752929688,0.0014187652954453,0.0159289198385106,0.13273290921384,0.1379,0.0087,stable_low_volatility,0.1152095053569287,0.982609374785104,4.88302900198914e-09,0.01739062033365812
2016-03-22T00:00:00Z,SPY,173.79202270507812,-0.0005373929492009,0.017040303325275,0.1204089352561429,0.1417,0.0091,stable_low_volatility,0.11434649505436606,0.9985990518091481,1.4376837413354178e-09,0.0014009467536269795
2016-03-23T00:00:00Z,SPY,172.64508056640625,-0.0065995096945169,0.0045151594812711,0.125348172893384,0.1494,0.0087,stable_low_volatility,0.11429753532281939,0.9995061655558467,3.589552957929734e-10,0.00049383408688864
2016-03-24T00:00:00Z,SPY,172.5686492919922,-0.0004427075139546,-0.002259447890485,0.1208740546483099,0.1474,0.0089,stable_low_volatility,0.11427816711997438,0.9998650153155977,1.4988074085045168e-10,0.0001349845356559185
2016-03-28T00:00:00Z,SPY,172.67059326171875,0.000590744437908,-0.0055777819509327,0.1198892918891929,0.1524,0.0089,stable_low_volatility,0.1142781634509228,0.9998650831183714,7.396271208051423e-11,0.00013491680928014773
2016-03-29T00:00:00Z,SPY,174.26779174804688,0.0092499739310401,0.0021987128894804,0.1159241267243655,0.13820000000000002,0.0078000000000000005,stable_low_volatility,0.11427475208004702,0.9999282881756714,9.495656449960427e-12,7.17118164821324e-05
2016-03-30T00:00:00Z,SPY,175.03240966796875,0.0043876031953589,0.0071371915901774,0.0887463312138162,0.1356,0.0076,stable_low_volatility,0.11427118034039978,0.9999944646377523,2.101692172275845e-12,5.5353585494688275e-06
2016-03-31T00:00:00Z,SPY,174.6076202392578,-0.0024269187033233,0.0113674809986648,0.0897895074350747,0.13949999999999999,0.0073,stable_low_volatility,0.11427138128016542,0.9999907416814707,5.811483517155923e-12,9.258313514523218e-06
2016-04-01T00:00:00Z,SPY,175.7970428466797,0.0068119742184908,0.0187078798375766,0.091226785645004,0.131,0.0076,stable_low_volatility,0.11427174127260954,0.9999840718405522,1.8967197365918964e-11,1.592814044019355e-05
2016-04-04T00:00:00Z,SPY,175.22781372070312,-0.0032379903368057,0.0148098203097521,0.0929547447841521,0.1412,0.0075,stable_low_volatility,0.11427164508524108,0.9999858542414664,1.279601785711483e-10,1.4145631962121398e-05
2016-04-05T00:00:00Z,SPY,173.47764587402344,-0.0099879568746391,-0.0045340901270259,0.1018629392723336,0.1542,0.0072,stable_low_volatility,0.11429882013840957,0.9994823680444708,3.4692966546556704e-09,0.0005176284875410535
2016-04-06T00:00:00Z,SPY,175.3722381591797,0.0109212473780746,0.0019415175272714,0.0967559500492067,0.1409,0.0073,stable_low_volatility,0.11428974118902961,0.9996505964330897,1.0032432621006266e-08,0.00034939353453334595
2016-04-07T00:00:00Z,SPY,173.27381896972656,-0.0119655152461957,-0.0076388491390214,0.1085270304079015,0.1616,0.006999999999999999,stable_low_volatility,0.1145723767951799,0.9944140553143205,4.232213284366286e-08,0.005585902365028182
2016-04-08T00:00:00Z,SPY,173.7410430908203,0.0026964496071699,-0.0116953034167502,0.1085985860597947,0.1536,0.006999999999999999,stable_low_volatility,0.1143452802453953,0.9986215606306844,1.8992359209800057e-09,0.001378437469443913
2016-04-11T00:00:00Z,SPY,173.33323669433594,-0.0023472081738982,-0.0108120793505246,0.0946969811558533,0.16260000000000002,0.006999999999999999,stable_low_volatility,0.11429742036338383,0.9995082957682162,4.725446269618998e-10,0.0004917037609154863
2016-04-12T00:00:00Z,SPY,174.94749450683594,0.0093130310336653,0.0084728417048032,0.0992614491404935,0.1485,0.0074,stable_low_volatility,0.11427753187663642,0.9998767848983854,1.1859779529583288e-10,0.00012321498178084322
2016-04-13T00:00:00Z,SPY,176.71461486816406,0.0101008612115851,0.0076544424766133,0.1035739264465054,0.1384,0.0075,stable_low_volatility,0.11427317314339872,0.9999575424144891,1.88623320576474e-11,4.245756483979488e-05
2016-04-14T00:00:00Z,SPY,176.7230987548828,4.800897042422925e-05,0.0199065260156752,0.1025624677187335,0.13720000000000002,0.0077,stable_low_volatility,0.1142715907208853,0.9999868612020728,3.235171944851889e-12,1.313879648508926e-05
2016-04-15T00:00:00Z,SPY,176.52769470214844,-0.0011057074831253,0.0160391094801441,0.1012061833435825,0.1362,0.0074,stable_low_volatility,0.1142714347530626,0.9999897509494516,1.0407345930709937e-11,1.0249038536072617e-05
2016-04-18T00:00:00Z,SPY,177.76808166503906,0.0070265856299971,0.0255856583265894,0.1029525973312892,0.1335,0.0075,stable_low_volatility,0.11427292231948977,0.9999621896513082,2.3940091444970557e-11,3.781032578457544e-05
2016-04-19T00:00:00Z,SPY,178.32888793945312,0.0031547073533186,0.0193280472072439,0.1031900471093194,0.13240000000000002,0.0077,stable_low_volatility,0.1142716124902725,0.9999864578538294,3.536940464097642e-12,1.3542141209697862e-05
2016-04-20T00:00:00Z,SPY,178.49879455566406,0.0009527711307695,0.0100963900967165,0.1029808221414801,0.1328,0.008,stable_low_volatility,0.11427125600803095,0.9999930626931544,3.957227409821641e-12,6.937303226945708e-06
2016-04-21T00:00:00Z,SPY,177.53868103027344,-0.0053788235813055,0.004615029281044,0.1018078212899906,0.13949999999999999,0.008199999999999999,stable_low_volatility,0.1142719331392281,0.9999805169360884,4.717583204040008e-12,1.9483057853198756e-05
2016-04-22T00:00:00Z,SPY,177.53868103027344,0.0,0.0057270692274706,0.1017137477242004,0.1322,0.0084,stable_low_volatility,0.11427134644298306,0.9999913871331791,4.658911273908021e-12,8.612862301598439e-06
2016-04-25T00:00:00Z,SPY,177.2328643798828,-0.0017225353292924,-0.003010761437842,0.1022941518044803,0.1408,0.0085,stable_low_volatility,0.11427166669938871,0.9999854534874704,3.5918806507300925e-12,1.4546510514260407e-05
2016-04-26T00:00:00Z,SPY,177.4962158203125,0.001485906360263,-0.0046693058469772,0.0979616585044172,0.1396,0.0086,stable_low_volatility,0.1142715547962206,0.9999875268017896,5.373518178566048e-12,1.2473191286236305e-05
2016-04-27T00:00:00Z,SPY,177.861572265625,0.0020583900542554,-0.0035698968815184,0.0972178114025663,0.1377,0.0083,stable_low_volatility,0.11427179721763721,0.9999830357612277,2.12244708682964e-10,1.6964028251142205e-05
2016-04-28T00:00:00Z,SPY,176.24732971191406,-0.0090758365235867,-0.0072736336153087,0.1028982549636143,0.1522,0.0078000000000000005,stable_low_volatility,0.11431190861299603,0.9992398914752795,1.3745996709415299e-08,0.0007600947776626068
2016-04-29T00:00:00Z,SPY,175.29579162597656,-0.0053988794468139,-0.0126332435910934,0.1020685492085638,0.157,0.0077,stable_low_volatility,0.11436066124071703,0.9983366004264691,8.651765362708516e-09,0.0016633909219043298
2016-05-02T00:00:00Z,SPY,176.6891326904297,0.007948514060315,-0.0030678942720673,0.1052116196822321,0.1468,0.008,stable_low_volatility,0.11429428907932092,0.9995663182743458,3.3266597046696787e-09,0.0004336783981259482
2016-05-03T00:00:00Z,SPY,175.15133666992188,-0.0087033989985231,-0.013210868409524,0.103591089788602,0.156,0.0075,stable_low_volatility,0.11446717905301998,0.9963632369947636,8.433431980136585e-08,0.003636678672663475
2016-05-04T00:00:00Z,SPY,174.17437744140625,-0.0055778005871387,-0.0207306995954817,0.0980368036404973,0.1605,0.0075,stable_low_volatility,0.11450694116958265,0.9956263525022704,7.725150017984666e-09,0.004373639771614961
2016-05-05T00:00:00Z,SPY,174.14035034179688,-0.0001953622576938,-0.0119546740002312,0.0877750716620525,0.1591,0.0072,stable_low_volatility,0.1142950460720558,0.9995522852174376,6.791393485698695e-11,0.00044771471513120105
2016-05-06T00:00:00Z,SPY,174.7775421142578,0.0036590702339249,-0.0029564287134999,0.0881944384258709,0.1472,0.0074,stable_low_volatility,0.11427224414489182,0.999974754710255,1.2764845198675708e-11,2.5245277896181547e-05
2016-05-09T00:00:00Z,SPY,174.92205810546875,0.0008268567543789,-0.0100010371778606,0.0876488741310193,0.1457,0.0072,stable_low_volatility,0.11427208397061955,0.9999777224009841,1.990983614410658e-11,2.22775789159229e-05
2016-05-10T00:00:00Z,SPY,177.09686279296875,0.0124329927915021,0.0111076864158523,0.0923251761050949,0.1363,0.0072,stable_low_volatility,0.11427247177729086,0.9999705373495305,8.383846352243779e-11,2.9462567793285388e-05
2016-05-11T00:00:00Z,SPY,175.44027709960938,-0.009354122186207,0.0072680016245729,0.0917599671316886,0.1469,0.0074,stable_low_volatility,0.11427368591464936,0.9999480419066422,2.310628933825334e-11,5.1958070705010104e-05
2016-05-12T00:00:00Z,SPY,175.49119567871094,0.0002902331206,0.00775722188604,0.0917783402622095,0.1441,0.0076,stable_low_volatility,0.11427155834932654,0.9999874610898002,5.1726040832355507e-11,1.2538860280037417e-05
2016-05-13T00:00:00Z,SPY,173.9619598388672,-0.0087140316864868,-0.0046664020189587,0.09650544391952,0.1504,0.0076,stable_low_volatility,0.11428070429773318,0.9998180094866463,1.2153249626195566e-09,0.00018198929939829917
2016-05-16T00:00:00Z,SPY,175.6781005859375,0.0098650345665218,0.0043221677623579,0.0999528510597356,0.1468,0.0079,stable_low_volatility,0.11428470035730454,0.9997439796431342,4.781924433592625e-09,0.00025601557339535594
2016-05-17T00:00:00Z,SPY,174.0384063720703,-0.009333515152989,-0.0172699638642038,0.1035602147031772,0.1557,0.008199999999999999,stable_low_volatility,0.11451850556811974,0.9954122520210069,7.692550886061627e-08,0.0045876710521491814
2016-05-18T00:00:00Z,SPY,174.0894012451172,0.0002930093081745,-0.0076999186094832,0.1034032993087251,0.1595,0.009000000000000001,stable_low_volatility,0.11438145727854122,0.9979512957846757,8.760088151333163e-09,0.0020486954559454677
2016-05-19T00:00:00Z,SPY,173.48617553710938,-0.00346503407843,-0.0114251893597691,0.1026039004113093,0.16329999999999997,0.0089,stable_low_volatility,0.11436517545087427,0.9982529465880183,2.0757381115474727e-09,0.0017470513344530157
2016-05-20T00:00:00Z,SPY,174.5821533203125,0.0063173781992138,0.0035651097631905,0.1059250795140163,0.152,0.0089,stable_low_volatility,0.11428329548440316,0.9997699983532212,3.082106268005602e-10,0.0002300013375506513
2016-05-23T00:00:00Z,SPY,174.34429931640625,-0.0013624187775359,-0.0075923024274661,0.1058928728518058,0.1582,0.0091,stable_low_volatility,0.11428035489730301,0.9998244813088654,4.524323664706499e-10,0.00017551823698492362
2016-05-24T00:00:00Z,SPY,176.6041717529297,0.0129621240578801,0.0147425239884932,0.116388056486894,0.1442,0.0092,stable_low_volatility,0.11429184424493292,0.9996116098249826,8.302673241888137e-10,0.00038838934367530615
2016-05-25T00:00:00Z,SPY,177.8020782470703,0.0067830022487604,0.0213262667077915,0.11879803193821,0.139,0.0092,stable_low_volatility,0.1142764228839326,0.9998973319700064,6.067827096341e-11,0.00010266797093735443
2016-05-26T00:00:00Z,SPY,177.85301208496094,0.0002864636813741,0.02517109236129,0.1138292354518512,0.1343,0.0087,stable_low_volatility,0.11427281612953182,0.9999641570996534,1.9554814547726476e-11,3.5842879254004254e-05
2016-05-27T00:00:00Z,SPY,178.61766052246094,0.0042993280155116,0.023115233289306,0.1123981754384413,0.13119999999999998,0.009000000000000001,stable_low_volatility,0.11427223772414076,0.9999748737710267,5.7359015308666436e-11,2.512617050654878e-05
2016-05-31T00:00:00Z,SPY,178.27783203125,-0.0019025469834109,0.0225618659759274,0.1096844671772364,0.1419,0.0087,stable_low_volatility,0.11427538757803161,0.9999165138433249,3.188609290565026e-11,8.348612539366897e-05
2016-06-01T00:00:00Z,SPY,178.6432342529297,0.0020496223087098,0.011545947526385,0.1042473751311029,0.142,0.0091,stable_low_volatility,0.11427159745007777,0.9999867365192712,1.4153418537575624e-12,1.3263480665103787e-05
2016-06-02T00:00:00Z,SPY,179.1868896484375,0.00304324648947,0.0077884995216022,0.1014869726164773,0.1363,0.0089,stable_low_volatility,0.11427122844622978,0.9999935733455514,1.9166969237722377e-12,6.426652086403709e-06
2016-06-03T00:00:00Z,SPY,178.6516571044922,-0.0029870072804736,0.00449047789615,0.1025564474065184,0.13470000000000001,0.0078000000000000005,stable_low_volatility,0.11427162454487162,0.9999862345140841,4.224432310690584e-12,1.3765481512879944e-05
2016-06-06T00:00:00Z,SPY,179.56076049804688,0.0050886927571176,0.0052799928787967,0.1031163109400806,0.1365,0.008,stable_low_volatility,0.11427134031221041,0.9999915007135436,1.7205910188066643e-12,8.499284077208538e-06
2016-06-07T00:00:00Z,SPY,179.84112548828125,0.0015613934216849,0.0087688605993212,0.1030997975122071,0.1405,0.0078000000000000005,stable_low_volatility,0.1142713745365242,0.9999908666230659,6.294705286192223e-12,9.133370025549572e-06
2016-06-08T00:00:00Z,SPY,180.4273223876953,0.0032595264171222,0.0099868777131499,0.094999373118234,0.1408,0.0078000000000000005,stable_low_volatility,0.11427311844134158,0.9999585577972608,8.153411004582062e-10,4.1441386998492014e-05
2016-06-09T00:00:00Z,SPY,180.1809234619141,-0.0013656408714628,0.0055474695466104,0.087389556550248,0.1464,0.0077,stable_low_volatility,0.11454857215335136,0.9948553231798516,1.361198880441958e-07,0.005144540698748356
2016-06-10T00:00:00Z,SPY,178.4733123779297,-0.0094772024206287,-0.000998281960845,0.0955071739548772,0.1703,0.0073,transition_uncertainty,0.14690367820871583,0.3954341315840149,2.0522232799616686e-05,0.6045453461844161
2016-06-13T00:00:00Z,SPY,177.09686279296875,-0.007712355234637,-0.0137218047987991,0.0942200723785346,0.2097,0.0073,transition_uncertainty,0.16823349084515202,0.00029806584590972527,4.544936910376187e-05,0.9996564847856754
2016-06-14T00:00:00Z,SPY,176.74859619140625,-0.0019665317390158,-0.0171958960358958,0.0885310218804188,0.20500000000000002,0.0074,transition_uncertainty,0.1682459537768125,3.6601653207535697e-06,1.8397012637640063e-05,0.9999779428212339
2016-06-15T00:00:00Z,SPY,176.50218200683594,-0.0013941507309255,-0.0217546895277045,0.0811831061857711,0.20140000000000002,0.0069,transition_uncertainty,0.16824629450881007,4.253837276847414e-06,2.133964436554872e-05,0.9999744065172406
2016-06-16T00:00:00Z,SPY,177.02896118164062,0.0029845476628969,-0.0174933184918417,0.08156261577341,0.1937,0.006999999999999999,transition_uncertainty,0.16824545898131815,1.8236292176343476e-05,2.0701395332301174e-05,0.9999610623140418
2016-06-17T00:00:00Z,SPY,176.3697052001953,-0.0037240007343707,-0.0117866763927138,0.0817497004989465,0.1941,0.006999999999999999,transition_uncertainty,0.168231885772835,0.0002516601363030338,1.300773366119214e-05,0.9997353321311363
2016-06-20T00:00:00Z,SPY,177.50547790527344,0.0064397267307836,0.0023072972940372,0.0818587226481003,0.1837,0.0074,transition_uncertainty,0.16800504197405858,0.0044378107562447365,5.864211753570259e-06,0.9955563250305158
2016-06-21T00:00:00Z,SPY,178.00938415527344,0.0028388208406104,0.0071332275957758,0.0817228884836061,0.18480000000000002,0.0076,transition_uncertainty,0.16796173960799562,0.005247022830633545,8.810107278869704e-06,0.9947441670623842
2016-06-22T00:00:00Z,SPY,177.71900939941406,-0.0016312328545897,0.0068941209606745,0.0691003518770282,0.21170000000000003,0.0075,transition_uncertainty,0.1682922784821139,0.0004900965361779078,0.0005913270587144872,0.9989185764049301
2016-06-23T00:00:00Z,SPY,180.03334045410156,0.0130224170307304,0.0169711173381303,0.079448937508258,0.17250000000000001,0.0078000000000000005,transition_uncertainty,0.17028855114855607,0.003113199421394176,0.017467231609105755,0.9794195689699594
2016-06-24T00:00:00Z,SPY,173.56858825683594,-0.0359086388163406,-0.0158820753268247,0.1541323668694185,0.2576,0.0064,stress_high_volatility,0.27019482547405405,3.2063740683873004e-23,0.8047880050155743,0.1952119949861685
2016-06-27T00:00:00Z,SPY,170.4599609375,-0.0179100801046787,-0.0396918283926612,0.1636756168568175,0.23850000000000002,0.0061,stress_high_volatility,0.2544129822584031,1.0078488179498321e-17,0.6802081820382156,0.3197918179618875
2016-06-28T00:00:00Z,SPY,173.53439331054688,0.0180360969000463,-0.0251390726728379,0.1787358148550097,0.1875,0.0061,transition_uncertainty,0.17660454369425616,2.8033116961521854e-11,0.0659984620483992,0.9340015379218153
2016-06-29T00:00:00Z,SPY,176.4891815185547,0.0170271042623815,-0.0069200694119074,0.1898851920679382,0.16640000000000002,0.0062,transition_uncertainty,0.16864414872690647,1.5344022953987915e-08,0.003160143395545015,0.9968398412595684
2016-06-30T00:00:00Z,SPY,178.8975372314453,0.0136459112800488,-0.0063088493486339,0.1961281324966442,0.15630000000000002,0.0058,transition_uncertainty,0.16827172680841757,4.58783734467256e-08,0.00022030609096623373,0.9997796480322994
2016-07-01T00:00:00Z,SPY,179.2732696533203,0.0021002660388158,0.0328670150156602,0.1959583301523176,0.1477,0.0059,transition_uncertainty,0.16824787199687938,5.080737100702617e-07,3.219622519658968e-05,0.99996729570195
2016-07-05T00:00:00Z,SPY,177.98374938964844,-0.0071930425889233,0.0441381566132534,0.1967372832348961,0.1558,0.005600000000000001,transition_uncertainty,0.16825103872443561,6.401286247477027e-09,5.698022209797469e-05,0.9999430133770022
2016-07-06T00:00:00Z,SPY,179.05126953125,0.0059978517435572,0.0317912554131587,0.1979553397789451,0.1496,0.0058,transition_uncertainty,0.1682468422456227,3.584076931083569e-07,2.400373531162721e-05,0.9999756378586363
2016-07-07T00:00:00Z,SPY,178.940185546875,-0.000620403221188,0.0138875596069474,0.1975307322774784,0.1476,0.0058,transition_uncertainty,0.1682451421700599,5.223766873797986e-06,1.2656475812626282e-05,0.9999821197559511
2016-07-08T00:00:00Z,SPY,181.60470581054688,0.0148905638804865,0.0151325089265996,0.2046841181730293,0.132,0.0061,transition_uncertainty,0.16825795533827512,1.816634249931785e-07,0.00011165374539561852,0.9998881645918989
2016-07-11T00:00:00Z,SPY,182.2451934814453,0.0035268230965699,0.0165776182577142,0.2015151472827839,0.1354,0.006600000000000001,transition_uncertainty,0.16824636092248496,7.662896432913235e-06,2.3316352182711866e-05,0.999969020751104
2016-07-12T00:00:00Z,SPY,183.5689697265625,0.0072637100591186,0.0313805072433139,0.1998593061146334,0.1355,0.0069,transition_uncertainty,0.16824984954841926,6.713108548206437e-07,4.787631123561911e-05,0.9999514523767592
2016-07-13T00:00:00Z,SPY,183.5433654785156,-0.000139480262296,0.0250883222387965,0.1995076894434657,0.1304,0.0068000000000000005,transition_uncertainty,0.1682481302593285,5.142463597464655e-06,3.620942302489119e-05,0.9999586481136217
2016-07-14T00:00:00Z,SPY,184.56814575195312,0.005583314170827,0.0314516283074035,0.1995197835230028,0.1282,0.0068000000000000005,transition_uncertainty,0.16825103748915562,1.6759495941667897e-06,5.7681791719389686e-05,0.999940642258529
2016-07-15T00:00:00Z,SPY,184.3204345703125,-0.001342112316464,0.0149540660174232,0.1998952248192594,0.1267,0.0070999999999999995,transition_uncertainty,0.1682485680131007,1.0100528036438056e-05,4.177740379180548e-05,0.9999481220689812
2016-07-18T00:00:00Z,SPY,184.8157958984375,0.0026875008692324,0.0141051863584753,0.1987418405583867,0.1244,0.0068000000000000005,transition_uncertainty,0.16824540664898965,3.2225275341384035e-05,2.6248373540924822e-05,0.9999415263517044
2016-07-19T00:00:00Z,SPY,184.6279144287109,-0.001016587726245,0.005768647629966,0.198469689617619,0.11970000000000001,0.006999999999999999,transition_uncertainty,0.16824498796462325,5.1141287276807855e-05,3.100260490129415e-05,0.9999178561063182
2016-07-20T00:00:00Z,SPY,185.3965606689453,0.0041632179110768,0.0100967702406362,0.1986014684577305,0.1177,0.0073,transition_uncertainty,0.16824381134000455,8.831039441974773e-05,3.7550580421414725e-05,0.9998741390239998
2016-07-21T00:00:00Z,SPY,184.6961975097656,-0.0037776491465248,0.0006937912134881,0.1992741352593151,0.1274,0.006999999999999999,transition_uncertainty,0.16819520293212828,0.0009562723903624993,2.364199167274533e-05,0.9990200856176186
2016-07-22T00:00:00Z,SPY,185.52462768554688,0.0044853667100399,0.0065331503695811,0.1952954318715337,0.1202,0.0070999999999999995,transition_uncertainty,0.16526954485418444,0.05510951541238099,1.157210128696154e-06,0.9448893273787181
2016-07-25T00:00:00Z,SPY,185.02078247070312,-0.0027157861526488,0.0011091398939637,0.1356197421184835,0.12869999999999998,0.0072,stable_low_volatility,0.11652829228201803,0.9581751423663158,1.6054056469452452e-09,0.04182485602716268
2016-07-26T00:00:00Z,SPY,185.1062164306641,0.0004617533166819,0.0025906266852069,0.1107481776838331,0.1305,0.0075,stable_low_volatility,0.11428899348499176,0.9996644262261928,1.3373533959757078e-11,0.0003355737590903382
2016-07-27T00:00:00Z,SPY,184.9097595214844,-0.0010613198895633,-0.0026257291165729,0.0993714701294443,0.1283,0.0073,stable_low_volatility,0.11427134854168153,0.9999913482362455,6.048147502190122e-13,8.65176228024312e-06
2016-07-28T00:00:00Z,SPY,185.1232452392578,0.0011545400217161,0.0023121630832145,0.0852764294332832,0.1272,0.0072,stable_low_volatility,0.1142709835395715,0.9999981109230811,1.3366203081828792e-13,1.8890761241608266e-06
2016-07-29T00:00:00Z,SPY,185.4221649169922,0.0016147063398117,-0.0005522866146285,0.0743772619930444,0.1187,0.0067,stable_low_volatility,0.11427094789286492,0.999998771382552,3.1352297085846557e-13,1.2286177187104047e-06
2016-08-01T00:00:00Z,SPY,185.26841735839844,-0.0008291757280612,0.0013384166058996,0.0749408446288566,0.1244,0.0067,stable_low_volatility,0.11427095913382623,0.9999985631121808,1.6971294106808916e-12,1.4368856479195552e-06
2016-08-02T00:00:00Z,SPY,184.0813751220703,-0.0064071483594088,-0.0055365040048648,0.0737426094673494,0.13369999999999999,0.0067,stable_low_volatility,0.11427144423046409,0.9999895753423919,2.1053535210080774e-12,1.0424656418164328e-05
2016-08-03T00:00:00Z,SPY,184.6194305419922,0.0029229215588217,-0.0015701117141869,0.072161113765157,0.1286,0.0067,stable_low_volatility,0.11427096814586962,0.9999983961328455,1.7001742503070842e-13,1.6038657457463954e-06
2016-08-04T00:00:00Z,SPY,184.8157958984375,0.0010636223709976,-0.001660781931642,0.0717414869455118,0.1242,0.0064,stable_low_volatility,0.11427094732023724,0.9999987819945232,1.4011919980370534e-13,1.2180068336196022e-06
2016-08-05T00:00:00Z,SPY,186.3274383544922,0.0081791842991894,0.0048822288204068,0.0581757793081493,0.1139,0.0072,stable_low_volatility,0.1142709399496875,0.9999989185531767,3.750423065612891e-13,1.0814473057458838e-06
2016-08-08T00:00:00Z,SPY,186.2164001464844,-0.0005959305241804,0.0051168072875156,0.0579109611814623,0.115,0.0074,stable_low_volatility,0.1142709121214001,0.9999994341525744,1.1014539804804267e-13,5.658491303708037e-07
2016-08-09T00:00:00Z,SPY,186.3274383544922,0.000596285869131,0.0122014692194276,0.0531440321203474,0.11660000000000001,0.0070999999999999995,stable_low_volatility,0.11427091094073498,0.999999456016815,1.812238523250217e-13,5.439812715918444e-07
2016-08-10T00:00:00Z,SPY,185.86622619628903,-0.0024752777276186,0.0067533284586385,0.0542967306801021,0.12050000000000001,0.0069,stable_low_volatility,0.11427092022148017,0.9999992840714929,1.8766951715614673e-13,7.159286672398591e-07
2016-08-11T00:00:00Z,SPY,186.72879028320312,0.0046407790407447,0.0103508164735923,0.0532574763449491,0.1168,0.0076,stable_low_volatility,0.1142709203056739,0.9999992825108011,2.437463722211106e-13,7.17489014788793e-07
2016-08-12T00:00:00Z,SPY,186.5665283203125,-0.0008689713174092,0.0012831710022516,0.0530565703634349,0.1155,0.0070999999999999995,stable_low_volatility,0.11427091335876113,0.9999994112187692,1.7971264168552287e-13,5.887801756272519e-07
2016-08-15T00:00:00Z,SPY,187.1045379638672,0.0028837415178299,0.0047693856002166,0.0531626820136795,0.11810000000000001,0.0072,stable_low_volatility,0.1142709115641278,0.9999994444698765,3.91875840593519e-13,5.555288548573224e-07
2016-08-16T00:00:00Z,SPY,186.13958740234372,-0.0051572803739788,-0.0010081765402207,0.0567759386800086,0.1264,0.0076,stable_low_volatility,0.11427097544911645,0.9999982608257258,3.5788160193415916e-13,1.7391744610775622e-06
2016-08-17T00:00:00Z,SPY,186.48963928222656,0.0018805880294887,0.0033540955702147,0.0553405395413907,0.1219,0.0074,stable_low_volatility,0.11427092557984235,0.9999991847947652,1.5224736389845354e-13,8.15206083518557e-07
2016-08-18T00:00:00Z,SPY,186.90814208984372,0.0022441075505745,0.0009604935927052,0.053555176668654,0.1143,0.0070999999999999995,stable_low_volatility,0.11427091001366625,0.9999994731989796,1.9470462947389837e-13,5.268008853882112e-07
2016-08-19T00:00:00Z,SPY,186.63487243652344,-0.0014620532324854,0.000366325711403,0.0519739077729582,0.1134,0.0076,stable_low_volatility,0.11427091905474165,0.9999993056883477,5.177045984242234e-13,6.943111546823773e-07
2016-08-22T00:00:00Z,SPY,186.62628173828125,-4.602943774678625e-05,-0.0025560910001996,0.0507674146924246,0.1227,0.0076,stable_low_volatility,0.11427093207056843,0.9999990645305671,2.6614429993464367e-13,9.354683810196793e-07
2016-08-23T00:00:00Z,SPY,187.00205993652344,0.0020135331141042,0.0046334718273304,0.051076564190608,0.12380000000000001,0.0074,stable_low_volatility,0.11427091890239112,0.9999993085077793,7.94171224158207e-13,6.914901834243797e-07
2016-08-24T00:00:00Z,SPY,186.0455474853516,-0.005114983500698,-0.0023813215500027,0.0546501412250138,0.1345,0.0076,stable_low_volatility,0.1142710703692075,0.999996502165892,2.3491622872924126e-12,3.497831106068564e-06
2016-08-25T00:00:00Z,SPY,185.9174652099609,-0.000688445797934,-0.0053003409525445,0.0546624463560349,0.1363,0.0078000000000000005,stable_low_volatility,0.11427104064005764,0.9999970529904881,4.693600299860618e-12,2.9470052090320175e-06
2016-08-26T00:00:00Z,SPY,185.5673675537109,-0.0018830810534912,-0.0057197503814597,0.0548846558913447,0.1365,0.0084,stable_low_volatility,0.11427135414509679,0.9999912444274237,4.661502152275575e-12,8.755567248165777e-06
2016-08-29T00:00:00Z,SPY,186.48118591308597,0.004924456122979,-0.0007774672669028,0.0574058551351972,0.1294,0.008100000000000001,stable_low_volatility,0.11427097074290092,0.999998348020654,6.554274083230534e-13,1.651978720222267e-06
2016-08-30T00:00:00Z,SPY,186.17367553710935,-0.0016490155533431,-0.0044298143009507,0.0522216176082725,0.13119999999999998,0.008,stable_low_volatility,0.11427098096083278,0.9999981587114816,1.335400649859113e-12,1.8412888369935061e-06
2016-08-31T00:00:00Z,SPY,185.64422607421875,-0.0028438470764632,-0.0021571137635766,0.0527832797785975,0.1342,0.008,stable_low_volatility,0.11427104292911235,0.9999970105681432,2.4177176906964963e-12,2.989427953904583e-06
2016-09-01T00:00:00Z,SPY,185.6527557373047,4.594628804954759e-05,-0.0014238009987781,0.0527057441504318,0.1348,0.0078000000000000005,stable_low_volatility,0.11427104564955459,0.9999969601604608,7.079367681170022e-13,3.0398373939980616e-06
2016-09-02T00:00:00Z,SPY,186.48963928222656,0.0045077895105745,0.004970010302316,0.0466812871956605,0.1198,0.008,stable_low_volatility,0.11427092724250806,0.9999991539920242,3.944799711981227e-13,8.460092988211575e-07
2016-09-06T00:00:00Z,SPY,187.05332946777344,0.003022635400639,0.0030681033686377,0.0477745476569254,0.1202,0.0074,stable_low_volatility,0.11427091539801051,0.9999993734347443,5.275494936091144e-13,6.265632014654e-07
2016-09-07T00:00:00Z,SPY,187.03619384765625,-9.160820695330862e-05,0.0046328693251531,0.0477659123360129,0.11939999999999999,0.0074,stable_low_volatility,0.11427095714034674,0.9999986014309573,5.900105124863698e-10,1.3979795664346975e-06
2016-09-08T00:00:00Z,SPY,186.60922241210935,-0.0022828278675016,0.0051980950784045,0.047627699825116,0.1251,0.0078000000000000005,stable_low_volatility,0.11432489911779051,0.9990009505353734,7.570304946217222e-07,0.0009982924346565644
2016-09-09T00:00:00Z,SPY,182.1427459716797,-0.0239349180211784,-0.0189063165353258,0.0967920916622668,0.17500000000000002,0.0079,transition_uncertainty,0.16844204267852617,4.622488767233308e-06,0.0015667073642146863,0.998428670148612
2016-09-12T00:00:00Z,SPY,184.75607299804688,0.0143476865489526,-0.0092957779898762,0.1113432636025933,0.1516,0.0079,transition_uncertainty,0.16824379444279033,0.00015343468923563008,6.516374830091053e-05,0.9997814015642347
2016-09-13T00:00:00Z,SPY,182.1000823974609,-0.0143756606074541,-0.0264804004526734,0.1210118399150879,0.17850000000000002,0.008,transition_uncertainty,0.16824926390101225,6.88488268156142e-08,4.299660467261104e-05,0.9999569345451389
2016-09-14T00:00:00Z,SPY,182.0317230224609,-0.0003753945308536,-0.0267566973121337,0.1202011435540956,0.1814,0.0077,transition_uncertainty,0.16824109540728038,7.160230925723779e-05,8.992787402575814e-06,0.9999194049043298
2016-09-15T00:00:00Z,SPY,183.8507843017578,0.0099931003733477,-0.0147818959572094,0.1261286385616855,0.163,0.0074,transition_uncertainty,0.1668111199808399,0.026553722739694884,3.8021703616069632e-06,0.9734424750899204
2016-09-16T00:00:00Z,SPY,183.1400909423828,-0.0038655987358124,0.0054756227890524,0.1260966908758285,0.1537,0.0077,transition_uncertainty,0.14418695094252046,0.4457232777066772,9.90904122939021e-07,0.5542757313898067
2016-09-19T00:00:00Z,SPY,183.1744079589844,0.000187381235998,-0.0085608284122775,0.1261555548167765,0.1553,0.0079,stable_low_volatility,0.12442364695592374,0.8118918308239648,1.1522451253391798e-07,0.1881080539528608
2016-09-20T00:00:00Z,SPY,183.1829833984375,4.681570721953854e-05,0.0059467353705693,0.1261646698226816,0.1592,0.0079,stable_low_volatility,0.11670712925428467,0.9548617436255353,2.6100223445885175e-08,0.045138230275863035
2016-09-21T00:00:00Z,SPY,185.2429656982422,0.0112454894094833,0.017641115638866,0.1330158143202822,0.133,0.0079,stable_low_volatility,0.11508991157722015,0.9848251913116468,7.654786236141949e-09,0.015174801034370267
2016-09-22T00:00:00Z,SPY,186.41026306152344,0.006301439619482,0.013921500359578,0.133882297149537,0.1202,0.0079,stable_low_volatility,0.11430691462602595,0.9993323886828462,7.92508600454537e-10,0.0006676105244492558
2016-09-23T00:00:00Z,SPY,185.3888397216797,-0.0054794372534447,0.0122788449417357,0.1353357123893773,0.1229,0.0077,stable_low_volatility,0.1142796860202143,0.9998368778742123,2.0463905995793677e-09,0.00016312007800995987
2016-09-26T00:00:00Z,SPY,183.88687133789065,-0.008101719532006,0.0038895355898505,0.1381911724706604,0.145,0.0076,stable_low_volatility,0.11431660466515395,0.999152857038895,2.2788751568676844e-09,0.0008471406839976679
2016-09-27T00:00:00Z,SPY,185.0283966064453,0.006207758391066,0.0100741519423444,0.1389209045953292,0.131,0.0075,stable_low_volatility,0.11428666622105227,0.999707550567067,2.2490678792940618e-09,0.00029244718412420263
2016-09-28T00:00:00Z,SPY,185.9468231201172,0.0049637057366138,0.003799644532908,0.1400986758353968,0.12390000000000001,0.0075,stable_low_volatility,0.11432349119950612,0.9990253305049663,3.032498939021395e-08,0.0009746391693871103
2016-09-29T00:00:00Z,SPY,184.2644805908203,-0.0090474389455426,-0.0115110747416032,0.1434563486062451,0.1402,0.0073,stable_low_volatility,0.11492218679838219,0.9879333427386248,2.546499527507362e-07,0.01206640261027834
2016-09-30T00:00:00Z,SPY,185.6549224853516,0.0075459029872331,0.0014352685095355,0.1461716610792654,0.1329,0.0077,stable_low_volatility,0.11459331506895062,0.9940260679035019,2.221921107500195e-08,0.005973909875707849
2016-10-03T00:00:00Z,SPY,185.20860290527344,-0.002404027720371,0.0071877429735272,0.1454069596360859,0.13570000000000002,0.008,stable_low_volatility,0.11438917714445748,0.9978082636404232,8.764301444506225e-09,0.0021917275969168004
2016-10-04T00:00:00Z,SPY,184.2644805908203,-0.0050976158755217,-0.0041286420335244,0.1457760502301869,0.1363,0.008199999999999999,stable_low_volatility,0.11439764267558815,0.9976514171232064,9.267270268568155e-09,0.002348573610430666
2016-10-05T00:00:00Z,SPY,185.07992553710935,0.0044254049596235,-0.0046620725671006,0.1469199674577113,0.12990000000000002,0.0085,stable_low_volatility,0.11430662361894313,0.9993377802871921,7.432181731318444e-10,0.0006622189687690375
2016-10-06T00:00:00Z,SPY,185.20860290527344,0.0006952529713346,0.0051237347069055,0.1468273805986386,0.12840000000000001,0.0086,stable_low_volatility,0.1142792274130302,0.9998453703248757,1.141410747688574e-10,0.00015462956029567472
2016-10-07T00:00:00Z,SPY,184.5735015869141,-0.0034291134882336,-0.0058248975247227,0.1176933440165111,0.1348,0.0083,stable_low_volatility,0.11427400409020647,0.9999421468783973,5.12719502372325e-11,5.785307071291938e-05
2016-10-10T00:00:00Z,SPY,185.5348358154297,0.0052084086840762,0.0017614349713717,0.107809251476769,0.1338,0.0083,stable_low_volatility,0.11427292285364438,0.999962181062365,5.810777511274674e-10,3.781835762329912e-05
2016-10-11T00:00:00Z,SPY,183.1915740966797,-0.0126297668491812,-0.0058226441183916,0.1047504099309699,0.1536,0.0087,stable_low_volatility,0.11443216828476878,0.9970118067967886,4.0525721664600125e-08,0.002988152678880555
2016-10-12T00:00:00Z,SPY,183.4319000244141,0.0013118830869782,-0.0089043990476691,0.1047774864267353,0.1591,0.0087,stable_low_volatility,0.11432239329203342,0.9990456086915769,3.214258949400445e-09,0.0009543880950713112
2016-10-13T00:00:00Z,SPY,182.8311004638672,-0.0032753275764297,-0.0128368898858453,0.0991369060451771,0.16690000000000002,0.0085,stable_low_volatility,0.11435635467418744,0.9984163854552812,6.0135517558891954e-09,0.0015836085324358352
2016-10-14T00:00:00Z,SPY,182.9255523681641,0.0005166074265112,-0.0089284171594588,0.0982461589533638,0.1612,0.0084,stable_low_volatility,0.11430399820997184,0.9993864273929002,2.4656862917811223e-09,0.000613570141212091
2016-10-17T00:00:00Z,SPY,182.29031372070312,-0.0034726621799803,-0.0174874011150888,0.0989834967573121,0.16210000000000002,0.008100000000000001,stable_low_volatility,0.11431436197563148,0.9991944049816914,5.038281753059392e-10,0.0008055945158442381
2016-10-18T00:00:00Z,SPY,183.4319000244141,0.0062624627738587,0.0013118830869782,0.1016313216264315,0.1528,0.008199999999999999,stable_low_volatility,0.11427502564974838,0.9999232195160492,6.886691371024269e-12,7.678047618258023e-05
2016-10-19T00:00:00Z,SPY,183.92111206054688,0.0026669954139257,0.0026669954139257,0.0934431534179561,0.1441,0.008100000000000001,stable_low_volatility,0.11427136866893821,0.9999909753285238,9.306085225512594e-13,9.024671397521277e-06
2016-10-20T00:00:00Z,SPY,183.577880859375,-0.0018661870696979,0.0040845370049904,0.0901836653349203,0.1375,0.0084,stable_low_volatility,0.1142711638577372,0.9999947700226015,7.245274920774336e-13,5.2299752544555285e-06
2016-10-21T00:00:00Z,SPY,183.6636199951172,0.0004670450238384,0.0040347978584625,0.0885046229373996,0.1334,0.0084,stable_low_volatility,0.11427110890805359,0.9999957881279921,4.848423020893401e-13,4.211872998688916e-06
2016-10-24T00:00:00Z,SPY,184.4447021484375,0.0042527864437229,0.011818447090037,0.0851242959876603,0.1302,0.0084,stable_low_volatility,0.11427101195641434,0.9999975844250074,4.4814220383609957e-13,2.4155748015714887e-06
2016-10-25T00:00:00Z,SPY,183.8267517089844,-0.003350329026831,0.002152579156176,0.082858282308744,0.13460000000000003,0.0086,stable_low_volatility,0.11427108027817824,0.9999963185759505,1.8360087838053276e-12,3.6814224343683813e-06
2016-10-26T00:00:00Z,SPY,183.4576416015625,-0.0020079237868828,-0.0025199415868679,0.0806325823018028,0.1424,0.0086,stable_low_volatility,0.11427143997594436,0.9999896544676092,1.2908624279362841e-10,1.0345404307874757e-05
2016-10-27T00:00:00Z,SPY,182.9684295654297,-0.0026666211985614,-0.0033198514499258,0.0747529930768163,0.1536,0.0087,stable_low_volatility,0.11429307984239101,0.9995887536735142,1.6489920696743413e-08,0.00041122983555362297
2016-10-28T00:00:00Z,SPY,182.4276885986328,-0.0029553785212081,-0.0067293206815657,0.0691647273182181,0.16190000000000002,0.0086,stable_low_volatility,0.11542987618452072,0.9785310568291672,1.9943003909751683e-06,0.021466948872115747
2016-10-31T00:00:00Z,SPY,182.43626403808597,4.70073349008171e-05,-0.0108891070708835,0.0689929844329784,0.1706,0.0086,stable_low_volatility,0.12181167184401105,0.8602977708744747,5.13373580007439e-06,0.1396970953885372
2016-11-01T00:00:00Z,SPY,181.1144561767578,-0.0072453131415373,-0.0147546290570395,0.0711941810480672,0.1856,0.0083,transition_uncertainty,0.1651663556011357,0.057248841587499384,9.806606388217163e-05,0.9426530923470166
2016-11-02T00:00:00Z,SPY,180.02435302734375,-0.0060188632780929,-0.0187143394205145,0.0705825192138359,0.1932,0.008100000000000001,transition_uncertainty,0.1681797336036011,0.0012765637175293618,3.799096367814667e-05,0.9986854453173878
2016-11-03T00:00:00Z,SPY,179.20042419433594,-0.00457676319427,-0.0205937460360958,0.0710073512918145,0.2208,0.008100000000000001,transition_uncertainty,0.16825277630192456,4.633245380847689e-07,7.0891108497213e-05,0.99992864556697
2016-11-04T00:00:00Z,SPY,179.0029754638672,-0.0011018318252116,-0.018772989786109,0.0707112743262417,0.22510000000000002,0.008,transition_uncertainty,0.16825486571589682,1.229484928934046e-07,8.723965255414652e-05,0.9999126373987601
2016-11-07T00:00:00Z,SPY,182.9512176513672,0.0220568522800728,0.002822649411269,0.1069935821858309,0.18710000000000002,0.008199999999999999,transition_uncertainty,0.1682471395864652,2.3124347914101433e-06,2.7183430236112738e-05,0.9999705041357632
2016-11-08T00:00:00Z,SPY,183.77525329589844,0.0045041276855644,0.0146912464930122,0.0984709947143594,0.18739999999999998,0.0087,transition_uncertainty,0.16810676415167566,0.002550847803028257,4.895164951686285e-06,0.9974442570321359
2016-11-09T00:00:00Z,SPY,185.72364807128903,0.0106020519109473,0.0316584670246233,0.1051350895304483,0.1438,0.009000000000000001,transition_uncertainty,0.16769233854936022,0.010339524114304307,5.188067293874036e-05,0.989608595210957
2016-11-10T00:00:00Z,SPY,186.18711853027344,0.0024954843596787,0.0389881573514618,0.1042873554831616,0.1474,0.0092,transition_uncertainty,0.161466800473927,0.1255854554923719,9.439846452987189e-06,0.8744051046611303
2016-11-11T00:00:00Z,SPY,185.75796508789065,-0.0023049577530952,0.0377367449145389,0.1049084563104173,0.1417,0.0092,stable_low_volatility,0.13251729293713346,0.6619344064461873,1.3916475497340655e-07,0.33806545438800967
2016-11-14T00:00:00Z,SPY,185.9038848876953,0.0007855372432381,0.0161390958433234,0.1037039371373171,0.1448,0.01,stable_low_volatility,0.11476189755446806,0.9909025557116795,1.3122308382983813e-09,0.009097442976884071
2016-11-15T00:00:00Z,SPY,187.35446166992188,0.0078028320016165,0.0194760083843308,0.1048688281534105,0.13369999999999999,0.0102,stable_low_volatility,0.11428587709018796,0.999722166223725,3.3593339916751573e-11,0.0002778337414042004
2016-11-16T00:00:00Z,SPY,187.0024871826172,-0.0018786554863304,0.0068857096261496,0.1051860515187671,0.13720000000000002,0.01,stable_low_volatility,0.11427150319040116,0.9999884829384624,1.667474101757162e-12,1.1517059250078563e-05
2016-11-17T00:00:00Z,SPY,187.9638671875,0.005141001167241,0.0095428119370013,0.1057353260185019,0.1335,0.010400000000000001,stable_low_volatility,0.11427134442528854,0.9999914245130901,1.7696927425997022e-12,8.575486320887827e-06
2016-11-18T00:00:00Z,SPY,187.5432281494141,-0.0022378718015326,0.0096106945437237,0.1064122125098546,0.1285,0.010700000000000001,stable_low_volatility,0.11427131670269072,0.9999919381477691,3.4050360504881835e-12,8.061847440799932e-06
2016-11-21T00:00:00Z,SPY,188.9595184326172,0.0075518071069715,0.0164366309330641,0.1083390835443412,0.1242,0.0108,stable_low_volatility,0.1142714855640978,0.9999888095233879,2.440146929568675e-12,1.1190475614935952e-05
2016-11-22T00:00:00Z,SPY,189.32858276367188,0.0019531396677765,0.0105368245632067,0.1070026868574672,0.1241,0.010700000000000001,stable_low_volatility,0.11427111585943345,0.9999956593331791,6.808514501557913e-13,4.340667142660666e-06
2016-11-23T00:00:00Z,SPY,189.431640625,0.0005443333480015,0.0129899525882275,0.1062812045093271,0.1243,0.011200000000000002,stable_low_volatility,0.11427110488631047,0.999995862633487,6.452693141459797e-13,4.137364473166684e-06
2016-11-25T00:00:00Z,SPY,190.13543701171875,0.0037153053439049,0.0115531237823094,0.1052874683911598,0.1234,0.011200000000000002,stable_low_volatility,0.1142711192897555,0.9999955957816052,1.651907142560689e-12,4.404218540730785e-06
2016-11-28T00:00:00Z,SPY,189.2427673339844,-0.0046949148026486,0.0090621197114955,0.1065361849043522,0.1315,0.0111,stable_low_volatility,0.11427148013698078,0.999988910068726,2.0430348602290685e-12,1.1089928657189564e-05
2016-11-29T00:00:00Z,SPY,189.61184692382807,0.0019502969389175,0.003452212921698,0.1063268025976725,0.129,0.010900000000000002,stable_low_volatility,0.11427118894499558,0.999994305226054,2.9749142910904154e-12,5.694772746233533e-06
2016-11-30T00:00:00Z,SPY,189.1569366455078,-0.002399165904982,-0.0009066043576648,0.1020573533431921,0.1333,0.0111,stable_low_volatility,0.11427184904384122,0.9999820750750953,1.776207856658561e-11,1.792490759986563e-05
2016-12-01T00:00:00Z,SPY,188.4616241455078,-0.0036758498648297,-0.0051206676788089,0.0998640803127055,0.14070000000000002,0.011399999999999999,stable_low_volatility,0.11427209160245728,0.9999775809849945,1.0954172761572189e-11,2.241900585619488e-05
2016-12-02T00:00:00Z,SPY,188.55609130859372,0.0005012541068467,-0.0083064247672445,0.0968028232287652,0.1412,0.0111,stable_low_volatility,0.11427188410239483,0.9999814254785407,1.5636974737954385e-12,1.857452017629822e-05
2016-12-05T00:00:00Z,SPY,189.6891021728516,0.0060088796728583,0.0023585305010862,0.0965326182067113,0.12140000000000001,0.0113,stable_low_volatility,0.11427105341499022,0.9999968162897607,1.4408707531949654e-13,3.183710931466584e-06
2016-12-06T00:00:00Z,SPY,190.28988647460935,0.0031672051524096,0.0035759345303651,0.065893554034198,0.11789999999999999,0.011200000000000002,stable_low_volatility,0.11427091990594099,0.9999992899249966,3.902624441587325e-12,7.100709790383072e-07
2016-12-07T00:00:00Z,SPY,192.77903747558597,0.01308083706965,0.0191486545210137,0.0763070994199456,0.1222,0.011000000000000001,stable_low_volatility,0.11427222826555795,0.9999750490299054,6.188013457408398e-11,2.495090758986547e-05
2016-12-08T00:00:00Z,SPY,193.2511138916016,0.0024487953783638,0.0254136075066182,0.0699807946135076,0.1264,0.011200000000000002,stable_low_volatility,0.11427122819175989,0.9999935780967212,1.5947102531992818e-11,6.4218879996800595e-06
2016-12-09T00:00:00Z,SPY,194.41839599609372,0.0060402348063408,0.0310905081178505,0.0714258589961116,0.11750000000000001,0.0115,stable_low_volatility,0.11427146757982411,0.9999891427913146,2.9053705590801066e-11,1.0857179912261961e-05
2016-12-12T00:00:00Z,SPY,194.19525146484372,-0.0011477542035398,0.0237554463613098,0.070577015793436,0.1264,0.0115,stable_low_volatility,0.11427119472997695,0.9999941980809182,2.10809128351153e-11,5.8018982888837095e-06
2016-12-13T00:00:00Z,SPY,195.49136352539065,0.0066742726754136,0.0273344902724259,0.0720511538953474,0.1272,0.0117,stable_low_volatility,0.11427177438078306,0.9999834586546273,1.1747230499821907e-10,1.654122933519308e-05
2016-12-14T00:00:00Z,SPY,193.87771606445312,-0.0082543158523108,0.005699160050046,0.0787491702039611,0.1319,0.012700000000000001,stable_low_volatility,0.11427230283215575,0.9999736673900869,2.3128631257474955e-11,2.6332588210047477e-05
2016-12-15T00:00:00Z,SPY,194.67593383789065,0.0041171197476461,0.0073728938353663,0.0779921651532056,0.12789999999999999,0.0129,stable_low_volatility,0.11427113810180783,0.9999952472430035,5.488925613952191e-12,4.752752791440039e-06
2016-12-16T00:00:00Z,SPY,194.29515075683597,-0.0019559843558873,-0.0006339175808254,0.078291162653417,0.122,0.0128,stable_low_volatility,0.11427133088237057,0.99999167543692,3.0397312387853073e-12,8.324561326454932e-06
2016-12-19T00:00:00Z,SPY,194.71823120117188,0.0021775141720619,0.0026930614028057,0.0769333628672427,0.11710000000000001,0.0124,stable_low_volatility,0.11427095259986375,0.9999986841730351,3.3825667968755984e-13,1.315827458987389e-06
2016-12-20T00:00:00Z,SPY,195.4693298339844,0.0038573616254582,-0.0001127092829519,0.0744216461989646,0.11449999999999999,0.0125,stable_low_volatility,0.11427095375186776,0.9999986628254037,3.2066167104747034e-13,1.337173989485086e-06
2016-12-21T00:00:00Z,SPY,194.9254150390625,-0.002782609401607,0.0054039164266876,0.0760855760858768,0.1127,0.0121,stable_low_volatility,0.11427092966009401,0.9999991091976301,1.9272911136608742e-13,8.908034571626817e-07
2016-12-22T00:00:00Z,SPY,194.58871459960935,-0.0017273296013536,-0.0004480227039972,0.0768708667507091,0.1143,0.0122,stable_low_volatility,0.11427093298226312,0.9999990476394475,1.436970353392819e-13,9.523599014156338e-07
2016-12-23T00:00:00Z,SPY,194.87359619140625,0.0014640190844728,0.002977148077639,0.0763660060449041,0.1144,0.0122,stable_low_volatility,0.11427092776823455,0.9999991442495253,1.1269744625573547e-13,8.557516687051452e-07
2016-12-27T00:00:00Z,SPY,195.3571014404297,0.0024811224222933,0.0032809985758228,0.0731486502924537,0.1199,0.0128,stable_low_volatility,0.11427092962389218,0.9999991098706555,1.498692314239999e-12,8.901288754263173e-07
2016-12-28T00:00:00Z,SPY,193.74261474609372,-0.0082642846481229,-0.0088336880745288,0.08109441794127,0.1295,0.0126,stable_low_volatility,0.11427163682394423,0.999986007012599,5.9144604293940424e-12,1.3992980919731967e-05
2016-12-29T00:00:00Z,SPY,193.69943237304688,-0.0002228852599283,-0.0062894962453713,0.0802184495967683,0.13369999999999999,0.0122,stable_low_volatility,0.1142710969935443,0.9999960088796407,4.365017602877364e-12,3.991115178588674e-06
2016-12-30T00:00:00Z,SPY,192.991455078125,-0.0036550303026101,-0.0082083872375174,0.0802016595554488,0.1404,0.012,stable_low_volatility,0.11427210332757756,0.9999773637370702,1.0819843471227613e-11,2.263625170538925e-05
2017-01-03T00:00:00Z,SPY,194.4678192138672,0.007649893800451,-0.0020822573476835,0.0833147782064423,0.1285,0.0122,stable_low_volatility,0.11427121838464928,0.9999937597616807,1.1574631951835044e-12,6.24023637217887e-06
2017-01-04T00:00:00Z,SPY,195.6247711181641,0.0059493231783738,0.0013701558620637,0.0832731182157273,0.1185,0.0124,stable_low_volatility,0.11427098701816991,0.9999980464727724,3.3344892304013134e-13,1.9535262362392604e-06
2017-01-05T00:00:00Z,SPY,195.4693298339844,-0.0007945889638167,0.0089124175915222,0.0834355812294042,0.1167,0.0117,stable_low_volatility,0.11427095011448883,0.9999987302188732,1.4253829465091095e-13,1.2697810979769488e-06
2017-01-06T00:00:00Z,SPY,196.16876220703125,0.0035782205507171,0.0127482553961679,0.0718844759844051,0.11320000000000001,0.0122,stable_low_volatility,0.11427092596138612,0.9999991777261782,2.2329819571725268e-13,8.222747323138062e-07
2017-01-09T00:00:00Z,SPY,195.52120971679688,-0.0033009969729582,0.0131081173394325,0.0731032222951684,0.11560000000000001,0.0121,stable_low_volatility,0.11427093494943223,0.9999990111978491,1.2158332516907402e-13,9.888033748187816e-07
2017-01-10T00:00:00Z,SPY,195.52120971679688,0.0,0.0054167857036089,0.0702304548189127,0.1149,0.011899999999999999,stable_low_volatility,0.11427091678187166,0.9999993478015621,1.1268643604790672e-13,6.521992682840977e-07
2017-01-11T00:00:00Z,SPY,196.07374572753903,0.0028259645669259,0.0022950805606505,0.0705705769938798,0.1126,0.012,stable_low_volatility,0.11427092244765616,0.9999992428241196,2.1270238319272533e-13,7.571756044907266e-07
2017-01-12T00:00:00Z,SPY,195.5816650390625,-0.0025096714843217,0.0005746947880445,0.0673674234385647,0.11539999999999999,0.0118,stable_low_volatility,0.11427093213563307,0.9999990633227592,1.6875803705742041e-13,9.366756207696188e-07
2017-01-13T00:00:00Z,SPY,196.03060913085935,0.0022954303600351,-0.0007042562465988,0.0601346558871051,0.11230000000000001,0.0121,stable_low_volatility,0.11427091421186863,0.9999993954153987,2.897148314443919e-13,6.04584263545255e-07
2017-01-17T00:00:00Z,SPY,195.33984375,-0.0035237628650036,-0.0009276025197448,0.0602555880724629,0.1187,0.0117,stable_low_volatility,0.11427093661221095,0.9999989803914755,2.924847066574478e-13,1.019609854085816e-06
2017-01-18T00:00:00Z,SPY,195.7715759277344,0.0022101593276941,0.0012805066585876,0.060118392694904,0.12480000000000001,0.0123,stable_low_volatility,0.11427092884885465,0.9999991242297452,3.9549110158840306e-13,8.757715100632848e-07
2017-01-19T00:00:00Z,SPY,195.0463104248047,-0.0037046517069332,-0.0052400452642041,0.0614027690337159,0.1278,0.0125,stable_low_volatility,0.11427100952348615,0.9999976295030949,1.0532776482916737e-12,2.3704960616289203e-06
2017-01-20T00:00:00Z,SPY,195.7629547119141,0.0036742263186038,0.000926925705512,0.0612576065291058,0.11539999999999999,0.012,stable_low_volatility,0.11427099894741406,0.99999782545874,1.9888962674061564e-12,2.1745401435958565e-06
2017-01-23T00:00:00Z,SPY,195.2535095214844,-0.0026023574847416,-0.0039641748440226,0.0611488903950416,0.1177,0.0116,stable_low_volatility,0.11427095098608689,0.999998714066268,5.820920521683167e-13,1.2859317111144648e-06
2017-01-24T00:00:00Z,SPY,196.5054473876953,0.0064118584566243,0.0059670552372668,0.064649082985657,0.1107,0.0121,stable_low_volatility,0.11427094477445808,0.9999988291645001,1.2126413865509397e-12,1.1708357085491793e-06
2017-01-25T00:00:00Z,SPY,198.2063140869141,0.0086555702237762,0.0124366274707745,0.0707761903524266,0.1081,0.0123,stable_low_volatility,0.11427096981377377,0.9999983652319036,6.429326793455772e-13,1.6347663905561973e-06
2017-01-26T00:00:00Z,SPY,197.9990692138672,-0.0010456017710717,0.0151387574706309,0.0708051190309434,0.1063,0.0121,stable_low_volatility,0.11427091676308805,0.9999993481435319,1.36299483896204e-13,6.518553164516142e-07
2017-01-27T00:00:00Z,SPY,197.68826293945312,-0.0015697360378919,0.0098348956286054,0.0631096063285549,0.1058,0.0122,stable_low_volatility,0.11427090691418537,0.9999995306317224,5.494004495083268e-13,4.69369500420703e-07
2017-01-30T00:00:00Z,SPY,196.46226501464844,-0.0062016728083658,0.0061906979092278,0.0680586781744577,0.11880000000000002,0.0122,stable_low_volatility,0.11427098044122432,0.9999981683302799,5.4805489758422e-13,1.8316687224030412e-06
2017-01-31T00:00:00Z,SPY,196.4449615478516,-8.807526878296112e-05,-0.0003078074457876,0.0661713948357104,0.1199,0.011899999999999999,stable_low_volatility,0.11427093697038145,0.9999989737558089,4.22239699570638e-13,1.026245436328871e-06
2017-02-01T00:00:00Z,SPY,196.5227203369141,0.0003958298978492,-0.0084941479173147,0.0612029397686197,0.11810000000000001,0.0122,stable_low_volatility,0.11427097668522714,0.9999982379283273,9.308623682797493e-13,1.7620724646988101e-06
2017-02-02T00:00:00Z,SPY,196.65219116210935,0.0006588084317851,-0.0068024463807099,0.0577924131931777,0.1193,0.0121,stable_low_volatility,0.11427095148269682,0.9999987048694694,5.093997074974469e-13,1.2951300141153669e-06
2017-02-03T00:00:00Z,SPY,198.0077209472656,0.0068930316878026,0.0016159685105348,0.0621711104732605,0.1097,0.0121,stable_low_volatility,0.11427093534986396,0.9999990037800177,3.8631652921430006e-13,9.96221155620861e-07
2017-02-06T00:00:00Z,SPY,197.6537170410156,-0.0017878288005964,0.0060645336969842,0.0617348378356436,0.1137,0.0116,stable_low_volatility,0.11427091190294211,0.9999994381980045,1.0057043112721524e-13,5.618030381625752e-07
2017-02-07T00:00:00Z,SPY,197.66241455078125,4.400377536950551e-05,0.0061974254434269,0.0602101177374405,0.1129,0.0116,stable_low_volatility,0.11427090764121585,0.9999995171566554,9.754939379134206e-14,4.828438231921042e-07
2017-02-08T00:00:00Z,SPY,197.92141723632807,0.001310328451342,0.0071172274483894,0.0602324431777781,0.11449999999999999,0.0115,stable_low_volatility,0.11427090802765702,0.9999995099898406,1.1845700273367106e-13,4.900083849119961e-07
2017-02-09T00:00:00Z,SPY,199.0955810546875,0.0059324747910296,0.012424930930792,0.0626894046581713,0.10880000000000001,0.012,stable_low_volatility,0.11427091917872778,0.9999993033855087,2.1928812322635046e-13,6.966127047961187e-07
2017-02-10T00:00:00Z,SPY,199.88121032714844,0.003945990505159,0.0094616986192259,0.0623976243685672,0.1085,0.012,stable_low_volatility,0.11427090960441386,0.9999994807805235,2.4469206134262005e-13,5.192189318512469e-07
2017-02-13T00:00:00Z,SPY,200.9691162109375,0.0054427621386146,0.0167737759732284,0.0641683285392488,0.1107,0.012,stable_low_volatility,0.11427092606895359,0.9999991757325675,3.9307647010034843e-13,8.242678458778796e-07
2017-02-14T00:00:00Z,SPY,201.77203369140625,0.0039952282002673,0.020791100574,0.0622706027464286,0.10740000000000001,0.0125,stable_low_volatility,0.11427093708156517,0.999998971700353,2.9072203185692887e-12,1.0282979907000692e-06
2017-02-15T00:00:00Z,SPY,202.8253936767578,0.0052205450184568,0.0247773914966165,0.0635432017685073,0.11970000000000001,0.012700000000000001,stable_low_volatility,0.11427107186522537,0.9999964744482288,1.9729669698686478e-12,3.525549512515318e-06
2017-02-16T00:00:00Z,SPY,202.6527099609375,-0.0008513910052876,0.0178664382574766,0.0610325458092181,0.1176,0.0122,stable_low_volatility,0.11427095044000134,0.99999872419075,4.5076265524952677e-13,1.2758096139208186e-06
2017-02-17T00:00:00Z,SPY,202.97216796875,0.0015763816228959,0.0154639730094816,0.0606856323040303,0.1149,0.0121,stable_low_volatility,0.11427092555828271,0.9999991851949426,5.282358660608933e-13,8.148054793633143e-07
2017-02-21T00:00:00Z,SPY,204.18087768554688,0.0059550515171271,0.0159813683573066,0.0600172928436677,0.11570000000000001,0.0122,stable_low_volatility,0.11427095785353268,0.9999985868317689,5.115893408014554e-13,1.4131676765119822e-06
2017-02-22T00:00:00Z,SPY,203.9995574951172,-0.000888037080088,0.0110398044910313,0.0588835082543422,0.1174,0.0122,stable_low_volatility,0.11427091577660409,0.9999993664243636,1.3733081555918752e-13,6.335755900492354e-07
2017-02-23T00:00:00Z,SPY,204.13771057128903,0.0006772224306181,0.0064701804381688,0.0532973850071607,0.11710000000000001,0.0118,stable_low_volatility,0.11427091484057247,0.9999993837702357,2.0946531071526522e-13,6.162306381070219e-07
2017-02-24T00:00:00Z,SPY,204.39675903320312,0.0012689887683619,0.0086060979525108,0.0524725199415368,0.11470000000000001,0.011200000000000002,stable_low_volatility,0.11427091582110095,0.999999365602181,2.7349176636600443e-13,6.343982546738715e-07
2017-02-27T00:00:00Z,SPY,204.71617126464844,0.0015627069282122,0.0085923272799004,0.0511306599528573,0.12090000000000001,0.012,stable_low_volatility,0.11427091378912466,0.9999994032516004,5.856727672775541e-13,5.967487250905532e-07
2017-02-28T00:00:00Z,SPY,204.16358947753903,-0.0026992581176942,-8.467104365394995e-05,0.0450193298142098,0.1292,0.0122,stable_low_volatility,0.11427101203280424,0.9999975831662697,6.612660703212716e-11,2.4167686450503836e-06
2017-03-01T00:00:00Z,SPY,207.0214385986328,0.0139978393229032,0.0148131747961657,0.0612071536520266,0.12539999999999998,0.0129,stable_low_volatility,0.11427342179449265,0.9999529356007579,7.614263547667896e-11,4.706432462044069e-05
2017-03-02T00:00:00Z,SPY,205.7176818847656,-0.0062976893731033,0.0077397326983581,0.0686340942130186,0.11810000000000001,0.013200000000000002,stable_low_volatility,0.11427097180034211,0.9999983284228948,2.966572689127153e-13,1.6715752808348195e-06
2017-03-03T00:00:00Z,SPY,205.8471527099609,0.0006293616766877,0.0070959719890772,0.0686434296549963,0.10960000000000002,0.013200000000000002,stable_low_volatility,0.1142709174956991,0.9999993345738798,2.0890524841552726e-13,6.654261313165244e-07
2017-03-06T00:00:00Z,SPY,205.2341766357422,-0.0029778214862288,0.0025303588275109,0.0688240507122713,0.1124,0.0131,stable_low_volatility,0.11427092077925653,0.9999992737323645,1.8363007118786692e-13,7.262662765335362e-07
2017-03-07T00:00:00Z,SPY,204.6211700439453,-0.00298686408787,0.0022412447174209,0.0697792524296345,0.11449999999999999,0.013200000000000002,stable_low_volatility,0.11427092833123915,0.9999991338121731,1.0149919867078056e-12,8.661854779134106e-07
2017-03-08T00:00:00Z,SPY,204.2413330078125,-0.0018562939311276,-0.0134290709679121,0.0707099844615689,0.1186,0.013600000000000001,stable_low_volatility,0.11427112211073383,0.9999955435149953,3.189406121060409e-12,4.456482430391935e-06
2017-03-09T00:00:00Z,SPY,204.50038146972656,0.0012683449432058,-0.005917334882866,0.0707127176543343,0.12300000000000001,0.013700000000000002,stable_low_volatility,0.11427101308812473,0.9999975634521104,6.276527390178362e-13,2.4365458474299656e-06
2017-03-10T00:00:00Z,SPY,205.2169189453125,0.0035038442003689,-0.0030616588879246,0.0692782693043403,0.11660000000000001,0.013600000000000001,stable_low_volatility,0.1142709521222775,0.9999986930133119,2.403825641113535e-13,1.306984675867458e-06
2017-03-13T00:00:00Z,SPY,205.3205108642578,0.0005047922923593,0.0004206620453319,0.0687549131832102,0.1135,0.013999999999999999,stable_low_volatility,0.11427091693911712,0.9999993448875429,2.467978253402343e-13,6.551128578145127e-07
2017-03-14T00:00:00Z,SPY,204.53485107421875,-0.0038265041652778,-0.0004218476988867,0.0693133391685179,0.12300000000000001,0.013999999999999999,stable_low_volatility,0.11427095994870491,0.9999985480182286,5.98963576719558e-13,1.4519827955538134e-06
2017-03-15T00:00:00Z,SPY,206.30479431152344,0.008653504417506,0.0101030544274405,0.073864406218414,0.11630000000000001,0.013300000000000001,stable_low_volatility,0.11427102336244772,0.9999973730917133,7.177669808073995e-13,2.6269061629528205e-06
2017-03-16T00:00:00Z,SPY,205.89895629882807,-0.0019671768368236,0.0068389839620353,0.0729731295287523,0.1121,0.013500000000000002,stable_low_volatility,0.11427092759935632,0.9999991473781844,2.884229743018192e-13,8.526226106662992e-07
2017-03-17T00:00:00Z,SPY,205.5374298095703,-0.0017558442051212,0.0015618150097225,0.0733071556545537,0.1128,0.013300000000000001,stable_low_volatility,0.11427094349427791,0.9999988528731805,3.349025372038488e-13,1.1471252799210574e-06
2017-03-20T00:00:00Z,SPY,205.31198120117188,-0.0010968737353936,-4.154316122650936e-05,0.0735008371674132,0.1134,0.013000000000000001,stable_low_volatility,0.11427093144530286,0.9999990761866404,2.9968716760021305e-11,9.237831057454351e-07
2017-03-21T00:00:00Z,SPY,202.67584228515625,-0.0128396740443151,-0.0090889585774696,0.0848561770327184,0.1247,0.012700000000000001,stable_low_volatility,0.1142808583103706,0.9998151562739926,1.3459793101645301e-09,0.0001848423802860692
2017-03-22T00:00:00Z,SPY,203.15280151367188,0.0023533107011568,-0.0152783303382276,0.085370999047879,0.12810000000000002,0.012700000000000001,stable_low_volatility,0.11427205408960957,0.9999782760964525,4.801863158287366e-11,2.172385534493394e-05
2017-03-23T00:00:00Z,SPY,202.93600463867188,-0.0010671616309726,-0.0143903189866393,0.0853557588716183,0.13119999999999998,0.0126,stable_low_volatility,0.1142720597709885,0.9999781708265523,4.344859986650302e-11,2.182913119378281e-05
2017-03-24T00:00:00Z,SPY,202.78858947753903,-0.0007264120597785,-0.0133739160530421,0.0851646522932709,0.12960000000000002,0.0126,stable_low_volatility,0.11427201061927252,0.9999790814513914,2.3789492863709264e-11,2.0918525262014363e-05
2017-03-27T00:00:00Z,SPY,202.5804901123047,-0.00102618873069,-0.0133040998040478,0.084871094425997,0.125,0.012700000000000001,stable_low_volatility,0.11427141917864977,0.9999900395001009,3.422856452109412e-12,9.960497240610465e-06
2017-03-28T00:00:00Z,SPY,204.05462646484372,0.007276793296935,0.0068029034153345,0.0887478577228583,0.1153,0.013000000000000001,stable_low_volatility,0.11427104098989704,0.9999970464967152,3.1774119798461044e-13,2.9535027975429007e-06
2017-03-29T00:00:00Z,SPY,204.2453765869141,0.0009347993004371,0.0053780950353699,0.0721403148160213,0.1142,0.0126,stable_low_volatility,0.11427091630894008,0.9999993565581714,9.085251936655016e-14,6.434408448842906e-07
2017-03-30T00:00:00Z,SPY,204.8957061767578,0.003184060274515,0.0096567464288812,0.0701365651673769,0.11539999999999999,0.0128,stable_low_volatility,0.11427091720510746,0.9999993399617229,1.7430515946400335e-13,6.600395738421464e-07
2017-03-31T00:00:00Z,SPY,204.41879272460935,-0.0023275912465291,0.0080389298592704,0.0704584092011362,0.12369999999999999,0.012700000000000001,stable_low_volatility,0.11427094851463862,0.9999987598574493,2.6164570395927864e-13,1.2401413076592142e-06
2017-04-03T00:00:00Z,SPY,204.0632781982422,-0.001739147960071,0.0073195009307929,0.0699789725559262,0.12380000000000001,0.0124,stable_low_volatility,0.1142709574989644,0.9999985933983114,1.8297857807747966e-13,1.4066008025196002e-06
2017-04-04T00:00:00Z,SPY,204.19332885742188,0.0006373055472201,0.000679731672744,0.0693005342821727,0.11789999999999999,0.0125,stable_low_volatility,0.11427092305097951,0.9999992316482572,6.627613297947345e-13,7.68351445970298e-07
2017-04-05T00:00:00Z,SPY,203.58636474609372,-0.0029724972638647,-0.0032265691974666,0.0697881022361411,0.12890000000000001,0.0124,stable_low_volatility,0.11427113335028295,0.9999953352671241,1.3172482044088143e-12,4.664732391210413e-06
2017-04-06T00:00:00Z,SPY,204.1586456298828,0.0028109980965709,-0.0035972474027305,0.0704170743032204,0.12390000000000001,0.0124,stable_low_volatility,0.11427096470539651,0.9999984598846858,4.397929336640326e-13,1.5401158164282339e-06
2017-04-07T00:00:00Z,SPY,203.9505157470703,-0.0010194517218232,-0.0022907726403116,0.0691848572817944,0.12869999999999998,0.0129,stable_low_volatility,0.11427098688382077,0.9999980489684209,7.773702864741244e-13,1.951031879937211e-06
2017-04-10T00:00:00Z,SPY,204.0719757080078,0.0005955364245713,4.26216311057992e-05,0.0691997604230807,0.1405,0.0129,stable_low_volatility,0.11427105532810472,0.9999967808450466,2.453701408489323e-12,3.2191519481677623e-06
2017-04-11T00:00:00Z,SPY,203.82916259765625,-0.0011898405428238,-0.0017834385765849,0.068038296402441,0.1507,0.0124,stable_low_volatility,0.11427153496853501,0.9999878942149438,2.4192033998734634e-11,1.2105761086628496e-05
2017-04-12T00:00:00Z,SPY,202.93600463867188,-0.0043818948554844,-0.003194517020985,0.0610614475634621,0.1577,0.0124,stable_low_volatility,0.11427269202541997,0.9999664573611415,3.949976667223568e-10,3.354224351338533e-05
2017-04-13T00:00:00Z,SPY,201.6179351806641,-0.0064950005315943,-0.0124447849924748,0.0642435444546974,0.15960000000000002,0.0121,stable_low_volatility,0.11428044623871375,0.999822788535783,2.711000164759309e-10,0.00017721119403506773
2017-04-17T00:00:00Z,SPY,203.4042816162109,0.0088600571866097,-0.0026782679556289,0.0730675650540408,0.1466,0.0121,stable_low_volatility,0.11427182496713335,0.9999825211416083,1.0644608477771144e-11,1.7478846507883278e-05
2017-04-18T00:00:00Z,SPY,202.7972412109375,-0.0029844032802555,-0.0062464946137152,0.0735719700804851,0.1442,0.0118,stable_low_volatility,0.11427152765322848,0.9999880297134713,7.814783863644608e-12,1.1970279066809592e-05
2017-04-19T00:00:00Z,SPY,202.42434692382807,-0.0018387542398642,-0.0068921230697548,0.0578145583578956,0.1493,0.011899999999999999,stable_low_volatility,0.1142714506064936,0.9999894572220963,7.888224991043123e-12,1.054277091542465e-05
2017-04-20T00:00:00Z,SPY,204.0719757080078,0.0081394793127316,0.0055976812560123,0.0642522447934948,0.14150000000000001,0.0121,stable_low_volatility,0.11427129255095607,0.9999923856483967,9.911701327518116e-12,7.614342477431047e-06
2017-04-21T00:00:00Z,SPY,203.421630859375,-0.003186840556507,0.0089461072850225,0.0652540191910607,0.1463,0.012,stable_low_volatility,0.11427146595363462,0.9999891728625213,6.72254367673102e-12,1.0827129080313871e-05
2017-04-24T00:00:00Z,SPY,205.6587829589844,0.0109976116608558,0.0110838440806635,0.075568250072696,0.1084,0.0125,stable_low_volatility,0.1142712082176076,0.9999939481532554,8.451793414331303e-12,6.051837986207927e-06
2017-04-25T00:00:00Z,SPY,206.8554534912109,0.0058187183401996,0.0200111809018759,0.0773616579599798,0.1076,0.0129,stable_low_volatility,0.11427097558814475,0.9999982582500414,1.2045838228271634e-12,1.741748726918439e-06
2017-04-26T00:00:00Z,SPY,206.7253875732422,-0.0006287768379975,0.0212476449338998,0.0739588397766997,0.1085,0.0128,stable_low_volatility,0.11427096912174917,0.999998378059396,4.4383634842366983e-13,1.621941106722296e-06
2017-04-27T00:00:00Z,SPY,206.8988037109375,0.0008388719921197,0.0138521126829016,0.0739547376778955,0.1036,0.0125,stable_low_volatility,0.11427091248501141,0.9999994274150416,2.0929816871281558e-13,5.725862924041319e-07
2017-04-28T00:00:00Z,SPY,206.4478759765625,-0.002179460326919,0.0148767124931741,0.0739670262277018,0.1082,0.0128,stable_low_volatility,0.11427092556216012,0.9999991851221831,1.475766760280232e-13,8.14878611178488e-07
2017-05-01T00:00:00Z,SPY,206.9682159423828,0.0025204423313096,0.0063670170782814,0.0736141045233105,0.1011,0.0128,stable_low_volatility,0.11427090928734335,0.9999994866558563,1.716442207964165e-13,5.133439557811764e-07
2017-05-02T00:00:00Z,SPY,207.04624938964844,0.0003770310668733,0.0009223633953918,0.0730954833421224,0.1059,0.012700000000000001,stable_low_volatility,0.114270912533374,0.9999994265091853,1.635528665282295e-13,5.73489083885543e-07
2017-05-03T00:00:00Z,SPY,206.79476928710935,-0.0012146083461082,0.0003356226087258,0.0734202712979196,0.1068,0.013000000000000001,stable_low_volatility,0.11427092276626862,0.9999992369233224,1.7671664267014859e-13,7.630772320439823e-07
2017-05-04T00:00:00Z,SPY,207.03753662109372,0.001173952971931,0.0006705351005802,0.0721813542760839,0.10460000000000001,0.013200000000000002,stable_low_volatility,0.11427091193150445,0.9999994376704979,1.4147688624185502e-13,5.623310153336595e-07
2017-05-05T00:00:00Z,SPY,207.8526611328125,0.0039370856368452,0.0068045512679892,0.0726950065950397,0.1057,0.013200000000000002,stable_low_volatility,0.11427091184162545,0.9999994393330534,1.0318416508771183e-13,5.606676593346262e-07
2017-05-08T00:00:00Z,SPY,207.8179931640625,-0.0001667910747981,0.0041058344046229,0.0724593726287471,0.0977,0.013300000000000001,stable_low_volatility,0.11427090589885432,0.9999995494327882,1.5562713252855614e-13,4.5056566406129145e-07
2017-05-09T00:00:00Z,SPY,207.627197265625,-0.000918091333347,0.0028058845677674,0.0727533352912333,0.09960000000000001,0.013700000000000002,stable_low_volatility,0.11427090820043068,0.9999995067884209,1.362904992885255e-13,4.932096761316992e-07
2017-05-10T00:00:00Z,SPY,208.00003051757807,0.0017956860029091,0.0058282965020037,0.0724062259773843,0.10210000000000001,0.013500000000000002,stable_low_volatility,0.11427090606201151,0.9999995464169052,1.3639689051382547e-13,4.535838459957488e-07
2017-05-11T00:00:00Z,SPY,207.5751190185547,-0.0020428434455808,0.0025965455648016,0.070538241649675,0.106,0.013500000000000002,stable_low_volatility,0.11427091406118946,0.9999993982020888,1.7393891981157888e-13,6.01796151800647e-07
2017-05-12T00:00:00Z,SPY,207.2283477783203,-0.0016705819169173,-0.0030036341660945,0.0654887464122657,0.10400000000000001,0.0129,stable_low_volatility,0.11427091620731078,0.9999993584426432,2.477637778683937e-13,6.415565805941089e-07
2017-05-15T00:00:00Z,SPY,208.37294006347656,0.0055233383725119,0.0026703505840131,0.0614205254730649,0.1042,0.0131,stable_low_volatility,0.11427091258494758,0.9999994256397089,3.2457967023330784e-11,5.743295605195405e-07
2017-05-16T00:00:00Z,SPY,208.1822052001953,-0.0009153533238199,0.0026730984277569,0.059965922389381,0.10650000000000001,0.0129,stable_low_volatility,0.11427396917792744,0.9999428823844971,3.782515303032626e-08,5.707979031678917e-05
2017-05-17T00:00:00Z,SPY,204.4881591796875,-0.0177442928753468,-0.0168839943395769,0.0904962628610305,0.1559,0.0126,stable_low_volatility,0.12134621185587356,0.8689153190619845,2.4057391270365065e-06,0.1310822752002967
2017-05-18T00:00:00Z,SPY,205.31198120117188,0.0040287028099288,-0.0109027412730545,0.0870418124628202,0.1466,0.012700000000000001,stable_low_volatility,0.11460412136081419,0.9938258006195347,7.293234972471975e-10,0.006174198651185664
2017-05-19T00:00:00Z,SPY,206.64735412597656,0.0065041159166265,-0.002803639842582,0.0886497955579283,0.1204,0.0128,stable_low_volatility,0.11427347075149465,0.9999520283537839,3.2146490035915137e-12,4.7971641281806905e-05
2017-05-22T00:00:00Z,SPY,207.69656372070312,0.0050772950815858,-0.0032459893427975,0.0819265976188278,0.1093,0.0129,stable_low_volatility,0.11427095362644975,0.9999986651500691,2.2290506148657936e-13,1.3348497987187868e-06
2017-05-23T00:00:00Z,SPY,208.1561584472656,0.0022128181532194,-0.0001251151744916,0.079804275501433,0.1072,0.0131,stable_low_volatility,0.1142709218031421,0.999999254767595,1.8300140334477746e-13,7.45232837473223e-07
2017-05-24T00:00:00Z,SPY,208.64175415039065,0.0023328433169946,0.0203121539524118,0.0800317406935883,0.1002,0.0129,stable_low_volatility,0.11427093719318238,0.9999989696194312,7.185638563411175e-13,1.0303786107080997e-06
2017-05-25T00:00:00Z,SPY,209.63897705078125,0.0047795941155279,0.0210752232981943,0.0814798657510252,0.0999,0.013000000000000001,stable_low_volatility,0.11427095862521486,0.9999985725308945,5.696760163030615e-13,1.4274673908216433e-06
2017-05-26T00:00:00Z,SPY,209.59564208984372,-0.00020671232777,0.0142672427447092,0.0808662084536769,0.0981,0.013000000000000001,stable_low_volatility,0.11427091799360631,0.9999993253479718,2.5857547621528166e-13,6.746517017251685e-07
2017-05-30T00:00:00Z,SPY,209.4134979248047,-0.0008690264894009,0.008266550843905,0.0807817395235111,0.1038,0.0128,stable_low_volatility,0.11427092309961814,0.9999992307460391,2.1096149828054084e-13,7.692541188738201e-07
2017-05-31T00:00:00Z,SPY,209.3614959716797,-0.0002483218781994,0.0057905446247914,0.0808338097912226,0.1041,0.0128,stable_low_volatility,0.11427093475425448,0.9999990148139964,5.908575146450109e-13,9.851863830734557e-07
2017-06-01T00:00:00Z,SPY,211.02639770507807,0.0079522823701243,0.0114293687972382,0.084596314662464,0.0989,0.0128,stable_low_volatility,0.11427095608910491,0.9999986195226008,8.250061100594132e-13,1.380476250705283e-06
2017-06-02T00:00:00Z,SPY,211.728759765625,0.0033283137474036,0.0099684836486182,0.0849935439401415,0.0975,0.0128,stable_low_volatility,0.11427093728836499,0.9999989678622894,4.650651382806165e-13,1.0321382446694271e-06
2017-06-05T00:00:00Z,SPY,211.5726776123047,-0.0007371797458838,0.0094326175045829,0.0845610813469598,0.10070000000000001,0.013200000000000002,stable_low_volatility,0.11427091913727606,0.9999993041640357,2.06169108609899e-13,6.958375749939611e-07
2017-06-06T00:00:00Z,SPY,210.89633178710935,-0.0031967541027896,0.0070808896131286,0.0857407757796055,0.1045,0.013000000000000001,stable_low_volatility,0.11427093070515464,0.9999990898254104,1.6120804401931843e-13,9.10172671041435e-07
2017-06-07T00:00:00Z,SPY,211.2865447998047,0.0018502598380383,0.0091948560989714,0.0855953949997656,0.1039,0.013200000000000002,stable_low_volatility,0.11427091964115234,0.9999992948217127,1.4397019357005048e-13,7.051778888793937e-07
2017-06-08T00:00:00Z,SPY,211.3905487060547,0.000492241029113,0.0017256182398823,0.0855344291398284,0.10160000000000001,0.013300000000000001,stable_low_volatility,0.1142709249736122,0.9999991960215587,1.165510662540957e-12,8.039758072643454e-07
2017-06-09T00:00:00Z,SPY,211.06976318359372,-0.0015175017257134,-0.0031124566297027,0.0853217111607101,0.107,0.013500000000000002,stable_low_volatility,0.11427110909107416,0.9999957847446861,3.85456897006217e-12,4.215252856044224e-06
2017-06-12T00:00:00Z,SPY,211.02639770507807,-0.0002054556648073,-0.0025819964722836,0.0849080531988275,0.11460000000000001,0.013500000000000002,stable_low_volatility,0.11427098307383482,0.9999981195596265,2.658770842354928e-13,1.880441742792685e-06
2017-06-13T00:00:00Z,SPY,212.05828857421875,0.0048898662933285,0.0055096111784547,0.0844836324937069,0.1042,0.0138,stable_low_volatility,0.11427092664123137,0.999999165127868,2.5335256064330915e-13,8.34872261220913e-07
2017-06-14T00:00:00Z,SPY,211.78944396972656,-0.0012677863539302,0.0023801760324984,0.0845921228094736,0.10640000000000001,0.013500000000000002,stable_low_volatility,0.11427093886165804,0.9999989387039198,1.6837651122771053e-13,1.0612943416306127e-06
2017-06-15T00:00:00Z,SPY,211.3819274902344,-0.0019241585975854,-4.078335513624243e-05,0.0491968179853876,0.109,0.013500000000000002,stable_low_volatility,0.11427091209809855,0.9999994345818557,3.656401949212964e-13,5.654186168220633e-07
2017-06-16T00:00:00Z,SPY,211.42811584472656,0.0002185066388626,0.0016977925010561,0.0486227589827757,0.1038,0.013200000000000002,stable_low_volatility,0.11427091046658429,0.9999994648134429,8.683667107052671e-13,5.351871786973215e-07
2017-06-19T00:00:00Z,SPY,213.188232421875,0.0083248936411137,0.0102443805149825,0.0514371714685295,0.1037,0.013600000000000001,stable_low_volatility,0.11427092229692117,0.9999992456217232,1.7370783467499092e-12,7.543768734635259e-07
2017-06-20T00:00:00Z,SPY,211.75050354003903,-0.0067439410961053,-0.0014514171374724,0.0575245464961431,0.1086,0.013600000000000001,stable_low_volatility,0.11427094752247921,0.9999987782474096,5.363258689308612e-13,1.2217532481637187e-06
2017-06-21T00:00:00Z,SPY,211.6982421875,-0.0002468062727849,-0.00043062477769,0.0574810915736779,0.1075,0.013600000000000001,stable_low_volatility,0.11427090789858438,0.9999995123909055,1.576427976031537e-13,4.876103414471262e-07
2017-06-22T00:00:00Z,SPY,211.6023712158203,-0.0004528661678483,0.0010428693133954,0.0573753634841304,0.1048,0.0134,stable_low_volatility,0.11427090544736791,0.9999995578037738,1.4412577174306297e-13,4.4219660240102027e-07
2017-06-23T00:00:00Z,SPY,211.8550720214844,0.0011942248293914,0.0020193916738651,0.0553859800074002,0.1002,0.0134,stable_low_volatility,0.11427090298260364,0.9999996034749405,3.7086580775727546e-13,3.965264815193692e-07
2017-06-26T00:00:00Z,SPY,211.9945068359375,0.0006581613228451,-0.0055993971729886,0.0553193096881942,0.099,0.013600000000000001,stable_low_volatility,0.11427091294841876,0.9999994188366924,4.139254038443367e-12,5.811601814022603e-07
2017-06-27T00:00:00Z,SPY,210.2866668701172,-0.0080560576371067,-0.0069130256856512,0.0631852059053563,0.1106,0.0138,stable_low_volatility,0.1142710948301084,0.99999604896637,4.201015104532007e-12,3.951029703824967e-06
2017-06-28T00:00:00Z,SPY,212.1687774658203,0.0089502136474757,0.0022226697466083,0.0702738305648577,0.1003,0.0134,stable_low_volatility,0.11427094521425152,0.999998821033627,1.1071149730390087e-11,1.1789549247608512e-06
2017-06-29T00:00:00Z,SPY,210.30404663085935,-0.0087889031422699,-0.0061356806991389,0.0724550258990018,0.1144,0.0138,stable_low_volatility,0.11427139709145745,0.9999904487396204,8.158764089230255e-12,9.551253386043708e-06
2017-06-30T00:00:00Z,SPY,210.6961669921875,0.0018645402578316,-0.0054702727588195,0.071702606482514,0.1118,0.0138,stable_low_volatility,0.11427095985020495,0.9999985498335774,5.499360390112514e-13,1.450164440449762e-06
2017-07-03T00:00:00Z,SPY,211.05343627929688,0.0016956610659302,-0.0044391270825188,0.071999774882631,0.11220000000000001,0.0141,stable_low_volatility,0.11427093613460244,0.999998989235393,1.3044952734707099e-13,1.0107645784964284e-06
2017-07-05T00:00:00Z,SPY,211.54136657714844,0.0023118803770902,0.005966615600057,0.0715299819919058,0.1107,0.0141,stable_low_volatility,0.11427091164266959,0.9999994430255997,2.861910123310908e-12,5.569723081506499e-07
2017-07-06T00:00:00Z,SPY,209.6069183349609,-0.0091445388364833,-0.0120746283287233,0.0784505243804928,0.12539999999999998,0.013999999999999999,stable_low_volatility,0.11427194396309405,0.9999803163964339,4.17462754909974e-12,1.9683599359141553e-05
2017-07-07T00:00:00Z,SPY,210.9662628173828,0.0064852080895994,0.003148851375579,0.0821283398235997,0.1119,0.013999999999999999,stable_low_volatility,0.1142709460310309,0.9999988058814633,2.006037847960737e-13,1.194120037340136e-06
2017-07-10T00:00:00Z,SPY,211.1928253173828,0.0010739276364586,0.0023572252513437,0.0820500281453025,0.11109999999999999,0.013999999999999999,stable_low_volatility,0.11427093186617443,0.9999990683249754,1.1964001132957244e-13,9.316766150995571e-07
2017-07-11T00:00:00Z,SPY,211.0359649658203,-0.000742735229413,-8.278146892359839e-05,0.0820925892462213,0.10890000000000001,0.013700000000000002,stable_low_volatility,0.11427092811433377,0.9999991378357742,1.9827595185075856e-13,8.621648550641471e-07
2017-07-12T00:00:00Z,SPY,212.6218414306641,0.0075147213182387,0.0051076291649159,0.0846305441738079,0.10300000000000001,0.013500000000000002,stable_low_volatility,0.11427094487839042,0.9999988272363736,3.7927090289468743e-13,1.1727644975808595e-06
2017-07-13T00:00:00Z,SPY,212.9791412353516,0.0016804473250882,0.0160883186832681,0.0846300045360567,0.099,0.013700000000000002,stable_low_volatility,0.11427093105036676,0.9999990834334874,3.250833243535381e-13,9.165656217429347e-07
2017-07-14T00:00:00Z,SPY,213.97250366210935,0.004664130116198,0.0142498653793228,0.0855724163971849,0.0951,0.013500000000000002,stable_low_volatility,0.11427093027358089,0.9999990978325946,5.58060313350388e-13,9.021683426562358e-07
2017-07-17T00:00:00Z,SPY,213.9463653564453,-0.0001221573109474,0.0130380377975645,0.0856015756162469,0.09820000000000001,0.013600000000000001,stable_low_volatility,0.11427093364702706,0.999999035328539,2.553794645656024e-13,9.646724450142057e-07
2017-07-18T00:00:00Z,SPY,214.0596160888672,0.0005293416984821,0.0143276579588536,0.0806330331650295,0.0989,0.013600000000000001,stable_low_volatility,0.11427091872403199,0.9999993118146998,2.1673462957173253e-13,6.881850185210738e-07
2017-07-19T00:00:00Z,SPY,215.21859741210935,0.005414292263147,0.012213025547952,0.0782118828023087,0.09789999999999999,0.013700000000000002,stable_low_volatility,0.11427091891550906,0.9999993082713109,2.208725167408805e-13,6.917297669024344e-07
2017-07-20T00:00:00Z,SPY,215.3144073486328,0.0004451749880145,0.0109647644353148,0.0781261282869121,0.0958,0.013700000000000002,stable_low_volatility,0.11427090978111452,0.9999994775063442,2.4241432413020105e-13,5.224930175661235e-07
2017-07-21T00:00:00Z,SPY,215.1226501464844,-0.0008905915981644,0.0053752069293502,0.0782381766623957,0.0936,0.013600000000000001,stable_low_volatility,0.11427091985631573,0.9999992908344907,4.0024306667132165e-13,7.09164431610395e-07
2017-07-24T00:00:00Z,SPY,215.07046508789065,-0.0002425828175611,0.0052541193189821,0.0783144916274609,0.0943,0.013700000000000002,stable_low_volatility,0.11427090918581637,0.9999994885403283,1.863986142120356e-13,5.11460548616953e-07
2017-07-25T00:00:00Z,SPY,215.5932464599609,0.0024307446020386,0.0071645011754906,0.0785376158332265,0.0943,0.013999999999999999,stable_low_volatility,0.11427090856655471,0.9999995000145077,1.774166085780949e-13,4.999865842934984e-07
2017-07-26T00:00:00Z,SPY,215.60191345214844,4.020066643928288e-05,0.001781054447191,0.0712397780397573,0.096,0.013600000000000001,stable_low_volatility,0.11427090642299215,0.9999995397303032,2.1837319895625396e-13,4.6027080997474863e-07
2017-07-27T00:00:00Z,SPY,215.4015045166016,-0.0009295322677707,0.0004045115653952,0.0655371669901193,0.1011,0.013600000000000001,stable_low_volatility,0.11427091114609508,0.9999994522187671,2.2244943375897877e-13,5.477814362341646e-07
2017-07-28T00:00:00Z,SPY,215.1488342285156,-0.0011730200708345,0.000121716992671,0.05556476149414,0.10289999999999999,0.0134,stable_low_volatility,0.11427090529546707,0.9999995606159301,2.3299659803913804e-13,4.393835740310453e-07
2017-07-31T00:00:00Z,SPY,215.0268096923828,-0.0005671633619135,-0.0002029818250031,0.055813801131769,0.1026,0.0134,stable_low_volatility,0.11427090685963848,0.9999995316321661,2.5377709023021946e-13,4.6836630580421654e-07
2017-08-01T00:00:00Z,SPY,215.506103515625,0.0022289956490908,-0.0004042007148499,0.0559312851184268,0.1009,0.0134,stable_low_volatility,0.11427090392580001,0.9999995859944595,2.3197576301454533e-13,4.140055621018786e-07
2017-08-02T00:00:00Z,SPY,215.61070251464844,0.0004853644389513,4.076523421936429e-05,0.0557584699186693,0.1028,0.013600000000000001,stable_low_volatility,0.11427090401904201,0.9999995842627822,2.367720140503023e-13,4.157359131770365e-07
2017-08-03T00:00:00Z,SPY,215.1924285888672,-0.0019399497376658,-0.0009706335533894,0.0426825227031373,0.10439999999999999,0.0134,stable_low_volatility,0.11427090999103397,0.999999473620985,4.188066886273873e-13,5.263793466081043e-07
2017-08-04T00:00:00Z,SPY,215.5845489501953,0.0018221847483179,0.0020251781667424,0.0381995581162732,0.1003,0.013600000000000001,stable_low_volatility,0.11427090140746612,0.9999996326551575,7.506399259902514e-13,3.6734443727535893e-07
2017-08-07T00:00:00Z,SPY,215.9853363037109,0.0018590727186493,0.0044577074491287,0.0382982429958141,0.0993,0.013600000000000001,stable_low_volatility,0.11427090631826976,0.999999541669345,1.0963214733089205e-12,4.5832983326713495e-07
2017-08-08T00:00:00Z,SPY,215.453857421875,-0.0024607174307823,-0.0002424344039342,0.039864633897644,0.10960000000000002,0.013600000000000001,stable_low_volatility,0.11427091334992935,0.9999994113970301,6.026537474572222e-12,5.885963579796648e-07
2017-08-09T00:00:00Z,SPY,215.445068359375,-4.0793247357839846e-05,-0.0007682093390618,0.0318604125030212,0.11109999999999999,0.013300000000000001,stable_low_volatility,0.11427102660824734,0.9999973287230413,6.71491906183325e-09,2.664563802419095e-06
2017-08-10T00:00:00Z,SPY,212.40399169921875,-0.0141153226820841,-0.0129578763896747,0.0613889661019499,0.1604,0.013300000000000001,stable_low_volatility,0.11446823086763565,0.9963436650683518,4.8499320334694275e-08,0.0036562864330024407
2017-08-11T00:00:00Z,SPY,212.71771240234372,0.0014770000347699,-0.0132979685316588,0.0590949859104119,0.1551,0.013000000000000001,stable_low_volatility,0.1142799528352513,0.9998319296674187,3.949386848725326e-11,0.00016807029174419484
2017-08-14T00:00:00Z,SPY,214.8264312744141,0.0099132265397898,-0.005365665323072,0.0692414455397042,0.1233,0.013300000000000001,stable_low_volatility,0.1142711821646458,0.9999944308447548,1.2977672867475812e-12,5.5691549688174e-06
2017-08-15T00:00:00Z,SPY,214.8002471923828,-0.0001218848252326,-0.0030336436641854,0.0692396147397814,0.1204,0.013500000000000002,stable_low_volatility,0.11427093971162687,0.9999989229660402,6.258408501113251e-13,1.0770346835625113e-06
2017-08-16T00:00:00Z,SPY,215.17498779296875,0.0017446004158938,-0.0012535936350872,0.0667502603950442,0.1174,0.013300000000000001,stable_low_volatility,0.11427106128635027,0.9999966718042648,5.772896203497651e-10,3.3276189254208035e-06
2017-08-17T00:00:00Z,SPY,211.8202667236328,-0.0155906646202006,-0.0027481827008813,0.086892623762907,0.1555,0.013200000000000002,stable_low_volatility,0.11444820768501658,0.9967145747107676,1.6144023362548474e-08,0.0032854091443860955
2017-08-18T00:00:00Z,SPY,211.4890899658203,-0.0015634800339695,-0.0057758351321471,0.0869330226017033,0.1426,0.013300000000000001,stable_low_volatility,0.11427927435246754,0.999844500509902,5.951065853724204e-11,0.00015549942922977178
2017-08-21T00:00:00Z,SPY,211.65464782714844,0.0007828198672323,-0.0147644003973331,0.0871042800476034,0.1319,0.013200000000000002,stable_low_volatility,0.11427170419884923,0.999984758705712,6.052625218655662e-12,1.5241288237806775e-05
2017-08-22T00:00:00Z,SPY,213.8679656982422,0.010457213644093,-0.0043402254249067,0.0952443858349999,0.1135,0.013300000000000001,stable_low_volatility,0.11427126854265462,0.9999928304607772,7.836988210279194e-12,7.169530940975914e-06
2017-08-23T00:00:00Z,SPY,213.10110473632807,-0.0035856747381983,-0.0096381232684721,0.0958913601157825,0.1225,0.013200000000000002,stable_low_volatility,0.11427126770524276,0.9999928459620939,1.0955352678073e-12,7.154036923080827e-06
2017-08-24T00:00:00Z,SPY,212.6044158935547,-0.0023307661562242,0.0037019553513497,0.0960878656754616,0.1223,0.013300000000000001,stable_low_volatility,0.1142710115167894,0.9999975925704223,1.7821031143295527e-13,2.407429901734759e-06
2017-08-25T00:00:00Z,SPY,213.10110473632807,0.0023362113184992,0.0076222124307609,0.0966409283712373,0.1128,0.013500000000000002,stable_low_volatility,0.1142709622135534,0.999998506050567,2.258775732706224e-13,1.4939495090196263e-06
2017-08-28T00:00:00Z,SPY,213.10986328125,4.110042006910675e-05,0.0068754240411956,0.0966576140314352,0.11320000000000001,0.013300000000000001,stable_low_volatility,0.11427096440230727,0.9999984654944406,2.6044511806181196e-13,1.5345045080154462e-06
2017-08-29T00:00:00Z,SPY,213.3537750244141,0.001144535214882,-0.0024042435347874,0.09633619556042,0.11699999999999999,0.013300000000000001,stable_low_volatility,0.11427099741677121,0.9999978538167236,2.6822946164687735e-13,2.1461847060633683e-06
2017-08-30T00:00:00Z,SPY,214.3646240234375,0.004737900695255,0.0059292010178584,0.098073434795752,0.11220000000000001,0.013300000000000001,stable_low_volatility,0.11427097845575895,0.9999982051210928,8.223313691188052e-13,1.7948788727229623e-06
2017-08-31T00:00:00Z,SPY,215.65419006347656,0.0060157595774668,0.0143448298432748,0.1003231377285168,0.1059,0.013300000000000001,stable_low_volatility,0.11427112609631285,0.9999954696679954,1.824958463822166e-12,4.530330867542142e-06
2017-09-01T00:00:00Z,SPY,215.95916748046875,0.0014141965750928,0.013411768783071,0.1002412582856913,0.10130000000000002,0.013500000000000002,stable_low_volatility,0.11427096317027056,0.9999984883336367,3.858056403922597e-12,1.5116629392397893e-06
2017-09-05T00:00:00Z,SPY,214.4081573486328,-0.0071819601359419,0.0060921350489977,0.1032375894657784,0.1223,0.013000000000000001,stable_low_volatility,0.11427150465521503,0.9999884557994535,2.212795691550769e-12,1.1544197551528125e-05
2017-09-06T00:00:00Z,SPY,215.14013671875,0.003413952991196,0.0083727681599798,0.1037581901408831,0.11630000000000001,0.013000000000000001,stable_low_volatility,0.11427101260680855,0.9999975723687748,3.460788575359766e-13,2.427629334347385e-06
2017-09-07T00:00:00Z,SPY,215.11395263671875,-0.000121707099524,0.0034955796307105,0.1037582560686101,0.1155,0.012700000000000001,stable_low_volatility,0.11427100726776829,0.9999976712924593,3.617405369995973e-13,2.3287065836769687e-06
2017-09-08T00:00:00Z,SPY,214.86126708984372,-0.0011746590296806,-0.0036768261882573,0.089540796402203,0.12119999999999999,0.012700000000000001,stable_low_volatility,0.1142710125778672,0.9999975729108324,8.507651831646899e-13,2.427088264906421e-06
2017-09-11T00:00:00Z,SPY,217.15293884277344,0.0106658207129135,0.0055277642353972,0.096368460573467,0.1073,0.013200000000000002,stable_low_volatility,0.1142711281744029,0.9999954311638029,1.4074143697461473e-12,4.568835230838003e-06
2017-09-12T00:00:00Z,SPY,217.88491821289065,0.0033708011230149,0.0162156184132702,0.0910843108291664,0.1058,0.013300000000000001,stable_low_volatility,0.11427095112522959,0.9999987114905823,2.7312401002722963e-13,1.2885086835765352e-06
2017-09-13T00:00:00Z,SPY,217.9894256591797,0.0004796451592254,0.0132438743596901,0.091036740704839,0.105,0.013500000000000002,stable_low_volatility,0.11427093709023864,0.9999989715257303,3.7523888215357596e-13,1.0284725856363263e-06
2017-09-14T00:00:00Z,SPY,217.9197540283203,-0.0003196101400271,0.0130433259080129,0.0910288138105703,0.10439999999999999,0.013700000000000002,stable_low_volatility,0.1142709754194341,0.9999982613750598,5.002627148000212e-13,1.7386246803333421e-06
2017-09-15T00:00:00Z,SPY,218.2131805419922,0.001346488825578,0.0156003615614295,0.0674954370869029,0.1017,0.0139,stable_low_volatility,0.114270929924926,0.999999104290001,3.8814516829425575e-13,8.957104632447041e-07
2017-09-18T00:00:00Z,SPY,218.67726135253903,0.002126731343149,0.0070195803837096,0.0665470315620518,0.1015,0.013999999999999999,stable_low_volatility,0.11427090329340997,0.9999995977123844,1.0681444143425175e-13,4.0228821805817754e-07
2017-09-19T00:00:00Z,SPY,218.89617919921875,0.0010011001844711,0.0046412619772977,0.0665128991657218,0.1018,0.013999999999999999,stable_low_volatility,0.11427090345957919,0.9999995946273796,9.07175273680638e-14,4.0537124473108694e-07
2017-09-20T00:00:00Z,SPY,218.9750213623047,0.0003601806270643,0.004521300517879,0.0580651139189133,0.0978,0.014499999999999999,stable_low_volatility,0.11427090042546463,0.9999996508450449,2.3711693998985005e-13,3.491540245930856e-07
2017-09-21T00:00:00Z,SPY,218.3882751464844,-0.0026795120839354,0.0021499708470815,0.0571568159790287,0.09670000000000001,0.014499999999999999,stable_low_volatility,0.11427090494013808,0.999999567197031,2.811171985490509e-13,4.3280163029425225e-07
2017-09-22T00:00:00Z,SPY,218.4320831298828,0.0002005967736549,0.001003159329546,0.0557547010268638,0.0959,0.0146,stable_low_volatility,0.11427090123764086,0.9999996357983699,4.2531517227242165e-13,3.642007438238317e-07
2017-09-25T00:00:00Z,SPY,217.9854278564453,-0.0020448244920683,-0.0031637194092092,0.0568886719492292,0.10210000000000001,0.0144,stable_low_volatility,0.1142709128980844,0.9999994197571005,3.7699901734093513e-13,5.802424619027329e-07
2017-09-26T00:00:00Z,SPY,218.11685180664065,0.0006029024576903,-0.0035602603728813,0.0567805187153771,0.1017,0.014499999999999999,stable_low_volatility,0.11427090914435384,0.9999994893043035,3.700269090470138e-13,5.106948931814615e-07
2017-09-27T00:00:00Z,SPY,218.9662170410156,0.0038940835031304,-4.020696622974995e-05,0.0575981656045651,0.0987,0.0147,stable_low_volatility,0.11427091309031838,0.9999994161991593,3.8712880568064327e-13,5.838015827263787e-07
2017-09-28T00:00:00Z,SPY,219.22894287109372,0.0011998464129692,0.0038494178501364,0.0561563037072265,0.09550000000000002,0.014499999999999999,stable_low_volatility,0.11427089979644063,0.9999996624974871,3.103700923726737e-13,3.3750081531970845e-07
2017-09-29T00:00:00Z,SPY,219.99954223632807,0.0035150439314368,0.007175956407069,0.053941420221121,0.0951,0.0147,stable_low_volatility,0.11427090761583623,0.9999995176223164,6.922235160079549e-13,4.823756543953375e-07
2017-10-02T00:00:00Z,SPY,220.95407104492188,0.0043387763396725,0.0136185396320691,0.0552176497040699,0.0945,0.0149,stable_low_volatility,0.11427090453366416,0.9999995747312818,4.895398804341435e-13,4.252680348514855e-07
2017-10-03T00:00:00Z,SPY,221.4269561767578,0.0021401965105218,0.0151758304903995,0.0455981595929844,0.0951,0.0147,stable_low_volatility,0.11427090432861933,0.9999995785293301,7.014045235844427e-13,4.2146930008803793e-07
2017-10-04T00:00:00Z,SPY,221.6895904541016,0.0011860989369971,0.0124374136334273,0.0451160331288201,0.09630000000000001,0.0147,stable_low_volatility,0.11427089980705736,0.9999996623010363,8.180996322115552e-13,3.376964574968996e-07
2017-10-05T00:00:00Z,SPY,223.00315856933597,0.0059252584324942,0.0172158641501154,0.0472677516495848,0.0919,0.0149,stable_low_volatility,0.114270914833708,0.9999993838975648,1.9807207843444773e-12,6.161002507435403e-07
2017-10-06T00:00:00Z,SPY,222.74920654296875,-0.0011387821948191,0.0124985001272723,0.0472379178412243,0.0965,0.0154,stable_low_volatility,0.11427090769887546,0.9999995160870901,1.00392871300556e-12,4.839113955191606e-07
2017-10-09T00:00:00Z,SPY,222.38140869140625,-0.0016511746877605,0.006459883901366,0.0355162842041796,0.1033,0.0154,stable_low_volatility,0.11427090695061423,0.9999995299514207,6.151380901897829e-13,4.7004796901579504e-07
2017-10-10T00:00:00Z,SPY,222.9681396484375,0.0026383993180179,0.0069602341932091,0.0350140744486464,0.1008,0.0151,stable_low_volatility,0.11427090100864314,0.9999996400475277,5.504639828956374e-13,3.5995339831641454e-07
2017-10-11T00:00:00Z,SPY,223.3184051513672,0.001570921762553,0.0073472764053974,0.0349497039583927,0.0985,0.0151,stable_low_volatility,0.11427089928612356,0.9999996719562289,8.28643574130989e-13,3.280423480662145e-07
2017-10-12T00:00:00Z,SPY,222.9856414794922,-0.001490086191729,-7.855085980001952e-05,0.0358641506653248,0.09910000000000001,0.0151,stable_low_volatility,0.11427090495694409,0.9999995668914409,8.153553107733184e-13,4.331081405709632e-07
2017-10-13T00:00:00Z,SPY,223.2570953369141,0.0012173602552201,0.0022800924942794,0.0358576971975327,0.09609999999999999,0.0151,stable_low_volatility,0.11427090009883273,0.9999996569022775,9.278666677242529e-13,3.4309733300799473e-07
2017-10-16T00:00:00Z,SPY,223.5548248291016,0.0013335723630114,0.005276592789839,0.0356798366466271,0.09910000000000001,0.0154,stable_low_volatility,0.11427090178478805,0.9999996256666027,9.610959953435678e-13,3.743333902590433e-07
2017-10-17T00:00:00Z,SPY,223.71246337890625,0.0007051449232875,0.0033382515172004,0.0357065205171999,0.10310000000000001,0.0154,stable_low_volatility,0.11427090942375212,0.9999994841311003,7.000857043820892e-13,5.158686190792431e-07
2017-10-18T00:00:00Z,SPY,223.931396484375,0.0009786361571546,0.0027449207896337,0.0356066284713947,0.10070000000000001,0.0159,stable_low_volatility,0.1142709022710914,0.9999996166553327,6.292303714850283e-13,3.8334487726739464e-07
2017-10-19T00:00:00Z,SPY,223.99269104003903,0.0002737202403342,0.0045162081014058,0.0328598672769283,0.1005,0.0158,stable_low_volatility,0.11427090150375219,0.9999996308689105,1.5060459203707347e-12,3.691286291619448e-07
2017-10-20T00:00:00Z,SPY,225.1485595703125,0.0051602957440555,0.0084721349193586,0.0353290336648644,0.09970000000000001,0.016,stable_low_volatility,0.11427091563572202,0.9999993690400687,3.359518419194346e-12,6.309559912516629e-07
2017-10-23T00:00:00Z,SPY,224.27291870117188,-0.0038891693147482,0.003212160026603,0.0382883935283188,0.1107,0.0158,stable_low_volatility,0.11427091642036227,0.9999993544990767,6.816158207335347e-13,6.455006087644214e-07
2017-10-24T00:00:00Z,SPY,224.6669769287109,0.0017570477515571,0.0042666981328975,0.0381798303161009,0.1116,0.016,stable_low_volatility,0.11427090709457623,0.9999995272847835,1.6768724759593844e-12,4.7271295759976284e-07
2017-10-25T00:00:00Z,SPY,223.5548248291016,-0.004950225061168,-0.0016816384892223,0.0433511528374875,0.11230000000000001,0.0161,stable_low_volatility,0.1142709810810726,0.9999981564814047,2.5935198384346482e-12,1.8435159715707598e-06
2017-10-26T00:00:00Z,SPY,223.8437957763672,0.0012926178063323,-0.0006647326882878,0.0433569971198181,0.113,0.0163,stable_low_volatility,0.11427091387345542,0.9999994016836324,7.334932604571302e-13,5.983146681038382e-07
2017-10-27T00:00:00Z,SPY,225.67405700683597,0.0081765108750089,0.0023340031023353,0.0495354124771991,0.098,0.0159,stable_low_volatility,0.11427093219746061,0.9999990621913489,2.033590539633539e-12,9.378082912099007e-07
2017-10-30T00:00:00Z,SPY,224.83331298828125,-0.0037254792584742,0.0024987158073064,0.0511773939512913,0.105,0.0158,stable_low_volatility,0.11427090964199743,0.9999994800893078,2.5995806280954314e-13,5.199117649166009e-07
2017-10-31T00:00:00Z,SPY,225.1835784912109,0.0015578897018162,0.0022994103074789,0.0510278079140191,0.1018,0.016,stable_low_volatility,0.11427090136805891,0.9999996333827529,2.0617656289248783e-13,3.66616983319948e-07
2017-11-01T00:00:00Z,SPY,225.4813995361328,0.001322569997854,0.0086179070771745,0.0510422947898191,0.102,0.0161,stable_low_volatility,0.11427089945348701,0.9999996688566719,1.6572548218636907e-13,3.311434905319273e-07
2017-11-02T00:00:00Z,SPY,225.5689239501953,0.0003881668920033,0.0077068393512751,0.0474168654436614,0.0993,0.0161,stable_low_volatility,0.11427089875633953,0.9999996817678545,2.7840019241766953e-13,3.182303689175846e-07
2017-11-03T00:00:00Z,SPY,226.32205200195312,0.0033387934763748,0.0028713756632539,0.0479308855240632,0.09140000000000001,0.0163,stable_low_volatility,0.11427090030112012,0.9999996531478847,5.521714431854847e-13,3.46850314627906e-07
2017-11-06T00:00:00Z,SPY,226.67225646972656,0.0015473722718386,0.0081791415026704,0.0471016261859131,0.094,0.0161,stable_low_volatility,0.1142708978189667,0.99999969913556,3.9123814970769954e-13,3.0086254458493546e-07
2017-11-07T00:00:00Z,SPY,226.51467895507807,-0.0006951777738599,0.0059111791045596,0.0470101499112716,0.0989,0.0163,stable_low_volatility,0.11427089951323649,0.9999996677543647,2.797552876789855e-13,3.322471118711137e-07
2017-11-08T00:00:00Z,SPY,226.8999938964844,0.0017010594773978,0.0062914030304492,0.0470410175939366,0.0978,0.0165,stable_low_volatility,0.11427089821535516,0.999999691794121,7.558371298258325e-13,3.0820423243330565e-07
2017-11-09T00:00:00Z,SPY,226.07684326171875,-0.0036278125029001,0.002251725559659,0.0489973268984871,0.105,0.0163,stable_low_volatility,0.11427092905719421,0.9999991203625772,1.199284417825788e-12,8.796349934857628e-07
2017-11-10T00:00:00Z,SPY,226.0067596435547,-0.0003099991009823,-0.0013931137315585,0.0490786400975915,0.1129,0.0167,stable_low_volatility,0.11427091296461453,0.9999994185238265,2.9979375778687873e-13,5.814756734254538e-07
2017-11-13T00:00:00Z,SPY,226.21694946289065,0.0009300156316891,-0.0020086578477976,0.0490209614815256,0.115,0.017,stable_low_volatility,0.11427091451730706,0.9999993897510692,3.612209263474401e-13,6.102467910239251e-07
2017-11-14T00:00:00Z,SPY,225.6915283203125,-0.002322642683608,-0.0036339836277403,0.0500965949305095,0.1159,0.0168,stable_low_volatility,0.11427092905595589,0.9999991203953189,4.158772968014955e-12,8.796002071896012e-07
2017-11-15T00:00:00Z,SPY,224.56187438964844,-0.0050053005492558,-0.01030462569295,0.0536389141457505,0.1313,0.0168,stable_low_volatility,0.11427124507703576,0.9999932652180501,3.5324728130835434e-12,6.7347782953063625e-06
2017-11-16T00:00:00Z,SPY,226.47088623046875,0.008501050527873,0.0017429603274043,0.0612495797382018,0.1176,0.0172,stable_low_volatility,0.11427095848715069,0.9999985750920279,5.392898523324617e-13,1.4249073074839608e-06
2017-11-17T00:00:00Z,SPY,225.8053436279297,-0.0029387556767971,-0.0008911946525079,0.0599139854604523,0.1143,0.0173,stable_low_volatility,0.11427093274343827,0.9999990520705014,2.2037445649370513e-13,9.479306872897151e-07
2017-11-20T00:00:00Z,SPY,226.19064331054688,0.0017063355385071,-0.0001162872738148,0.0581755091961834,0.10650000000000001,0.0177,stable_low_volatility,0.11427090637616262,0.9999995405961417,1.876695889535425e-13,4.59404444775703e-07
2017-11-21T00:00:00Z,SPY,227.67056274414065,0.006542796872291,0.0087687581299877,0.0619573194066128,0.09730000000000001,0.0177,stable_low_volatility,0.11427091283331245,0.9999994209612708,3.981270862624357e-13,5.790395661798202e-07
2017-11-22T00:00:00Z,SPY,227.4691925048828,-0.0008844807902729,0.0129466238342388,0.0586482533082117,0.09880000000000001,0.0174,stable_low_volatility,0.11427090377902989,0.9999995887120285,3.147440483667787e-13,4.1128728374429184e-07
2017-11-24T00:00:00Z,SPY,227.9946136474609,0.0023098562789634,0.0067281381830315,0.0588559774510337,0.09670000000000001,0.0175,stable_low_volatility,0.11427091294511865,0.9999994188803482,2.803680173309576e-13,5.811176798778859e-07
2017-11-27T00:00:00Z,SPY,227.8807678222656,-0.0004993355911966,0.0091912093885417,0.0524299342947586,0.0987,0.0174,stable_low_volatility,0.11427089961520444,0.9999996658662543,1.8093426378813987e-12,3.341329040396862e-07
2017-11-28T00:00:00Z,SPY,230.19256591796875,0.0101447705209867,0.017692697402728,0.0600848798735508,0.1003,0.0175,stable_low_volatility,0.11427103437880512,0.9999971689980212,4.3352250490414886e-12,2.830998393460424e-06
2017-11-29T00:00:00Z,SPY,230.052490234375,-0.0006085152360814,0.0104621671836917,0.0603946397732527,0.107,0.0178,stable_low_volatility,0.1142709112624809,0.9999994500687228,2.9412230345178386e-12,5.499287450453208e-07
2017-11-30T00:00:00Z,SPY,232.06655883789065,0.008754822003725,0.0202109405778505,0.0662270150916031,0.1128,0.0178,stable_low_volatility,0.11427124732542253,0.9999932236435092,3.862666234586671e-11,6.77631798489101e-06
2017-12-01T00:00:00Z,SPY,231.58489990234372,-0.0020755206521735,0.0157472415573567,0.0673155609764948,0.1143,0.0178,stable_low_volatility,0.11427119834578305,0.9999941310551878,6.979034733783532e-12,5.868938221458958e-06
2017-12-04T00:00:00Z,SPY,231.3046875,-0.0012099769996313,0.0150250488905006,0.0674418391492071,0.1168,0.018000000000000002,stable_low_volatility,0.11427095609670407,0.9999986193843577,5.203617260241377e-13,1.3806158466752446e-06
2017-12-05T00:00:00Z,SPY,230.4727478027344,-0.0035967264920457,0.0012171630462882,0.0694264814799576,0.1133,0.0183,stable_low_volatility,0.11427094047294371,0.9999989088579737,2.578835730184864e-13,1.0911425809816484e-06
2017-12-06T00:00:00Z,SPY,230.51657104492188,0.0001901450067536,0.0020172822735979,0.0692390956870573,0.11019999999999999,0.0178,stable_low_volatility,0.11427091870928717,0.999999312087548,2.1775623517868808e-13,6.879120591804882e-07
2017-12-07T00:00:00Z,SPY,231.243408203125,0.0031530798627985,-0.0035470454635414,0.0696573676300333,0.10160000000000001,0.018000000000000002,stable_low_volatility,0.11427092622227061,0.9999991728913084,4.3310279940448877e-13,8.271088322994756e-07
2017-12-08T00:00:00Z,SPY,232.50440979003903,0.0054531352772935,0.0039705088202341,0.0691842614143933,0.0958,0.018000000000000002,stable_low_volatility,0.11427091620171761,0.9999993585445065,4.866452356183425e-13,6.414537320419608e-07
2017-12-11T00:00:00Z,SPY,233.2049102783203,0.0030128481817348,0.0082152367894416,0.0690979860439888,0.0934,0.0182,stable_low_volatility,0.11427091168595889,0.9999994422179689,6.396113173387374e-13,5.577820460964545e-07
2017-12-12T00:00:00Z,SPY,233.61651611328125,0.0017649964336929,0.0136405208013472,0.0690592472059567,0.0992,0.0183,stable_low_volatility,0.11427091783162745,0.9999993283456643,6.850149206507544e-13,6.716521644233177e-07
2017-12-13T00:00:00Z,SPY,233.5902557373047,-0.000112408045516,0.0133338990704656,0.0678226669667162,0.1018,0.0179,stable_low_volatility,0.11427093269772977,0.9999990529181497,1.228054199953659e-12,9.470815195923998e-07
2017-12-14T00:00:00Z,SPY,232.6356964111328,-0.0040864689460564,0.0060208773898748,0.0666759052698159,0.10490000000000001,0.0182,stable_low_volatility,0.11427094489650204,0.99999882690168,3.798827994268654e-12,1.1730934775036284e-06
2017-12-15T00:00:00Z,SPY,234.57302856445312,0.0083277509995565,0.0088971163010718,0.066449305056154,0.0942,0.0184,stable_low_volatility,0.1142710671654989,0.9999965615447761,1.1656502430134114e-11,3.438442707870532e-06
2017-12-18T00:00:00Z,SPY,236.060546875,0.0063413868152286,0.0122451821158979,0.0658922235559664,0.0953,0.0184,stable_low_volatility,0.11427092480162435,0.9999991992157016,1.2282854076547609e-12,8.007839878682568e-07
2017-12-19T00:00:00Z,SPY,235.1539764404297,-0.0038404148705558,0.0065811285637138,0.0693271698523203,0.1003,0.0187,stable_low_volatility,0.11427092416444008,0.9999992110136574,3.8905527006509167e-13,7.889850430193153e-07
2017-12-20T00:00:00Z,SPY,235.03065490722656,-0.0005244288660131,0.0061663495567287,0.0676467510931085,0.09720000000000001,0.0187,stable_low_volatility,0.11427090843526147,0.9999995024410383,2.734007508215433e-13,4.975579462772577e-07
2017-12-21T00:00:00Z,SPY,235.5147857666016,0.0020598626147985,0.0123759569141126,0.0670219530956191,0.0962,0.0189,stable_low_volatility,0.11427090627459097,0.999999542480614,3.0816883945492023e-13,4.5752058655437363e-07
2017-12-22T00:00:00Z,SPY,235.45314025878903,-0.0002617479306525,0.0037519731050157,0.0673521037007517,0.099,0.0191,stable_low_volatility,0.11427091029664894,0.9999994679602929,3.844859233676265e-13,5.320406383722393e-07
2017-12-26T00:00:00Z,SPY,235.1715087890625,-0.0011961253496853,-0.003766144312155,0.0676863887584002,0.10250000000000001,0.0192,stable_low_volatility,0.11427091833192882,0.9999993190833765,1.891468482902564e-13,6.809176304895197e-07
2017-12-27T00:00:00Z,SPY,235.28598022460935,0.000486757244261,0.0005613504231476,0.0597777717558609,0.10470000000000002,0.0189,stable_low_volatility,0.11427090544313202,0.9999995578838092,1.3658033087811658e-13,4.421170785351608e-07
2017-12-28T00:00:00Z,SPY,235.7700042724609,0.0020571733487455,0.0031457571588957,0.0595185261502859,0.1018,0.0191,stable_low_volatility,0.11427090235642619,0.9999996150691745,4.921184741955004e-13,3.8492964228593944e-07
2017-12-29T00:00:00Z,SPY,234.88104248046875,-0.0037704617885355,-0.0026908853474739,0.0550205708057925,0.1104,0.0189,stable_low_volatility,0.11427095674481136,0.9999986073754064,1.2996745281800614e-12,1.392623128117739e-06
2018-01-02T00:00:00Z,SPY,236.56219482421875,0.0071574628841737,0.0047102984662286,0.0586612510227111,0.0977,0.0192,stable_low_volatility,0.11427092509033958,0.9999991938678771,1.5538555203732893e-12,8.06131701924714e-07
2018-01-03T00:00:00Z,SPY,238.0584259033203,0.0063248951516254,0.0122757945004605,0.0608236766237878,0.09150000000000001,0.0194,stable_low_volatility,0.11427092548207568,0.9999991866028393,2.0190157679173807e-12,8.133936695773941e-07
2018-01-04T00:00:00Z,SPY,239.06179809570312,0.0042148148656175,0.0160477809493335,0.0585099786689566,0.0922,0.0196,stable_low_volatility,0.11427091632822806,0.9999993562162016,3.1166314347756575e-12,6.437824490910585e-07
2018-01-05T00:00:00Z,SPY,240.65501403808597,0.0066644522674634,0.0207193861691574,0.0605589752511211,0.0922,0.0196,stable_low_volatility,0.11427095356865372,0.9999986662341853,6.994129957151995e-12,1.3337580739079292e-06
2018-01-08T00:00:00Z,SPY,241.0949859619141,0.0018282267069593,0.026455704623169,0.0604522830436044,0.09519999999999999,0.0196,stable_low_volatility,0.1142709505659372,0.9999987218551706,2.3968196828032783e-12,1.2781410554846696e-06
2018-01-09T00:00:00Z,SPY,241.64077758789065,0.0022638033047388,0.0214682771583414,0.0591535329374027,0.1008,0.0198,stable_low_volatility,0.11427092150901746,0.9999992602172832,5.132101865163672e-13,7.397826359954765e-07
2018-01-10T00:00:00Z,SPY,241.2710723876953,-0.0015299785238476,0.0134952017437925,0.0602378349621816,0.09820000000000001,0.0198,stable_low_volatility,0.11427090821747164,0.9999995064828308,6.825639550325553e-13,4.935175619212576e-07
2018-01-11T00:00:00Z,SPY,243.0313262939453,0.0072957519889556,0.0166046111501807,0.0634018458336168,0.09880000000000001,0.0198,stable_low_volatility,0.11427092789928572,0.9999991418157196,1.5190644311289987e-12,8.581811756291292e-07
2018-01-12T00:00:00Z,SPY,244.6156768798828,0.0065191208479076,0.0164578446770697,0.0648403352117726,0.10160000000000001,0.0199,stable_low_volatility,0.1142709469774,0.9999987883464265,2.8456855897564756e-12,1.2116501499567253e-06
2018-01-16T00:00:00Z,SPY,243.77952575683597,-0.003418223777446,0.0111347806932242,0.0640003834897661,0.11660000000000001,0.0203,stable_low_volatility,0.11427097416032675,0.9999982847090155,5.258266155142725e-12,1.7152841364458044e-06
2018-01-17T00:00:00Z,SPY,246.1031494140625,0.0095316604214921,0.0184669651816065,0.0655929967597186,0.1191,0.020499999999999997,stable_low_volatility,0.11427122535473241,0.999993630646989,8.976406256332508e-12,6.369345582256306e-06
2018-01-18T00:00:00Z,SPY,245.6895294189453,-0.0016806773749217,0.0183132481964105,0.0653976428499315,0.1222,0.020499999999999997,stable_low_volatility,0.11427101453384636,0.999997536676652,2.3946839676604857e-12,2.4633216047433394e-06
2018-01-19T00:00:00Z,SPY,246.80731201171875,0.0045495735834448,0.0155370329222759,0.062148065859782,0.1127,0.0206,stable_low_volatility,0.11427104883006381,0.9999969012508508,6.295302567733747e-12,3.0987430607335115e-06
2018-01-22T00:00:00Z,SPY,248.8140563964844,0.0081308141497458,0.0171631661966749,0.0642342856446668,0.1103,0.020800000000000003,stable_low_volatility,0.11427099049320227,0.9999979820988651,3.228574123939466e-12,2.0178985358642744e-06
2018-01-23T00:00:00Z,SPY,249.34213256835935,0.002122372745025,0.0228181870247463,0.0642244686114863,0.111,0.0206,stable_low_volatility,0.11427099081156733,0.9999979761944375,3.527692613536157e-12,2.0238005713171796e-06
2018-01-24T00:00:00Z,SPY,249.24539184570312,-0.0003879838584027,0.0127679895162733,0.0643071960392681,0.11470000000000001,0.020800000000000003,stable_low_volatility,0.11427100768128758,0.9999976636308937,1.5354706270048244e-12,2.3363661041366794e-06
2018-01-25T00:00:00Z,SPY,249.35096740722656,0.0004235807961849,0.014902702597626,0.0632037687925799,0.1158,0.020800000000000003,stable_low_volatility,0.11427093389250874,0.9999990307883458,4.193750363033338e-12,9.692083144807211e-07
2018-01-26T00:00:00Z,SPY,252.2379150390625,0.0115778481305073,0.0220034122290748,0.0693715169285615,0.11080000000000001,0.0213,stable_low_volatility,0.11427146190072997,0.9999892482551807,1.3459480030634637e-10,1.0751608904375032e-05
2018-01-29T00:00:00Z,SPY,250.56564331054688,-0.0066297397370124,0.0070397426071111,0.0780793222588899,0.1384,0.0211,stable_low_volatility,0.1142715350518231,0.9999878931053737,2.1084269019109173e-10,1.210668255765271e-05
2018-01-30T00:00:00Z,SPY,247.9955902099609,-0.0102570051768855,-0.005400380371052,0.0884078954359583,0.1479,0.0213,stable_low_volatility,0.1142871447653899,0.9996986821822189,1.3939566328770031e-09,0.0003013164232953095
2018-01-31T00:00:00Z,SPY,248.1187286376953,0.0004965347473724,-0.0045202970440684,0.0871410366067812,0.1354,0.021400000000000002,stable_low_volatility,0.11427419272086635,0.9999387175018608,2.797391540833805e-08,6.125452384597018e-05
2018-02-01T00:00:00Z,SPY,247.8370819091797,-0.0011351288556974,-0.0060713038886048,0.0867030038635673,0.13470000000000001,0.0216,stable_low_volatility,0.11449548540680075,0.9960972367209168,0.00011020017530383175,0.0037925631023607025
2018-02-02T00:00:00Z,SPY,242.441650390625,-0.0217700736184904,-0.0388373993930309,0.1210464784144695,0.1731,0.0215,stress_high_volatility,0.2551975427082475,1.226463572739166e-07,0.6864014527011502,0.31359842465405074
2018-02-05T00:00:00Z,SPY,232.30218505859372,-0.0418222913253329,-0.0728889164956972,0.1938498378163646,0.37320000000000003,0.020800000000000003,stress_high_volatility,0.2949243926297899,5.812510834188538e-68,1.0,6.832460149340998e-16
2018-02-06T00:00:00Z,SPY,236.8790435791016,0.0197021759367153,-0.0448255818639667,0.2078544379254272,0.2998,0.021,stress_high_volatility,0.2949243912712321,1.577711077078701e-47,0.9999999892752385,1.0725125499770681e-08
2018-02-07T00:00:00Z,SPY,235.59405517578125,-0.0054246605520897,-0.0504785492440704,0.2081071023185298,0.2773,0.0215,stress_high_volatility,0.2949241566986512,7.009532150500328e-33,0.9999981375894157,1.8624111738754722e-06
2018-02-08T00:00:00Z,SPY,226.7571563720703,-0.0375090058920101,-0.0850555751170204,0.2460404344319593,0.3346,0.0213,stress_high_volatility,0.29492439262978987,1.094252240409004e-68,1.0,1.8160123922031092e-16
2018-02-09T00:00:00Z,SPY,230.1633758544922,0.015021442043632,-0.0506442458065679,0.2517408167593954,0.29059999999999997,0.020499999999999997,stress_high_volatility,0.2949243921398327,4.761528011198758e-50,0.9999999961328285,3.866805131679034e-09
2018-02-12T00:00:00Z,SPY,233.54319763183597,0.014684446492827,0.0053422337501007,0.2572384856084121,0.2561,0.0209,stress_high_volatility,0.29492329646416393,2.3102632744255018e-29,0.9999913470102573,8.652990116574216e-06
2018-02-13T00:00:00Z,SPY,234.12417602539065,0.002487669944772,-0.0116298491925943,0.2577554423000061,0.2497,0.021,stress_high_volatility,0.29491601550481994,1.4569106193634077e-23,0.9999338720628069,6.612793677009328e-05
2018-02-14T00:00:00Z,SPY,237.28390502929688,0.0134959535471619,0.007172718565648,0.2604375177045598,0.19260000000000002,0.0217,stress_high_volatility,0.29488092618846046,5.477096003814611e-18,0.9996568815528996,0.00034311844567765993
2018-02-15T00:00:00Z,SPY,240.31163024902344,0.0127599266345213,0.0597752860099927,0.2654820646309767,0.1913,0.0219,stress_high_volatility,0.2949206320246376,8.440938204754492e-23,0.9999703142716296,2.9685727736778426e-05
2018-02-16T00:00:00Z,SPY,240.38204956054688,0.0002930333061719,0.0443974792606225,0.2647111199772586,0.19460000000000002,0.0221,stress_high_volatility,0.2949052447786388,6.3868875954215e-21,0.9998488493486299,0.0001511506501786271
2018-02-20T00:00:00Z,SPY,238.8769989013672,-0.0062610775718533,0.022838606834268,0.2628407669885936,0.20600000000000002,0.0225,stress_high_volatility,0.2948221637764103,2.2342493794612807e-18,0.9991930186916409,0.0008069813097455993
2018-02-21T00:00:00Z,SPY,237.68881225585935,-0.0049740521313164,0.0152254085459426,0.2625600635394159,0.2002,0.0226,stress_high_volatility,0.29474530265861587,7.68788308316442e-17,0.9985862869998959,0.0014137130007390692
2018-02-22T00:00:00Z,SPY,237.996826171875,0.001295870483311,0.0030045069533481,0.2627984044015076,0.1872,0.0225,stress_high_volatility,0.2947249006252231,2.098804748873505e-15,0.9984252359957638,0.0015747640043185195
2018-02-23T00:00:00Z,SPY,241.79031372070312,0.0159392358706857,0.0061531914628825,0.2704863849632869,0.1649,0.0225,stress_high_volatility,0.29485482914826805,2.7873146071320483e-16,0.9994508749015819,0.0005491250981884988
2018-02-26T00:00:00Z,SPY,244.59808349609372,0.0116124162799753,0.0175388883789551,0.2705082793324997,0.158,0.0222,stress_high_volatility,0.29487615223704,8.603090355356604e-16,0.9996191965992796,0.00038080339961886684
2018-02-27T00:00:00Z,SPY,241.5438537597656,-0.0124867279934223,0.0111641341387564,0.2727958051993813,0.1859,0.0227,stress_high_volatility,0.2948984481196269,3.092869469128392e-18,0.9997951974020579,0.00020480259829964891
2018-02-28T00:00:00Z,SPY,239.09706115722656,-0.0101298069251333,0.0059247588811679,0.2727432206114338,0.1985,0.0225,stress_high_volatility,0.29490632105668496,3.081044560307442e-19,0.9998573453456516,0.00014265465485151522
2018-03-01T00:00:00Z,SPY,235.6204376220703,-0.0145406368373138,-0.0099849589930604,0.2763062026067689,0.22469999999999998,0.0222,stress_high_volatility,0.2949094443929385,5.188035019611339e-24,0.9998820005597095,0.000117999438639753
2018-03-02T00:00:00Z,SPY,236.83502197265625,0.0051548344568228,-0.0204941698109992,0.2776379298206428,0.1959,0.0225,stress_high_volatility,0.293693545222619,3.440035704658179e-20,0.9902838502438869,0.009716149756618823
2018-03-05T00:00:00Z,SPY,239.57237243652344,0.0115580476276992,-0.0205468129093111,0.2714446346401895,0.18730000000000002,0.022400000000000003,stress_high_volatility,0.27709290825068894,2.642901326108124e-17,0.8592405755749813,0.1407594244245492
2018-03-06T00:00:00Z,SPY,240.1796112060547,0.0025346777817301,-0.005648011872278,0.2211699850122483,0.18359999999999999,0.0225,transition_uncertainty,0.17217125788504603,2.858104468862213e-10,0.031002679103044682,0.9689973206120989
2018-03-07T00:00:00Z,SPY,240.09165954589844,-0.0003661912004712,0.0041598101785862,0.2109177250967186,0.1776,0.0225,transition_uncertainty,0.16832090020448442,3.222751635584423e-08,0.0006084686880232445,0.9993914990832771
2018-03-08T00:00:00Z,SPY,241.25343322753903,0.0048388756354051,0.0239070755589714,0.2101180357521407,0.1654,0.0225,transition_uncertainty,0.16824750758734697,7.343420541430505e-08,2.9134442703064802e-05,0.9999707921242642
2018-03-09T00:00:00Z,SPY,245.4518280029297,0.0174024249902835,0.0363831580249491,0.1578735385823288,0.1464,0.0227,transition_uncertainty,0.1682482991704207,7.861869067083417e-07,3.568677250639632e-05,0.9999635270390583
2018-03-12T00:00:00Z,SPY,245.14382934570312,-0.0012548232365288,0.0232558406151606,0.153368162033268,0.1578,0.0227,transition_uncertainty,0.168232268707291,0.000220561078730184,2.7806484036670165e-06,0.9997766582734977
2018-03-13T00:00:00Z,SPY,243.55946350097656,-0.0064630052037422,0.0140721865521808,0.1507584804904604,0.1635,0.0226,transition_uncertainty,0.16823709651938276,0.00013148124242389497,2.937827470459824e-06,0.9998655809305507
2018-03-14T00:00:00Z,SPY,242.3096923828125,-0.0051312771846332,0.009238275253331,0.1529169220453569,0.1723,0.0226,transition_uncertainty,0.16824119836556659,5.5211027835326665e-05,2.8219321705413274e-06,0.9999419670416979
2018-03-15T00:00:00Z,SPY,242.0455474853516,-0.0010901128009507,0.0032833284368865,0.1467554957684388,0.1659,0.0229,transition_uncertainty,0.1682215511441218,0.0004169965734840803,1.8699932405417863e-06,0.9995811334348765
2018-03-16T00:00:00Z,SPY,242.3080902099609,0.0010846831405781,-0.0128079624362431,0.140131879321973,0.158,0.023100000000000002,transition_uncertainty,0.16822470905299977,0.0003619498320958951,3.345156618908222e-06,0.9996347050123597
2018-03-19T00:00:00Z,SPY,239.02960205078125,-0.0135302463749306,-0.0249413877201842,0.1487326679266213,0.1902,0.023100000000000002,transition_uncertainty,0.1682460085824507,1.4268460624194156e-08,1.727628502383871e-05,0.9999827094473936
2018-03-20T00:00:00Z,SPY,239.43609619140625,0.0017006016708283,-0.0169296123841797,0.1471529171822833,0.182,0.0234,transition_uncertainty,0.1682449613061818,8.57465307900164e-06,1.265642279487766e-05,0.9999787689228566
2018-03-21T00:00:00Z,SPY,238.97653198242188,-0.0019193605989006,-0.0137557865210143,0.146141761561363,0.1786,0.023100000000000002,transition_uncertainty,0.1686047254311503,5.9468926060477746e-05,0.0028742715304718525,0.9970662595435249
2018-03-22T00:00:00Z,SPY,233.00279235839844,-0.0249971809970982,-0.0373597251463606,0.1719183383064494,0.2334,0.0229,stress_high_volatility,0.2639783601569649,5.63426409048619e-18,0.7557160342604811,0.244283965740236
2018-03-23T00:00:00Z,SPY,228.0364532470703,-0.0213145046935275,-0.0588987224921966,0.1744117254723426,0.2487,0.022799999999999997,stress_high_volatility,0.2774194176433011,3.604204350430151e-23,0.8618179983606526,0.13818200164025524
2018-03-26T00:00:00Z,SPY,234.27525329589844,0.0273587839136779,-0.019890209053993,0.1983824519314651,0.21030000000000001,0.0233,stress_high_volatility,0.2659151456254607,4.25652837478594e-16,0.7710047674943267,0.22899523250410395
2018-03-27T00:00:00Z,SPY,230.28985595703125,-0.0170116018777001,-0.038199086853903,0.2022114765349511,0.225,0.0226,stress_high_volatility,0.24788182628839645,3.481223277437171e-17,0.6286520840905254,0.37134791591081934
2018-03-28T00:00:00Z,SPY,229.6094512939453,-0.0029545576823535,-0.0391966550471389,0.2001328943522425,0.22870000000000001,0.022799999999999997,transition_uncertainty,0.20814643098599142,1.2932783208120367e-15,0.3149860284147558,0.6850139715842563
2018-03-29T00:00:00Z,SPY,232.54327392578125,0.0127774471621382,-0.0019721584791583,0.2007940418978767,0.1997,0.0227,transition_uncertainty,0.1776459388248232,3.055510855472246e-10,0.07421910022700559,0.9257808994664756
2018-04-02T00:00:00Z,SPY,227.5239105224609,-0.0215846423703585,-0.0022476350483053,0.2129101753257696,0.23620000000000002,0.0225,transition_uncertainty,0.17687647232840456,6.834325782849253e-17,0.06814503139656956,0.9318549686022712
2018-04-03T00:00:00Z,SPY,230.44004821777344,0.0128168406064057,-0.0163705087249697,0.213998808951919,0.21100000000000002,0.022799999999999997,transition_uncertainty,0.1698264638321303,1.3326034414885807e-12,0.012493178919049617,0.9875068210784416
2018-04-04T00:00:00Z,SPY,232.9055633544922,0.0106991608263713,0.0113583266036216,0.2181447544135609,0.2006,0.022799999999999997,transition_uncertainty,0.16845219957764762,5.0768962223895695e-11,0.0016449151972289492,0.998355084750905
2018-04-05T00:00:00Z,SPY,234.74366760253903,0.0078920581439663,0.0223606488307004,0.2206709593865942,0.1894,0.023,transition_uncertainty,0.16835770137604184,3.9368915573622804e-10,0.000898958796023403,0.9991010408114508
2018-04-06T00:00:00Z,SPY,229.5121612548828,-0.0222860382181387,-0.0130346176852479,0.2319690580052037,0.21489999999999998,0.0227,transition_uncertainty,0.1690285882427546,6.608306062956729e-17,0.006194852524242334,0.9938051474741408
2018-04-09T00:00:00Z,SPY,230.6433258056641,0.0049285604065443,0.0137102745642865,0.2219574720971726,0.2177,0.0229,transition_uncertainty,0.16838997134217684,4.828898192302131e-12,0.0011536935599811146,0.9988463064338545
2018-04-10T00:00:00Z,SPY,234.3106384277344,0.0159003630790528,0.016796517098031,0.2318580441451812,0.2047,0.0232,transition_uncertainty,0.16832560540283195,5.76283131523707e-13,0.0006455971819046982,0.9993544028170973
2018-04-11T00:00:00Z,SPY,233.08230590820312,-0.0052423250082607,0.0007588593040257,0.2316021727937832,0.2024,0.0232,transition_uncertainty,0.1682654201603333,1.4641721565074298e-11,0.0001705026912995805,0.9998294972937066
2018-04-12T00:00:00Z,SPY,234.9999542236328,0.0082273440189188,0.0010917722454932,0.2341769754149515,0.18489999999999998,0.0234,transition_uncertainty,0.16825365331390355,1.8810445030352552e-10,7.761680597671608e-05,0.9999223830055772
2018-04-13T00:00:00Z,SPY,234.3106384277344,-0.0029332592773293,0.0209072893855182,0.2342226191543261,0.1741,0.023700000000000002,transition_uncertainty,0.1682544219212327,5.587510098323656e-10,8.368425075823924e-05,0.9999163151899082
2018-04-16T00:00:00Z,SPY,236.237060546875,0.0082216587862473,0.0242527492251136,0.2366567320736037,0.1656,0.0239,transition_uncertainty,0.16825787008939777,6.166554604128076e-10,0.00011090366494504134,0.999889095719813
2018-04-17T00:00:00Z,SPY,238.76449584960935,0.010698724818551,0.0190083448697044,0.2355277076233606,0.1525,0.024100000000000003,transition_uncertainty,0.1682607021432981,2.8127679933074365e-09,0.00013326046679693743,0.9998667367217755
2018-04-18T00:00:00Z,SPY,238.941162109375,0.0007399184670944,0.025136426286598,0.2354575156596569,0.156,0.0242,transition_uncertainty,0.1682556842838274,3.8212446159165524e-09,9.365056516720394e-05,0.9999063456146254
2018-04-19T00:00:00Z,SPY,237.61569213867188,-0.0055472651049398,0.0111308018066669,0.2361840611792944,0.15960000000000002,0.0244,transition_uncertainty,0.16825512163428852,3.0149396438823718e-09,8.920873944994709e-05,0.9999107882464361
2018-04-20T00:00:00Z,SPY,235.60081481933597,-0.0084795633705877,0.0055062646760679,0.2195112345055048,0.1688,0.0246,transition_uncertainty,0.1682488858549423,6.234381669088923e-09,3.998568053110115e-05,0.999960008083942
2018-04-23T00:00:00Z,SPY,235.56549072265625,-0.0001499319801027,-0.0028427792940874,0.2034962389629841,0.1634,0.024900000000000002,transition_uncertainty,0.16824490762013272,5.489232475690542e-07,8.81322343178135e-06,0.9999906378545222
2018-04-24T00:00:00Z,SPY,232.3930511474609,-0.0134673358371086,-0.026685059181335,0.1866630341950133,0.1802,0.0248,transition_uncertainty,0.16824894644669178,4.230321534128592e-10,4.046150541058988e-05,0.99995953807235
2018-04-25T00:00:00Z,SPY,232.9673767089844,0.0024713542796896,-0.0250010728484535,0.1759937931419893,0.1784,0.024900000000000002,transition_uncertainty,0.16824500604736115,6.426564748656747e-08,9.383708123693002e-06,0.9999905520244955
2018-04-26T00:00:00Z,SPY,235.3357696533203,0.010166199996725,-0.0095949996602959,0.1786081193880571,0.1624,0.024900000000000002,transition_uncertainty,0.16824431721405547,3.2317870524088316e-06,5.295685528411376e-06,0.9999914725267238
2018-04-27T00:00:00Z,SPY,235.5566864013672,0.0009387300042502,-0.0001873016356186,0.1733983162737512,0.15410000000000001,0.024900000000000002,transition_uncertainty,0.16823732322155752,0.000126864012240678,2.7601901264379963e-06,0.9998703757974309
2018-04-30T00:00:00Z,SPY,233.74514770507807,-0.0076904575453331,-0.007727545371751,0.1554654048676753,0.1593,0.024900000000000002,transition_uncertainty,0.1682194466779194,0.0004600743515929497,3.6111289966555355e-06,0.9995363145211493
2018-05-01T00:00:00Z,SPY,234.1605224609375,0.0017770411918174,0.0076055256590052,0.1495747932393935,0.1549,0.025,transition_uncertainty,0.16782548972989356,0.007755479891611646,2.0128712863685348e-06,0.9922425072378963
2018-05-02T00:00:00Z,SPY,232.58741760253903,-0.0067180617888349,-0.0016309541353506,0.1471120668323632,0.1597,0.024900000000000002,transition_uncertainty,0.16753524810915088,0.013134725778361445,2.7398220112406907e-06,0.9868625343999614
2018-05-03T00:00:00Z,SPY,232.0749053955078,-0.0022035250759224,-0.0138562202533689,0.1442269925265216,0.159,0.024900000000000002,transition_uncertainty,0.16593867209953883,0.042714891381458314,2.364627855855925e-06,0.9572827439903219
2018-05-04T00:00:00Z,SPY,235.0794677734375,0.0129465198867979,-0.0020259184114882,0.1263509164316162,0.1477,0.025099999999999997,stable_low_volatility,0.13904762637021761,0.540941731057876,1.6379817477470932e-07,0.45905810514215106
2018-05-07T00:00:00Z,SPY,235.8747711181641,0.0033831255118079,0.009110877526206,0.1258674239620122,0.1475,0.024900000000000002,stable_low_volatility,0.11580778848857315,0.9715244954407388,1.826235279261182e-09,0.028475502734606754
2018-05-08T00:00:00Z,SPY,235.8747711181641,0.0,0.0073208269233877,0.1133410219682346,0.1471,0.025099999999999997,stable_low_volatility,0.11431930574777464,0.9991028072740314,3.069421045343002e-10,0.0008971924178832637
2018-05-09T00:00:00Z,SPY,238.15467834472656,0.009665752788035,0.0239362077259965,0.1158836587694614,0.1342,0.025400000000000002,stable_low_volatility,0.1142833343478709,0.9997692819201452,1.8507536512765775e-09,0.00023071622843209838
2018-05-10T00:00:00Z,SPY,240.38168334960935,0.0093510865306589,0.0357935208028845,0.1168544623893212,0.1323,0.025400000000000002,stable_low_volatility,0.11430635110251045,0.9993428301025811,1.035231596747821e-09,0.0006571688610923297
2018-05-11T00:00:00Z,SPY,241.1150665283203,0.0030509112362122,0.0256747167757744,0.1160178612314924,0.1265,0.025400000000000002,stable_low_volatility,0.11427321628919063,0.9999567430247353,2.106269416079831e-11,4.3256952979282774e-05
2018-05-14T00:00:00Z,SPY,241.2299346923828,0.0004764039249658,0.0227034182114205,0.1132576546463877,0.1293,0.0255,stable_low_volatility,0.11427191155043004,0.9999809170332823,4.6520651910310344e-11,1.9082920804633135e-05
2018-05-15T00:00:00Z,SPY,239.56863403320312,-0.0068867931390778,0.0156602713275706,0.110640110302459,0.1463,0.0258,stable_low_volatility,0.11427605295704714,0.9999041858093535,2.1633844525937915e-11,9.581417013009145e-05
2018-05-16T00:00:00Z,SPY,240.57595825195312,0.004204741671693,0.0101668374690577,0.1115533575109154,0.1342,0.0258,stable_low_volatility,0.11427147636971703,0.9999889798662158,1.905093430575149e-12,1.1020130885733293e-05
2018-05-17T00:00:00Z,SPY,240.37274169921875,-0.0008447084829713,-3.719771933541338e-05,0.1094796249044643,0.1343,0.0257,stable_low_volatility,0.11427141854276601,0.9999900512724832,2.5873256388376063e-12,9.948723388623862e-06
2018-05-18T00:00:00Z,SPY,239.77186584472656,-0.0024997670295081,-0.0055707870227014,0.1048383934108256,0.1342,0.0255,stable_low_volatility,0.11427161029242215,0.9999864985768135,3.799242660625226e-12,1.3501418293410448e-05
2018-05-21T00:00:00Z,SPY,241.57460021972656,0.0075185400449251,0.0014287842335292,0.1073237744776618,0.1308,0.0258,stable_low_volatility,0.11427146196259348,0.9999892467963668,1.1453735465982593e-12,1.0753201360762896e-05
2018-05-22T00:00:00Z,SPY,240.90304565429688,-0.0027799055232581,0.005570059813877,0.0935193409938028,0.1322,0.0259,stable_low_volatility,0.11427108440273709,0.9999962421495759,2.845275977895361e-13,3.7578491676128834e-06
2018-05-23T00:00:00Z,SPY,241.5657958984375,0.002751107784215,0.0041144495637743,0.0935510969521972,0.1258,0.0253,stable_low_volatility,0.11427100981064077,0.9999976241843825,3.0520594883955734e-13,2.375816608792529e-06
2018-05-24T00:00:00Z,SPY,241.0708923339844,-0.0020487319515267,0.0029044501045765,0.089091457681676,0.1253,0.025,stable_low_volatility,0.11427102804966295,0.9999972862752189,1.0995321917364982e-11,2.7137134015010257e-06
2018-05-25T00:00:00Z,SPY,240.49644470214844,-0.0023828991807111,0.0030219511153619,0.0899995919565165,0.1322,0.0248,stable_low_volatility,0.11427437685675536,0.9999352456555193,2.3195255255834882e-09,6.475202487629961e-05
2018-05-29T00:00:00Z,SPY,237.7305450439453,-0.0115007922949906,-0.0159124973084291,0.0958133355837496,0.1702,0.0232,stable_low_volatility,0.11530571091996443,0.980827425673193,2.3011476361850204e-07,0.019172344210698248
2018-05-30T00:00:00Z,SPY,240.90304565429688,0.0133449431572418,0.0,0.1054722039453208,0.1494,0.0242,stable_low_volatility,0.11448410926253469,0.9960493740231526,6.208252763559833e-09,0.00395061976728057
2018-05-31T00:00:00Z,SPY,239.4272003173828,-0.0061263041855931,-0.0088530562578231,0.1048805835219575,0.1543,0.024,stable_low_volatility,0.11432755472823673,0.9989499716313542,2.370242838858813e-10,0.001050028133267038
2018-06-01T00:00:00Z,SPY,241.77783203125,0.0098177304447915,0.0029324971190889,0.1079161315874267,0.13460000000000003,0.024700000000000003,stable_low_volatility,0.11427348828459857,0.9999517035124651,3.654471048849255e-12,4.8296484582563725e-05
2018-06-04T00:00:00Z,SPY,242.9266662597656,0.0047516110921497,0.0101050207233914,0.1007314592561678,0.1274,0.0252,stable_low_volatility,0.11427110528719549,0.9999958552084031,7.892152014144042e-13,4.1447900858747225e-06
2018-06-05T00:00:00Z,SPY,243.1034393310547,0.000727680801827,0.0226007738556111,0.1005649328157339,0.12400000000000001,0.024900000000000002,stable_low_volatility,0.11427121537195231,0.9999938155897568,2.030646223308487e-12,6.1844097872889285e-06
2018-06-06T00:00:00Z,SPY,245.13584899902344,0.0083602670269138,0.0175705679985498,0.1032150314375813,0.1164,0.0252,stable_low_volatility,0.11427124628809095,0.9999932427791481,4.280911136765795e-12,6.757215657624141e-06
2018-06-07T00:00:00Z,SPY,245.109375,-0.000107997255936,0.0237323690670272,0.099299263721535,0.1213,0.025,stable_low_volatility,0.11427126229050613,0.9999929462822849,1.6696335835549635e-12,7.053714768513488e-06
2018-06-08T00:00:00Z,SPY,245.83401489257807,0.0029563940284949,0.0167764878494065,0.0950934293940326,0.1218,0.025,stable_low_volatility,0.11427105018890621,0.9999968760652019,4.923397522223852e-13,3.123935903525321e-06
2018-06-11T00:00:00Z,SPY,246.16091918945312,0.0013297765039466,0.0133137007125807,0.0948273971190156,0.1235,0.0252,stable_low_volatility,0.11427100537898947,0.9999977062860965,3.1616016887462547e-13,2.2937126140998906e-06
2018-06-12T00:00:00Z,SPY,246.47911071777344,0.0012926159415069,0.0138857409669215,0.0948077869813784,0.1234,0.025400000000000002,stable_low_volatility,0.11427102709411026,0.999997303959386,6.771398862537244e-13,2.6960408655666274e-06
2018-06-13T00:00:00Z,SPY,245.69265747070312,-0.0031907500995929,0.0022714281650493,0.091517012227724,0.1294,0.0259,stable_low_volatility,0.11427111083364588,0.9999957524432089,4.3338759094800974e-13,4.247555373649815e-06
2018-06-14T00:00:00Z,SPY,246.3111724853516,0.0025174338582836,0.0049031069715368,0.0909951764692711,0.12119999999999999,0.0259,stable_low_volatility,0.11427098728581697,0.9999980415178549,7.361729937631468e-13,1.9584817292019353e-06
2018-06-15T00:00:00Z,SPY,245.99696350097656,-0.0012756586768052,0.0006628399591881,0.0911351649939256,0.1198,0.0255,stable_low_volatility,0.11427114965176956,0.9999950332326643,1.7782730907329682e-12,4.966764848735323e-06
2018-06-18T00:00:00Z,SPY,245.4909820556641,-0.0020568605323881,-0.0027215414046836,0.0909121058908352,0.1231,0.0256,stable_low_volatility,0.11427102501706604,0.9999973424490988,2.3735509149193743e-12,2.6575503111070942e-06
2018-06-19T00:00:00Z,SPY,244.5500640869141,-0.0038328005406595,-0.0078264102188692,0.0893619549015225,0.1335,0.025400000000000002,stable_low_volatility,0.1142717011830748,0.9999848145733026,4.131828881050065e-12,1.5185421420653512e-05
2018-06-20T00:00:00Z,SPY,244.96725463867188,0.0017059515126911,-0.0029524807110596,0.088515978878209,0.12789999999999999,0.0256,stable_low_volatility,0.11427110263314112,0.9999959045428304,6.664777070056726e-11,4.095391741687951e-06
2018-06-21T00:00:00Z,SPY,243.431640625,-0.0062686501342267,-0.0116906262566015,0.0916831395087607,0.1464,0.0256,stable_low_volatility,0.11429851006420977,0.9994881437700613,1.6565069163276164e-08,0.0005118396644328253
2018-06-22T00:00:00Z,SPY,243.8754425048828,0.0018231068021534,-0.0086241755422534,0.0913485441122221,0.1377,0.0256,stable_low_volatility,0.11466289238753676,0.992737428568134,2.2482139392007611e-07,0.007262346610821652
2018-06-25T00:00:00Z,SPY,240.55563354492188,-0.0136127234700741,-0.0201039910688984,0.1041603169512639,0.17329999999999998,0.025400000000000002,transition_uncertainty,0.15448181888687865,0.25513409745587506,6.579725929606703e-05,0.7448001052852454
2018-06-26T00:00:00Z,SPY,241.08816528320312,0.0022137570857669,-0.0141561966734163,0.0949164989181031,0.1592,0.0253,transition_uncertainty,0.15115674487867636,0.3165941780117788,3.49238689206789e-06,0.683402329600935
2018-06-27T00:00:00Z,SPY,239.0910186767578,-0.0082838848771331,-0.0239878426632226,0.0876850433144671,0.1791,0.0252,transition_uncertainty,0.15174994084053728,0.3056044019990635,3.851155761226481e-06,0.6943917468461854
2018-06-28T00:00:00Z,SPY,240.4579620361328,0.0057172509738772,-0.0122156617818144,0.0874325158748032,0.1685,0.0252,stable_low_volatility,0.12533211866699503,0.7950599165169867,1.454091413440404e-07,0.20493993807354272
2018-06-29T00:00:00Z,SPY,240.8041076660156,0.0014395265889795,-0.0125938668006956,0.0800459896938416,0.16090000000000002,0.0252,stable_low_volatility,0.11564845282267087,0.9744766385316993,3.1989291036048196e-09,0.025523358269576073
2018-07-02T00:00:00Z,SPY,241.3190155029297,0.0021382851061171,0.0031734112677317,0.0784308615307485,0.156,0.0257,stable_low_volatility,0.11428992175892325,0.9996472275273259,8.893060743287829e-11,0.00035277238258772333
2018-07-03T00:00:00Z,SPY,240.466796875,-0.0035315021742219,-0.0025773492758269,0.079124929178059,0.16140000000000002,0.0253,stable_low_volatility,0.11427388364468496,0.9999443783789304,1.4315812664162332e-11,5.562160596344753e-05
2018-07-05T00:00:00Z,SPY,242.42855834960935,0.008158138670717,0.0139592850092113,0.0788294859500577,0.1497,0.0255,stable_low_volatility,0.11427174204251048,0.9999840575362474,3.972501418098946e-12,1.5942458284002968e-05
2018-07-06T00:00:00Z,SPY,244.47906494140625,0.0084581891083963,0.0167226856254782,0.0850424604148154,0.13369999999999999,0.0253,stable_low_volatility,0.11427128552659521,0.9999925157779161,5.6101244195156775e-12,7.484215219138495e-06
2018-07-09T00:00:00Z,SPY,246.6804656982422,0.0090044550741534,0.0244030639227168,0.0904376892817032,0.12689999999999999,0.0257,stable_low_volatility,0.11427157493025358,0.9999871537718032,7.473453805518887e-12,1.2846220612247089e-05
2018-07-10T00:00:00Z,SPY,247.568115234375,0.0035983779000103,0.0258955959952913,0.0911754356486519,0.1264,0.0259,stable_low_volatility,0.11427129091447912,0.9999924159743575,1.4875755923503462e-11,7.58400962345276e-06
2018-07-11T00:00:00Z,SPY,245.7572479248047,-0.0073146225145186,0.0220007548591201,0.0949817088909588,0.1363,0.0258,stable_low_volatility,0.11427257811423405,0.9999685670219949,2.5961680616806918e-11,3.1432952651568166e-05
2018-07-12T00:00:00Z,SPY,247.98532104492188,0.0090661542596657,0.022921238046959,0.0995736991184675,0.1258,0.026000000000000002,stable_low_volatility,0.11427176277807849,0.9999836733500562,2.958777449135124e-12,1.6326645717712145e-05
2018-07-13T00:00:00Z,SPY,248.18063354492188,0.0007875970205697,0.0151406362929389,0.0992904600760778,0.1218,0.0259,stable_low_volatility,0.11427103524610308,0.9999971529218386,4.4056091633270034e-13,2.847079139410854e-06
2018-07-16T00:00:00Z,SPY,247.95870971679688,-0.0008942028431272,0.0051817804662259,0.0992152866023893,0.1283,0.0259,stable_low_volatility,0.11427106103359339,0.9999966751293663,2.4200469660950745e-13,3.3248697382436353e-06
2018-07-17T00:00:00Z,SPY,248.96170043945312,0.0040449908930475,0.005629098091888,0.0995726890727801,0.12060000000000001,0.0262,stable_low_volatility,0.1142710104049391,0.9999976131722469,3.160254735186084e-13,2.386828374860507e-06
2018-07-18T00:00:00Z,SPY,249.48550415039065,0.0021039529775579,0.0151704833003609,0.0982021709603567,0.121,0.026000000000000002,stable_low_volatility,0.11427102547438242,0.9999973339653547,6.750550342335737e-13,2.6660336075736044e-06
2018-07-19T00:00:00Z,SPY,248.5445556640625,-0.0037715557444207,0.002255111781553,0.0995985996973502,0.12869999999999998,0.026000000000000002,stable_low_volatility,0.11427115624280149,0.9999949111172436,8.862147323021678e-13,5.088882449824151e-06
2018-07-20T00:00:00Z,SPY,248.2604522705078,-0.0011430682631354,0.000321615447772,0.0964172200152028,0.1286,0.026000000000000002,stable_low_volatility,0.11427113902911934,0.9999952300499975,5.709436588316942e-13,4.769950581396967e-06
2018-07-23T00:00:00Z,SPY,248.72206115722656,0.0018593734221339,0.003078542557757,0.0964214851569714,0.1262,0.026400000000000003,stable_low_volatility,0.11427102135880586,0.9999974102171902,1.5210991999751428e-13,2.589782445828416e-06
2018-07-24T00:00:00Z,SPY,249.9737091064453,0.0050323157640106,0.0040649170744169,0.0801148401332779,0.1241,0.0263,stable_low_volatility,0.11427096897177663,0.9999983808388072,5.017339743306363e-13,1.6191618344436828e-06
2018-07-25T00:00:00Z,SPY,252.10406494140625,0.0085223195774311,0.0104958434356055,0.0834443338715866,0.1229,0.026600000000000002,stable_low_volatility,0.11427106402253627,0.9999966197558765,4.685042553842187e-13,3.380244453093196e-06
2018-07-26T00:00:00Z,SPY,251.50927734375,-0.0023592939597958,0.0119283308047779,0.0757807049992282,0.12140000000000001,0.0269,stable_low_volatility,0.11427094505064536,0.999998824038594,7.133676061951939e-13,1.1759596788220073e-06
2018-07-27T00:00:00Z,SPY,249.80506896972656,-0.0067759264867761,0.0062217589837294,0.081612610511919,0.1303,0.0267,stable_low_volatility,0.11427115637060042,0.9999949087598453,4.425958629384248e-12,5.091236990771659e-06
2018-07-30T00:00:00Z,SPY,248.5000457763672,-0.005224166181822,-0.0008926244010137,0.0854703452262567,0.1426,0.026600000000000002,stable_low_volatility,0.1142714497854968,0.9999894724104978,1.1041744235232823e-12,1.05275870707241e-05
2018-07-31T00:00:00Z,SPY,249.7250518798828,0.0049296011181343,-0.0009947335159818,0.0862798039071836,0.1283,0.0267,stable_low_volatility,0.11427104684464551,0.9999969380270652,1.3298647035032662e-12,3.0619725909645185e-06
2018-08-01T00:00:00Z,SPY,249.30795288085935,-0.001670232905684,-0.0110911026412713,0.0850188871666512,0.1315,0.0267,stable_low_volatility,0.11427127736878007,0.9999926669129879,9.26882194191959e-13,7.333084724631508e-06
2018-08-02T00:00:00Z,SPY,250.666015625,0.0054473302132869,-0.0033528056207543,0.0828745443864954,0.1219,0.026600000000000002,stable_low_volatility,0.11427100357625619,0.9999977396863039,2.0415399361339343e-13,2.2603124491082834e-06
2018-08-03T00:00:00Z,SPY,251.7401580810547,0.0042851539063899,0.007746396497513,0.079637729800136,0.1164,0.0263,stable_low_volatility,0.11427093130116261,0.9999990787877928,1.2511206499610884e-13,9.212119882639958e-07
2018-08-06T00:00:00Z,SPY,252.6632537841797,0.0036668591541433,0.0167533490579678,0.075108662328552,0.1127,0.026400000000000003,stable_low_volatility,0.11427093793887501,0.9999989558024021,1.6538566640112527e-13,1.044196294357688e-06
2018-08-07T00:00:00Z,SPY,253.4976959228516,0.0033025860554485,0.0151071909468794,0.0749912576336579,0.1093,0.0268,stable_low_volatility,0.11427092373909621,0.9999992188971514,1.3983385971798814e-13,7.811028861705968e-07
2018-08-08T00:00:00Z,SPY,253.39111328125,-0.0004204481670476,0.0163779789341174,0.0682799286456193,0.1085,0.0268,stable_low_volatility,0.11427091929265357,0.9999993012827585,1.7110095110317718e-13,6.987181201349015e-07
2018-08-09T00:00:00Z,SPY,253.04498291015625,-0.0013659925425623,0.0094905856273521,0.062901338190766,0.1127,0.026400000000000003,stable_low_volatility,0.11427091693708025,0.9999993449239227,1.0678247799976973e-12,6.550746028782388e-07
2018-08-10T00:00:00Z,SPY,251.34954833984372,-0.0067001311419577,-0.0015516385791939,0.0686407839839693,0.1316,0.026099999999999998,stable_low_volatility,0.11427115249716036,0.9999949805440802,1.1820632410201062e-11,5.019445535344528e-06
2018-08-13T00:00:00Z,SPY,250.40858459472656,-0.0037436460551937,-0.0089236133695128,0.0702152034599082,0.1478,0.026099999999999998,stable_low_volatility,0.11427177687845802,0.9999834121110974,4.616527535849159e-12,1.6587885010488968e-05
2018-08-14T00:00:00Z,SPY,252.0063323974609,0.0063805632116018,-0.005883144302205,0.0722267221716832,0.1331,0.0263,stable_low_volatility,0.11427113280016456,0.9999953455370905,3.476735845969107e-11,4.654428644339943e-06
2018-08-15T00:00:00Z,SPY,250.12454223632807,-0.0074672336334981,-0.0128914191291947,0.0774393984572151,0.1464,0.026099999999999998,stable_low_volatility,0.11427667508753628,0.9998926592077304,7.161641359838138e-11,0.00010734071932599491
2018-08-16T00:00:00Z,SPY,252.14846801757807,0.0080916721052415,-0.0035429072027736,0.0808444177950386,0.1345,0.0263,stable_low_volatility,0.11427129476198801,0.9999923446632403,7.383726866302291e-13,7.655337429298235e-06
2018-08-17T00:00:00Z,SPY,253.0361175537109,0.0035203447520884,0.0067100546828389,0.0811106537601841,0.1264,0.026099999999999998,stable_low_volatility,0.11427096627494945,0.9999984308063665,1.7400925342383756e-13,1.569195258917002e-06
2018-08-20T00:00:00Z,SPY,253.57752990722656,0.0021396643244049,0.0126550985367726,0.0811581116966941,0.12490000000000001,0.026000000000000002,stable_low_volatility,0.1142709647053207,0.9999984598774099,1.6636593393531284e-13,1.5401207868381947e-06
2018-08-21T00:00:00Z,SPY,254.1721954345703,0.0023451033991903,0.0085944786248204,0.0799319251617615,0.1286,0.026099999999999998,stable_low_volatility,0.11427097048434719,0.9999983528118642,1.4025103824392022e-13,1.6471886625681523e-06
2018-08-22T00:00:00Z,SPY,254.02142333984372,-0.0005931887808136,0.0155797630599308,0.0747297586347183,0.1225,0.026000000000000002,stable_low_volatility,0.1142709496485844,0.999998738855424,1.441518727394645e-13,1.2611459447714866e-06
2018-08-23T00:00:00Z,SPY,253.68411254882807,-0.0013278832414238,0.006090239386832,0.0743159589161496,0.1241,0.026099999999999998,stable_low_volatility,0.11427093916179351,0.999998933148732,1.0628833179199418e-13,1.0668514549177422e-06
2018-08-24T00:00:00Z,SPY,255.2107696533203,0.0060179452672597,0.0085942359558524,0.0716409437511338,0.1199,0.0263,stable_low_volatility,0.1142709382981736,0.9999989491449078,3.0653041108438766e-13,1.0508533869709097e-06
2018-08-27T00:00:00Z,SPY,257.2257995605469,0.0078955520175101,0.0143871961157404,0.0714352877481029,0.1216,0.0267,stable_low_volatility,0.11427097917116304,0.9999981918679599,3.2629254915876067e-13,1.8081334312478536e-06
2018-08-28T00:00:00Z,SPY,257.35009765625,0.0004832256170084,0.0125029498850033,0.0705358354245803,0.125,0.0267,stable_low_volatility,0.114270938371502,0.9999989477879432,1.9603541348904406e-13,1.052211074448436e-06
2018-08-29T00:00:00Z,SPY,258.73486328125,0.0053808630251606,0.0185552851386883,0.0707573003417854,0.1225,0.0267,stable_low_volatility,0.11427097576629075,0.9999982549540383,1.0292198859492612e-12,1.7450465295011074e-06
2018-08-30T00:00:00Z,SPY,257.6874084472656,-0.0040483714513794,0.0157806330803114,0.072393531507978,0.1353,0.026400000000000003,stable_low_volatility,0.11427107229013882,0.9999964665720324,3.6145623121654377e-13,3.533427416309138e-06
2018-08-31T00:00:00Z,SPY,257.6962585449219,3.4344315500645095e-05,0.0097389655420021,0.0717064751780094,0.1286,0.0262,stable_low_volatility,0.11427095315790219,0.999998673826637,2.3865702948421316e-13,1.3261717308938322e-06
2018-09-04T00:00:00Z,SPY,257.2524108886719,-0.0017223674831609,0.0001034551284142,0.071772626780534,0.1316,0.026600000000000002,stable_low_volatility,0.1142709832339608,0.9999981165910413,7.303632325469576e-13,1.8834089355075129e-06
2018-09-05T00:00:00Z,SPY,256.56011962890625,-0.0026910972665877,-0.0030696628232834,0.0722680787794331,0.1391,0.026600000000000002,stable_low_volatility,0.11427114719898529,0.9999950786962606,6.587887239926253e-12,4.921298881875584e-06
2018-09-06T00:00:00Z,SPY,255.7878570556641,-0.0030100647534745,-0.0113900623526813,0.073332909877258,0.14650000000000002,0.026400000000000003,stable_low_volatility,0.11427196119766997,0.9999799971155596,2.082061177082807e-11,2.0002863230650483e-05
2018-09-07T00:00:00Z,SPY,255.2908172607422,-0.0019431719732251,-0.0093003814232307,0.0735534416895445,0.14880000000000002,0.0271,stable_low_volatility,0.1142718946844832,0.9999812294242477,5.290658173431677e-12,1.8770570681693628e-05
2018-09-10T00:00:00Z,SPY,255.73458862304688,0.0017382973937971,-0.0076123337333321,0.0685864296491934,0.1416,0.0273,stable_low_volatility,0.11427118496348411,0.9999943789783812,6.529097872339612e-13,5.621019249564709e-06
2018-09-11T00:00:00Z,SPY,256.57781982421875,0.0032972903888837,-0.0026222924874552,0.0668341298414344,0.1322,0.0276,stable_low_volatility,0.11427098519980357,0.9999980801676668,2.5647984567460093e-13,1.919832939618017e-06
2018-09-12T00:00:00Z,SPY,256.639892578125,0.0002419256424768,0.0003109327721475,0.0640602423734059,0.13140000000000002,0.027400000000000004,stable_low_volatility,0.1142709591469756,0.9999985628720746,1.5931021288009512e-13,1.4371295800466367e-06
2018-09-13T00:00:00Z,SPY,258.1578674316406,0.0059148047416421,0.0092655312228555,0.0581146044754909,0.12369999999999999,0.0276,stable_low_volatility,0.11427093386889875,0.9999990312103509,1.4904576651839125e-13,9.687884476935045e-07
2018-09-14T00:00:00Z,SPY,258.20233154296875,0.0001722361273375,0.0114046964691756,0.0529688481672497,0.1207,0.0278,stable_low_volatility,0.1142709160495222,0.9999993613712143,7.268176309960843e-13,6.38628804425078e-07
2018-09-17T00:00:00Z,SPY,256.8352966308594,-0.005294432873399,0.0043041029910699,0.0569356831897415,0.1368,0.0278,stable_low_volatility,0.1142710479051819,0.9999969183747641,6.085645275902783e-13,3.0816252289757768e-06
2018-09-18T00:00:00Z,SPY,258.22900390625,0.0054264631601386,0.0064354123952041,0.0591413049217978,0.12789999999999999,0.0281,stable_low_volatility,0.1142709458778705,0.9999988087154453,1.2376950329850336e-13,1.1912849889528544e-06
2018-09-19T00:00:00Z,SPY,258.5040588378906,0.0010651589383061,0.0072637431423414,0.0589039742770806,0.11750000000000001,0.0281,stable_low_volatility,0.11427091086006916,0.9999994575120233,3.5475354798824173e-13,5.424859668588177e-07
2018-09-20T00:00:00Z,SPY,260.5989074707031,0.0081037359422126,0.0094556097141176,0.0639140935684302,0.11800000000000001,0.0281,stable_low_volatility,0.11427099989565827,0.9999978078800649,1.2857630950720064e-12,2.192116909728761e-06
2018-09-21T00:00:00Z,SPY,260.3609619140625,-0.0009130719654585,0.0083602280358747,0.0637060959158241,0.1168,0.0281,stable_low_volatility,0.11427094986337014,0.9999987348718422,5.260453307364852e-13,1.2651275500982954e-06
2018-09-24T00:00:00Z,SPY,259.49591064453125,-0.003322507580137,0.0103592226168816,0.0631792303347963,0.122,0.028300000000000002,stable_low_volatility,0.11427093316740024,0.9999990442088367,1.6107443273069598e-13,9.55790344779603e-07
2018-09-25T00:00:00Z,SPY,259.2552185058594,-0.0009275373090622,0.003974048554135,0.0576680899338282,0.1242,0.028300000000000002,stable_low_volatility,0.11427092572265785,0.9999991821499568,3.20226299486155e-13,8.178509981769814e-07
2018-09-26T00:00:00Z,SPY,258.4794921875,-0.0029921338626471,-9.503390585452463e-05,0.058905451847884,0.12890000000000001,0.028300000000000002,stable_low_volatility,0.11427098296260946,0.9999981216114426,5.517738716057593e-13,1.878386555759195e-06
2018-09-27T00:00:00Z,SPY,259.2016296386719,0.0027937901187458,-0.0053617946659593,0.0565834508176728,0.1241,0.028300000000000002,stable_low_volatility,0.11427095166748401,0.9999987014497738,4.035752810197946e-13,1.2985511801010122e-06
2018-09-28T00:00:00Z,SPY,259.2284240722656,0.0001033729364707,-0.0043498757781156,0.0544256425940199,0.12119999999999999,0.0281,stable_low_volatility,0.11427094172824785,0.9999988855931249,3.1825221359538095e-13,1.1144051358991312e-06
2018-10-01T00:00:00Z,SPY,260.12908935546875,0.0034744078949924,0.0024400334840144,0.0555581681527399,0.12,0.0282,stable_low_volatility,0.11427091949121229,0.9999992976011265,1.6529867577068737e-13,7.023988721243486e-07
2018-10-02T00:00:00Z,SPY,259.9774475097656,-0.0005829484356357,0.0027857838622058,0.0551065034614019,0.12050000000000001,0.0282,stable_low_volatility,0.11427091734682193,0.999999337327828,1.1094231329205828e-13,6.626709373239117e-07
2018-10-03T00:00:00Z,SPY,260.1201171875,0.0005487771308663,0.0063472153481711,0.0537782871161039,0.1161,0.0285,stable_low_volatility,0.11427091083311346,0.9999994580358921,7.719394528014124e-12,5.419570282877561e-07
2018-10-04T00:00:00Z,SPY,258.08709716796875,-0.0078156969999586,-0.0042998667572298,0.0605058674528462,0.14220000000000002,0.028700000000000003,stable_low_volatility,0.11427243845692439,0.9999711558861202,5.902791741136308e-10,2.884352306947236e-05
2018-10-05T00:00:00Z,SPY,256.6425170898437,-0.0055972580341157,-0.0099753990777685,0.0637436823741913,0.1482,0.0288,stable_low_volatility,0.11427605519356437,0.9999041811204481,1.568245355175864e-08,9.580319537245028e-05
2018-10-08T00:00:00Z,SPY,256.6425170898437,0.0,-0.013403238654561,0.0635091620418017,0.1569,0.0288,stable_low_volatility,0.11433460208409378,0.9988285164982824,3.88454112611616e-06,0.0011675989591411755
2018-10-09T00:00:00Z,SPY,256.26812744140625,-0.0014587982251843,-0.0142678532460783,0.0626523528320495,0.1595,0.0288,stable_low_volatility,0.11563740465163536,0.9795654277913208,0.002080896411774345,0.01835367579788532
2018-10-10T00:00:00Z,SPY,248.1538543701172,-0.0316632159929616,-0.0460028349470459,0.1300247267835607,0.22960000000000003,0.0288,stress_high_volatility,0.29288831519513253,1.6386343436696454e-18,0.9839274688712996,0.016072531127249556
2018-10-11T00:00:00Z,SPY,242.687744140625,-0.0220271018693893,-0.0596672720036116,0.1457477266789423,0.24980000000000002,0.0285,stress_high_volatility,0.2928441252773903,4.0524624953851735e-24,0.9835786393892683,0.016421360612362997
2018-10-12T00:00:00Z,SPY,246.0583953857422,0.0138888399867611,-0.0412407181168518,0.1573490777625402,0.21309999999999998,0.0285,transition_uncertainty,0.20082020461002398,7.254514676997888e-15,0.2571537478254654,0.7428462521753405
2018-10-15T00:00:00Z,SPY,244.67628479003903,-0.0056170023930148,-0.0466260712975147,0.1574325440989013,0.21300000000000002,0.0285,transition_uncertainty,0.17249920396773427,1.1812949166922963e-12,0.03359144281771844,0.9664085571795236
2018-10-16T00:00:00Z,SPY,250.0262451171875,0.021865463306913,-0.0243568421345955,0.1773993476815066,0.17620000000000002,0.028700000000000003,transition_uncertainty,0.1686781697801108,1.88536497139152e-10,0.003428694718954347,0.996571305091636
2018-10-17T00:00:00Z,SPY,250.0709228515625,0.0001786921783113,0.0077253222050948,0.1772497374380666,0.174,0.028900000000000002,transition_uncertainty,0.16824695314134566,3.228120983459464e-06,2.6101788704127764e-05,0.9999706700918369
2018-10-18T00:00:00Z,SPY,246.4596405029297,-0.0144410325976859,0.0155421790072722,0.1789573466764814,0.2006,0.028700000000000003,transition_uncertainty,0.16824723742146636,9.402511727490409e-10,2.697090150427971e-05,0.9999730281596781
2018-10-19T00:00:00Z,SPY,246.32591247558597,-0.0005425960496853,0.0010872097634562,0.1790137163862427,0.19890000000000002,0.0292,transition_uncertainty,0.16824542409472817,3.3383715938424495e-08,1.2670560786091553e-05,0.9999872960549746
2018-10-22T00:00:00Z,SPY,245.22024536132807,-0.0044886350085778,0.0022231846938327,0.1791102678792209,0.19640000000000002,0.0292,transition_uncertainty,0.16828621999257007,1.2406464513904073e-07,0.0003347467221948226,0.9996651292117607
2018-10-23T00:00:00Z,SPY,243.97183227539065,-0.0050909870190284,-0.0242151092536672,0.1791357376704394,0.2071,0.028900000000000002,transition_uncertainty,0.17392184048523768,6.706324057165321e-10,0.04482155121378946,0.9551784481146975
2018-10-24T00:00:00Z,SPY,236.5798492431641,-0.0302985101324427,-0.0539489895688771,0.2043921850094505,0.2523,0.028399999999999998,stress_high_volatility,0.29486536299013616,5.472433396494417e-29,0.9995340276815889,0.0004659723190502951
2018-10-25T00:00:00Z,SPY,240.8242034912109,0.0179404723674685,-0.0228655572174778,0.2178938493374614,0.2422,0.0286,stress_high_volatility,0.2948899979364079,1.2947457543226463e-20,0.9997284927533093,0.0002715072460337181
2018-10-26T00:00:00Z,SPY,236.58872985839844,-0.0175874084556749,-0.039529672373192,0.2229382391298591,0.2416,0.0281,stress_high_volatility,0.29489182643737116,1.6090311505019961e-24,0.9997429267039152,0.0002570732945154388
2018-10-29T00:00:00Z,SPY,235.2779998779297,-0.0055401201116098,-0.0405441462174083,0.2209151311725199,0.247,0.0281,stress_high_volatility,0.2937795033973812,2.0874249420228658e-22,0.9909623929261077,0.009037607072946919
2018-10-30T00:00:00Z,SPY,238.76434326171875,0.0148179744200387,-0.0213446321450493,0.2314089928008172,0.2335,0.028399999999999998,stress_high_volatility,0.2800441927291213,8.344486332873909e-19,0.8825376323797337,0.11746236762011356
2018-10-31T00:00:00Z,SPY,241.3146514892578,0.0106812775839966,0.0200135483273014,0.2368828777980409,0.21230000000000002,0.028700000000000003,transition_uncertainty,0.2205775655920039,1.919534442344807e-14,0.4131157923108763,0.5868842076907193
2018-11-01T00:00:00Z,SPY,243.88265991210935,0.0106417426666938,0.0126999544753401,0.2416450545026478,0.19340000000000002,0.028399999999999998,transition_uncertainty,0.1859200869627443,3.029184088664394e-12,0.13953415210172776,0.8604658478935863
2018-11-02T00:00:00Z,SPY,242.43817138671875,-0.0059228832665314,0.0247240920217175,0.2416978635367147,0.19510000000000002,0.0291,transition_uncertainty,0.17595271683833313,1.326050174324278e-12,0.060853025393218976,0.9391469746067722
2018-11-05T00:00:00Z,SPY,243.775634765625,0.0055167194640024,0.0361174223348725,0.2433406755262976,0.1996,0.0291,transition_uncertainty,0.17171494317818645,3.374978907527755e-13,0.02740058988237767,0.9725994101185407
2018-11-06T00:00:00Z,SPY,245.31820678710935,0.0063278351134947,0.027449088234279,0.2453651522338562,0.1991,0.029300000000000003,transition_uncertainty,0.16986007140700918,1.1376867394925815e-12,0.012758472753950773,0.9872415272446601
2018-11-07T00:00:00Z,SPY,250.57025146484372,0.02140911083005,0.038354902690183,0.2315754178952708,0.1636,0.0296,transition_uncertainty,0.16933037210025367,6.582563381262888e-13,0.008577095144717588,0.9914229048535684
2018-11-08T00:00:00Z,SPY,250.11550903320312,-0.0018148300884969,0.0255567539050949,0.2157559543491586,0.1672,0.0298,transition_uncertainty,0.1682812003805669,2.2068954492592453e-08,0.0002950790997049553,0.9997048988304787
2018-11-09T00:00:00Z,SPY,247.67236328125,-0.009768069806614,0.0215898010803838,0.2141952533340228,0.1736,0.0294,transition_uncertainty,0.1682534887797076,2.698348808036793e-09,7.631906185997467e-05,0.9999236782409722
2018-11-12T00:00:00Z,SPY,243.0445098876953,-0.0186853847245742,-0.0029991712610352,0.22400048216906,0.2045,0.0294,transition_uncertainty,0.16828850424600786,2.0064662248814309e-13,0.000352725463588795,0.9996472745352522
2018-11-13T00:00:00Z,SPY,242.5897216796875,-0.0018712136645997,-0.0111222283219675,0.2084290529211493,0.2002,0.028900000000000002,transition_uncertainty,0.16825086180832485,3.9634929106420014e-10,5.55811132011809e-05,0.9999444184890545
2018-11-14T00:00:00Z,SPY,240.93125915527344,-0.0068364913110534,-0.0384682229962271,0.2091689930139816,0.2125,0.0286,transition_uncertainty,0.16829186070320462,2.3928233607798847e-14,0.0003792208975707486,0.9996207791041755
2018-11-15T00:00:00Z,SPY,243.44577026367188,0.0104366329102107,-0.0266666341296166,0.2078314474385708,0.1998,0.0286,transition_uncertainty,0.16826398176912394,4.522153439986414e-12,0.00015914821219396847,0.9998408517838269
2018-11-16T00:00:00Z,SPY,244.07882690429688,0.0026004010664852,-0.0145092344149533,0.208144560531311,0.1814,0.0281,transition_uncertainty,0.16825376405105158,2.785848465539354e-09,7.849205497239303e-05,0.9999215051606958
2018-11-19T00:00:00Z,SPY,239.950439453125,-0.0169141563958377,-0.0127304683245056,0.2160048097579754,0.201,0.0279,transition_uncertainty,0.16838486132722258,1.0847056066993564e-12,0.0011133557630808926,0.9988866442346299
2018-11-20T00:00:00Z,SPY,235.5098571777344,-0.0185062477297863,-0.0291845196611474,0.2245597461832928,0.2248,0.0279,transition_uncertainty,0.16879382932114764,2.915991734911143e-17,0.004341696049822075,0.9956583039503124
2018-11-21T00:00:00Z,SPY,236.3123321533203,0.0034073944301207,-0.0191711404246485,0.1971066696304916,0.20800000000000002,0.0281,transition_uncertainty,0.1682633489493558,2.2893359114453e-10,0.00015415291162155107,0.9998458468592571
2018-11-23T00:00:00Z,SPY,234.7340545654297,-0.0066787779271147,-0.0357850361861151,0.1865981156415141,0.2152,0.0281,transition_uncertainty,0.16825129016233015,2.3040476259310107e-12,5.896231225268298e-05,0.9999410376870683
2018-11-26T00:00:00Z,SPY,238.52362060546875,0.0161440829156842,-0.022759886096168,0.1855691087200904,0.189,0.028399999999999998,transition_uncertainty,0.1682472828236103,5.550416048086033e-10,2.7329136975735915e-05,0.9999726703086951
2018-11-27T00:00:00Z,SPY,239.3261566162109,0.0033645976390306,-0.0026017157473721,0.1844645835899352,0.1902,0.028300000000000002,transition_uncertainty,0.16824459916818849,1.8468097698489696e-07,6.223160062745075e-06,0.9999935921574191
2018-11-28T00:00:00Z,SPY,244.83673095703125,0.0230253743206898,0.0396029019382322,0.1944360844135154,0.18489999999999998,0.0281,transition_uncertainty,0.16827656907932884,2.2551866178788028e-12,0.00025851080542863334,0.9997414891925701
2018-11-29T00:00:00Z,SPY,244.3017425537109,-0.0021850822841373,0.0338086900822725,0.1915452516317416,0.18789999999999998,0.0281,transition_uncertainty,0.16825511710349592,9.624460059253699e-09,8.917579188216501e-05,0.9999108145830532
2018-11-30T00:00:00Z,SPY,245.790771484375,0.0060950401544381,0.0471031650665896,0.1890852390852314,0.1807,0.027999999999999997,transition_uncertainty,0.16863620836830018,1.2410299544592703e-09,0.003097457225443521,0.9969025415331924
2018-12-03T00:00:00Z,SPY,249.04542541503903,0.0132415627771889,0.0441122132175495,0.1927203151299268,0.16440000000000002,0.028300000000000002,transition_uncertainty,0.17710624631112792,7.29230522166273e-09,0.06995884051525768,0.930041152190884
2018-12-04T00:00:00Z,SPY,240.97579956054688,-0.0324022247790498,0.0068928652332027,0.2269817276194573,0.2074,0.027999999999999997,stress_high_volatility,0.28413895976596176,1.695458191076833e-19,0.9148611921590469,0.0851388078399982
2018-12-06T00:00:00Z,SPY,240.6102294921875,-0.0015170405867561,-0.0172625302107366,0.2255283061463666,0.2119,0.0275,stress_high_volatility,0.2868918768287903,3.857670499699409e-14,0.9365923623185188,0.06340763768122089
2018-12-07T00:00:00Z,SPY,235.01939392089844,-0.0232360676563445,-0.037995425393954,0.2230900015164998,0.2323,0.027200000000000002,stress_high_volatility,0.2928483876037694,4.240646700273978e-22,0.9836122856415851,0.01638771435942291
2018-12-10T00:00:00Z,SPY,235.4652557373047,0.0018971277602575,-0.0420093711603273,0.2237840900298921,0.22640000000000002,0.027200000000000002,stress_high_volatility,0.2917683204053249,1.1682070554438657e-18,0.9750863752923502,0.024913624709330538
2018-12-11T00:00:00Z,SPY,235.518798828125,0.0002273927448559,-0.0543138929951099,0.2225739597076774,0.21760000000000002,0.0278,stress_high_volatility,0.2883686760532888,1.8636572354957843e-19,0.9482500238129516,0.05174997618672198
2018-12-12T00:00:00Z,SPY,236.70465087890625,0.0050350632589912,-0.017724388463197,0.2153382661327991,0.2146,0.027700000000000002,stress_high_volatility,0.27330286127322656,2.1921414394295982e-13,0.8293224364130506,0.17067756358734393
2018-12-13T00:00:00Z,SPY,236.6243896484375,-0.0003390775389107,-0.0165655460790764,0.2153550035593238,0.2065,0.0275,stress_high_volatility,0.2723824547399512,1.1135113925089088e-11,0.8220568666465602,0.17794313334367573
2018-12-14T00:00:00Z,SPY,232.2551422119141,-0.0184649073707702,-0.0117618025596422,0.2233377875325322,0.2163,0.0273,stress_high_volatility,0.2838309080683187,3.318152205899865e-15,0.912429472020315,0.08757052797934264
2018-12-17T00:00:00Z,SPY,227.69876098632807,-0.0196179993355264,-0.0329836124937311,0.2271191379586614,0.2452,0.027000000000000003,stress_high_volatility,0.2946997834869066,1.7703787592763634e-22,0.9982269645624651,0.0017730354390138006
2018-12-18T00:00:00Z,SPY,227.44903564453125,-0.0010967356199705,-0.0342637752219636,0.2262143001531306,0.25579999999999997,0.0265,stress_high_volatility,0.2949041819266884,4.724744980345144e-22,0.9998404593302868,0.00015954067072797233
2018-12-19T00:00:00Z,SPY,224.04283142089844,-0.0149756810970005,-0.0534920602995898,0.2247549305489701,0.25579999999999997,0.0263,stress_high_volatility,0.29492419856625796,9.45753877611817e-30,0.9999984680883155,1.531911187315699e-06
2018-12-20T00:00:00Z,SPY,220.3958282470703,-0.0162781515958289,-0.0685836376608456,0.2228503862330085,0.2838,0.0267,stress_high_volatility,0.2949243918569417,5.772611169039879e-41,0.9999999938991095,6.100986612627405e-09
2018-12-21T00:00:00Z,SPY,215.88006591796875,-0.0204893276112252,-0.0705046878101169,0.2295373794511413,0.3011,0.0263,stress_high_volatility,0.29492439261204195,3.0450326657440246e-49,0.9999999998617568,1.3684563727843533e-10
2018-12-24T00:00:00Z,SPY,210.17588806152344,-0.0264229021433263,-0.0769563824102531,0.242749109129563,0.3607,0.0255,stress_high_volatility,0.29492439262978987,2.3264833777771097e-69,1.0,3.328940807690502e-16
2018-12-26T00:00:00Z,SPY,220.7949981689453,0.0505248732638323,-0.0292550700719839,0.3031351425526404,0.3041,0.026099999999999998,stress_high_volatility,0.29492439262979003,2.2015010421745698e-72,1.0,1.30373711024113e-15
2018-12-27T00:00:00Z,SPY,222.4901580810547,0.0076775285951553,-0.0069302522646966,0.304867637580307,0.29960000000000003,0.0256,stress_high_volatility,0.2949243925802772,9.153885138658967e-50,0.9999999996070983,3.944494939403684e-10
2018-12-28T00:00:00Z,SPY,222.20309448242188,-0.0012902305482125,0.0082000927591314,0.2887597784568257,0.2834,0.0252,stress_high_volatility,0.29492438762274065,9.618045198036813e-38,0.999999960476999,3.9521498511822974e-08
2018-12-31T00:00:00Z,SPY,224.1493377685547,0.0087588487040028,0.0383049348045323,0.2926634150178692,0.25420000000000004,0.0248,stress_high_volatility,0.29492436842795006,1.0255043972603247e-33,0.9999998089551991,1.9104375980072097e-07
2019-01-02T00:00:00Z,SPY,224.38253784179688,0.0010403781495129,0.0675940989773042,0.2908342218999581,0.2322,0.025,stress_high_volatility,0.2949243733942025,2.2712408044215107e-34,0.9999998481544141,1.518473592350159e-07
2019-01-03T00:00:00Z,SPY,219.02813720703125,-0.0238628223313027,-0.0080022689669904,0.2908506576720008,0.2545,0.0239,stress_high_volatility,0.29492438772229884,6.73413679112258e-36,0.9999999612591645,3.8742144643049914e-08
2019-01-04T00:00:00Z,SPY,226.3646545410156,0.0334957756000531,0.0174142375257311,0.3048703098896758,0.2138,0.025,stress_high_volatility,0.2949243901685797,1.4162802375905956e-36,0.9999999805731934,1.9425551526122512e-08
2019-01-07T00:00:00Z,SPY,228.1494598388672,0.0078846465737794,0.0267609475479906,0.307331528960762,0.214,0.0253,stress_high_volatility,0.29492419768137845,1.9250615822762737e-29,0.9999984611034068,1.5388959337978919e-06
2019-01-08T00:00:00Z,SPY,230.29298400878903,0.0093952629624272,0.0274087191217937,0.2998051405174198,0.2047,0.0258,stress_high_volatility,0.29492378489333787,9.886463911487637e-26,0.9999952026052167,4.7973963440484125e-06
2019-01-09T00:00:00Z,SPY,231.3692626953125,0.004673519217947,0.03113756052818,0.300322005229441,0.1998,0.0256,stress_high_volatility,0.2949236058115273,1.101842929848309e-24,0.9999937889599169,6.211039173644875e-06
2019-01-10T00:00:00Z,SPY,232.18539428710935,0.0035273985069987,0.0600710814959886,0.3007100536279941,0.195,0.0256,stress_high_volatility,0.2949242905993001,1.4606490154695386e-28,0.9999991945845582,8.054154360263402e-07
2019-01-11T00:00:00Z,SPY,232.27513122558597,0.0003864883006619,0.0261104221264338,0.2999867570748336,0.1819,0.0255,stress_high_volatility,0.29492251473315595,2.522463039577964e-23,0.9999851761284012,1.4823870987974217e-05
2019-01-14T00:00:00Z,SPY,230.8580017089844,-0.0061010815455109,0.011871787345147,0.3005332962079938,0.1907,0.0253,stress_high_volatility,0.29492252306537237,1.878657434457297e-22,0.9999852419020852,1.4758097117183622e-05
2019-01-15T00:00:00Z,SPY,233.50384521484372,0.0114609131425935,0.0139425055429918,0.2963446992774844,0.18600000000000003,0.0253,stress_high_volatility,0.2949220402340688,4.121202986987523e-22,0.9999814304915824,1.8569509750751966e-05
2019-01-16T00:00:00Z,SPY,234.06890869140625,0.0024199322115769,0.0116681272380112,0.2867147419307398,0.19039999999999999,0.0255,stress_high_volatility,0.29491291005155995,5.106310052332795e-20,0.9999093580163843,9.064198413842477e-05
2019-01-17T00:00:00Z,SPY,235.8447113037109,0.0075866659191625,0.0157603238904711,0.2873683779694796,0.18059999999999998,0.0256,stress_high_volatility,0.29491105342757296,2.3753553046836675e-19,0.9998947020684958,0.00010529793126870879
2019-01-18T00:00:00Z,SPY,238.98377990722656,0.0133098961013937,0.0288823372792552,0.2828197214576374,0.17800000000000002,0.0262,stress_high_volatility,0.294853809580617,4.3975638329856776e-20,0.9994428265661959,0.0005571734340387989
2019-01-22T00:00:00Z,SPY,235.7550201416016,-0.0135103719879164,0.0212122534041088,0.2803974082246085,0.20800000000000002,0.0258,stress_high_volatility,0.2932869608674178,9.065182901370864e-21,0.9870743260909056,0.012925673908740488
2019-01-23T00:00:00Z,SPY,236.24835205078125,0.0020925616297942,0.0117535830444774,0.2657353971223028,0.1952,0.0258,stress_high_volatility,0.24083981928258516,2.380653978144104e-15,0.5730633943403227,0.4269366056608554
2019-01-24T00:00:00Z,SPY,236.37388610839844,0.0005313647969498,0.0098474309547496,0.2394745639526059,0.1889,0.0256,transition_uncertainty,0.17467749621550202,4.235305930396439e-11,0.05078659924856102,0.9492134007094791
2019-01-25T00:00:00Z,SPY,238.3739013671875,0.0084612361023326,0.0107239634482181,0.1769920902086589,0.17420000000000002,0.026000000000000002,transition_uncertainty,0.1682887797116072,1.917052093357289e-06,0.000355716721767249,0.9996423662265361
2019-01-28T00:00:00Z,SPY,236.5622100830078,-0.0076002082182183,-0.0101327789909373,0.180886197295093,0.1887,0.026000000000000002,transition_uncertainty,0.168245151816991,5.581635193734929e-08,1.0530791905814675e-05,0.9999894133921907
2019-01-29T00:00:00Z,SPY,236.24835205078125,-0.0013267462800438,0.0020925616297942,0.180897925704971,0.1913,0.0256,transition_uncertainty,0.16824424337847302,3.414843082797461e-07,3.4814062585957647e-06,0.9999961771100374
2019-01-30T00:00:00Z,SPY,239.9883728027344,0.0158308860971407,0.0158308860971407,0.1854378622849232,0.1766,0.0252,transition_uncertainty,0.16824542197996567,5.248289387813381e-08,1.2662002302674971e-05,0.999987285515884
2019-01-31T00:00:00Z,SPY,242.09597778320312,0.0087821128826151,0.0242077996390033,0.1861447362861842,0.16570000000000001,0.0245,transition_uncertainty,0.16824366512877392,2.404923808554222e-05,9.017592616174183e-06,0.9999669331710944
2019-02-01T00:00:00Z,SPY,242.2126007080078,0.0004817218603654,0.0161036897026207,0.1550202522738241,0.16140000000000002,0.0252,transition_uncertainty,0.16590055726553354,0.04341961749713081,1.743423729877267e-06,0.956578639080463
2019-02-04T00:00:00Z,SPY,243.91661071777344,0.0070351831605153,0.0310886537295411,0.1153298195358897,0.1573,0.0253,transition_uncertainty,0.15349128790602612,0.273336853171473,2.05620245969572e-06,0.7266610906278306
2019-02-05T00:00:00Z,SPY,244.9390869140625,0.0041919088383535,0.0367864359172891,0.1143223514060225,0.1557,0.0253,transition_uncertainty,0.14229683459131623,0.4807423485852581,7.21187401966457e-07,0.5192569302285913
2019-02-06T00:00:00Z,SPY,244.6162109375,-0.0013181888633224,0.0192835931204451,0.1134119334592514,0.15380000000000002,0.0252,stable_low_volatility,0.12065982369251131,0.8816274300322787,2.0989751582944235e-07,0.11837236006946791
2019-02-07T00:00:00Z,SPY,242.2843475341797,-0.0095327427171869,0.0007780788127973,0.121638663983519,0.1637,0.0248,stable_low_volatility,0.11893763361926572,0.9135354855026155,6.358361897010857e-08,0.08646445091208148
2019-02-08T00:00:00Z,SPY,242.58029174804688,0.0012214747542675,0.0015180508320553,0.121607651755785,0.1572,0.0245,stable_low_volatility,0.11511322892803973,0.9843931787925218,1.054237920365544e-08,0.015606810663455614
2019-02-11T00:00:00Z,SPY,242.71487426757807,0.0005547957691098,-0.0049268331773673,0.1215760249952404,0.1597,0.0248,stable_low_volatility,0.11456338373271913,0.9945805921451016,6.170078315667787e-09,0.005419401683596263
2019-02-12T00:00:00Z,SPY,245.8360137939453,0.0128592841118024,0.0036618364638449,0.1229252443508841,0.1543,0.025,stable_low_volatility,0.1144453544987428,0.9967674081583413,3.437315822234313e-09,0.003232588402764684
2019-02-13T00:00:00Z,SPY,246.6342315673828,0.0032469521496005,0.0082497420025788,0.1190098771357998,0.1565,0.0253,stable_low_volatility,0.11430635596998862,0.9993427400781542,1.103370036667323e-09,0.0006572588171634656
2019-02-14T00:00:00Z,SPY,246.0871734619141,-0.00221809479565,0.0156957144216587,0.1203058860684765,0.16219999999999998,0.025,stable_low_volatility,0.11433100335421192,0.9988860878948761,5.2332884202847265e-09,0.0011139068736038588
2019-02-15T00:00:00Z,SPY,248.768798828125,0.0108970546025877,0.0255111700768575,0.1226737700369091,0.1491,0.0252,stable_low_volatility,0.1143763356678764,0.9980461800643959,5.3900230643521665e-09,0.0019538145446114084
2019-02-19T00:00:00Z,SPY,249.1993408203125,0.0017306912853045,0.0267163954096429,0.1161698431977361,0.14880000000000002,0.025,stable_low_volatility,0.11429129854668955,0.9996217185509273,3.395767131139928e-11,0.00037828141573079306
2019-02-20T00:00:00Z,SPY,249.70155334472656,0.0020153043854806,0.0157240572328074,0.1003319936088121,0.1402,0.025,stable_low_volatility,0.11427175084894528,0.9999838943755124,5.088130008356308e-12,1.6105618075984754e-05
2019-02-21T00:00:00Z,SPY,248.8136749267578,-0.0035557584887867,0.0088367431622302,0.10289086152463,0.1446,0.0253,stable_low_volatility,0.11427180418922848,0.9999829061022331,4.341260698792232e-12,1.709389426702813e-05
2019-02-22T00:00:00Z,SPY,250.35629272460935,0.0061998915385403,0.017347995844879,0.1033440839530454,0.1351,0.0248,stable_low_volatility,0.11427171536590715,0.9999845518061181,8.150979143298645e-12,1.5448184621319072e-05
2019-02-25T00:00:00Z,SPY,250.6970977783203,0.0013612801579778,0.0077513697830231,0.1013331745885543,0.1485,0.025099999999999997,stable_low_volatility,0.11427179069731877,0.999983156070791,3.7511069255575335e-12,1.6843924532887772e-05
2019-02-26T00:00:00Z,SPY,250.5177154541016,-0.0007155341079272,0.0052904418986392,0.0949175538997741,0.1517,0.0248,stable_low_volatility,0.11427172763886384,0.9999843244032398,2.2996084595573713e-12,1.5675593922930454e-05
2019-02-27T00:00:00Z,SPY,250.41017150878903,-0.0004292867876332,0.002837860456095,0.0944435692208993,0.147,0.025,stable_low_volatility,0.11427144820119958,0.9999895017650402,1.4388220584975017e-12,1.049823226100012e-05
2019-02-28T00:00:00Z,SPY,249.94374084472656,-0.0018626666051627,0.0045418159524448,0.0827380247077682,0.1478,0.0252,stable_low_volatility,0.11427133080486256,0.9999916768666338,1.019766497573653e-12,8.323133119942547e-06
2019-03-01T00:00:00Z,SPY,251.5042724609375,0.0062435314880735,0.0045853839894924,0.0804797869127067,0.13570000000000002,0.0255,stable_low_volatility,0.11427111923696823,0.9999955967565793,5.011425508762706e-12,4.403236696537195e-06
2019-03-04T00:00:00Z,SPY,250.58953857421875,-0.0036370510837377,-0.0004290404837341,0.0827485571600133,0.1463,0.0255,stable_low_volatility,0.11427196121727162,0.9999799967263037,9.52849510163835e-12,2.000326391468365e-05
2019-03-05T00:00:00Z,SPY,250.24864196777344,-0.0013603784435093,-0.0010740696953921,0.080938859549404,0.1474,0.0255,stable_low_volatility,0.11427142793919734,0.9999898773024445,5.5786184926142365e-11,1.0122640333953906e-05
2019-03-06T00:00:00Z,SPY,248.7328948974609,-0.0060569642192411,-0.0066981169383898,0.0841871256984925,0.1574,0.0252,stable_low_volatility,0.1142838350502388,0.999760012687742,5.122357484712564e-09,0.00023998219043401968
2019-03-07T00:00:00Z,SPY,246.65220642089844,-0.008365152013449,-0.013169101225355,0.0900634260258659,0.1659,0.024700000000000003,stable_low_volatility,0.11439139170217552,0.9977672916750903,3.3872673556097154e-08,0.0022326744513884032
2019-03-08T00:00:00Z,SPY,246.15890502929688,-0.0019999877510107,-0.0212535849961389,0.0826218086177675,0.1605,0.0245,stable_low_volatility,0.11435466349900843,0.998447716617285,4.907493097401216e-09,0.0015522784755344229
2019-03-11T00:00:00Z,SPY,249.72853088378903,0.0145013070076311,-0.0034359283126046,0.0957254727251935,0.1433,0.024700000000000003,stable_low_volatility,0.11428703965280122,0.999700626556117,6.063228892083488e-11,0.0002993733820783698
2019-03-12T00:00:00Z,SPY,250.67010498046875,0.0037703905650967,0.0016841770224254,0.0960036689104217,0.1377,0.0245,stable_low_volatility,0.11427141507305813,0.999990115565845,1.60247688577251e-12,9.884434093966762e-06
2019-03-13T00:00:00Z,SPY,252.3294982910156,0.0066198293197992,0.0144597014200207,0.0887003674580382,0.1341,0.0245,stable_low_volatility,0.1142712454690123,0.9999932579494174,2.7071729716099895e-12,6.742046395739298e-06
2019-03-14T00:00:00Z,SPY,252.16802978515625,-0.0006399113340016,0.022362757034678,0.0886456268692778,0.135,0.0246,stable_low_volatility,0.11427130912113408,0.9999920786308361,6.8798732793782364e-12,7.921362606003377e-06
2019-03-15T00:00:00Z,SPY,253.41384887695312,0.0049404323492485,0.0294726036695394,0.0887158418974673,0.1288,0.024300000000000002,stable_low_volatility,0.11427192444006756,0.9999806781208879,6.1389019782387194e-12,1.9321873277634203e-05
2019-03-18T00:00:00Z,SPY,254.3327178955078,0.0036259621272745,0.0184367680994419,0.0820526140481548,0.131,0.0245,stable_low_volatility,0.1142710584930047,0.9999967222046567,9.852533569827081e-13,3.2777943522222644e-06
2019-03-19T00:00:00Z,SPY,254.39581298828125,0.0002480809126546,0.0148629929687977,0.082071841030065,0.1356,0.0246,stable_low_volatility,0.11427115003226891,0.9999950262114,1.4407388493032247e-11,4.973773134488651e-06
2019-03-20T00:00:00Z,SPY,253.6300201416016,-0.0030102415510862,0.0051540618888958,0.0832072228127582,0.1391,0.024,stable_low_volatility,0.11427359608970715,0.9999497111333427,2.14186572483114e-09,5.028672360070337e-05
2019-03-21T00:00:00Z,SPY,256.49468994140625,0.011294679542293,0.0171578457425243,0.0893129423668434,0.1363,0.024100000000000003,stable_low_volatility,0.11468991996636771,0.9922373835870053,5.301689610202207e-07,0.007762086243561481
2019-03-22T00:00:00Z,SPY,251.5581970214844,-0.0192459848624919,-0.0073226142284346,0.1143545117582136,0.1648,0.023100000000000002,stable_low_volatility,0.1319981349925113,0.6715888734711603,1.5311316016010306e-05,0.32839581521384176
2019-03-25T00:00:00Z,SPY,251.36898803710935,-0.0007521479586644,-0.0116529634209944,0.1143257599969184,0.16329999999999997,0.0226,stable_low_volatility,0.12184845392081578,0.8596043497007727,5.085422839543105e-08,0.14039559944558913
2019-03-26T00:00:00Z,SPY,253.24261474609372,0.0074536907818867,-0.0045330865655427,0.1171415116593202,0.1468,0.022400000000000003,stable_low_volatility,0.11506148698111447,0.9853518420540912,9.964348652644497e-09,0.0146481479812956
2019-03-27T00:00:00Z,SPY,251.9184112548828,-0.0052289915444863,-0.0067484475448259,0.1189030695287696,0.1515,0.0222,stable_low_volatility,0.11443851358048629,0.9968941513555123,1.7331227788881285e-09,0.00310584691279925
2019-03-28T00:00:00Z,SPY,252.87342834472656,0.0037909777419067,-0.0141182712106318,0.1192291366804313,0.1443,0.0223,stable_low_volatility,0.1143028212738835,0.9994082280874607,1.8744730912437795e-10,0.0005917717253802122
2019-03-29T00:00:00Z,SPY,254.46780395507807,0.0063050341856323,0.0115663372056418,0.1192676838824539,0.1371,0.0227,stable_low_volatility,0.11427484769544985,0.9999265172961406,2.935027224945987e-10,7.348241112260254e-05
2019-04-01T00:00:00Z,SPY,257.48565673828125,0.0118594680203074,0.0243334261276051,0.1244768543690006,0.134,0.0233,stable_low_volatility,0.11429046639606975,0.9996371375013221,4.742395863197231e-10,0.0003628620231357219
2019-04-02T00:00:00Z,SPY,257.6117858886719,0.0004898492288401,0.0172529064547795,0.1241135297259947,0.1336,0.023,stable_low_volatility,0.11427316824101351,0.9999576332800698,3.219462588952666e-11,4.2366687165050434e-05
2019-04-03T00:00:00Z,SPY,258.01715087890625,0.001573549862387,0.0242091857980675,0.1208903725607748,0.1374,0.0233,stable_low_volatility,0.11427439058269531,0.9999349859934411,3.873745166509725e-11,6.501396860985329e-05
2019-04-04T00:00:00Z,SPY,258.7016906738281,0.0026530786522913,0.0230481405944964,0.114689228554405,0.1358,0.0233,stable_low_volatility,0.11427258441066869,0.9999684503229479,1.0494481877379757e-11,3.15496659975687e-05
2019-04-05T00:00:00Z,SPY,259.95391845703125,0.0048404313862098,0.0215591694378813,0.1137833820257391,0.1282,0.0235,stable_low_volatility,0.11427185612941403,0.9999819437573368,3.1152951079282926e-12,1.8056238952343804e-05
2019-04-08T00:00:00Z,SPY,260.1520690917969,0.0007622529252175,0.0103555762573053,0.1052045532173496,0.1318,0.0236,stable_low_volatility,0.11427118120954637,0.9999944485434232,3.072487906960884e-12,5.5514540794175365e-06
2019-04-09T00:00:00Z,SPY,258.8189392089844,-0.0051244254464956,0.0046859397994865,0.107983543417638,0.1428,0.0235,stable_low_volatility,0.11427222799775166,0.9999750538573828,2.821515752134727e-12,2.4946140528687186e-05
2019-04-10T00:00:00Z,SPY,259.7016906738281,0.0034106911478026,0.0065287900016866,0.106609270559692,0.133,0.023100000000000002,stable_low_volatility,0.11427123466608785,0.999993458106044,7.292859211437057e-13,6.5418939317875646e-06
2019-04-11T00:00:00Z,SPY,259.6296081542969,-0.00027755891517,0.0035868241836836,0.1065231922852086,0.1302,0.0235,stable_low_volatility,0.1142711755980323,0.999994552501734,7.27357220220002e-13,5.447496441292905e-06
2019-04-12T00:00:00Z,SPY,261.3861999511719,0.0067657606902487,0.0055097515076594,0.1074975974349528,0.1201,0.024,stable_low_volatility,0.11427117968026182,0.9999944768722074,1.2035468585621318e-12,5.523126807227751e-06
2019-04-15T00:00:00Z,SPY,261.2150573730469,-0.0006547498611516,0.004086026626507,0.1074763290463661,0.1232,0.024,stable_low_volatility,0.11427109409203426,0.9999960626269265,4.642191904813479e-13,3.937371098729927e-06
2019-04-16T00:00:00Z,SPY,261.3861999511719,0.0006551788394058,0.0099191378731158,0.1074314420896212,0.1218,0.024100000000000003,stable_low_volatility,0.11427107076948707,0.9999964947480792,6.78265158258885e-13,3.5052513629409715e-06
2019-04-17T00:00:00Z,SPY,260.7467041015625,-0.0024465555171957,0.0040238992092156,0.1071448390429019,0.126,0.024,stable_low_volatility,0.11427116120317073,0.999994819207819,4.3506872298524784e-13,5.180791164112768e-06
2019-04-18T00:00:00Z,SPY,261.2602233886719,0.0019694181327383,0.0062805442182307,0.1007044905477879,0.12090000000000001,0.023799999999999998,stable_low_volatility,0.1142710213144594,0.9999974110430092,1.4462170461711313e-13,2.588957979936956e-06
2019-04-22T00:00:00Z,SPY,261.4853515625,0.0008617009160756,0.000379329939173,0.0661327357255551,0.1242,0.023799999999999998,stable_low_volatility,0.11427093819432059,0.9999989510693966,2.639783678393112e-13,1.048929075607892e-06
2019-04-23T00:00:00Z,SPY,263.8365478515625,0.0089916940853971,0.010035755614087,0.0697725940027556,0.12279999999999999,0.0236,stable_low_volatility,0.11427098542308256,0.9999980760276549,4.89554925666494e-13,1.923971534819774e-06
2019-04-24T00:00:00Z,SPY,263.2510070800781,-0.0022193315378497,0.0071342983265934,0.0689925932187151,0.13140000000000002,0.0232,stable_low_volatility,0.11427096298539478,0.9999984917460557,1.729571957673534e-13,1.5082528342582316e-06
2019-04-25T00:00:00Z,SPY,263.0888366699219,-0.0006160295907506,0.0089824052673244,0.0644083053931655,0.1325,0.0233,stable_low_volatility,0.11427095498289444,0.9999986400153074,1.6707366255986733e-13,1.3599837530937652e-06
2019-04-26T00:00:00Z,SPY,264.31402587890625,0.0046569410716637,0.0116887387242692,0.0647667291062173,0.1273,0.022799999999999997,stable_low_volatility,0.11427094555668457,0.9999988146671717,2.018078215469878e-13,1.185333400607247e-06
2019-04-29T00:00:00Z,SPY,264.7283630371094,0.0015675942917723,0.012402268254152,0.0629721607860783,0.1311,0.023,stable_low_volatility,0.11427095013832932,0.9999987297786783,2.2091231669502006e-13,1.270221642098615e-06
2019-04-30T00:00:00Z,SPY,264.86346435546875,0.0005103394166361,0.0038922450747196,0.0513070188725164,0.13119999999999998,0.0227,stable_low_volatility,0.11427095892084504,0.9999985670666581,6.430043952248348e-12,1.4329255700920846e-06
2019-05-01T00:00:00Z,SPY,262.8726501464844,-0.0075163791043393,-0.0014372478107126,0.0603527215933047,0.14800000000000002,0.023100000000000002,stable_low_volatility,0.11427174488944276,0.9999840048045866,1.0172043490374066e-11,1.599518412683931e-05
2019-05-02T00:00:00Z,SPY,262.3050537109375,-0.0021592068829928,-0.0029791570364794,0.0613392247150614,0.1442,0.0235,stable_low_volatility,0.11427118637004682,0.9999943530470143,5.4897189420142e-11,5.646896960094893e-06
2019-05-03T00:00:00Z,SPY,264.8724670410156,0.009787891211991,0.0021127942804111,0.0688430291807441,0.12869999999999998,0.0233,stable_low_volatility,0.11427731864217748,0.9998807748626846,1.681654741468577e-08,0.00011920832152802567
2019-05-06T00:00:00Z,SPY,263.78240966796875,-0.0041154046142443,-0.0035732981471577,0.0698743173240709,0.1544,0.023100000000000002,stable_low_volatility,0.11621521655404891,0.963982500761294,2.8787106618450806e-06,0.0360146205285261
2019-05-07T00:00:00Z,SPY,259.3774108886719,-0.0166993651503964,-0.0207127603655977,0.0936588410245517,0.1932,0.022799999999999997,transition_uncertainty,0.1682729457444972,8.139932076257256e-05,0.00026458928612169705,0.9996540113947193
2019-05-08T00:00:00Z,SPY,259.01708984375,-0.0013891766583965,-0.0146670271729899,0.0919404073660922,0.19399999999999998,0.023,transition_uncertainty,0.16824216612527543,5.359205815805808e-05,9.771532818025083e-06,0.999936636409377
2019-05-09T00:00:00Z,SPY,258.2333068847656,-0.0030259893640885,-0.0155229446347571,0.0916523689415545,0.19100000000000003,0.0226,transition_uncertainty,0.1682403547822743,8.400644588994462e-05,8.431241992261288e-06,0.9999075623107296
2019-05-10T00:00:00Z,SPY,259.5304870605469,0.0050232876286562,-0.0201681210589605,0.0935593947370165,0.1604,0.0226,transition_uncertainty,0.1682007710894236,0.0008508938326920831,2.2699200380965205e-05,0.9991264069674662
2019-05-13T00:00:00Z,SPY,253.00851440429688,-0.0251298902495739,-0.0408438730893137,0.1266410596726452,0.20550000000000002,0.021800000000000003,transition_uncertainty,0.1683497001340031,1.2525327471426682e-13,0.0008357978633810535,0.999164202136379
2019-05-14T00:00:00Z,SPY,255.2965850830078,0.0090434532770493,-0.0157331580714081,0.1321464048141822,0.18059999999999998,0.022000000000000002,transition_uncertainty,0.16824282398044738,3.600879360222817e-05,7.47311195987461e-06,0.9999565180946232
2019-05-15T00:00:00Z,SPY,256.7920227050781,0.0058576483566519,-0.0085904259831431,0.1343473456966614,0.16440000000000002,0.0216,transition_uncertainty,0.16816678241900265,0.0014324667037956384,2.1792951425141697e-06,0.9985653540023296
2019-05-16T00:00:00Z,SPY,259.1701354980469,0.0092608515167933,0.0036278380375591,0.1388553449664139,0.1529,0.022000000000000002,transition_uncertainty,0.16807210476402398,0.003188073518825716,2.7918998480891513e-06,0.9968091345813895
2019-05-17T00:00:00Z,SPY,257.4947204589844,-0.0064645374199572,-0.0078440364545209,0.140256771587328,0.15960000000000002,0.022000000000000002,transition_uncertainty,0.16812188984935156,0.002267464751005912,3.558585325972679e-06,0.9977289766644348
2019-05-20T00:00:00Z,SPY,255.7920684814453,-0.006612376263498,0.0110018197755212,0.1416485191379336,0.1631,0.0221,transition_uncertainty,0.16796406498955185,0.005187901408560548,1.977369720563454e-06,0.9948101212204602
2019-05-21T00:00:00Z,SPY,258.09820556640625,0.0090156708089179,0.0109739833867636,0.1416709086818161,0.1495,0.0226,transition_uncertainty,0.16760347401313644,0.011869653407979946,2.315365558688458e-06,0.9881280312282148
2019-05-22T00:00:00Z,SPY,257.305419921875,-0.0030716433800516,0.0019992724516466,0.1417931221925488,0.1475,0.0223,transition_uncertainty,0.1675646851083869,0.012587749900534214,2.0696578389867997e-06,0.9874101804432541
2019-05-23T00:00:00Z,SPY,254.1615753173828,-0.0122183380569548,-0.0193253754759942,0.1471750997371245,0.16920000000000002,0.0212,transition_uncertainty,0.1682436319811003,2.41947235200665e-05,8.817916090468123e-06,0.9999669873606363
2019-05-24T00:00:00Z,SPY,254.7381134033203,0.0022683920070039,-0.0107054896145071,0.1460464086543294,0.1585,0.0216,transition_uncertainty,0.16822305828824147,0.00038936756330178483,1.995705056518204e-06,0.9996086367331725
2019-05-28T00:00:00Z,SPY,252.36892700195312,-0.0093004787140592,-0.0133825161187142,0.1477906998402333,0.17500000000000002,0.0212,transition_uncertainty,0.16824376634757077,9.348603878648354e-06,3.5533179933681754e-06,0.9999870980787027
2019-05-29T00:00:00Z,SPY,250.67539978027344,-0.006710521940233,-0.0287596179517916,0.1481411549988856,0.179,0.0209,transition_uncertainty,0.16824494986406738,1.953695832557391e-07,8.996060843580208e-06,0.999990808568732
2019-05-30T00:00:00Z,SPY,251.3600006103516,0.0027310251850727,-0.0231064674554023,0.1482213687797468,0.17300000000000001,0.0206,transition_uncertainty,0.16824385447570236,6.922415866118503e-06,3.2153017151660853e-06,0.9999898622813822
2019-05-31T00:00:00Z,SPY,247.9728240966797,-0.0134753998466229,-0.0243496728920371,0.1535745930471144,0.18710000000000002,0.0195,transition_uncertainty,0.16824546657287537,1.8702480323305073e-08,1.2999619786412094e-05,0.9999869816794413
2019-06-03T00:00:00Z,SPY,247.34222412109372,-0.0025430205018759,-0.0290333047670681,0.1462773636400452,0.1886,0.0182,transition_uncertainty,0.16824477235278212,1.2544663946217457e-07,7.565020012588653e-06,0.9999923095315485
2019-06-04T00:00:00Z,SPY,252.71116638183597,0.0217065334470092,0.0013561074413894,0.1708158122436919,0.1697,0.0188,transition_uncertainty,0.1682459572174758,6.661824380463874e-08,1.6893120950643075e-05,0.9999830402613311
2019-06-05T00:00:00Z,SPY,254.90025329589844,0.0086624067523588,0.0168538816306995,0.1655942503999873,0.16090000000000002,0.0183,transition_uncertainty,0.16824210655402003,3.947627875006887e-05,3.287179971528218e-06,0.9999572365426269
2019-06-06T00:00:00Z,SPY,256.5577697753906,0.0065026082087413,0.020678585106691,0.1676117908367367,0.1593,0.0188,transition_uncertainty,0.1682420564647741,4.0534805450331935e-05,3.3427767870094886e-06,0.9999561224162281
2019-06-07T00:00:00Z,SPY,259.12518310546875,0.0100071548498641,0.0449741178268832,0.1712875244186761,0.163,0.018500000000000003,transition_uncertainty,0.16824578099163814,1.0497910062374525e-07,1.551836214063624e-05,0.9999843766583496
2019-06-10T00:00:00Z,SPY,260.31427001953125,0.0045888512255427,0.0524457396812549,0.1711323501320689,0.1594,0.019,transition_uncertainty,0.16824589200934478,3.3662480238849113e-06,1.7784204309659426e-05,0.9999788495460344
2019-06-11T00:00:00Z,SPY,260.251220703125,-0.0002422046106097,0.0298366488083725,0.1420335567108542,0.15990000000000001,0.0193,transition_uncertainty,0.16442196324231081,0.07081440361929874,1.610038274872228e-06,0.9291839863434512
2019-06-12T00:00:00Z,SPY,259.7917785644531,-0.0017653793800873,0.0191899584457313,0.1395213017747214,0.1591,0.0188,transition_uncertainty,0.14703446331030584,0.39296394492106534,4.865434157172555e-07,0.6070355685343795
2019-06-13T00:00:00Z,SPY,260.8638000488281,0.0041264642410885,0.0167838622747902,0.1388401319226484,0.1582,0.0183,stable_low_volatility,0.12991324986978858,0.710181541214378,1.1235690539973231e-07,0.28981834642890864
2019-06-14T00:00:00Z,SPY,260.5755310058594,-0.0011050557529055,0.0055970935862312,0.135316225254809,0.1528,0.0184,stable_low_volatility,0.11796940160789489,0.9314746337095269,3.630341737007552e-08,0.06852532998543144
2019-06-17T00:00:00Z,SPY,260.674560546875,0.0003800415972803,0.001384059841655,0.1329436656808671,0.1535,0.018600000000000002,stable_low_volatility,0.11545860876923981,0.9779940681549555,1.868518712703719e-08,0.02200591315985176
2019-06-18T00:00:00Z,SPY,263.4040222167969,0.0104707634845366,0.0121144542767326,0.1343835622354087,0.1515,0.018600000000000002,stable_low_volatility,0.11495587246266076,0.9873086611656383,1.596632252389513e-08,0.012691322868665316
2019-06-19T00:00:00Z,SPY,263.9987487792969,0.0022578492063058,0.0161936233628734,0.1314891503501656,0.1433,0.0174,stable_low_volatility,0.11447348691800883,0.9962461942141028,1.10992617214711e-08,0.0037537946857864623
2019-06-20T00:00:00Z,SPY,266.5209655761719,0.009553896783744,0.0216862804508899,0.1337187245316099,0.1475,0.0172,stable_low_volatility,0.1145348793040555,0.9951087641559756,2.6431486110345036e-08,0.004891209413934487
2019-06-21T00:00:00Z,SPY,266.1335754394531,-0.0014535071786239,0.0213298785658764,0.1237759098511643,0.154,0.0177,stable_low_volatility,0.1143811908720468,0.9979562212692809,4.3124821184019e-09,0.0020437744178288504
2019-06-24T00:00:00Z,SPY,265.8077392578125,-0.0012243332360548,0.0196919051102204,0.1244078776996828,0.1526,0.0172,stable_low_volatility,0.11434922709820719,0.9985484431591861,5.750567479824318e-09,0.0014515510900815962
2019-06-25T00:00:00Z,SPY,263.2007141113281,-0.0098079354414725,-0.0007718489025251,0.1250460948829695,0.16280000000000003,0.0171,stable_low_volatility,0.1144947991410214,0.9958513331576344,1.4342608821808217e-08,0.0041486525009847095
2019-06-26T00:00:00Z,SPY,262.9381408691406,-0.0009976159945995,-0.0040174732458406,0.1212723365359857,0.16210000000000002,0.0177,stable_low_volatility,0.11435691240707795,0.9984060410655986,1.4043273419426986e-09,0.0015939575294068213
2019-06-27T00:00:00Z,SPY,263.8704833984375,0.0035458626360367,-0.0099447417654535,0.1213367392107007,0.1582,0.0174,stable_low_volatility,0.11431703902285327,0.9991448043934089,1.7239030583834657e-10,0.0008551954336195404
2019-06-28T00:00:00Z,SPY,265.2283630371094,0.0051460080763239,-0.0034013461129397,0.1058025777898248,0.15080000000000002,0.0175,stable_low_volatility,0.11427507223335358,0.9999223564540313,1.825663498326229e-11,7.764352784715611e-05
2019-07-01T00:00:00Z,SPY,267.6363220214844,0.0090788140333168,0.0068793435765928,0.1052092915844573,0.1406,0.0178,stable_low_volatility,0.1142725098227408,0.9999698322502254,2.274176012087732e-12,3.0167745694488973e-05
2019-07-02T00:00:00Z,SPY,268.333251953125,0.0026040184918723,0.019500470806572,0.0823418830775296,0.1293,0.0177,stable_low_volatility,0.11427105133124371,0.9999968548995075,2.8079863449361598e-12,3.1450973174628765e-06
2019-07-03T00:00:00Z,SPY,270.4786071777344,0.0079951150630566,0.0286777197239957,0.0817737255761136,0.1257,0.0177,stable_low_volatility,0.11427163272342661,0.9999860830016398,9.555927726617328e-12,1.3916990454236114e-05
2019-07-05T00:00:00Z,SPY,270.1707763671875,-0.0011380967010992,0.0238764597222369,0.0819023145360852,0.1328,0.0187,stable_low_volatility,0.11427120015829659,0.9999940974586512,2.3466509208131082e-12,5.902538181143832e-06
2019-07-08T00:00:00Z,SPY,268.6863098144531,-0.0054945489393599,0.0130376206290574,0.0818383803926831,0.1396,0.0188,stable_low_volatility,0.11427124602205561,0.9999932477013003,9.807011024202316e-13,6.7522970777003e-06
2019-07-09T00:00:00Z,SPY,269.0212707519531,0.0012466617213631,0.0051747413056946,0.081196537416869,0.1409,0.0192,stable_low_volatility,0.11427108325574642,0.9999962634025685,2.2159870722621567e-13,3.736596854918054e-06
2019-07-10T00:00:00Z,SPY,270.3065490722656,0.0047776085389825,0.0073539045376505,0.081597850653526,0.1303,0.0182,stable_low_volatility,0.11427099261527437,0.9999979427760324,1.9785336186680756e-13,2.0572249173804563e-06
2019-07-11T00:00:00Z,SPY,270.940185546875,0.0023441402984283,0.001706524497286,0.0804472014903398,0.1293,0.018500000000000003,stable_low_volatility,0.1142709748816851,0.9999982713394664,1.393472464856735e-13,1.7286612589567408e-06
2019-07-12T00:00:00Z,SPY,272.1533203125,0.0044775003131276,0.0073381139587727,0.0805729092171126,0.12390000000000001,0.0184,stable_low_volatility,0.11427096029994661,0.99999854149898,2.0534839154241278e-13,1.4584990411639747e-06
2019-07-15T00:00:00Z,SPY,272.2437438964844,0.0003322523637798,0.0132401017546741,0.0799692149301965,0.1268,0.0183,stable_low_volatility,0.11427098778339402,0.9999980322919587,2.9573417136411755e-13,1.9677061881736433e-06
2019-07-16T00:00:00Z,SPY,271.36572265625,-0.0032251291716302,0.0087147454836704,0.082052882381235,0.1286,0.0187,stable_low_volatility,0.11427101401650686,0.9999975462554267,1.6713467452250917e-12,2.4537420482618128e-06
2019-07-17T00:00:00Z,SPY,269.5190734863281,-0.0068050199997481,-0.0029132686153563,0.0814502472874282,0.13970000000000002,0.0183,stable_low_volatility,0.11427157698620954,0.9999871156644654,1.843226935345205e-12,1.2884333010809402e-05
2019-07-18T00:00:00Z,SPY,270.5057678222656,0.0036609443746382,-0.0016033713261565,0.0818529865018924,0.1353,0.0177,stable_low_volatility,0.1142710662699062,0.9999965781193507,3.77737460873278e-12,3.421875917079412e-06
2019-07-19T00:00:00Z,SPY,269.0030822753906,-0.0055550961407312,-0.0115752327897088,0.0790475522000551,0.1445,0.018000000000000002,stable_low_volatility,0.11427236766005618,0.9999724662309584,8.384757174344789e-12,2.7533760177896575e-05
2019-07-22T00:00:00Z,SPY,269.6638488769531,0.002456353272882,-0.0094764161798781,0.0790070161164154,0.1353,0.018000000000000002,stable_low_volatility,0.11427121205370908,0.9999938770639443,7.869585431435817e-13,6.1229359928451445e-06
2019-07-23T00:00:00Z,SPY,271.59210205078125,0.007150580924579,0.0008342225109174,0.0818740304434483,0.1261,0.0183,stable_low_volatility,0.11427102103800955,0.9999974161652702,1.8587518024719707e-13,2.583835727627947e-06
2019-07-24T00:00:00Z,SPY,272.8684387207031,0.0046994616569639,0.0124271918534362,0.0717692702931148,0.1207,0.0183,stable_low_volatility,0.11427093713694647,0.9999989706598922,2.8220650729625177e-13,1.0293384441262976e-06
2019-07-25T00:00:00Z,SPY,271.5649108886719,-0.0047771293673339,0.0039154176819702,0.0749237494209857,0.1274,0.018600000000000002,stable_low_volatility,0.11427098896200887,0.9999980104568532,3.547656398328938e-13,1.9895418442406924e-06
2019-07-26T00:00:00Z,SPY,273.3844299316406,0.0067001257158538,0.0162873511306633,0.0767980530775742,0.1216,0.018600000000000002,stable_low_volatility,0.114270986076672,0.9999980639168468,1.1809947923848052e-12,1.93608073579885e-06
2019-07-29T00:00:00Z,SPY,272.8865051269531,-0.0018213356364589,0.0119506424884949,0.0767286186445808,0.1283,0.018500000000000003,stable_low_volatility,0.11427115511697038,0.9999949324938985,2.239177978009275e-10,5.0672808376439115e-06
2019-07-30T00:00:00Z,SPY,272.21661376953125,-0.0024548350498688,0.0022994472741819,0.0723214820169465,0.1394,0.018500000000000003,stable_low_volatility,0.1143687444576682,0.99818703942824,9.52518601745595e-08,0.0018128653184766694
2019-07-31T00:00:00Z,SPY,269.238525390625,-0.0109401418879878,-0.0133027965678125,0.0832411777962763,0.1612,0.0189,transition_uncertainty,0.14605348284611344,0.41131076797384053,7.351668882568523e-05,0.5886157153385981
2019-08-01T00:00:00Z,SPY,266.8938903808594,-0.0087083934454176,-0.0172003831147662,0.0836190775434394,0.17870000000000003,0.0173,transition_uncertainty,0.16748715195752273,0.016245586368444004,0.0009484739304398616,0.982805939702613
2019-08-02T00:00:00Z,SPY,264.8844299316406,-0.0075290612548352,-0.0310917487222129,0.0871297313377023,0.1761,0.0172,transition_uncertainty,0.16983254785139323,0.00016247157432956809,0.012610427265539488,0.9872271011590316
2019-08-05T00:00:00Z,SPY,256.9184875488281,-0.0300732752954497,-0.0585152335425905,0.1359557469536822,0.2459,0.0159,transition_uncertainty,0.2019105203868753,3.9434990310430334e-23,0.26576055912348756,0.734239440876362
2019-08-06T00:00:00Z,SPY,260.5211486816406,0.0140225842335608,-0.0429638181370973,0.1472473482418489,0.20170000000000002,0.016,transition_uncertainty,0.17185760806534317,1.2273466154864477e-11,0.02852676800244228,0.9714732319838626
2019-08-07T00:00:00Z,SPY,260.67510986328125,0.0005909738323346,-0.0318060556709687,0.1455875928040836,0.1949,0.0159,transition_uncertainty,0.1683268254488576,1.1688704665669783e-08,0.0006552330443796369,0.9993447552682754
2019-08-08T00:00:00Z,SPY,265.7895812988281,0.0196200988971648,-0.0041376334259858,0.1635815832611509,0.1691,0.016200000000000003,transition_uncertainty,0.168246822057128,2.78774602945057e-07,2.3810444539985596e-05,0.9999759107804704
2019-08-09T00:00:00Z,SPY,263.9792175292969,-0.0068112668701481,-0.0034173862260509,0.1635278047842802,0.1797,0.0163,transition_uncertainty,0.16824413061456994,2.8965706617894094e-06,3.6798724259275065e-06,0.9999934235563859
2019-08-12T00:00:00Z,SPY,260.7655639648437,-0.0121738885149035,0.0149739181976324,0.167678017713277,0.2109,0.0158,transition_uncertainty,0.16824527260591318,5.069059500930563e-09,1.1462662642416773e-05,0.9999885322688882
2019-08-13T00:00:00Z,SPY,264.82098388671875,0.015551976496489,0.0165047453031637,0.1788056884978123,0.1752,0.0166,transition_uncertainty,0.16825714316367854,1.4676737632489722e-07,0.00010522767544712976,0.9998946255589476
2019-08-14T00:00:00Z,SPY,256.9908752441406,-0.0295675536268212,-0.0141334346078263,0.2054104040796866,0.22100000000000003,0.0158,transition_uncertainty,0.16902140054835457,1.2765557694458206e-17,0.006138113795330552,0.9938618862043863
2019-08-15T00:00:00Z,SPY,257.6698303222656,0.0026419423548793,-0.0305495457605369,0.2050459496762732,0.2118,0.0148,transition_uncertainty,0.16834285573861327,1.9824053084678842e-12,0.0007817690938725594,0.9992182309047908
2019-08-16T00:00:00Z,SPY,261.47174072265625,0.0147549691620303,-0.0094987659638863,0.2133313646701588,0.1847,0.0148,transition_uncertainty,0.16825518197647435,3.1293360202834166e-10,8.96839237490576e-05,0.9999103157625493
2019-08-19T00:00:00Z,SPY,264.6218566894531,0.0120476345095288,0.0147883511379949,0.2182454948295481,0.1688,0.015300000000000001,transition_uncertainty,0.16824748258854155,8.460443742021348e-09,2.8909425291492704e-05,0.9999710821136786
2019-08-20T00:00:00Z,SPY,262.5941467285156,-0.0076626699937228,-0.0084088395319749,0.2173154593331251,0.17500000000000002,0.015,transition_uncertainty,0.16824676983972708,4.119904131353255e-09,2.3281227777678358e-05,0.9999767146528814
2019-08-21T00:00:00Z,SPY,264.7305603027344,0.0081358004389469,0.0301165753501599,0.2189751673797542,0.158,0.015600000000000001,transition_uncertainty,0.168249717424929,1.2010306620974205e-08,4.6552445152853114e-05,0.9999534355447797
2019-08-22T00:00:00Z,SPY,264.6490478515625,-0.0003079072211332,0.0270858932944071,0.2186638215356229,0.1668,0.0161,transition_uncertainty,0.16827274988742455,1.4680960578310002e-08,0.0002283688523632681,0.9997716164681159
2019-08-23T00:00:00Z,SPY,257.8508605957031,-0.0256875560711344,-0.0138480744303217,0.2331873901736789,0.19870000000000002,0.0151,transition_uncertainty,0.169027951870844,1.5102262880506006e-16,0.006189829086507815,0.9938101709121978
2019-08-26T00:00:00Z,SPY,260.7022705078125,0.0110583688009489,-0.0148120273611429,0.2383739700487628,0.1932,0.0154,transition_uncertainty,0.1684542239931732,2.7531728613951227e-12,0.0016608956482985677,0.9983391043493617
2019-08-27T00:00:00Z,SPY,259.6793518066406,-0.0039237046120824,-0.0110999995932448,0.2384456141879705,0.2031,0.015300000000000001,transition_uncertainty,0.1683022450912614,2.587456542414323e-12,0.0004611939121528005,0.9995388060860305
2019-08-28T00:00:00Z,SPY,261.5079650878906,0.0070418124064466,-0.012173113716673,0.2383608547060043,0.1935,0.015,transition_uncertainty,0.16826805862590297,1.0478491776981778e-11,0.00019133039184996518,0.9998086695992748
2019-08-29T00:00:00Z,SPY,264.8481750488281,0.0127728803970268,0.0007524198514301,0.2417877987509214,0.1788,0.015300000000000001,transition_uncertainty,0.16826627530793611,4.0283393801275386e-11,0.00017725312390517282,0.9998227468373856
2019-08-30T00:00:00Z,SPY,264.7305603027344,-0.0004440836568803,0.0266809259086331,0.2403028271502468,0.1898,0.015,transition_uncertainty,0.1682605462898442,1.860142057284991e-11,0.00013202899352810987,0.9998679709860883
2019-09-03T00:00:00Z,SPY,263.1826477050781,-0.0058471246987357,0.0095142140205921,0.2131918755719633,0.1966,0.0147,transition_uncertainty,0.16824676129839253,1.0296399758135792e-09,2.3212485378474827e-05,0.9999767864867408
2019-09-04T00:00:00Z,SPY,266.1697692871094,0.0113499944167239,0.0249939682740025,0.2113007553929505,0.17329999999999998,0.0143,transition_uncertainty,0.16824654199044164,6.771720250358861e-09,2.1483745835056635e-05,0.999978509482302
2019-09-05T00:00:00Z,SPY,269.5915832519531,0.0128557573386658,0.0309115562172099,0.2153195335572471,0.1627,0.015500000000000002,transition_uncertainty,0.16825102283642573,2.4746740858583368e-09,5.685313302701448e-05,0.999943144391351
2019-09-06T00:00:00Z,SPY,269.7996826171875,0.0007719060169615,0.0186956454106075,0.2048526920925884,0.15,0.015300000000000001,transition_uncertainty,0.1682451780560936,1.6715981644766974e-06,1.1426332045063217e-05,0.9999869020705906
2019-09-09T00:00:00Z,SPY,269.935546875,0.0005035745650052,0.0196614496124414,0.2028965147208359,0.1527,0.0158,transition_uncertainty,0.16824492642876374,1.6036764601193922e-06,9.4110807731003e-06,0.9999889852430893
2019-09-10T00:00:00Z,SPY,269.8721618652344,-0.0002348153494395,0.0254177629812908,0.1967908359174835,0.152,0.0167,transition_uncertainty,0.1682444299569248,1.0241934307673826e-05,9.17237314243423e-06,0.9999805856925505
2019-09-11T00:00:00Z,SPY,271.79119873046875,0.0071109107807594,0.0211197141524202,0.1912267147072582,0.1461,0.0168,transition_uncertainty,0.1680216387182591,0.00412529974351702,3.7297575398434408e-06,0.9958709704985921
2019-09-12T00:00:00Z,SPY,272.7325134277344,0.0034633744641565,0.0116506982076136,0.1512691476237456,0.14220000000000002,0.0172,stable_low_volatility,0.13479686762160886,0.6196993787636305,3.452175036464086e-07,0.38030027601951205
2019-09-13T00:00:00Z,SPY,272.5516052246094,-0.0006633173318844,0.0101998734050643,0.1518189637567625,0.1374,0.0179,stable_low_volatility,0.12012421864689686,0.8915507970590281,1.1706162317679885e-07,0.10844908587923256
2019-09-16T00:00:00Z,SPY,271.7096862792969,-0.0030890258181333,0.0065724556281518,0.1464340896312619,0.1467,0.0174,stable_low_volatility,0.11614963160540034,0.9651909215745673,1.3824422678665726e-08,0.03480906460068277
2019-09-17T00:00:00Z,SPY,272.3977966308594,0.0025325205037232,0.0093586339108449,0.1415898124605435,0.1444,0.0172,stable_low_volatility,0.11459331376039708,0.994026043388972,1.4406704025954738e-09,0.005973955172122571
2019-09-18T00:00:00Z,SPY,272.56060791015625,0.0005976967556662,0.0028308833519312,0.1374904963689636,0.13949999999999999,0.0177,stable_low_volatility,0.11431223782590313,0.9992337612480812,6.911159124708692e-10,0.0007662380616853371
2019-09-19T00:00:00Z,SPY,272.54248046875,-6.650792843920783e-05,-0.0006967741271328,0.13561801810694,0.1405,0.0174,stable_low_volatility,0.11429102771931439,0.9996267408208699,1.9251184755547003e-09,0.00037325725297369716
2019-09-20T00:00:00Z,SPY,271.2548217773437,-0.0047246164678312,-0.004757937294836,0.1372816188294961,0.1532,0.0169,stable_low_volatility,0.11433732556473512,0.9987689406001029,7.083900502957616e-10,0.0012310586928084082
2019-09-23T00:00:00Z,SPY,271.1911926269531,-0.0002345733431527,-0.0019082634095376,0.0926322831465054,0.1491,0.0168,stable_low_volatility,0.11427679524811137,0.9998904344721118,7.420996004926087e-10,0.00010956478516050268
2019-09-24T00:00:00Z,SPY,269.0631408691406,-0.0078470533544937,-0.0122418602608511,0.0939483324186893,0.1705,0.016,stable_low_volatility,0.11441324071434156,0.997362444765849,1.9936279328820636e-08,0.0026375352971295457
2019-09-25T00:00:00Z,SPY,270.6546325683594,0.0059149376390903,-0.0069928496139293,0.092773978706952,0.15960000000000002,0.0168,stable_low_volatility,0.1143225327075019,0.9990430336686689,6.6412366660657565e-09,0.0009569596897065629
2019-09-26T00:00:00Z,SPY,270.0907592773437,-0.0020833683342671,-0.0089957396263125,0.0919589309989216,0.1607,0.0166,stable_low_volatility,0.1144519822457382,0.9966447107937926,4.6138343951420936e-08,0.0033552430675197905
2019-09-27T00:00:00Z,SPY,268.6357421875,-0.0053871413214461,-0.0096554213218505,0.0852337459680087,0.1722,0.0163,stable_low_volatility,0.1160481252102458,0.9670736616193427,8.870347859044341e-07,0.03292545134570669
2019-09-30T00:00:00Z,SPY,269.881591796875,0.0046376911695742,-0.0048290684420552,0.0862181168103166,0.1624,0.0163,stable_low_volatility,0.11866296368764097,0.9186267119048729,9.991743870595668e-07,0.08137228892069025
2019-10-01T00:00:00Z,SPY,266.67144775390625,-0.0118946387621162,-0.0088889660155925,0.0949093214687659,0.1856,0.015600000000000001,transition_uncertainty,0.16659638971420615,0.030626559197441578,4.400318934405248e-05,0.9693294376120432
2019-10-02T00:00:00Z,SPY,261.9607238769531,-0.0176648978232583,-0.032121780473166,0.1071352436488955,0.2056,0.0148,transition_uncertainty,0.16826048083172102,1.1260893772974903e-08,0.0001315170646124843,0.9998684716733306
2019-10-03T00:00:00Z,SPY,264.1069030761719,0.0081927518272808,-0.0221549830774747,0.1004247362339299,0.1912,0.0139,transition_uncertainty,0.1682444803130104,1.0839714310343548e-05,9.824565939368354e-06,0.9999793357189954
2019-10-04T00:00:00Z,SPY,267.68084716796875,0.0135321873459934,-0.0035546089725646,0.112749554063387,0.1704,0.013999999999999999,transition_uncertainty,0.16822385857620206,0.00037871736190666424,3.775500648940957e-06,0.9996175071375772
2019-10-07T00:00:00Z,SPY,266.5259704589844,-0.0043143793110446,-0.0124336799540452,0.1135390565253825,0.1786,0.0146,transition_uncertainty,0.16822855426694908,0.00028885644516526493,2.556946907914594e-06,0.9997085866082724
2019-10-08T00:00:00Z,SPY,262.38824462890625,-0.0155246628422459,-0.0160617237468657,0.1253794551774337,0.2028,0.014199999999999999,transition_uncertainty,0.1682459646165967,2.4248932370079014e-07,1.7026458760422916e-05,0.9999827310529764
2019-10-09T00:00:00Z,SPY,264.8798522949219,0.0094958814543673,0.0111433820107318,0.1277627260333907,0.1864,0.0147,transition_uncertainty,0.16795057393814744,0.005437769402604372,1.9383618423189877e-06,0.9945602922354059
2019-10-10T00:00:00Z,SPY,266.67144775390625,0.0067638042058011,0.0097102523556331,0.1298941833516879,0.1757,0.015300000000000001,transition_uncertainty,0.16301841759478986,0.09681760259954314,1.0056072385717972e-06,0.9031813917928738
2019-10-11T00:00:00Z,SPY,269.4360046386719,0.0103669024488772,0.0065569034515262,0.1361056305692763,0.1558,0.0163,transition_uncertainty,0.15048748472820966,0.3289884026064292,1.0656550390337095e-06,0.6710105317370476
2019-10-14T00:00:00Z,SPY,269.1359558105469,-0.0011136181614902,0.0097926117558744,0.1358007595761003,0.1457,0.0163,stable_low_volatility,0.13041154393096355,0.7009501249407265,4.864631436420228e-07,0.29904938859570107
2019-10-15T00:00:00Z,SPY,271.80047607421875,0.0099002760729134,0.0358713914894477,0.140360645673137,0.1354,0.0161,stable_low_volatility,0.12799346410721146,0.7457521726073666,6.314807099446588e-07,0.2542471959125737
2019-10-16T00:00:00Z,SPY,271.3639831542969,-0.0016059314031616,0.0244795170459226,0.14043145534399,0.1368,0.0158,stable_low_volatility,0.11766891264574626,0.9370420639115584,4.9006731044126393e-08,0.06295788708243175
2019-10-17T00:00:00Z,SPY,272.1641540527344,0.002948699710022,0.0205972793303952,0.1408810693379235,0.1379,0.016,stable_low_volatility,0.11493201888092269,0.9877505994091882,9.054182156534765e-09,0.012249391536340708
2019-10-18T00:00:00Z,SPY,270.972900390625,-0.0043769675189428,0.0057041216670881,0.1407330214571487,0.14250000000000002,0.0158,stable_low_volatility,0.1144278697792976,0.9970913597971616,2.6685892568398506e-09,0.0029086375329324976
2019-10-21T00:00:00Z,SPY,272.8099060058594,0.0067792964262707,0.0136509080856468,0.1427856316670269,0.14,0.016200000000000003,stable_low_volatility,0.11432527425497647,0.9989922260428976,1.1964468148162872e-09,0.0010077727622107766
2019-10-22T00:00:00Z,SPY,271.9187316894531,-0.0032666494023392,0.0004350824433512,0.1402004139563126,0.1446,0.016,stable_low_volatility,0.11429547947231625,0.9995442559670025,3.66770283305015e-10,0.00045574366763470744
2019-10-23T00:00:00Z,SPY,272.7098999023437,0.0029095759897637,0.0049598208738024,0.1390782846349978,0.1401,0.0158,stable_low_volatility,0.11428124594834849,0.9998079713576234,1.3633717312113076e-10,0.00019202850725831487
2019-10-24T00:00:00Z,SPY,273.15545654296875,0.0016338117566856,0.0036422962960886,0.1388306708211805,0.1371,0.0158,stable_low_volatility,0.11427712985344686,0.9998842333555784,5.147903992700598e-11,0.00011576659432377093
2019-10-25T00:00:00Z,SPY,274.27398681640625,0.0040948487267782,0.0121823489397741,0.1375018296150914,0.1265,0.0163,stable_low_volatility,0.11427364572310313,0.9999487866679845,6.610653164820027e-11,5.1213266155111655e-05
2019-10-28T00:00:00Z,SPY,275.8199157714844,0.005636440309277,0.0110333594908402,0.1378904487417386,0.1311,0.016399999999999998,stable_low_volatility,0.11427481162855581,0.9999271849255511,3.638084460349543e-11,7.281503645576741e-05
2019-10-29T00:00:00Z,SPY,275.73809814453125,-0.0002966342249952,0.0140459851049909,0.1291847978581391,0.132,0.016399999999999998,stable_low_volatility,0.11427267116896822,0.9999668428648988,2.2367665399301213e-12,3.315713295855835e-05
2019-10-30T00:00:00Z,SPY,276.5838623046875,0.003067273495565,0.0142054336998069,0.1066988056064767,0.1233,0.0161,stable_low_volatility,0.11427112643002545,0.9999954634834594,1.2854818151264836e-12,4.536515844113562e-06
2019-10-31T00:00:00Z,SPY,275.8472595214844,-0.0026632167801303,0.0098544726603042,0.1062929917092184,0.1322,0.0152,stable_low_volatility,0.11427131373810091,0.9999919930735318,1.956093642132226e-12,8.006923713077686e-06
2019-11-01T00:00:00Z,SPY,278.4027709960937,0.0092642264383646,0.0150535026220011,0.1012985505041236,0.12300000000000001,0.015600000000000001,stable_low_volatility,0.11427137486216346,0.9999908605840763,2.507623234150468e-12,9.139413854179783e-06
2019-11-04T00:00:00Z,SPY,279.521240234375,0.0040174500931851,0.0134193517264256,0.0987245837136001,0.1283,0.016,stable_low_volatility,0.11427109867227893,0.9999959777641326,2.6206451919046906e-13,4.022233951336808e-06
2019-11-05T00:00:00Z,SPY,279.2120361328125,-0.0011061917917337,0.0125986869847065,0.0738754481425225,0.131,0.0163,stable_low_volatility,0.11427097727745145,0.9999982269489267,1.2225989293883098e-13,1.7730511061388316e-06
2019-11-06T00:00:00Z,SPY,279.2756042480469,0.0002276696811311,0.0097321004954153,0.0705506620531557,0.1262,0.0161,stable_low_volatility,0.11427093791553046,0.9999989562389591,1.4633648657590943e-13,1.0437610647281191e-06
2019-11-07T00:00:00Z,SPY,280.2578430175781,0.0035170947787435,0.0159892235425678,0.0689782363365961,0.1273,0.0168,stable_low_volatility,0.11427095970811751,0.9999985524747462,1.1338156165632293e-13,1.447526795969998e-06
2019-11-08T00:00:00Z,SPY,280.948974609375,0.0024660562015155,0.0091457552817135,0.0624836873014297,0.1207,0.0168,stable_low_volatility,0.11427091806012356,0.9999993241183357,1.7898970331201785e-13,6.758823698102188e-07
2019-11-11T00:00:00Z,SPY,280.41241455078125,-0.0019098131941566,0.0031882168083505,0.0630875885041522,0.12689999999999999,0.0168,stable_low_volatility,0.11427095170252358,0.9999987007985764,1.431207755592213e-13,1.2992021952427054e-06
2019-11-12T00:00:00Z,SPY,281.0035400390625,0.0021080574810792,0.0064162846668895,0.0559776596998255,0.1268,0.0166,stable_low_volatility,0.11427092649322938,0.9999991678709017,1.5953612091744232e-13,8.321296749527498e-07
2019-11-13T00:00:00Z,SPY,281.094482421875,0.0003236342958521,0.0065128430344836,0.0548897072534357,0.13,0.0163,stable_low_volatility,0.11427093407102494,0.9999990274668744,1.8409740449429674e-13,9.725323368187473e-07
2019-11-14T00:00:00Z,SPY,281.50360107421875,0.0014554488897071,0.0044450426194226,0.0547183793462725,0.1305,0.0158,stable_low_volatility,0.11427093617158078,0.9999989885514536,1.845832466886483e-13,1.0114488040511756e-06
2019-11-15T00:00:00Z,SPY,283.5408020019531,0.0072368556564121,0.0092252601960258,0.0531069064315515,0.12050000000000001,0.0161,stable_low_volatility,0.11427093632368852,0.999998985732023,3.5273859473774e-13,1.014267552302948e-06
2019-11-18T00:00:00Z,SPY,283.7499694824219,0.0007376979926412,0.0119023080236564,0.0505965325695677,0.12460000000000002,0.016,stable_low_volatility,0.11427092253242775,0.9999992412525139,2.4463574396989875e-13,7.587468416272173e-07
2019-11-19T00:00:00Z,SPY,283.6680908203125,-0.0002885591926538,0.0094822676642423,0.0475145993724965,0.1286,0.016,stable_low_volatility,0.1142709355119565,0.9999990007750502,5.542840852850445e-13,9.992252676305802e-07
2019-11-20T00:00:00Z,SPY,282.61309814453125,-0.0037191094448811,0.0054025098947942,0.0516982915062,0.1278,0.015600000000000001,stable_low_volatility,0.11427096363872,0.9999984796497945,6.800159121349945e-13,1.5203509077729173e-06
2019-11-21T00:00:00Z,SPY,282.1584167480469,-0.0016088475710062,0.0023261360470321,0.0530866112943489,0.1313,0.016,stable_low_volatility,0.11427094842734951,0.9999987614799859,2.435528458625349e-13,1.2385204906184637e-06
2019-11-22T00:00:00Z,SPY,282.7860107421875,0.0022242611132208,-0.0026620199083743,0.0523456469780204,0.1234,0.0161,stable_low_volatility,0.11427093354532035,0.9999990372093722,3.030963546199381e-13,9.627903831777917e-07
2019-11-25T00:00:00Z,SPY,284.9776306152344,0.007750100039584,0.0043265595236956,0.0549867387753827,0.1187,0.0161,stable_low_volatility,0.11427093581229894,0.9999989952053102,2.3603163005839346e-13,1.0047939441014277e-06
2019-11-26T00:00:00Z,SPY,285.6231994628906,0.0022653316551988,0.0068922402830868,0.05454412472625,0.11539999999999999,0.0158,stable_low_volatility,0.11427091185324573,0.9999994391147747,1.8179452625910012e-13,5.608848440197543e-07
2019-11-27T00:00:00Z,SPY,286.896484375,0.0044579183851443,0.0151563613243366,0.0552003281645029,0.11750000000000001,0.0163,stable_low_volatility,0.11427092372577162,0.9999992191481717,4.762725893738434e-13,7.808526057879602e-07
2019-11-29T00:00:00Z,SPY,285.8324279785156,-0.0037088512910934,0.0130210938692267,0.0564453341943809,0.1262,0.0161,stable_low_volatility,0.1142709625765733,0.999998499342144,7.314828906151644e-12,1.5006511316885304e-06
2019-12-02T00:00:00Z,SPY,283.404296875,-0.0084949462196715,0.0021864098976811,0.0604299512702864,0.1491,0.0161,stable_low_volatility,0.11427209628500108,0.9999774949269009,3.0930683130387754e-10,2.2504765240789633e-05
2019-12-03T00:00:00Z,SPY,281.50360107421875,-0.0067066583737069,-0.0121905341605781,0.0649329698722755,0.15960000000000002,0.015300000000000001,stable_low_volatility,0.11427795341499254,0.99986897479795,1.5017668683419976e-10,0.0001310250523000428
2019-12-04T00:00:00Z,SPY,283.2406311035156,0.0061705428373504,-0.0083416485910646,0.0678157515811358,0.14800000000000002,0.0158,stable_low_volatility,0.11427172928484705,0.9999842939210937,9.607326004709275e-12,1.570606784868489e-05
2019-12-05T00:00:00Z,SPY,283.7499694824219,0.0017982532270242,-0.0109674222722971,0.0678944607634031,0.1452,0.0158,stable_low_volatility,0.1142715182191421,0.9999882044980861,3.4803321209153547e-12,1.1795499393234542e-05
2019-12-06T00:00:00Z,SPY,286.3417358398437,0.0091339793345155,0.0017818407272054,0.0735143495945746,0.1362,0.0161,stable_low_volatility,0.11427116341024085,0.9999947783317017,7.8738901608433e-12,5.221659388379014e-06
2019-12-09T00:00:00Z,SPY,285.4414367675781,-0.0031441419799493,0.0071881051735662,0.0747956895341575,0.1586,0.0163,stable_low_volatility,0.11427209103098741,0.9999775915567239,7.334451245400888e-12,2.2408435226300376e-05
2019-12-10T00:00:00Z,SPY,285.12310791015625,-0.001115216000265,0.0128577638869464,0.0744666145616699,0.1568,0.0165,stable_low_volatility,0.11427163630895905,0.999986016551246,2.4005467237375463e-12,1.3983447503153396e-05
2019-12-11T00:00:00Z,SPY,285.9325256347656,0.0028388359349127,0.009503913759697,0.0746765403703521,0.1499,0.0161,stable_low_volatility,0.11427122779683374,0.99999358537627,2.863677461578346e-12,6.414619334497648e-06
2019-12-12T00:00:00Z,SPY,288.3969421386719,0.0086188743251061,0.0163769979067358,0.0794753860613276,0.1394,0.0166,stable_low_volatility,0.11427167226205011,0.9999853504141215,1.9928297299442164e-12,1.4649583633673084e-05
2019-12-13T00:00:00Z,SPY,288.5697631835937,0.0005992471474915,0.0077810080225124,0.0795088136963108,0.12630000000000002,0.0161,stable_low_volatility,0.11427097576536455,0.9999982549649522,4.891179621987547e-13,1.7450345583226304e-06
2019-12-16T00:00:00Z,SPY,290.5521850585937,0.0068698184214772,0.0179047175101527,0.0791555163271068,0.12140000000000001,0.0165,stable_low_volatility,0.11427105285717717,0.9999968266288636,9.667657431877077e-13,3.17337168649696e-06
2019-12-17T00:00:00Z,SPY,290.6158142089844,0.0002189938801451,0.0192643323057453,0.0792189244611561,0.1229,0.0163,stable_low_volatility,0.11427098322012165,0.9999981168456994,3.3832925804519247e-13,1.8831544028726144e-06
2019-12-18T00:00:00Z,SPY,290.6340026855469,6.258598353303668e-05,0.0164426101589667,0.0791414380279185,0.1258,0.0163,stable_low_volatility,0.11427097332894648,0.9999983001085535,2.520152416910473e-13,1.699892054903622e-06
2019-12-19T00:00:00Z,SPY,291.82537841796875,0.0040992303770832,0.0118879078740312,0.0775187032348437,0.125,0.016200000000000003,stable_low_volatility,0.11427098760492589,0.999998035606151,1.854267265381682e-12,1.964391692347213e-06
2019-12-20T00:00:00Z,SPY,293.1047668457031,0.0043840889872914,0.0157154499212868,0.077137600318833,0.1251,0.0163,stable_low_volatility,0.11427132219820542,0.9999918363324822,2.3493227599654244e-12,8.163666030994638e-06
2019-12-23T00:00:00Z,SPY,293.5526123046875,0.0015279364570011,0.010326638037462,0.0771389645013348,0.1261,0.016399999999999998,stable_low_volatility,0.11427094752787358,0.9999987781455464,3.8789876689400844e-13,1.2218547565313375e-06
2019-12-24T00:00:00Z,SPY,293.561767578125,3.1187845223490385e-05,0.0101369341415886,0.0741740083609344,0.1267,0.016200000000000003,stable_low_volatility,0.11427110719146175,0.9999958199310695,9.670225213743592e-13,4.18006856326508e-06
2019-12-26T00:00:00Z,SPY,295.1243591308594,0.0053228714543644,0.0154502102431932,0.0753765273055446,0.1265,0.016399999999999998,stable_low_volatility,0.11427102676976217,0.9999973099693108,4.689300216616692e-13,2.6900314556473783e-06
2019-12-27T00:00:00Z,SPY,295.0513000488281,-0.0002475535474144,0.0110542874932522,0.0748945868566913,0.1343,0.0159,stable_low_volatility,0.11427099300144694,0.9999979356237808,1.2017516918367359e-12,2.0643762682683387e-06
2019-12-30T00:00:00Z,SPY,293.42462158203125,-0.0055132055562123,0.0010912641911979,0.0767896948883991,0.1482,0.0158,stable_low_volatility,0.11427149107462216,0.9999887074173845,8.62672314539364e-13,1.1292581787511355e-05
2019-12-31T00:00:00Z,SPY,294.1374206542969,0.0024292408333781,0.0019921755933902,0.0674448428903934,0.1378,0.0158,stable_low_volatility,0.11427099895201795,0.9999978253641528,3.297286409237152e-13,2.1746346599944137e-06
2020-01-02T00:00:00Z,SPY,296.8881530761719,0.0093518615066254,0.0113311264116218,0.0643129256612957,0.1247,0.0158,stable_low_volatility,0.11427100067056575,0.9999977935391839,5.691690414985364e-12,2.2064553452749122e-06
2020-01-03T00:00:00Z,SPY,294.6400756835937,-0.0075721357328844,-0.0016409470525978,0.0724269345479054,0.1402,0.015300000000000001,stable_low_volatility,0.11427152771294069,0.9999880285893493,2.836975058733219e-12,1.1971406208919323e-05
2020-01-06T00:00:00Z,SPY,295.7641296386719,0.0038150070131166,0.0024159513607491,0.0727132727912592,0.1385,0.0154,stable_low_volatility,0.11427102765305434,0.9999972935984504,3.91253345610117e-13,2.7064007208760393e-06
2020-01-07T00:00:00Z,SPY,294.9325561523437,-0.0028116103441754,0.0051390867002989,0.0696904770320175,0.1379,0.0154,stable_low_volatility,0.11427103037937232,0.9999972430925286,3.5043344558254677e-13,2.7569088832528202e-06
2020-01-08T00:00:00Z,SPY,296.5043640136719,0.0053293806619172,0.0080470664157923,0.0687063999699927,0.1345,0.0158,stable_low_volatility,0.11427100062187129,0.9999977944232108,2.8467130034448713e-13,2.205574966223031e-06
2020-01-09T00:00:00Z,SPY,298.51483154296875,0.0067805664040889,0.0054790952415657,0.0697963940115409,0.12539999999999998,0.0158,stable_low_volatility,0.11427095951835778,0.9999985559853907,2.2519351353810297e-13,1.444014291644364e-06
2020-01-10T00:00:00Z,SPY,297.65582275390625,-0.0028776084076708,0.0102353594069499,0.072120914575128,0.12560000000000002,0.015600000000000001,stable_low_volatility,0.11427095129465185,0.9999987083546487,2.0663177603046506e-13,1.291645724643044e-06
2020-01-13T00:00:00Z,SPY,299.702880859375,0.0068772654488307,0.0133172038999962,0.0702690438753077,0.1232,0.0158,stable_low_volatility,0.11427096349883235,0.9999984822400314,2.7284377183479716e-13,1.5177608796736112e-06
2020-01-14T00:00:00Z,SPY,299.2459411621094,-0.0015246423256105,0.0146249877125725,0.071198557839012,0.12390000000000001,0.0158,stable_low_volatility,0.1142709504669375,0.9999987236850716,1.8831058216480641e-13,1.2763136317234936e-06
2020-01-15T00:00:00Z,SPY,299.9222412109375,0.0022600141081337,0.0115272407832351,0.0687189600841817,0.1242,0.015600000000000001,stable_low_volatility,0.11427094084102371,0.9999989020331329,3.354425854475039e-13,1.0979656410631506e-06
2020-01-16T00:00:00Z,SPY,302.4171142578125,0.0083183995851789,0.013072324395654,0.0724512719642893,0.1232,0.0158,stable_low_volatility,0.11427099018497515,0.9999979878032045,7.178078257415267e-13,2.01219653424563e-06
2020-01-17T00:00:00Z,SPY,303.3583374023437,0.0031123342567473,0.0191580819608296,0.0721824720224249,0.121,0.0158,stable_low_volatility,0.11427101380283292,0.9999975502135379,1.0310452151200924e-12,2.44978480372061e-06
2020-01-21T00:00:00Z,SPY,302.7642517089844,-0.0019583628340217,0.0102146860945451,0.0732047494737285,0.1285,0.015300000000000001,stable_low_volatility,0.11427097924923459,0.999998190412771,2.7673820121443933e-13,1.8095859177362479e-06
2020-01-22T00:00:00Z,SPY,302.8009033203125,0.0001210566013696,0.0118797339218623,0.0728074313891352,0.1291,0.015300000000000001,stable_low_volatility,0.11427095972640573,0.9999985521509666,7.65912545661239e-12,1.4478421798802755e-06
2020-01-23T00:00:00Z,SPY,303.14813232421875,0.0011467238046478,0.0107557582267212,0.0728269397787002,0.1298,0.0151,stable_low_volatility,0.1142747165599644,0.9999289591202275,5.481185383109063e-09,7.103539792022474e-05
2020-01-24T00:00:00Z,SPY,300.4522399902344,-0.0088929867827821,-0.0064972323818388,0.0817997267598902,0.1456,0.0149,stable_low_volatility,0.1171419285947916,0.9468146070492414,3.7498585780042065e-06,0.05318164309074573
2020-01-27T00:00:00Z,SPY,295.6361694335937,-0.0160294047293412,-0.0254555982699368,0.1006760719470265,0.18230000000000002,0.0144,transition_uncertainty,0.16783817508528492,0.007775236028665957,0.0001105666310213798,0.9921141973400138
2020-01-28T00:00:00Z,SPY,298.7342224121094,0.0104792758763285,-0.0133107831394462,0.1071269250724921,0.16280000000000003,0.014499999999999999,transition_uncertainty,0.16696519286398803,0.02370133089264319,4.756630708546593e-06,0.9762939124755793
2020-01-29T00:00:00Z,SPY,298.4873962402344,-0.0008262400266096,-0.0142453573710615,0.1048229254003281,0.16390000000000002,0.014199999999999999,transition_uncertainty,0.16605266306424615,0.0406037499394426,2.7313473586736814e-06,0.9593935187114916
2020-01-30T00:00:00Z,SPY,299.4561462402344,0.0032455306729946,-0.012178818505917,0.1050243484064615,0.1549,0.0141,transition_uncertainty,0.16598810329024458,0.04180259608291198,3.879711851580242e-06,0.9581935242067505
2020-01-31T00:00:00Z,SPY,294.0186767578125,-0.0181578155956757,-0.0214129314949723,0.1203537623474132,0.1884,0.013300000000000001,transition_uncertainty,0.16824765011877568,1.0490155470491395e-05,3.4697670538309675e-05,0.9999548121728385
2020-02-03T00:00:00Z,SPY,296.2027893066406,0.0074284823430696,0.0019166121457074,0.1203712829491454,0.1797,0.013600000000000001,transition_uncertainty,0.16784713182150166,0.007354434713682455,1.985282098238642e-06,0.9926435800027344
2020-02-04T00:00:00Z,SPY,300.7172546386719,0.015241130384352,0.0066381153473165,0.1310236490269326,0.1605,0.0141,transition_uncertainty,0.16676273530870023,0.027449123596188195,3.3501981601008594e-06,0.9725475262053096
2020-02-05T00:00:00Z,SPY,304.1899719238281,0.0115481144882387,0.0191049128218603,0.1354994434960585,0.1515,0.0144,transition_uncertainty,0.16176826888451123,0.1199843076527188,2.793199311933528e-06,0.8800128991469334
2020-02-06T00:00:00Z,SPY,305.2135009765625,0.0033647692139919,0.0192260362948415,0.1349544186598345,0.1496,0.0144,transition_uncertainty,0.1550006938138769,0.24536968037404025,1.546190006708808e-06,0.7546287734345608
2020-02-07T00:00:00Z,SPY,303.5868530273437,-0.0053295412686992,0.0325427499199741,0.135474337581637,0.1547,0.0141,transition_uncertainty,0.15360998957930339,0.2711385385912351,2.4680586073932465e-06,0.7288589933514372
2020-02-10T00:00:00Z,SPY,305.85321044921875,0.007465268667846,0.0325804532940694,0.1366587638904315,0.1504,0.013700000000000002,transition_uncertainty,0.1460557015668279,0.41109839660898223,5.49020429948689e-07,0.5889010543713136
2020-02-11T00:00:00Z,SPY,306.3833312988281,0.0017332525260427,0.0188418741284543,0.1351278511456966,0.1518,0.0141,stable_low_volatility,0.12201740513109564,0.8564740061138966,3.006326647178708e-08,0.1435259638233952
2020-02-12T00:00:00Z,SPY,308.35723876953125,0.0064426072473828,0.0136995536682145,0.1360197536239483,0.1374,0.0144,stable_low_volatility,0.1150815798450298,0.9849795546325901,5.368111425129895e-09,0.015020439997862355
2020-02-13T00:00:00Z,SPY,308.0282592773437,-0.0010668777989459,0.009222260128648,0.1362858403126716,0.14150000000000001,0.0144,stable_low_volatility,0.11436818838664743,0.9981971224905958,1.642278983395496e-09,0.0018028758657378172
2020-02-14T00:00:00Z,SPY,308.5216979980469,0.0016019267902911,0.0162551339805832,0.1338073457895867,0.1368,0.014199999999999999,stable_low_volatility,0.11432282024820714,0.9990377076903992,7.2902418956283575e-09,0.0009622850177082254
2020-02-18T00:00:00Z,SPY,307.7266845703125,-0.0025768476995073,0.0061254028307962,0.1341414646398337,0.14830000000000002,0.0141,stable_low_volatility,0.11459866617094261,0.9939269871906368,4.92498866204567e-08,0.0060729635605065516
2020-02-19T00:00:00Z,SPY,309.1979064941406,0.0047809371029439,0.009186450135459,0.1344880417276592,0.1438,0.014199999999999999,stable_low_volatility,0.11648063758173946,0.9590589773278823,3.8422275989064316e-07,0.040940638449320964
2020-02-20T00:00:00Z,SPY,307.9277648925781,-0.0041078596422727,-0.0013927802657297,0.1357123359071556,0.15560000000000002,0.0139,stable_low_volatility,0.13508177120028558,0.6145364380342739,4.963843114024669e-05,0.38541392353579884
2020-02-21T00:00:00Z,SPY,304.7566223144531,-0.0102983327249859,-0.0106212234246497,0.1413861507659573,0.17079999999999998,0.0134,transition_uncertainty,0.17002668321414288,0.025377992541118857,0.024886115004060516,0.9497358924555535
2020-02-24T00:00:00Z,SPY,294.6492614746094,-0.0331653526118123,-0.0449642168231724,0.1838089671904051,0.2503,0.0126,stress_high_volatility,0.29476398770672463,1.2171970608500992e-25,0.9987337843462204,0.0012662156540012464
2020-02-25T00:00:00Z,SPY,285.7207336425781,-0.0303022236924922,-0.0715113509199304,0.2058179553462564,0.2785,0.012,stress_high_volatility,0.2949243922064614,1.855405542518888e-41,0.9999999966566975,3.344509437038583e-09
2020-02-26T00:00:00Z,SPY,284.66973876953125,-0.0036783990424776,-0.0793283758053976,0.2008216009516499,0.2756,0.0116,stress_high_volatility,0.2949243849687926,1.0570655604536158e-40,0.9999999395258801,6.047351878220471e-08
2020-02-27T00:00:00Z,SPY,271.8847961425781,-0.0449114917595924,-0.117050077515984,0.2531582326840504,0.39159999999999995,0.0111,stress_high_volatility,0.2949243926297898,2.4091644815648755e-105,1.0,3.4366348574496686e-26
2020-02-28T00:00:00Z,SPY,270.742431640625,-0.0042016490740219,-0.1116109977053483,0.2514471504543235,0.4011,0.0086,stress_high_volatility,0.2949243926297898,2.626356891001647e-108,1.0,8.389375404536177e-23
2020-03-02T00:00:00Z,SPY,282.4673156738281,0.0433064147431694,-0.0413438871009388,0.2971245915218706,0.3342,0.0084,stress_high_volatility,0.2949243926297898,8.444769233003792e-82,1.0,1.227710180735455e-16
2020-03-03T00:00:00Z,SPY,274.3796081542969,-0.0286323658375764,-0.0396930434263423,0.3097267949026504,0.3682,0.0070999999999999995,stress_high_volatility,0.2949243926297898,8.417507702432794e-80,1.0,1.2197384579401824e-18
2020-03-04T00:00:00Z,SPY,285.9125671386719,0.0420328575507311,0.004365860503869,0.3428914107547695,0.3199,0.0067,stress_high_volatility,0.2949243926297898,9.355022340242633e-76,1.0,8.555441170153841e-17
2020-03-05T00:00:00Z,SPY,276.40838623046875,-0.0332415640323828,0.01663789278426,0.3557972087494589,0.3962,0.0059,stress_high_volatility,0.2949243926297898,3.168911182477963e-93,1.0,1.0572667029048382e-23
2020-03-06T00:00:00Z,SPY,271.8391418457031,-0.0165307733498208,0.0040507511084699,0.3568152639901281,0.4194,0.0049,stress_high_volatility,0.2949243926297898,2.308613076687533e-101,1.0,7.546849508831899e-25
2020-03-09T00:00:00Z,SPY,250.60997009277344,-0.0780946099549543,-0.112782413445105,0.4462464091332665,0.5446,0.0038,stress_high_volatility,0.2949243926297898,1.9090549677156302e-249,1.0,5.233862768939824e-69
2020-03-10T00:00:00Z,SPY,263.5777587890625,0.0517449034110195,-0.0393682658776886,0.4918066081900167,0.473,0.005,stress_high_volatility,0.2949243926297898,8.257837840382985e-221,1.0,1.928604410398285e-49
2020-03-11T00:00:00Z,SPY,250.72869873046875,-0.0487486505599915,-0.1230581389279695,0.5128217017011064,0.539,0.005,stress_high_volatility,0.2949243926297898,3.0765984125460356e-264,1.0,2.227703418247767e-68
2020-03-12T00:00:00Z,SPY,226.7396545410156,-0.0956772970582084,-0.1796932877718096,0.600455094700852,0.7547,0.005,stress_high_volatility,0.2949243926297898,0.0,1.0,1.491870001777258e-151
2020-03-13T00:00:00Z,SPY,246.12286376953125,0.085486631210375,-0.0946010861481034,0.6921564807691508,0.5783,0.0049,stress_high_volatility,0.2949243926297898,0.0,1.0,2.898040296530066e-108
2020-03-16T00:00:00Z,SPY,219.191162109375,-0.1094238107247729,-0.1253693457278155,0.7829764849627571,0.8269,0.0036,stress_high_volatility,0.2949243926297898,0.0,1.0,3.614678606918077e-203
2020-03-17T00:00:00Z,SPY,231.02577209472656,0.0539921859597887,-0.1235005064307676,0.8201418594141846,0.7591,0.0047,stress_high_volatility,0.2949243926297898,0.0,1.0,5.544252296248875e-171
2020-03-18T00:00:00Z,SPY,219.3282623291016,-0.0506329214250119,-0.1252367062899424,0.827305605804334,0.7645000000000001,0.0054,stress_high_volatility,0.2949243926297898,0.0,1.0,3.0930074237038274e-174
2020-03-19T00:00:00Z,SPY,219.79429626464844,0.0021248239082274,-0.0306314230319638,0.8289061585576887,0.72,0.0044,stress_high_volatility,0.2949243926297898,0.0,1.0,3.5838931390541804e-150
2020-03-20T00:00:00Z,SPY,210.3224639892578,-0.0430940767634199,-0.1454574322432589,0.8340127659924383,0.6604000000000001,0.0037,stress_high_volatility,0.2949243926297898,0.0,1.0,8.738207829147903e-149
2020-03-23T00:00:00Z,SPY,204.94488525390625,-0.025568256634851,-0.0649947594527554,0.8325843066913158,0.6159,0.0028000000000000004,stress_high_volatility,0.2949243926297898,0.0,1.0,1.8968416617740936e-128
2020-03-24T00:00:00Z,SPY,223.5135498046875,0.0906032103595877,-0.0325168149939516,0.9098515621251584,0.6167,0.0038,stress_high_volatility,0.2949243926297898,0.0,1.0,9.802019157624953e-159
2020-03-25T00:00:00Z,SPY,226.8595428466797,0.014969978531127,0.0343379391128237,0.9145432313087876,0.6395000000000001,0.0034000000000000002,stress_high_volatility,0.2949243926297898,0.0,1.0,1.664409482294412e-149
2020-03-26T00:00:00Z,SPY,240.1058807373047,0.0583900404823498,0.0924117905598407,0.9354264897805298,0.61,0.003,stress_high_volatility,0.2949243926297898,0.0,1.0,1.2047105636543324e-156
2020-03-27T00:00:00Z,SPY,232.95416259765625,-0.0297856850389808,0.1076047616556752,0.939241523287248,0.6554000000000001,0.0025,stress_high_volatility,0.2949243926297898,0.0,1.0,2.192845181857879e-164
2020-03-30T00:00:00Z,SPY,240.51953125,0.0324757822224888,0.1735815263309466,0.9325935696246777,0.5708,0.0023,stress_high_volatility,0.2949243926297898,0.0,1.0,2.128793079562847e-151
2020-03-31T00:00:00Z,SPY,236.93450927734372,-0.0149053257921492,0.0600453953882611,0.9297259904156582,0.5354,0.0023,stress_high_volatility,0.2949243926297898,0.0,1.0,1.87197579231573e-132
2020-04-01T00:00:00Z,SPY,226.27130126953125,-0.045004875146029,-0.002592977001395,0.9208752807156304,0.5706,0.0023,stress_high_volatility,0.2949243926297898,0.0,1.0,1.94882998102948e-139
2020-04-02T00:00:00Z,SPY,231.49256896972656,0.0230752537811933,-0.0358729729614651,0.924769353983554,0.5091,0.0023,stress_high_volatility,0.2949243926297898,0.0,1.0,1.363352899826459e-126
2020-04-03T00:00:00Z,SPY,228.1465606689453,-0.0144540635393736,-0.0206375446358274,0.9245635980200754,0.46799999999999997,0.0023,stress_high_volatility,0.2949243926297898,0.0,1.0,4.566766256700189e-119
2020-04-06T00:00:00Z,SPY,243.47021484375,0.0671658346716883,0.0122679583583713,0.9181393296101464,0.4524,0.0027,stress_high_volatility,0.2949243926297898,0.0,1.0,2.213545715541806e-123
2020-04-07T00:00:00Z,SPY,243.718505859375,0.0010198003718209,0.0286323701968218,0.8976191007947488,0.467,0.0028000000000000004,stress_high_volatility,0.2949243926297898,0.0,1.0,3.19843254744793e-112
2020-04-08T00:00:00Z,SPY,251.8997802734375,0.0335685400056697,0.1132643815636962,0.8894416686095588,0.4335,0.0027,stress_high_volatility,0.2949243926297898,0.0,1.0,4.183128656208271e-112
2020-04-09T00:00:00Z,SPY,255.7329864501953,0.0152171874568405,0.1047135879495069,0.8064728772807561,0.4167,0.0023,stress_high_volatility,0.2949243926297898,0.0,1.0,1.27486626787057e-89
2020-04-13T00:00:00Z,SPY,253.3980865478516,-0.0091302257669386,0.1106811595356362,0.7558509103742223,0.4117,0.0025,stress_high_volatility,0.2949243926297898,1.767219195e-313,1.0,5.349166534765242e-79
2020-04-14T00:00:00Z,SPY,260.8715515136719,0.0294929810545709,0.0714721374895464,0.6203719401545849,0.3776,0.0023,stress_high_volatility,0.2949243926297898,1.4717348328732972e-228,1.0,4.644629997460755e-51
2020-04-15T00:00:00Z,SPY,255.3285369873047,-0.0212480605654568,0.0476370519628437,0.6064377314011921,0.40840000000000004,0.002,stress_high_volatility,0.2949243926297898,1.3901115063215778e-197,1.0,1.1538854582496635e-50
2020-04-16T00:00:00Z,SPY,256.5602722167969,0.0048241189332998,0.0185013735950876,0.5679762003871536,0.4011,0.002,stress_high_volatility,0.2949243926297898,1.207540618501173e-174,1.0,6.123731237924068e-43
2020-04-17T00:00:00Z,SPY,263.49139404296875,0.0270155693486129,0.0303379227704143,0.5713673698584458,0.3815,0.002,stress_high_volatility,0.2949243926297898,3.2379609873444432e-168,1.0,8.05221629322555e-43
2020-04-20T00:00:00Z,SPY,258.8492126464844,-0.0176179621097125,0.0215121044238959,0.5460202296397247,0.43829999999999997,0.002,stress_high_volatility,0.2949243926297898,1.346445160963422e-174,1.0,3.423404586535109e-45
2020-04-21T00:00:00Z,SPY,250.9897003173828,-0.0303632846657928,-0.037880141161238,0.5506289337146069,0.45409999999999995,0.002,stress_high_volatility,0.2949243926297898,3.66974147686972e-193,1.0,5.772327346000497e-50
2020-04-22T00:00:00Z,SPY,256.5602722167969,0.0221944242826297,0.0048241189332998,0.473755981474551,0.41979999999999995,0.0022,stress_high_volatility,0.2949243926297898,5.3903931052593654e-154,1.0,1.2984383124535346e-34
2020-04-23T00:00:00Z,SPY,256.5419006347656,-7.160727525157284e-05,-7.160727525157284e-05,0.4733911827074501,0.41380000000000006,0.0022,stress_high_volatility,0.2949243926297898,2.6553634330314178e-133,1.0,4.761078267042158e-33
2020-04-24T00:00:00Z,SPY,260.11767578125,0.0139383669398127,-0.0128039030419664,0.4355500762929588,0.3593,0.0022,stress_high_volatility,0.2949243926297898,3.039306582257832e-107,1.0,5.6394158979406275e-24
2020-04-27T00:00:00Z,SPY,263.8681945800781,0.0144185464811787,0.0193895970641728,0.4174299290060522,0.3329,0.0024,stress_high_volatility,0.2949243926297898,1.014785944380585e-86,1.0,4.846340893933535e-20
2020-04-28T00:00:00Z,SPY,262.65484619140625,-0.0045983123907858,0.0464765919050564,0.4076016918602205,0.3357,0.002,stress_high_volatility,0.2949243926297898,3.49627233356823e-83,1.0,7.189800346746336e-20
2020-04-29T00:00:00Z,SPY,269.53076171875,0.0261785214590444,0.0505553310724307,0.4075865944964845,0.3123,0.002,stress_high_volatility,0.2949243926297898,3.713320756740013e-83,1.0,1.647015163487768e-19
2020-04-30T00:00:00Z,SPY,267.0212707519531,-0.0093105920481739,0.0408485712909205,0.3633130072568937,0.34149999999999997,0.002,stress_high_volatility,0.2949243926297898,8.158263152813567e-75,1.0,5.179702347264471e-17
2020-05-01T00:00:00Z,SPY,259.9523010253906,-0.0264734330214807,-0.0006357690047886,0.3793548541182082,0.3719,0.002,stress_high_volatility,0.2949243926297898,1.1604807832981816e-86,1.0,9.818845992524845e-22
2020-05-04T00:00:00Z,SPY,260.6694641113281,0.0027588256888229,-0.0121224555837071,0.3719377424505318,0.3597,0.0019,stress_high_volatility,0.2949243926297898,1.6237806148904135e-80,1.0,1.9203609153925043e-18
2020-05-05T00:00:00Z,SPY,263.07769775390625,0.0092386488413143,0.0016099134230016,0.302010677328359,0.3361,0.0019,stress_high_volatility,0.29492439262942277,1.025238409580283e-58,0.999999999996362,4.195742503594288e-12
2020-05-06T00:00:00Z,SPY,261.2944030761719,-0.0067785855394041,-0.0305581395980789,0.3042583390792881,0.3412,0.0017000000000000001,stress_high_volatility,0.29492439262985604,1.5058217070165987e-56,1.0,3.9348873106255726e-13
2020-05-07T00:00:00Z,SPY,264.4474182128906,0.0120669065222938,-0.0096391292417054,0.2857814028247015,0.3144,0.0013000000000000002,stress_high_volatility,0.29492439253924946,6.737496613318352e-47,0.9999999992869562,7.117863439689947e-10
2020-05-08T00:00:00Z,SPY,268.8230285644531,0.016546239631048,0.034124443230822,0.2865874071281903,0.2798,0.0016,stress_high_volatility,0.29492438906848695,8.5056105229301e-39,0.9999999718857002,2.8115682887015926e-08
2020-05-11T00:00:00Z,SPY,268.8781433105469,0.0002050224133998,0.031490758716997,0.2834394561035873,0.2757,0.0017000000000000001,stress_high_volatility,0.29492436660094495,5.780107387379256e-34,0.999999794530616,2.0547018145778522e-07
2020-05-12T00:00:00Z,SPY,263.5189514160156,-0.0199316754740511,0.0016772750631341,0.2770787057541576,0.33039999999999997,0.0017000000000000001,stress_high_volatility,0.2949243926267125,5.794282203663684e-46,0.9999999999745341,2.6349828081863124e-11
2020-05-13T00:00:00Z,SPY,258.8583374023437,-0.0176860676950485,-0.0093230687115711,0.273533643278205,0.3528,0.0016,stress_high_volatility,0.2949243926298552,2.376708640360863e-55,1.0,3.8853568643649323e-13
2020-05-14T00:00:00Z,SPY,261.95623779296875,0.0119675511390229,-0.0094203242245926,0.2760947089290365,0.3261,0.0016,stress_high_volatility,0.2949243926079945,9.25988037410185e-49,0.999999999829015,1.701838309070524e-10
2020-05-15T00:00:00Z,SPY,263.1604919433594,0.0045971577563364,-0.0210641798484764,0.259554895382155,0.3189,0.0016,stress_high_volatility,0.29492439224464034,2.089042756406846e-42,0.9999999969586497,3.0421262408656767e-09
2020-05-18T00:00:00Z,SPY,271.1762084960937,0.0304594222846323,0.0085468649747877,0.2714490064123991,0.29300000000000004,0.0018,stress_high_volatility,0.2949243923901738,1.5130249696792296e-42,0.999999998108251,1.8919383235719255e-09
2020-05-19T00:00:00Z,SPY,268.39093017578125,-0.01027110134683,0.0184881532564777,0.2468687927963142,0.3053,0.0017000000000000001,stress_high_volatility,0.29492438179335806,1.8989617480279598e-36,0.999999914460208,8.553859137275104e-08
2020-05-20T00:00:00Z,SPY,272.95037841796875,0.0169880861443465,0.054439200827137,0.2423908581096841,0.2799,0.0016,stress_high_volatility,0.29492435485967355,2.2457809549398226e-34,0.9999997018494913,2.981490863572005e-07
2020-05-21T00:00:00Z,SPY,271.06591796875,-0.006904040434533,0.0347755802745224,0.2447893328169643,0.2953,0.0017000000000000001,stress_high_volatility,0.29492434668623996,1.5381852460976381e-32,0.9999996373299584,3.6266824895703876e-07
2020-05-22T00:00:00Z,SPY,271.5806884765625,0.0018990602421358,0.0319964310410827,0.241259440259613,0.2816,0.0017000000000000001,stress_high_volatility,0.2949237570228161,1.4540234741882163e-28,0.9999949825995279,5.017401585159388e-06
2020-05-26T00:00:00Z,SPY,274.9267578125,0.0123207189535727,0.0138306724517105,0.2399841744925015,0.2801,0.0018,stress_high_volatility,0.294923733996279,4.0052013778703775e-27,0.9999948008324834,5.199167536486836e-06
2020-05-27T00:00:00Z,SPY,279.01727294921875,0.0148785631826657,0.0395927789604433,0.2426921439221616,0.2762,0.0019,stress_high_volatility,0.29492419316091034,2.0699898672397126e-29,0.9999984254185283,1.5745814821516861e-06
2020-05-28T00:00:00Z,SPY,278.5025634765625,-0.0018447226123879,0.0203413715371065,0.2275928748895817,0.2859,0.0017000000000000001,stress_high_volatility,0.29492326810886393,9.157244834609033e-27,0.9999911231782971,8.876821248907107e-06
2020-05-29T00:00:00Z,SPY,279.7435913085937,0.0044560732818377,0.0320131479636778,0.2239966956078471,0.2751,0.0016,stress_high_volatility,0.29492157104596356,5.342091522311974e-25,0.9999777267846509,2.2273214344744467e-05
2020-06-01T00:00:00Z,SPY,280.8742370605469,0.0040417217304751,0.0342202114447707,0.1957183921335819,0.2823,0.0014000000000000002,stress_high_volatility,0.29490920489010813,6.998329466578237e-23,0.9998801099524051,0.00011989004822747391
2020-06-02T00:00:00Z,SPY,283.1999206542969,0.0082801598967892,0.0300922431400407,0.1962731006217061,0.2684,0.0017000000000000001,stress_high_volatility,0.2948383769046693,4.596817696849607e-20,0.9993210030229449,0.0006789969783343986
2020-06-03T00:00:00Z,SPY,286.96881103515625,0.0133082324746132,0.0284983721684666,0.198157481814594,0.2566,0.0019,stress_high_volatility,0.29474398873151647,1.4371516147455138e-18,0.9985759150316019,0.0014240849676972688
2020-06-04T00:00:00Z,SPY,286.2149353027344,-0.00262703019782,0.0276922830795447,0.1955815546214021,0.2581,0.0019,stress_high_volatility,0.29470020108290207,4.623513463804839e-17,0.9982302610116797,0.0017697389893465414
2020-06-05T00:00:00Z,SPY,293.5505676269531,0.0256298027091415,0.0493558270764047,0.2076348985034088,0.2452,0.0022,stress_high_volatility,0.2949173955586821,6.408783021685777e-24,0.9999447660277403,5.5233972756279056e-05
2020-06-08T00:00:00Z,SPY,297.0987854003906,0.0120872454859177,0.057764458960849,0.2050629535159228,0.2581,0.0022,stress_high_volatility,0.29491764501964585,7.264574632848246e-24,0.9999467352388699,5.3264762647553633e-05
2020-06-09T00:00:00Z,SPY,294.8833923339844,-0.0074567557165224,0.0412552081677648,0.2092225330296829,0.2757,0.002,stress_high_volatility,0.29491982660357274,5.095199289032142e-24,0.9999639563813874,3.6043618613861546e-05
2020-06-10T00:00:00Z,SPY,293.23797607421875,-0.0055798878558139,0.0218461546969104,0.1920756356873563,0.2757,0.0017000000000000001,stress_high_volatility,0.29490538883934253,5.155037843636767e-21,0.9998499865441431,0.0001500134554134394
2020-06-11T00:00:00Z,SPY,276.3331604003906,-0.0576487939936861,-0.0345257136630261,0.2901269052854349,0.4079,0.0019,stress_high_volatility,0.2949243926297898,3.942868211330496e-95,1.0,2.3061605490859602e-26
2020-06-12T00:00:00Z,SPY,279.6424255371094,0.0119756352510274,-0.0473790332012519,0.2901300583432428,0.36090000000000005,0.0019,stress_high_volatility,0.29492439262979014,8.601408182582342e-79,1.0,2.126872862465714e-15
2020-06-15T00:00:00Z,SPY,282.2530822753906,0.0093356962315962,-0.0499689122087554,0.2908938427548551,0.344,0.0019,stress_high_volatility,0.2949243926298069,6.375713894699803e-63,1.0,1.014995413495821e-13
2020-06-16T00:00:00Z,SPY,287.6858215332031,0.0192477588340802,-0.0244081931634497,0.2800647291993056,0.3367,0.0021,stress_high_volatility,0.2949243926292164,1.2499388958275144e-55,0.999999999996362,2.968866387492065e-12
2020-06-17T00:00:00Z,SPY,286.4908447265625,-0.0041537563452799,-0.0230090639622629,0.2770273608200517,0.3347,0.0019,stress_high_volatility,0.294924392624168,4.702222676568905e-50,0.9999999999563443,4.311200243166619e-11
2020-06-18T00:00:00Z,SPY,286.60113525390625,0.0003849705125795,0.0371579539662845,0.2724473819925975,0.32939999999999997,0.0019,stress_high_volatility,0.29492439260796444,7.677536264306465e-47,0.999999999825377,1.7638220111351732e-10
2020-06-19T00:00:00Z,SPY,284.9631652832031,-0.0057151552077838,0.0190269403359457,0.2719343639731137,0.35119999999999996,0.0019,stress_high_volatility,0.29492439262920833,3.918149248314045e-51,0.999999999996362,2.9210116385707413e-12
2020-06-22T00:00:00Z,SPY,286.791259765625,0.0064151957345262,0.0160783983425432,0.2722705713244692,0.3177,0.0019,stress_high_volatility,0.29492439227283135,7.670840378430256e-44,0.9999999971842044,2.8142985613462673e-09
2020-06-23T00:00:00Z,SPY,288.111572265625,0.004603740368793,0.0014799155903926,0.2700676175593647,0.31370000000000003,0.0018,stress_high_volatility,0.29492439158973394,2.12775821524699e-39,0.9999999917890818,8.211559747054352e-09
2020-06-24T00:00:00Z,SPY,280.7621765136719,-0.02550885302579,-0.0199959905118722,0.2834231504909132,0.33840000000000003,0.0019,stress_high_volatility,0.29492439262984965,4.444508333213652e-54,1.0,3.5580831686255697e-13
2020-06-25T00:00:00Z,SPY,283.77215576171875,0.0107207433900922,-0.0098707895545537,0.2856299102182684,0.3222,0.0017000000000000001,stress_high_volatility,0.29492439260465547,1.2932083128646151e-48,0.9999999998035491,1.949776965366086e-10
2020-06-26T00:00:00Z,SPY,277.0321960449219,-0.0237513074484178,-0.027831559318901,0.2985901604670984,0.3473,0.0017000000000000001,stress_high_volatility,0.2949243926297919,2.8973541291675767e-60,1.0,1.257748451207163e-14
2020-06-29T00:00:00Z,SPY,281.1039123535156,0.0146976285309938,-0.0198309649211668,0.3030285826319534,0.3178,0.0016,stress_high_volatility,0.2949243926260558,4.581685547716607e-53,0.9999999999708962,2.8823830235146327e-11
2020-06-30T00:00:00Z,SPY,284.70458984375,0.0128090621723762,-0.0118252189423821,0.3050489202116829,0.3043,0.0016,stress_high_volatility,0.2949243926009683,1.747912550261649e-46,0.9999999997744453,2.2407991247257308e-10
2020-07-01T00:00:00Z,SPY,286.69891357421875,0.0070048878789177,0.0211450742199876,0.3023259996752397,0.2862,0.0017000000000000001,stress_high_volatility,0.29492439138804544,4.510058808694012e-40,0.9999999901992851,9.799620022960864e-09
2020-07-02T00:00:00Z,SPY,288.2778015136719,0.0055071291333805,0.0158776879988764,0.3027799008111396,0.2768,0.0016,stress_high_volatility,0.2949243879855439,1.9874298250121622e-36,0.9999999633400882,3.665903583117875e-08
2020-07-06T00:00:00Z,SPY,292.7279663085937,0.0154370706712594,0.0566568452611433,0.2938077047941683,0.27940000000000004,0.0016,stress_high_volatility,0.29492439219743866,5.062477158341609e-41,0.9999999965875759,3.412047670786591e-09
2020-07-07T00:00:00Z,SPY,289.7088623046875,-0.0103136848931048,0.0306112777980489,0.2922642126284949,0.2943,0.0016,stress_high_volatility,0.294924392089201,1.593178468789072e-40,0.9999999957326509,4.2673575764366494e-09
2020-07-08T00:00:00Z,SPY,291.9247436523437,0.0076486488194682,0.0253601594992067,0.292914130616014,0.2808,0.0016,stress_high_volatility,0.2949243855581713,1.3254227900304051e-36,0.9999999441788547,5.582017100972179e-08
2020-07-09T00:00:00Z,SPY,290.2629089355469,-0.0056926819426309,0.01243114358857,0.2929405565332255,0.2926,0.0016,stress_high_volatility,0.29492439046063057,2.411913103973049e-37,0.9999999828760339,1.7124647192944424e-08
2020-07-10T00:00:00Z,SPY,293.2265930175781,0.0102103437635201,0.017166744986681,0.1953342873381801,0.2729,0.0016,stress_high_volatility,0.29489378768599056,8.19777105225977e-24,0.999758408543543,0.00024159145680200539
2020-07-13T00:00:00Z,SPY,290.68756103515625,-0.0086589417293051,-0.0069703120585564,0.196516858538762,0.32189999999999996,0.0016,stress_high_volatility,0.29492435553591684,5.095427807298094e-30,0.9999997071864046,2.928131241335746e-07
2020-07-14T00:00:00Z,SPY,294.4546203613281,0.0129591349308417,0.0163811283468764,0.1986954238992921,0.2952,0.0014000000000000002,stress_high_volatility,0.29487856144180496,1.1499804238472743e-26,0.9996382145492958,0.0003617854494933849
2020-07-15T00:00:00Z,SPY,297.1598815917969,0.0091873621380065,0.0179331764548458,0.1904205096295082,0.2776,0.0016,stress_high_volatility,0.2907447623132762,5.833022603787472e-20,0.967006540500607,0.03299345949987875
2020-07-16T00:00:00Z,SPY,296.1810913085937,-0.0032938170454236,0.020389041075727,0.1900972402768105,0.28,0.0016,stress_high_volatility,0.2711343208624929,6.1012107344677526e-18,0.8122042597362573,0.18779574026227241
2020-07-17T00:00:00Z,SPY,297.039794921875,0.0028992519727957,0.0130042840420967,0.1900821778537962,0.25680000000000003,0.0014000000000000002,transition_uncertainty,0.19433039231252106,3.657773767046569e-14,0.20592401146753542,0.7940759885326136
2020-07-20T00:00:00Z,SPY,299.4403381347656,0.0080815542359298,0.0301106007716331,0.1891428347747332,0.2446,0.0016,transition_uncertainty,0.1727484323465461,3.369720380548065e-13,0.03555881930309901,0.9644411806983149
2020-07-21T00:00:00Z,SPY,300.0774841308594,0.002127789462377,0.0190958585150791,0.1885764610432525,0.2484,0.0014000000000000002,transition_uncertainty,0.16885147081426413,1.3111187615336794e-12,0.004796710519955036,0.9952032894783461
2020-07-22T00:00:00Z,SPY,301.7854919433594,0.0056918892713562,0.0155660660745471,0.1887928126763244,0.2432,0.0014000000000000002,transition_uncertainty,0.1683317948653494,4.446159466319981e-12,0.0006944559982877159,0.9993055439964115
2020-07-23T00:00:00Z,SPY,298.18463134765625,-0.011931854551772,0.0067645778135614,0.1664935874705369,0.2608,0.0016,transition_uncertainty,0.1683258582795791,1.1442665847114947e-13,0.0006475933567330837,0.9993524066436429
2020-07-24T00:00:00Z,SPY,296.2641906738281,-0.0064404414981034,-0.0026111122526557,0.1671483647927186,0.2584,0.0014000000000000002,transition_uncertainty,0.16828109769844513,6.862176424302552e-13,0.00029425913524657637,0.9997057408653179
2020-07-27T00:00:00Z,SPY,298.4247436523437,0.0072926565090489,-0.0033916421840426,0.1361491800227733,0.24739999999999998,0.0015,transition_uncertainty,0.1682501115483072,3.043879744897607e-10,4.965861632381953e-05,0.9999503410797363
2020-07-28T00:00:00Z,SPY,296.5320129394531,-0.0063424054243156,-0.011815185673378,0.1342609259882349,0.2544,0.0014000000000000002,transition_uncertainty,0.16825536196412755,2.0384678256630127e-11,9.110459844633356e-05,0.9999088953802846
2020-07-29T00:00:00Z,SPY,300.1789245605469,0.0122985426933934,-0.005323540811942,0.1337710912571066,0.24100000000000002,0.0012,transition_uncertainty,0.1682481160479781,4.369307419616196e-10,3.390645296207455e-05,0.9999660931098843
2020-07-30T00:00:00Z,SPY,299.10791015625,-0.0035679200525646,0.0030963326460553,0.1344801702929435,0.24760000000000001,0.0011,transition_uncertainty,0.1682481004595098,5.391971656432396e-10,3.378344464424234e-05,0.9999662160148384
2020-07-31T00:00:00Z,SPY,301.4715576171875,0.0079023234781814,0.0175767679904739,0.1355328299631568,0.2446,0.0011,transition_uncertainty,0.16824903448731765,3.890914298477275e-10,4.115647328590239e-05,0.9999588431376196
2020-08-03T00:00:00Z,SPY,303.5674133300781,0.0069520844004526,0.0172327187578167,0.1278458380765767,0.24280000000000002,0.0011,transition_uncertainty,0.1682470249265177,1.8568159067220331e-09,2.529388452444971e-05,0.9999747042600399
2020-08-04T00:00:00Z,SPY,304.7400817871094,0.0038629589525676,0.0276802115437437,0.1195665419511261,0.23760000000000003,0.0011,transition_uncertainty,0.16824639121462137,4.6579725634831025e-09,2.0292641364001525e-05,0.9999797026998674
2020-08-05T00:00:00Z,SPY,306.6326599121094,0.0062104666832836,0.021499628466624,0.1188654738087081,0.2299,0.0011,transition_uncertainty,0.1682451717500661,4.423666086310768e-08,1.068320935456992e-05,0.9999892725529801
2020-08-06T00:00:00Z,SPY,308.68243408203125,0.0066847874929871,0.0320102665314991,0.1156608063488739,0.22649999999999998,0.0011,transition_uncertainty,0.16824556491303364,2.4280137741376473e-08,1.3778281192793863e-05,0.9999861974399531
2020-08-07T00:00:00Z,SPY,308.9040222167969,0.000717851456059,0.0246539496407391,0.112813303117683,0.22210000000000002,0.0013000000000000002,transition_uncertainty,0.1682448164724668,3.283652043860633e-07,7.999747964815766e-06,0.9999916718862822
2020-08-10T00:00:00Z,SPY,309.8273010253906,0.0029888856803093,0.0206210792740981,0.1046156341319262,0.2213,0.0014000000000000002,transition_uncertainty,0.1682447258037062,9.02331556837816e-07,7.528563456869929e-06,0.9999915691033283
2020-08-11T00:00:00Z,SPY,307.2698059082031,-0.0082545828231512,0.0083012516970479,0.105592241998879,0.2403,0.0016,transition_uncertainty,0.16824837750991326,8.069144480279117e-09,3.597365128210795e-05,0.9999640182793675
2020-08-12T00:00:00Z,SPY,311.5538330078125,0.0139422325826874,0.0160490832813233,0.1109181816053823,0.22280000000000003,0.0016,transition_uncertainty,0.16824562483477762,8.053267839760366e-08,1.4275262642362784e-05,0.9999856442057531
2020-08-13T00:00:00Z,SPY,310.9906921386719,-0.0018075234822307,0.0074777758686042,0.1100314811795577,0.2213,0.0016,transition_uncertainty,0.1682444367504248,1.1443198858008072e-06,5.349910869928028e-06,0.9999935057705316
2020-08-14T00:00:00Z,SPY,310.9999084472656,2.9635319727328024e-05,0.0067849107804682,0.1103438343799377,0.2205,0.0014000000000000002,transition_uncertainty,0.1682443715308361,1.5488004001846916e-06,5.007410897311558e-06,0.9999934437870531
2020-08-17T00:00:00Z,SPY,311.9878845214844,0.0031767728780096,0.0069735090772928,0.1083107475564195,0.21350000000000002,0.0014000000000000002,transition_uncertainty,0.16824398746790284,5.294254679509237e-06,3.5714377450970215e-06,0.9999911343067754
2020-08-18T00:00:00Z,SPY,312.6618347167969,0.0021601806632529,0.0175481895875073,0.1083110975340549,0.2151,0.0014000000000000002,transition_uncertainty,0.16824421037651285,3.018038164573529e-06,4.361254288814438e-06,0.9999926207073591
2020-08-19T00:00:00Z,SPY,311.3599853515625,-0.0041637616769362,-0.0006221963452625,0.1095774488203985,0.2254,0.0014000000000000002,transition_uncertainty,0.16824500281775484,3.0585377022258577e-07,9.46114088288171e-06,0.9999902330059229
2020-08-20T00:00:00Z,SPY,312.329345703125,0.0031133106281078,0.0043044811252943,0.0971949593071618,0.22719999999999999,0.0013000000000000002,transition_uncertainty,0.1682450358189972,7.146286194485856e-07,9.895810718385346e-06,0.9999893895600441
2020-08-21T00:00:00Z,SPY,313.4372863769531,0.0035473473404616,0.0078372303768725,0.0915329561618411,0.2254,0.0016,transition_uncertainty,0.16824523361362062,1.3998073363262213e-06,1.1749099830981354e-05,0.9999868510922626
2020-08-24T00:00:00Z,SPY,316.6134338378906,0.0101332789651507,0.0148260542985532,0.0938644363592394,0.2237,0.0014000000000000002,transition_uncertainty,0.16824559922384696,5.314088160537918e-07,1.426519082705596e-05,0.9999852034019244
2020-08-25T00:00:00Z,SPY,317.72137451171875,0.0034993482759022,0.0161821470775436,0.0871644758661537,0.22030000000000002,0.0015,transition_uncertainty,0.16824539481878997,3.075435053233318e-06,1.373554192988521e-05,0.9999831890230486
2020-08-26T00:00:00Z,SPY,320.9066772460937,0.0100254593801574,0.0306612678046984,0.0844878936400353,0.2327,0.0016,transition_uncertainty,0.16827483457456793,2.1091527679106875e-08,0.00024482783643857035,0.9997551510712497
2020-08-27T00:00:00Z,SPY,321.6084289550781,0.0021867781468636,0.0297092904640894,0.0806229605354138,0.2447,0.0016,transition_uncertainty,0.16854894300158704,5.421059665284908e-09,0.002408597523557443,0.997591397054173
2020-08-28T00:00:00Z,SPY,323.6858215332031,0.0064593847396181,0.0326972431222643,0.0797785070293379,0.22960000000000003,0.0014000000000000002,transition_uncertainty,0.17013045695014586,1.0472106272862661e-07,0.014892905772242955,0.9851069895055654
2020-08-31T00:00:00Z,SPY,322.5132751464844,-0.0036224830026991,0.0186342102957466,0.0826092557684806,0.2641,0.0014000000000000002,transition_uncertainty,0.19242185225030373,1.6950679038071726e-10,0.19085824388387843,0.8091417559452657
2020-09-01T00:00:00Z,SPY,325.5508728027344,0.0094185197644045,0.0246426552291239,0.0856116494384416,0.2612,0.0013000000000000002,transition_uncertainty,0.22258034157627016,1.1786025513776126e-10,0.4289254461635021,0.5710745537194918
2020-09-02T00:00:00Z,SPY,330.2596435546875,0.01446400899317,0.0291454400041082,0.0937875121261778,0.2657,0.0014000000000000002,stress_high_volatility,0.26879086646044803,1.416864774765094e-12,0.7937053346988056,0.2062946653002779
2020-09-03T00:00:00Z,SPY,318.8939819335937,-0.0344143217099176,-0.008440223505036,0.1656055665104547,0.336,0.0013000000000000002,stress_high_volatility,0.29492438895050593,2.875237346396997e-38,0.9999999709543776,2.9047002336009817e-08
2020-09-04T00:00:00Z,SPY,316.2903137207031,-0.0081646828112071,-0.022847796599399,0.1692392941700103,0.3075,0.0014000000000000002,stress_high_volatility,0.29492422812211966,9.572810140048573e-31,0.9999987013988422,1.2986003679634825e-06
2020-09-08T00:00:00Z,SPY,307.6483764648437,-0.0273228008603847,-0.0460908118429823,0.1975853329835089,0.3146,0.0014000000000000002,stress_high_volatility,0.2949243924530505,1.1923519817449496e-41,0.9999999986030161,1.3983595458902604e-09
2020-09-09T00:00:00Z,SPY,313.7235717773437,0.0197472042021136,-0.0363301161614679,0.2072363560689134,0.28809999999999997,0.0014000000000000002,stress_high_volatility,0.2949242632752912,2.996834476006167e-34,0.9999989788926298,1.021107173853198e-06
2020-09-10T00:00:00Z,SPY,308.27618408203125,-0.0173636544568561,-0.0665641712564133,0.2113904649037749,0.29710000000000003,0.0014000000000000002,stress_high_volatility,0.2949243911769762,2.8147924255070312e-40,0.9999999885330908,1.1465845388778508e-08
2020-09-11T00:00:00Z,SPY,308.4331359863281,0.0005091275693718,-0.0328035226122391,0.2113643946382259,0.2687,0.0013000000000000002,stress_high_volatility,0.29491131674330534,6.3692144437381205e-27,0.9998967806474235,0.0001032193533230786
2020-09-14T00:00:00Z,SPY,312.4956359863281,0.01317141229657,-0.0119974516125266,0.2167391998271738,0.2585,0.0014000000000000002,stress_high_volatility,0.29484824589464886,1.4738833332125855e-20,0.9993989075529298,0.0006010924458032542
2020-09-15T00:00:00Z,SPY,314.0744323730469,0.0050522189909487,0.0208876639689905,0.2171752609549875,0.2559,0.0014000000000000002,stress_high_volatility,0.29475537587126643,3.0535332718729357e-18,0.9986658036328749,0.0013341963684342529
2020-09-16T00:00:00Z,SPY,312.8280029296875,-0.0039685797851858,-0.0028546431579322,0.2175829398674046,0.2604,0.0014000000000000002,stress_high_volatility,0.294810497850918,1.3278507708561294e-18,0.9991009293931052,0.0008990706053522902
2020-09-17T00:00:00Z,SPY,310.0765991210937,-0.0087952605995191,0.0058402663975605,0.2193978035954033,0.2646,0.0013000000000000002,stress_high_volatility,0.2948828385916,5.2659627180218755e-20,0.9996719778117682,0.00032802218938469323
2020-09-18T00:00:00Z,SPY,306.5067443847656,-0.0115128156927895,-0.0062457348994042,0.2226255265116215,0.2583,0.0014000000000000002,stress_high_volatility,0.2949034967579446,9.252104146183574e-21,0.999835050700813,0.00016494929741321006
2020-09-21T00:00:00Z,SPY,303.0954895019531,-0.0111294610813857,-0.0300808888249123,0.2248231773713902,0.2778,0.0014000000000000002,stress_high_volatility,0.29492358784937683,1.557915553639781e-26,0.9999936471669456,6.3528337151996685e-06
2020-09-22T00:00:00Z,SPY,306.1823425292969,0.0101844241642001,-0.025128087581405,0.2248583719805477,0.2686,0.0013000000000000002,stress_high_volatility,0.2949197355524888,8.53743042869162e-25,0.9999632376375279,3.6762361279657555e-05
2020-09-23T00:00:00Z,SPY,299.0816955566406,-0.0231909094234485,-0.0439420615939442,0.236689523580446,0.2858,0.0014000000000000002,stress_high_volatility,0.29492438743296534,1.3804222792835665e-35,0.9999999589781519,4.1020936928800664e-08
2020-09-24T00:00:00Z,SPY,299.8787841796875,0.0026651200487657,-0.032888050792326,0.2327532939477939,0.2851,0.0014000000000000002,stress_high_volatility,0.2949240782432143,3.3403523712549435e-31,0.9999975182721628,2.4817285867196833e-06
2020-09-25T00:00:00Z,SPY,304.7269287109375,0.0161670140970859,-0.0058067749125737,0.2421573287446757,0.2638,0.0012,stress_high_volatility,0.2949219156774199,9.784973085673304e-26,0.9999804472592402,1.955274082337188e-05
2020-09-28T00:00:00Z,SPY,309.788330078125,0.0166096294429847,0.0220816238049914,0.2496804790631955,0.2619,0.0014000000000000002,stress_high_volatility,0.29492280724272124,1.448278034066261e-25,0.9999874851620044,1.2514836600424242e-05
2020-09-29T00:00:00Z,SPY,308.1011962890625,-0.0054460856825595,0.0062670294567428,0.2499046837309606,0.2627,0.0011,stress_high_volatility,0.2949196010739742,7.203386723001832e-24,0.9999621760785226,3.7823922586736527e-05
2020-09-30T00:00:00Z,SPY,310.4371643066406,0.0075818206670852,0.0379677824444106,0.2488590647957184,0.2637,0.0013000000000000002,stress_high_volatility,0.2949232902055051,8.259264137562118e-26,0.9999912976069337,8.702392147289856e-06
2020-10-01T00:00:00Z,SPY,312.4302978515625,0.0064204089396755,0.0418552906508855,0.2433002257179617,0.267,0.0014000000000000002,stress_high_volatility,0.2949232031981689,1.5203669349723392e-26,0.9999906107809378,9.389219175519142e-06
2020-10-02T00:00:00Z,SPY,309.4638366699219,-0.0094947935652834,0.01554476323777,0.2134965520537386,0.2763,0.0013000000000000002,stress_high_volatility,0.29491855803387984,1.41557555430954e-23,0.99995394245546,4.6057545551647893e-05
2020-10-05T00:00:00Z,SPY,314.9516906738281,0.0177334258599,0.0166673825137344,0.2222005972727959,0.2796,0.0014000000000000002,stress_high_volatility,0.29492261340821396,3.5045241789994787e-25,0.999985955055714,1.404494427335546e-05
2020-10-06T00:00:00Z,SPY,310.47430419921875,-0.0142161055399644,0.007702365127884,0.2046209952683163,0.2948,0.0014000000000000002,stress_high_volatility,0.2949236690134625,8.285932157012126e-27,0.9999942878657182,5.712134935585462e-06
2020-10-07T00:00:00Z,SPY,315.87860107421875,0.0174065834173906,0.0175283032871773,0.2019212217599466,0.2806,0.0016,stress_high_volatility,0.2948965100081931,3.2240804107611316e-24,0.9997798982046509,0.00022010179358200545
2020-10-08T00:00:00Z,SPY,318.677978515625,0.0088621939944215,0.0199970384019247,0.1924476978035294,0.2636,0.0013000000000000002,stress_high_volatility,0.294426738499626,2.5151867669534146e-18,0.9960715828550069,0.003928417146286579
2020-10-09T00:00:00Z,SPY,321.5238952636719,0.0089303840864778,0.0389708171511278,0.1940761931923338,0.25,0.0016,stress_high_volatility,0.2942541242203552,7.448640823038665e-17,0.9947089881306015,0.005291011868389486
2020-10-12T00:00:00Z,SPY,326.6965026855469,0.0160877853810308,0.0372908365298536,0.1964914873851822,0.25070000000000003,0.0016,stress_high_volatility,0.2944839161217443,5.6251420011347646e-18,0.9965229355860683,0.003477064415479064
2020-10-13T00:00:00Z,SPY,324.5644836425781,-0.0065259928571101,0.0453827555220747,0.1985813830342639,0.2607,0.0016,stress_high_volatility,0.29466066785777245,2.1045994001560801e-19,0.9979181908627125,0.0020818091371127743
2020-10-14T00:00:00Z,SPY,322.5249938964844,-0.0062837736378441,0.0210409720685826,0.199623830377084,0.264,0.0014000000000000002,stress_high_volatility,0.2946104637032436,8.475928198626582e-18,0.9975218857815975,0.002478114216876983
2020-10-15T00:00:00Z,SPY,322.1264343261719,-0.0012357478578557,0.0108211299274882,0.1961860436691249,0.2697,0.0014000000000000002,stress_high_volatility,0.2946627869301022,1.3939856151117234e-17,0.997934918545176,0.002065081454349775
2020-10-16T00:00:00Z,SPY,321.9317321777344,-0.0006044277267861,0.0012684497795352,0.189948834291497,0.2741,0.0014000000000000002,stress_high_volatility,0.29480286696321306,4.042967432680071e-18,0.9990406921537422,0.000959307846046861
2020-10-19T00:00:00Z,SPY,317.03729248046875,-0.0152033465733768,-0.0295663104002534,0.1943957842994275,0.2918,0.0016,stress_high_volatility,0.2949233015249856,3.5709777321691614e-26,0.9999913869621956,8.61303631940506e-06
2020-10-20T00:00:00Z,SPY,318.3072204589844,0.0040056107235204,-0.0192789522543214,0.1923040752660025,0.29350000000000004,0.0014000000000000002,stress_high_volatility,0.29492126322128176,5.255687185574347e-25,0.9999752968537827,2.4703147294038644e-05
2020-10-21T00:00:00Z,SPY,317.7047424316406,-0.0018927563957706,-0.0149453578980326,0.1682460180446691,0.2865,0.0014000000000000002,stress_high_volatility,0.2948960652551794,2.4962011741416363e-21,0.9997763873810259,0.00022361261798415247
2020-10-22T00:00:00Z,SPY,319.4473876953125,0.0054851093828001,-0.0083167549923788,0.1684618249556461,0.2811,0.0016,stress_high_volatility,0.29483339144276455,4.348072400644218e-19,0.9992816484353709,0.0007183515644458564
2020-10-23T00:00:00Z,SPY,320.53204345703125,0.003395412839479,-0.0043477811622818,0.1614767255118184,0.2755,0.0018,stress_high_volatility,0.2947784011704959,4.9734892742908025e-17,0.9988475623604423,0.0011524376389830992
2020-10-26T00:00:00Z,SPY,314.6086120605469,-0.0184799976083466,-0.0076605512270184,0.1691974347454657,0.3246,0.0016,stress_high_volatility,0.29492437041407626,2.563573773882917e-30,0.999999824631247,1.7536934936949484e-07
2020-10-27T00:00:00Z,SPY,313.5240173339844,-0.0034474413127437,-0.0150270016435782,0.1683645645105751,0.3335,0.0016,stress_high_volatility,0.2949243835381862,1.570490544238617e-33,0.9999999282299566,7.177162747136056e-08
2020-10-28T00:00:00Z,SPY,302.80810546875,-0.0341789185924443,-0.0468883053141577,0.2083793238514299,0.40280000000000005,0.0016,stress_high_volatility,0.2949243926297898,2.8960508143175672e-71,1.0,8.154705284516627e-19
2020-10-29T00:00:00Z,SPY,305.8856811523437,0.0101634521269819,-0.0424536467203915,0.2105903782471438,0.37590000000000007,0.0016,stress_high_volatility,0.2949243926298302,1.208522801142752e-63,1.0,2.4006405322560196e-13
2020-10-30T00:00:00Z,SPY,302.6968078613281,-0.0104250492504336,-0.0556425978611839,0.2111180541062597,0.38020000000000004,0.0014000000000000002,stress_high_volatility,0.294924392629792,3.8041715558191e-63,1.0,1.2804176319125168e-14
2020-11-02T00:00:00Z,SPY,306.0896301269531,0.011208648976501,-0.0270780315827916,0.204705804046704,0.3713,0.0016,stress_high_volatility,0.2949243926291928,2.986790430499496e-55,0.999999999996362,2.8287420026727513e-12
2020-11-03T00:00:00Z,SPY,311.49395751953125,0.0176560290210963,-0.0064749738527705,0.2092396827595783,0.3555,0.0017000000000000001,stress_high_volatility,0.29492439262106057,1.6424400846396397e-48,0.9999999999308784,6.928285524706773e-11
2020-11-04T00:00:00Z,SPY,318.4555969238281,0.0223491956625205,0.0516746123121627,0.215115169815292,0.2957,0.0014000000000000002,stress_high_volatility,0.29492438284728334,2.8186840331422507e-39,0.9999999227802648,7.721815249664936e-08
2020-11-05T00:00:00Z,SPY,324.6663818359375,0.0195028285641811,0.0613977764923234,0.2236159174340413,0.2758,0.0014000000000000002,stress_high_volatility,0.29492431178666967,8.958296111239976e-34,0.9999993618368752,6.381616355989068e-07
2020-11-06T00:00:00Z,SPY,324.5922546386719,-0.0002283180563581,0.0723345810352071,0.2216447643970648,0.2486,0.0016,stress_high_volatility,0.29492204606846834,3.0204117120666005e-28,0.9999814765475399,1.8523453819803746e-05
2020-11-09T00:00:00Z,SPY,328.6708374023437,0.0125652498030552,0.0737731861939421,0.2187507546116688,0.2575,0.0017000000000000001,stress_high_volatility,0.29490474713261916,3.769311505687077e-29,0.9998449209949452,0.0001550790042892359
2020-11-10T00:00:00Z,SPY,328.1889343261719,-0.0014662179339688,0.0535964708259029,0.217380241820651,0.24800000000000003,0.0019,stress_high_volatility,0.2861457605217457,1.969342394788231e-21,0.9307026169813152,0.06929738302026799
2020-11-11T00:00:00Z,SPY,330.6268615722656,0.0074284261018708,0.0382196600279842,0.2170880648678319,0.2345,0.0019,stress_high_volatility,0.24335898554040195,1.2766660730438425e-15,0.5929493659725391,0.4070506340269372
2020-11-12T00:00:00Z,SPY,327.4194641113281,-0.009700958493466,0.0084797269733392,0.2204526782882934,0.2535,0.0017000000000000001,transition_uncertainty,0.222891783377368,5.015576362476028e-16,0.4313839272908349,0.568616072707944
2020-11-13T00:00:00Z,SPY,331.9523620605469,0.0138443142392947,0.0226749323703614,0.2250665505656267,0.231,0.0017000000000000001,transition_uncertainty,0.1913338666588418,1.5267948101365986e-14,0.18226982669542563,0.8177301733037111
2020-11-16T00:00:00Z,SPY,336.0960693359375,0.0124828371446708,0.0225916968851851,0.218966318319039,0.2245,0.0019,transition_uncertainty,0.17416775063007744,3.0669407690077725e-13,0.04676273371051685,0.9532372662877932
2020-11-17T00:00:00Z,SPY,334.28839111328125,-0.0053784568984335,0.0185851994054357,0.2208815210195644,0.22710000000000002,0.0018,transition_uncertainty,0.16996798817955538,7.930503756663296e-13,0.013610353754364526,0.9863896462460744
2020-11-18T00:00:00Z,SPY,330.26531982421875,-0.0120347322731263,-0.0010935038560617,0.2264504008790597,0.2384,0.0016,transition_uncertainty,0.16930531396765325,5.832385888541925e-15,0.008379289495053833,0.9916207105049446
2020-11-19T00:00:00Z,SPY,331.6558837890625,0.0042104450009581,0.0129388144019866,0.2262326898928851,0.2311,0.0018,transition_uncertainty,0.1685790062640008,3.5843205436553923e-13,0.0026459107035685585,0.9973540892977871
2020-11-20T00:00:00Z,SPY,329.3847045898437,-0.0068479991166484,-0.007735017924755,0.2282448460503347,0.237,0.0016,transition_uncertainty,0.16844532668054307,1.571895030957012e-14,0.0015906614150710974,0.9984093385856276
2020-11-23T00:00:00Z,SPY,331.359130859375,0.0059942864438402,-0.0140940014143033,0.2160151524467803,0.2266,0.0016,transition_uncertainty,0.16828686304109322,8.767977104740532e-13,0.00033977000431194857,0.9996602299945161
2020-11-24T00:00:00Z,SPY,336.6986083984375,0.0161138687357569,0.007209993972957,0.2197852730291398,0.2164,0.0016,transition_uncertainty,0.1682649133807409,1.2085818150518042e-12,0.0001665022343805177,0.9998334977631835
2020-11-25T00:00:00Z,SPY,336.1794128417969,-0.0015420187184921,0.0179070966964556,0.1685844600783086,0.2125,0.0017000000000000001,transition_uncertainty,0.16824452509042548,3.044781374216358e-08,5.572683859168054e-06,0.9999943968698605
2020-11-27T00:00:00Z,SPY,337.11572265625,0.0027851491753712,0.0164623609411374,0.1677735059090435,0.2084,0.0016,transition_uncertainty,0.16824425313433583,5.106527311241852e-08,3.434681639141407e-06,0.9999965142548534
2020-11-30T00:00:00Z,SPY,335.6232604980469,-0.0044271508502881,0.0189400291551833,0.161706728270578,0.2057,0.0016,transition_uncertainty,0.16824443664417393,1.0471472442871098e-07,4.9061425256522115e-06,0.999994989144219
2020-12-01T00:00:00Z,SPY,339.29412841796875,0.0109374657598955,0.0239468202913692,0.1615778515587358,0.2077,0.0017000000000000001,transition_uncertainty,0.16824475309954776,2.2180053127444767e-08,7.369035722975526e-06,0.9999926087857905
2020-12-02T00:00:00Z,SPY,340.00787353515625,0.0021036176503126,0.0098285679066505,0.1550793024779546,0.21170000000000003,0.0016,transition_uncertainty,0.16824418058530877,2.3660011304087138e-07,2.9410388460747345e-06,0.999996822361528
2020-12-03T00:00:00Z,SPY,339.91522216796875,-0.0002724977107858,0.011112546406671,0.1408483502271515,0.21280000000000002,0.0016,transition_uncertainty,0.1682441907998522,6.615616555334502e-07,3.202728595244616e-06,0.9999961357099977
2020-12-04T00:00:00Z,SPY,342.8445129394531,0.0086177098889583,0.0169935422710754,0.1293009496160971,0.2079,0.0016,transition_uncertainty,0.1682441590691507,1.581440707364309e-06,3.344172420974391e-06,0.9999950743852769
2020-12-07T00:00:00Z,SPY,342.1400756835937,-0.0020546843518647,0.0194170546340448,0.1300155867165676,0.21300000000000002,0.0014000000000000002,transition_uncertainty,0.1682442118060482,8.978217732849802e-07,3.4692112860628857e-06,0.9999956329652235
2020-12-08T00:00:00Z,SPY,343.1411437988281,0.0029259013672522,0.0113382904643735,0.1247256996925179,0.2068,0.0014000000000000002,transition_uncertainty,0.1682437399025116,6.843436151327484e-06,2.277223459861891e-06,0.9999908793413238
2020-12-09T00:00:00Z,SPY,340.0635681152344,-0.0089688332023455,0.0001638037951858,0.1303753935752027,0.2227,0.0016,transition_uncertainty,0.1682449974152733,4.5766594442417887e-08,9.30768187242117e-06,0.9999906465528482
2020-12-10T00:00:00Z,SPY,339.9523010253906,-0.0003271949725766,0.0001090826623926,0.1288308736942457,0.2252,0.0014000000000000002,transition_uncertainty,0.16824456805723653,1.440516197368654e-07,5.960263856557719e-06,0.999993895683006
2020-12-11T00:00:00Z,SPY,339.5536804199219,-0.0011725780477626,-0.0095986151019789,0.1224342643960371,0.2331,0.0011,transition_uncertainty,0.16824549786207368,1.8497298356781175e-08,1.3246528673659114e-05,0.9999867349731507
2020-12-14T00:00:00Z,SPY,338.0334167480469,-0.0044772410359237,-0.0120028585582726,0.1157994639491984,0.2472,0.0013000000000000002,transition_uncertainty,0.16825060835085134,5.405490999820377e-10,5.3580410750262564e-05,0.9999464190499205
2020-12-15T00:00:00Z,SPY,342.603515625,0.0135196659576395,-0.001566784349659,0.117195933001303,0.22890000000000002,0.0011,transition_uncertainty,0.16824620790723951,1.7293959075574876e-08,1.885101847329266e-05,0.9999811316881485
2020-12-16T00:00:00Z,SPY,343.1411437988281,0.0015692430150557,0.0090500011531693,0.1147717990941383,0.225,0.0013000000000000002,transition_uncertainty,0.16824464526494615,4.748772881555055e-07,6.7106776361524165e-06,0.9999928144465096
2020-12-17T00:00:00Z,SPY,345.0600280761719,0.0055921136594121,0.015024834470527,0.1040203141518772,0.2193,0.0013000000000000002,transition_uncertainty,0.1682446757065373,1.6424340570882624e-06,7.448425840432088e-06,0.9999909091397369
2020-12-18T00:00:00Z,SPY,343.68218994140625,-0.0039930389574461,0.0121586357608574,0.1059742339291214,0.2157,0.0013000000000000002,transition_uncertainty,0.16824556688305423,8.20307181462554e-07,1.4132984446719042e-05,0.999985046709232
2020-12-21T00:00:00Z,SPY,342.4533996582031,-0.0035753679392366,0.0130755797834349,0.1030137596868722,0.2516,0.0013000000000000002,transition_uncertainty,0.16825657586999698,9.075356441783329e-10,0.00010068738833350208,0.999899311705914
2020-12-22T00:00:00Z,SPY,341.8760986328125,-0.0016857798052722,-0.0021232035253943,0.1026275085409892,0.24230000000000002,0.0013000000000000002,transition_uncertainty,0.16824774988373115,1.512625205297248e-08,3.102225674101979e-05,0.9999689626180054
2020-12-23T00:00:00Z,SPY,342.183349609375,0.0008987202609109,-0.0027912542892689,0.0873396270245378,0.2331,0.0013000000000000002,transition_uncertainty,0.16824654504473907,2.4795201753485155e-07,2.1610612026538378e-05,0.9999781414359635
2020-12-24T00:00:00Z,SPY,343.5145874023437,0.0038904224723044,-0.0044787589059344,0.0875258605063011,0.21530000000000002,0.0013000000000000002,transition_uncertainty,0.16824464153458576,3.848919622356085e-06,8.118759770523233e-06,0.999988032321871
2020-12-28T00:00:00Z,SPY,346.4656982421875,0.0085909331017353,0.0080990763625423,0.0913309458562724,0.217,0.0013000000000000002,transition_uncertainty,0.16824472051638723,3.4382431604153035e-06,8.567260319079558e-06,0.9999879944982586
2020-12-29T00:00:00Z,SPY,345.8046875,-0.0019078677789494,0.0097861135125005,0.0896251331578223,0.23079999999999998,0.0012,transition_uncertainty,0.16824604443438285,4.5556491135919074e-07,1.7747314174185716e-05,0.9999817971203456
2020-12-30T00:00:00Z,SPY,346.2981872558594,0.0014271054548946,0.0129347697622943,0.0824958925692711,0.2277,0.0012,transition_uncertainty,0.16824637362110667,1.170997856203774e-06,2.0650682913829565e-05,0.9999781783206251
2020-12-31T00:00:00Z,SPY,348.0575256347656,0.0050804146358593,0.0171667500247933,0.0836742744061323,0.2275,0.0013000000000000002,transition_uncertainty,0.16825728133232015,5.890440418147814e-07,0.00010650679907719784,0.9998929041556817
2021-01-04T00:00:00Z,SPY,343.3192138671875,-0.0136135880381746,-0.0005687488750729,0.0989423353953204,0.2697,0.0011,transition_uncertainty,0.16851187287940397,5.057222348636187e-13,0.0021159684786368226,0.9978840315196671
2021-01-05T00:00:00Z,SPY,345.68365478515625,0.0068870043460003,-0.0022572031257321,0.0972550176555989,0.2534,0.0013000000000000002,transition_uncertainty,0.16829997175222727,9.127969661155854e-10,0.0004432488559174435,0.9995567502325216
2021-01-06T00:00:00Z,SPY,347.7502746582031,0.005978355772509,0.0056262602229852,0.0987082805221937,0.25070000000000003,0.0014000000000000002,transition_uncertainty,0.16826574803088684,1.2595468586426567e-09,0.0001730913884511738,0.9998269073522992
2021-01-07T00:00:00Z,SPY,352.9170837402344,0.0148578145254079,0.0191132865488685,0.1103050853625911,0.2237,0.0014000000000000002,transition_uncertainty,0.1682469923990072,3.556755368647767e-08,2.5051483309064798e-05,0.9999749129474369
2021-01-08T00:00:00Z,SPY,354.92791748046875,0.005697751208084,0.019739242336948,0.1040593101460093,0.21559999999999999,0.0014000000000000002,transition_uncertainty,0.16824471384285689,2.1382001190385347e-06,7.960691417630137e-06,0.9999899011091371
2021-01-11T00:00:00Z,SPY,352.53533935546875,-0.0067410254509823,0.0268441879045153,0.1084963580709768,0.2408,0.0014000000000000002,transition_uncertainty,0.16824883593706272,2.5222598321391277e-09,3.959005333237894e-05,0.9999604074235364
2021-01-12T00:00:00Z,SPY,352.6098327636719,0.0002113076332697,0.0200361743537462,0.1081007856286491,0.23329999999999998,0.0014000000000000002,transition_uncertainty,0.16824569827413177,6.969102166487251e-08,1.4850364522465157e-05,0.9999850799453099
2021-01-13T00:00:00Z,SPY,353.5594177246094,0.0026930189481526,0.0167049273278532,0.1054578300719357,0.22210000000000002,0.0014000000000000002,transition_uncertainty,0.16824464096879807,1.0368496886897931e-06,6.916196206845162e-06,0.9999920469552059
2021-01-14T00:00:00Z,SPY,352.3212890625,-0.0035018969939411,-0.0016882001614093,0.0985456186675578,0.2325,0.0016,transition_uncertainty,0.16824608551406073,1.4131069871411413e-07,1.793770153623269e-05,0.9999819209876388
2021-01-15T00:00:00Z,SPY,349.7518920898437,-0.0072927667229341,-0.0145833143455383,0.1032788301989511,0.2434,0.0013000000000000002,transition_uncertainty,0.16825625436612043,5.689000074146673e-10,9.81493351547193e-05,0.9999018500969815
2021-01-19T00:00:00Z,SPY,352.49810791015625,0.0078518969658842,-0.0001056105336292,0.1049058595607781,0.2324,0.0014000000000000002,transition_uncertainty,0.16824595016295735,8.47378634918726e-08,1.684515482765075e-05,0.9999830701068035
2021-01-20T00:00:00Z,SPY,357.3762512207031,0.0138387787085376,0.0135175426608873,0.112194059947296,0.2158,0.0013000000000000002,transition_uncertainty,0.16824502756981594,3.3443746513317956e-07,9.668711855800736e-06,0.9999899968488631
2021-01-21T00:00:00Z,SPY,357.7020874023437,0.0009117454798064,0.0117170395414587,0.1103727344908503,0.2132,0.0013000000000000002,transition_uncertainty,0.16824397009405723,5.8886834095448416e-06,3.6875505546443584e-06,0.9999904237651347
2021-01-22T00:00:00Z,SPY,356.4360046386719,-0.0035394894473953,0.011678872960305,0.111428157697632,0.21910000000000002,0.0013000000000000002,transition_uncertainty,0.1682447964992099,1.3468169455874198e-06,8.275995918107454e-06,0.9999903771885391
2021-01-25T00:00:00Z,SPY,357.8417358398437,0.003943852985887,0.02313023584136,0.1115206649621114,0.23190000000000002,0.0013000000000000002,transition_uncertainty,0.1682884408827979,4.694867099035071e-08,0.0003522452838365518,0.9996477077676194
2021-01-26T00:00:00Z,SPY,357.283203125,-0.0015608372610111,0.0135748110627118,0.112128158228748,0.2302,0.0011,transition_uncertainty,0.17000253118046046,6.458599264997881e-07,0.013883306893323072,0.986116047248518
2021-01-27T00:00:00Z,SPY,348.5509948730469,-0.0244405787217991,-0.0246945797811452,0.1439556198142962,0.37210000000000004,0.0012,stress_high_volatility,0.2949243924812291,2.2250235592444818e-42,0.9999999988285708,1.1704577996300942e-09
2021-01-28T00:00:00Z,SPY,351.5485534667969,0.0086000574889817,-0.0172029578586869,0.1465992720057436,0.30210000000000004,0.0012,stress_high_volatility,0.29492315210955666,1.8916644661088026e-28,0.999990207493027,9.792507864580404e-06
2021-01-29T00:00:00Z,SPY,344.5106811523437,-0.0200196309870973,-0.0334571236663285,0.1644708855523878,0.3309,0.0011,stress_high_volatility,0.29492439020668293,5.591562785592633e-37,0.9999999808715077,1.912909556749732e-08
2021-02-01T00:00:00Z,SPY,350.2452697753906,0.0166456047280316,-0.0212285636459493,0.1741161977086024,0.3024,0.0011,stress_high_volatility,0.29454936030152573,1.0473770689083095e-28,0.9970395434512412,0.0029604565503101895
2021-02-02T00:00:00Z,SPY,355.1979064941406,0.0141404813887311,-0.005836536989761,0.1723318629551592,0.2556,0.0011,transition_uncertainty,0.20043579422627456,4.551753681236633e-16,0.25411926212512737,0.7458807378758678
2021-02-03T00:00:00Z,SPY,355.47711181640625,0.0007860556528089,0.0198711724976774,0.1712640455236114,0.2291,0.0011,transition_uncertainty,0.1688457462392999,6.089294402007995e-10,0.004751521728296036,0.9952484776611932
2021-02-04T00:00:00Z,SPY,359.5173645019531,0.0113657182171367,0.0226677395101524,0.1741763272736765,0.2177,0.0011,transition_uncertainty,0.16825617980710905,1.0643300299202959e-09,9.75609902274953e-05,0.9999024379441027
2021-02-05T00:00:00Z,SPY,360.9324645996094,0.0039361105676123,0.0476669791262693,0.1675022831640673,0.20870000000000002,0.0009,transition_uncertainty,0.16824633799988048,3.136037857654674e-10,1.9870716719181462e-05,0.9999801289714726
2021-02-08T00:00:00Z,SPY,363.53900146484375,0.0072216747477285,0.0379554924409921,0.1681338760282142,0.21239999999999998,0.0011,transition_uncertainty,0.16824527257507493,1.0367080772586426e-09,1.146070240645968e-05,0.9999885382605705
2021-02-09T00:00:00Z,SPY,363.2969970703125,-0.0006656903208627,0.0228016281292622,0.1656790813564584,0.2163,0.0011,transition_uncertainty,0.16824451006913954,1.145971080757568e-08,5.446020562802973e-06,0.9999945425191745
2021-02-10T00:00:00Z,SPY,363.13873291015625,-0.0004356329984351,0.0215530644282577,0.1657619094992209,0.21989999999999998,0.0011,transition_uncertainty,0.16824472969967139,7.800536700395456e-09,7.178194262349198e-06,0.9999928140063172
2021-02-11T00:00:00Z,SPY,363.7251892089844,0.0016149648761736,0.0117040931051006,0.1657010200063442,0.2125,0.0011,transition_uncertainty,0.16824427570092293,6.325473625236896e-08,3.6180138259941316e-06,0.999996318732383
2021-02-12T00:00:00Z,SPY,365.52191162109375,0.0049397799916381,0.0127155284481697,0.1650797014898405,0.1997,0.0011,transition_uncertainty,0.1682441171708927,5.336527188334921e-07,2.567016376437164e-06,0.9999968993300039
2021-02-16T00:00:00Z,SPY,365.2053527832031,-0.0008660461324648,0.0045836933909291,0.1618896548116297,0.2146,0.0013000000000000002,transition_uncertainty,0.1682443015968361,6.74204494838408e-08,3.8242109446935926e-06,0.999996108367055
2021-02-17T00:00:00Z,SPY,365.2891540527344,0.0002294634207649,0.0054835492681937,0.1606074530125481,0.215,0.0011,transition_uncertainty,0.16824430011507202,7.573278352250228e-08,3.816051134168248e-06,0.9999961082178985
2021-02-18T00:00:00Z,SPY,363.7345275878906,-0.0042558790689397,0.0016406806097486,0.1554572817125042,0.2249,0.0011,transition_uncertainty,0.16824473851219,1.0922927359678526e-08,7.249091642502973e-06,0.9999927399848971
2021-02-19T00:00:00Z,SPY,363.0921020507813,-0.0017661934416004,-0.0017405645167989,0.1557411352666362,0.2205,0.0011,transition_uncertainty,0.16824473647327864,2.1277261596981588e-08,7.237408942424965e-06,0.9999927413127497
2021-02-22T00:00:00Z,SPY,360.2993774414063,-0.0076915046997756,-0.0142878826512082,0.157957372102248,0.2345,0.0011,transition_uncertainty,0.16824888070313346,1.1838208920965052e-10,3.994240626759491e-05,0.9999600574748062
2021-02-23T00:00:00Z,SPY,360.7368774414063,0.0012142679876574,-0.0122355143694991,0.1574756876904189,0.2311,0.0011,transition_uncertainty,0.16828783153935295,5.347319074770901e-10,0.00034741543114364185,0.99965258403401
2021-02-24T00:00:00Z,SPY,364.7119445800781,0.0110192979627306,-0.0015801440208458,0.1616210134880035,0.2134,0.0012,transition_uncertainty,0.16953681848487434,6.905371247000858e-08,0.010206785540094769,0.9897931454074964
2021-02-25T00:00:00Z,SPY,355.9239501953125,-0.0240957131110249,-0.0214732910960475,0.1608766256379572,0.2889,0.0017000000000000001,stress_high_volatility,0.28415871817840255,1.8611131023457562e-22,0.9150171624999539,0.08498283750184622
2021-02-26T00:00:00Z,SPY,354.09002685546875,-0.0051525707636066,-0.0247928146728277,0.1597460970008845,0.2795,0.0014000000000000002,stress_high_volatility,0.2819315967658701,4.422346868229731e-18,0.897436554996471,0.10256344500192435
2021-03-01T00:00:00Z,SPY,362.67327880859375,0.0242403098142849,0.0065886912823587,0.1612053839517445,0.2335,0.0013000000000000002,stress_high_volatility,0.25809656006398385,6.334138345413065e-14,0.7092858673689751,0.290714132630442
2021-03-02T00:00:00Z,SPY,359.8432312011719,-0.007803297824198,-0.0024772799680828,0.1563722549844331,0.24100000000000002,0.0013000000000000002,stress_high_volatility,0.2506946017273179,4.0815989892492873e-11,0.6508557685266797,0.3491442314317161
2021-03-03T00:00:00Z,SPY,355.07684326171875,-0.0132457346037682,-0.0264183870628449,0.1570990755582896,0.26670000000000005,0.0014000000000000002,stress_high_volatility,0.25611248498338796,1.1569013828288973e-16,0.6936238360744715,0.30637616392545275
2021-03-04T00:00:00Z,SPY,350.68280029296875,-0.0123749071563961,-0.0147254768875982,0.1631142362342318,0.2857,0.0014000000000000002,stress_high_volatility,0.25635781233616367,9.160891958142466e-19,0.6955604183732598,0.3044395816250974
2021-03-05T00:00:00Z,SPY,357.1341857910156,0.0183966407609874,0.0085971326630711,0.1715012107734262,0.2466,0.0014000000000000002,transition_uncertainty,0.21084641306642102,2.8374914908145738e-14,0.33629933668813816,0.6637006633132642
2021-03-08T00:00:00Z,SPY,355.3560485839844,-0.0049789050664328,-0.0201758184353889,0.1714846133770231,0.2547,0.0017000000000000001,transition_uncertainty,0.18415679516818959,3.803199016009005e-14,0.12561495542359247,0.8743850445754348
2021-03-09T00:00:00Z,SPY,360.4297180175781,0.0142777066939234,0.00162983979009,0.1774759313343429,0.2403,0.0017000000000000001,transition_uncertainty,0.17057346027599912,1.9120316887493623e-12,0.018389871938178242,0.9816101280601031
2021-03-10T00:00:00Z,SPY,362.67327880859375,0.0062246831458725,0.0213937790960809,0.1790237918497678,0.2256,0.0016,transition_uncertainty,0.16834407922349795,1.7895743661309455e-10,0.0007914272030294972,0.9992085726165523
2021-03-11T00:00:00Z,SPY,366.3504333496094,0.0101390280339794,0.044677506406221,0.1826124157162898,0.21910000000000002,0.0014000000000000002,transition_uncertainty,0.16826152766510974,4.483913260092126e-12,0.00013977583540915214,0.999860224159181
2021-03-12T00:00:00Z,SPY,366.84381103515625,0.0013467370054289,0.0271876107929427,0.1825920637962941,0.20690000000000003,0.0014000000000000002,transition_uncertainty,0.16824506592961114,6.172743092663409e-09,9.831658665908607e-06,0.9999901621678939
2021-03-15T00:00:00Z,SPY,369.031494140625,0.0059635273641269,0.0384837843935237,0.1829603372922568,0.2003,0.0014000000000000002,transition_uncertainty,0.16824562320296094,1.5433473235802405e-09,1.4228728309781966e-05,0.9999857697287797
2021-03-16T00:00:00Z,SPY,368.5660400390625,-0.0012612855784746,0.0225739488581449,0.1830042773967775,0.1979,0.0015,transition_uncertainty,0.16824457400331166,3.9688552093810787e-08,5.96273585743389e-06,0.9999939975748996
2021-03-17T00:00:00Z,SPY,369.8227844238281,0.00340982143833,0.019713350922133,0.1832983917686134,0.1923,0.0013000000000000002,transition_uncertainty,0.1682446645200868,8.298122608664154e-08,6.6957074097698015e-06,0.9999932213115805
2021-03-18T00:00:00Z,SPY,364.4420471191406,-0.0145495019001344,-0.0052091824022699,0.1905373718044624,0.2158,0.0016,transition_uncertainty,0.168251376379112,1.5629881061272503e-11,5.964290440949502e-05,0.9999403570797877
2021-03-19T00:00:00Z,SPY,363.7677001953125,-0.0018503543407208,-0.0083853420646885,0.1905485517039651,0.2095,0.0016,transition_uncertainty,0.1682460284594356,9.717455355168598e-10,1.7427529235346117e-05,0.999982571497632
2021-03-22T00:00:00Z,SPY,366.6724243164063,0.0079851073075871,-0.0063925975470261,0.1901458241763289,0.1888,0.0015,transition_uncertainty,0.16824469216958818,4.7192522683185347e-08,6.89872361735937e-06,0.9999930540821184
2021-03-23T00:00:00Z,SPY,363.7863464355469,-0.0078709978974828,-0.012968350537692,0.1926680673756355,0.203,0.0015,transition_uncertainty,0.16824610308495466,7.484061633598788e-10,1.8016515042736797e-05,0.9999819827375767
2021-03-24T00:00:00Z,SPY,361.93701171875,-0.0050835737374891,-0.0213231121423843,0.189422515742507,0.212,0.0014000000000000002,transition_uncertainty,0.1682473356300426,8.770842309930488e-11,2.7745787014541244e-05,0.9999722541244667
2021-03-25T00:00:00Z,SPY,363.9731750488281,0.0056257394633638,-0.0012865476802659,0.1676751690036944,0.1981,0.0014000000000000002,transition_uncertainty,0.16824450195343882,1.6277978641713683e-07,5.44642389585882e-06,0.9999943907981079
2021-03-26T00:00:00Z,SPY,369.8386535644531,0.016115139569937,0.0166890940726212,0.1738580333894963,0.1886,0.0014000000000000002,transition_uncertainty,0.16824547877879714,2.1590434279463396e-08,1.309720541705571e-05,0.9999868812034177
2021-03-29T00:00:00Z,SPY,369.6517639160156,-0.0005053275168408,0.0081253440456119,0.1537411790310604,0.2074,0.0014000000000000002,transition_uncertainty,0.16824438014284282,2.688380905912599e-07,4.530055708712054e-06,0.9999952011063765
2021-03-30T00:00:00Z,SPY,368.6711120605469,-0.0026529072797595,0.0134275672324206,0.1508884643771288,0.1961,0.0016,transition_uncertainty,0.16824396064961222,3.118762054180378e-06,2.432855299479893e-06,0.999994448383353
2021-03-31T00:00:00Z,SPY,370.16546630859375,0.0040533532440194,0.0227344933605126,0.1409509647489028,0.19399999999999998,0.0016,transition_uncertainty,0.16824414616873068,2.979096907942822e-06,3.83781735987153e-06,0.9999931830839591
2021-04-01T00:00:00Z,SPY,374.1628723144531,0.0107989706487825,0.0279957369502794,0.1330561484942884,0.17329999999999998,0.0017000000000000001,transition_uncertainty,0.1682432396933689,2.2202023462433058e-05,4.872246034003493e-06,0.9999729257315149
2021-04-05T00:00:00Z,SPY,379.5332946777344,0.0143531674590307,0.0262131635507691,0.1277558675805655,0.1791,0.0017000000000000001,transition_uncertainty,0.16824308701118804,2.8103191406449208e-05,6.18121765181587e-06,0.9999657155915057
2021-04-06T00:00:00Z,SPY,379.3092346191406,-0.0005903567927657,0.0261258612722843,0.1250114042448483,0.1812,0.0016,transition_uncertainty,0.1680996284414814,0.002676501571938886,2.1022581990729302e-06,0.9973213961703359
2021-04-07T00:00:00Z,SPY,379.7481384277344,0.0011571134276087,0.0300458213427048,0.1182963281724174,0.1716,0.0016,transition_uncertainty,0.16682595165058886,0.026275313375162684,2.26363891420102e-06,0.9737224229864191
2021-04-08T00:00:00Z,SPY,381.5507507324219,0.0047468627816078,0.0307572841339462,0.1178180256764666,0.16949999999999998,0.0014000000000000002,transition_uncertainty,0.16334042645668895,0.09085395576594835,2.0579715998432103e-06,0.9091439862609633
2021-04-09T00:00:00Z,SPY,384.3245849609375,0.0072698958741164,0.027158527471278,0.1158158272306952,0.16690000000000002,0.0016,transition_uncertainty,0.15353028835354054,0.2726125759239678,1.3384601632495223e-06,0.7273860856156938
2021-04-12T00:00:00Z,SPY,384.4647216796875,0.0003646311587488,0.0129933976046565,0.1159859631434363,0.1691,0.0018,stable_low_volatility,0.13896038573490915,0.5425591231053998,5.961234081110824e-07,0.4574402807701711
2021-04-13T00:00:00Z,SPY,385.6041259765625,0.0029636120887686,0.0165956712436554,0.1152385644590301,0.16649999999999998,0.0016,stable_low_volatility,0.13451412393995227,0.624938678075304,6.349364484110373e-07,0.37506068698766004
2021-04-14T00:00:00Z,SPY,384.2873229980469,-0.0034149089436756,0.0119531450216083,0.1163472510836502,0.1699,0.0016,stable_low_volatility,0.13375754303151016,0.6389565727227403,6.828298010681876e-07,0.36104274444656403
2021-04-15T00:00:00Z,SPY,388.4154357910156,0.0107422559785812,0.017991538597202,0.1202443593739078,0.16570000000000001,0.0016,stable_low_volatility,0.13427020152005237,0.6294591888492853,1.1309320379848241e-06,0.3705396802196453
2021-04-16T00:00:00Z,SPY,389.7137451171875,0.0033425791215733,0.0140224184638038,0.1018431603481792,0.1625,0.0016,stable_low_volatility,0.13429174701745653,0.6290603309094484,1.2727254310929286e-06,0.3709383963637052
2021-04-19T00:00:00Z,SPY,387.799072265625,-0.0049130236630138,0.0086727088284461,0.1044761249820237,0.1729,0.0016,transition_uncertainty,0.14265990652825322,0.47402061972858317,2.935215922616959e-06,0.5259764450545078
2021-04-20T00:00:00Z,SPY,384.9597473144531,-0.0073216393597431,-0.0016710886079795,0.1092499745662185,0.1868,0.0015,transition_uncertainty,0.16036153067248715,0.14605743317622483,6.779656589772649e-06,0.8539357871660166
2021-04-21T00:00:00Z,SPY,388.602294921875,0.0094621519076552,0.011228504469428,0.1047222215709207,0.17500000000000002,0.0015,transition_uncertainty,0.1621971080845014,0.11203914010850531,2.9128310962650794e-06,0.8879579470602712
2021-04-22T00:00:00Z,SPY,385.0531311035156,-0.0091331519775839,-0.0086564651599198,0.109930452471811,0.18710000000000002,0.0016,transition_uncertainty,0.16447088871374657,0.06991691488823094,5.44146301965838e-06,0.9300776436476441
2021-04-23T00:00:00Z,SPY,389.22796630859375,0.0108422315463674,-0.0012465016045243,0.1129915358699718,0.17329999999999998,0.0016,transition_uncertainty,0.16157026369946845,0.12365169194191607,2.2747609532688033e-06,0.8763460332978577
2021-04-26T00:00:00Z,SPY,390.0405883789063,0.0020877792467466,0.0057800966366055,0.1026828984353244,0.1764,0.0018,transition_uncertainty,0.15565780987225988,0.23319433913387125,1.3654639499799297e-06,0.7668042954028224
2021-04-27T00:00:00Z,SPY,389.9566040039063,-0.000215322142111,0.0129802056560772,0.102569412368224,0.17559999999999998,0.0017000000000000001,transition_uncertainty,0.15406817985119714,0.2626468805079569,1.4460108934448774e-06,0.7373516734825999
2021-04-28T00:00:00Z,SPY,389.844482421875,-0.0002875232292004,0.0031965521465839,0.1012731855791137,0.1728,0.0017000000000000001,transition_uncertainty,0.15442678903915158,0.2560028910086336,1.5529460471986087e-06,0.7439955560470164
2021-04-29T00:00:00Z,SPY,392.3289184570313,0.0063728900809931,0.0188955413313069,0.1019806088928584,0.1761,0.0016,transition_uncertainty,0.1591761889153145,0.1680119868746569,3.701321130645986e-06,0.8319843118036302
2021-04-30T00:00:00Z,SPY,389.75103759765625,-0.0065707133430628,0.0013438687204911,0.1028780364128218,0.1861,0.0016,transition_uncertainty,0.16464945460399466,0.06660681259268036,4.730542453974253e-06,0.9333884568644815
2021-05-03T00:00:00Z,SPY,390.5916137695313,0.0021567002798918,0.0014127385893738,0.0922475013954189,0.18309999999999998,0.0016,transition_uncertainty,0.1658092661514803,0.04511441187217214,3.179473920532749e-06,0.9548824086555379
2021-05-04T00:00:00Z,SPY,388.1820068359375,-0.0061691210170619,-0.0045507555193269,0.0959443922327432,0.1948,0.0016,transition_uncertainty,0.16798145890531352,0.00487810336610249,7.291558326335742e-06,0.9951146050766877
2021-05-05T00:00:00Z,SPY,388.3034362792969,0.0003128157442153,-0.0039529766665017,0.0959910821767991,0.1915,0.0016,transition_uncertainty,0.16800794018729198,0.004377519796152034,3.055041102862847e-06,0.9956194251627709
2021-05-06T00:00:00Z,SPY,391.40423583984375,0.0079855063613616,-0.0023569065997585,0.0982545121137555,0.1839,0.0016,transition_uncertainty,0.16787022713541597,0.006930066090022409,3.492155965004807e-06,0.9930664417545907
2021-05-07T00:00:00Z,SPY,394.25286865234375,0.0072779815639645,0.0115505300061182,0.0982609836912137,0.16690000000000002,0.0014000000000000002,transition_uncertainty,0.16756440230587263,0.012595287859810901,3.0488438959583547e-06,0.9874016632946743
2021-05-10T00:00:00Z,SPY,390.348876953125,-0.0099022531213623,-0.0006214593653551,0.1060441658423595,0.1966,0.0016,transition_uncertainty,0.1682336035309127,0.00021406167424447095,1.0548468669842794e-05,0.9997753898562031
2021-05-11T00:00:00Z,SPY,386.8651428222656,-0.0089246679996922,-0.0033923880820896,0.1110902968815294,0.2184,0.0016,transition_uncertainty,0.1683159536607987,1.9140465925992984e-07,0.0005694891327048986,0.99943031946104
2021-05-12T00:00:00Z,SPY,378.6460571289063,-0.0212453508563716,-0.0248707022603948,0.1347743465023644,0.2759,0.0016,transition_uncertainty,0.1713069727570333,3.767756195950671e-18,0.024180124302902787,0.9758198756986515
2021-05-13T00:00:00Z,SPY,383.194580078125,0.0120125982129803,-0.0209748771474154,0.1362521415023149,0.2313,0.0016,transition_uncertainty,0.16844463993364822,1.6281078710250722e-10,0.0015852403940169954,0.9984147594435229
2021-05-14T00:00:00Z,SPY,389.07861328125,0.0153552098829929,-0.0131242047490501,0.1470255102200145,0.1881,0.0016,transition_uncertainty,0.1682466734120175,3.067711936663782e-07,2.2648988637500727e-05,0.999977044238865
2021-05-17T00:00:00Z,SPY,388.088623046875,-0.0025444478328583,-0.0057903430487425,0.1462267402191527,0.1972,0.0016,transition_uncertainty,0.16824395760291416,3.0200410488582334e-06,2.3667462803343403e-06,0.9999946132119955
2021-05-18T00:00:00Z,SPY,384.7449645996094,-0.0086157084972361,-0.005480406446518,0.147170891673494,0.2134,0.0016,transition_uncertainty,0.16824452338586704,5.8589594867337644e-08,5.571218808662075e-06,0.9999943701927118
2021-05-19T00:00:00Z,SPY,383.7362060546875,-0.0026218888815651,0.0134430263565332,0.1430707850834913,0.2218,0.0016,transition_uncertainty,0.16824490766252007,3.6924283151139895e-08,8.595422014364933e-06,0.9999913676519706
2021-05-20T00:00:00Z,SPY,387.8644714355469,0.0107580815042274,0.0121867364524566,0.1447121401291234,0.20670000000000002,0.0015,transition_uncertainty,0.16824438295345168,3.3760853467170067e-07,4.5815419655691474e-06,0.9999950808499335
2021-05-21T00:00:00Z,SPY,387.5468444824219,-0.0008189122142314,-0.0039369133808464,0.1393943196298509,0.20149999999999998,0.0017000000000000001,transition_uncertainty,0.16824397713105835,3.1941052264118665e-06,2.5950611754138283e-06,0.9999942108319599
2021-05-24T00:00:00Z,SPY,391.4976806640625,0.0101944738755828,0.008784224568149,0.1440165667699864,0.184,0.0015,transition_uncertainty,0.1682428924544055,2.1672812719588834e-05,1.9057154854451628e-06,0.9999764214714013
2021-05-25T00:00:00Z,SPY,390.6290283203125,-0.00221879307759,0.0152934132012005,0.1442665890056202,0.1884,0.0015,transition_uncertainty,0.16824251077286828,2.817139207582995e-05,1.6615227126043583e-06,0.9999701670870254
2021-05-26T00:00:00Z,SPY,391.40423583984375,0.0019845107847324,0.0199825548493159,0.1444135646360753,0.1736,0.0014000000000000002,transition_uncertainty,0.16822900320303596,0.00027787415591439544,1.421725416437155e-06,0.9997207041199929
2021-05-27T00:00:00Z,SPY,391.6097106933594,0.000524968395078,0.0096560513623502,0.1425903862453218,0.1674,0.0014000000000000002,transition_uncertainty,0.16817528801725157,0.0012729329360438532,1.351163963444925e-06,0.9987257159014549
2021-05-28T00:00:00Z,SPY,392.3102416992188,0.0017888499358686,0.0122911521139037,0.1406122275573732,0.16760000000000003,0.0014000000000000002,transition_uncertainty,0.16816004917147015,0.0015553889354093292,1.399590476739085e-06,0.9984432114755832
2021-06-01T00:00:00Z,SPY,391.9646606445313,-0.0008808871600972,0.0011928039514221,0.1405018867199572,0.179,0.0016,transition_uncertainty,0.16818778076073193,0.0010413794251865087,1.3126414140166247e-06,0.9989573079347155
2021-06-02T00:00:00Z,SPY,392.5810546875,0.001572575552998,0.0049971359670353,0.1385264689257828,0.1748,0.0013000000000000002,transition_uncertainty,0.1680597995150568,0.003412296742957479,1.18737220832319e-06,0.9965865158846333
2021-06-03T00:00:00Z,SPY,391.1241149902344,-0.0037111818817272,-0.0007156817018301,0.1393596314487988,0.1804,0.0016,transition_uncertainty,0.1677147622966539,0.00980556072039716,1.3928457161633842e-06,0.9901930464340011
2021-06-04T00:00:00Z,SPY,394.7012634277344,0.0091458140789639,0.0078944741408513,0.1402478794661826,0.1642,0.0014000000000000002,transition_uncertainty,0.1635850364480508,0.08632021747735377,1.353917681494714e-06,0.9136784286052962
2021-06-07T00:00:00Z,SPY,394.31829833984375,-0.0009702656752724,0.0051185424880255,0.1379534438708401,0.1642,0.0016,transition_uncertainty,0.15433275532990828,0.25774335588016983,7.974668555046154e-07,0.742255846654598
2021-06-08T00:00:00Z,SPY,394.40228271484375,0.0002129862483013,0.0062189842990032,0.1328438584302394,0.17070000000000002,0.0014000000000000002,transition_uncertainty,0.14662161483671143,0.4006132184268623,5.283835835890551e-07,0.5993862531880456
2021-06-09T00:00:00Z,SPY,393.8138732910156,-0.0014919016689707,0.0031402906197217,0.1283423059273057,0.1789,0.0016,stable_low_volatility,0.13795519158677866,0.5611818284482912,2.7723633006313462e-08,0.43881814382900936
2021-06-10T00:00:00Z,SPY,395.64453125,0.0046485359789028,0.0115574982122452,0.0978370006439848,0.161,0.0014000000000000002,stable_low_volatility,0.11543646212706603,0.9784043558013039,1.2233998687924104e-09,0.02159564297580862
2021-06-11T00:00:00Z,SPY,396.29833984375,0.0016525151799378,0.0040462916235586,0.0908084832174014,0.1565,0.0016,stable_low_volatility,0.11429820582621257,0.9994937423473262,2.54194043267441e-10,0.0005062573977110757
2021-06-14T00:00:00Z,SPY,397.1856384277344,0.0022389661898007,0.0072716384199329,0.0755009285077113,0.16390000000000002,0.0016,stable_low_volatility,0.11428403561472766,0.9997562924919704,3.345280173508952e-09,0.00024370416155819626
2021-06-15T00:00:00Z,SPY,396.4571533203125,-0.0018341174426789,0.0052100880129906,0.0750945686206656,0.1702,0.0016,stable_low_volatility,0.11458604179668631,0.9941610703603857,1.2647346647799278e-07,0.0058388031654277315
2021-06-16T00:00:00Z,SPY,394.2434997558594,-0.0055835884052384,0.0010909378617198,0.0704935360949718,0.1815,0.0021,stable_low_volatility,0.11994284194873175,0.8949215316117082,4.472526844708937e-06,0.10507399586185544
2021-06-17T00:00:00Z,SPY,394.1128234863281,-0.0003314608094037,-0.0038714240756281,0.0692942715758023,0.1775,0.0023,stable_low_volatility,0.13000879910228072,0.7084351717627904,1.0315500692635282e-05,0.2915545127377049
2021-06-18T00:00:00Z,SPY,388.7960205078125,-0.013490560726959,-0.0189309885549746,0.078728161627803,0.207,0.0026000000000000003,transition_uncertainty,0.16764918576533094,0.011492296638123536,0.00020238312934177187,0.9883053202311578
2021-06-21T00:00:00Z,SPY,394.362060546875,0.0143160931323129,-0.0071089626806158,0.0931202711528505,0.1789,0.0027,transition_uncertainty,0.16130369748427026,0.12858675747801573,6.468632845175002e-07,0.8714125956591162
2021-06-22T00:00:00Z,SPY,396.4703674316406,0.0053461199635735,3.3330490363026044e-05,0.0882034415753725,0.1666,0.0025,stable_low_volatility,0.11768145170176551,0.9368096467024593,8.084602195671422e-09,0.06319034521462089
2021-06-23T00:00:00Z,SPY,395.9925537109375,-0.0012051688094584,0.0044364814033996,0.0878408371668771,0.1632,0.0026000000000000003,stable_low_volatility,0.11439856212476776,0.997634360675251,2.906126042148941e-10,0.002365639033374941
2021-06-24T00:00:00Z,SPY,398.33502197265625,0.0059154351256531,0.0107131720530646,0.0896898813277476,0.1597,0.0026000000000000003,stable_low_volatility,0.11427781911495044,0.9998714629070722,7.678275986035853e-11,0.00012853701548920382
2021-06-25T00:00:00Z,SPY,399.75,0.0035522310349123,0.0281741039372789,0.0901720764717391,0.1562,0.0028000000000000004,stable_low_volatility,0.11427672562649271,0.9998917228201878,6.666081673623532e-11,0.00010827711180226694
2021-06-28T00:00:00Z,SPY,400.5559387207031,0.0020161068685506,0.0157060701154641,0.090200974696593,0.1576,0.0025,stable_low_volatility,0.11427254243208197,0.9999692281022179,1.4778009297972704e-11,3.07718818728957e-05
2021-06-29T00:00:00Z,SPY,400.7714538574219,0.0005380400485561,0.0108484436141949,0.0899403402431808,0.1602,0.0027,stable_low_volatility,0.11427281754299796,0.9999641308962316,1.1557007305597007e-11,3.586909188393727e-05
2021-06-30T00:00:00Z,SPY,401.1087341308594,0.0008415775879024,0.0129198904675782,0.0899281134511453,0.1583,0.0025,stable_low_volatility,0.11427239578123673,0.9999719452141153,9.62493196720986e-12,2.8054777047101515e-05
2021-07-01T00:00:00Z,SPY,403.3294982910156,0.0055365639568241,0.0125383811185506,0.0893760914317794,0.15480000000000002,0.0025,stable_low_volatility,0.11427211010780754,0.9999772381168756,9.807457440728194e-12,2.2761874499897932e-05
2021-07-02T00:00:00Z,SPY,406.412353515625,0.0076435153830107,0.0166663002267042,0.0878463518034395,0.1507,0.0024,stable_low_volatility,0.11427230941521664,0.999973545477359,5.081131417468229e-11,2.6454470674361903e-05
2021-07-06T00:00:00Z,SPY,405.6720886230469,-0.0018214625765544,0.0127726227669566,0.088210776252945,0.16440000000000002,0.0022,stable_low_volatility,0.11427552644194848,0.9999139420758244,4.899220645743889e-10,8.605743510585805e-05
2021-07-07T00:00:00Z,SPY,407.1057434082031,0.0035340237235015,0.0158052413409532,0.0883940861999249,0.162,0.0022,stable_low_volatility,0.11430021707859846,0.9994564970386292,8.252745531019003e-09,0.0005434947098949227
2021-07-08T00:00:00Z,SPY,403.7886657714844,-0.0081479509695659,0.0066813096115496,0.094463011108187,0.19,0.0019,stable_low_volatility,0.114865975575358,0.9889743525154602,5.836422968201499e-08,0.01102558911891279
2021-07-09T00:00:00Z,SPY,408.09906005859375,0.0106748768662783,0.0118254721952837,0.0995553015360344,0.1618,0.0023,stable_low_volatility,0.11440266014792848,0.9975584370738355,1.8915957366966766e-09,0.0024415610363277694
2021-07-12T00:00:00Z,SPY,409.5608825683594,0.0035820286122583,0.0077471293022921,0.0998153453004286,0.1617,0.0023,stable_low_volatility,0.11429579484292281,0.9995384154019282,1.4614606769208187e-09,0.00046158313484988836
2021-07-13T00:00:00Z,SPY,408.1647033691406,-0.0034089661846201,0.006144407801272,0.1013754285043193,0.17120000000000002,0.0026000000000000003,stable_low_volatility,0.11438917831165196,0.9978082607400489,1.6746084412267992e-08,0.002191722512630907
2021-07-14T00:00:00Z,SPY,408.7736511230469,0.0014919167406681,0.0040969889073054,0.1006683242850702,0.16329999999999997,0.0023,stable_low_volatility,0.1148229380140893,0.9897718221156556,9.164944040300815e-08,0.01022808623581667
2021-07-15T00:00:00Z,SPY,407.3775634765625,-0.0034153073287596,0.0088880595452602,0.0989040075261559,0.17010000000000003,0.0023,stable_low_volatility,0.12163315216053133,0.8635965023465868,1.3648035954267605e-06,0.13640213284979247
2021-07-16T00:00:00Z,SPY,404.1822509765625,-0.0078436143432426,-0.0095976919953426,0.1043700227950899,0.1845,0.0025,transition_uncertainty,0.1641233109735459,0.07639006617430219,1.962880564913646e-05,0.9235903050185348
2021-07-19T00:00:00Z,SPY,398.2132263183594,-0.0147681513569215,-0.02770688494184,0.1068855695990513,0.225,0.0021,transition_uncertainty,0.16827150942084648,5.221871329343681e-09,0.00021857274301377387,0.999781422034304
2021-07-20T00:00:00Z,SPY,403.91986083984375,0.0143306001516938,-0.0103998275555392,0.1069086823565537,0.1973,0.002,transition_uncertainty,0.168245160899709,6.764838047091796e-06,1.3460904748281917e-05,0.9999797742574605
2021-07-21T00:00:00Z,SPY,407.1901245117188,0.0080963180792232,-0.0038738470715458,0.1087341272637192,0.1791,0.0022,transition_uncertainty,0.16812689734948577,0.002172240434962039,2.5163084685577167e-06,0.9978252432581808
2021-07-22T00:00:00Z,SPY,408.0427856445313,0.002094012308955,0.0016329376666985,0.1083418608366027,0.17690000000000003,0.002,transition_uncertainty,0.1679823228413591,0.004848759688442189,1.6093265084044083e-06,0.9951496309855202
2021-07-23T00:00:00Z,SPY,412.2407836914063,0.0102881320159697,0.0199378688583509,0.11171923710701,0.172,0.0022,transition_uncertainty,0.16810984009346916,0.002489503045237161,3.039984867283535e-06,0.9975074569711101
2021-07-26T00:00:00Z,SPY,413.2527160644531,0.0024547119379736,0.0377674289855709,0.1115488699271083,0.17579999999999998,0.0022,transition_uncertainty,0.1682292134937362,0.00027962506863785704,3.8277223907519754e-06,0.9997165472075233
2021-07-27T00:00:00Z,SPY,411.3693237304688,-0.0045574832560583,0.0184429229974871,0.113698578973997,0.1936,0.002,transition_uncertainty,0.1682314612769736,0.0002355487137479062,2.79246141941356e-06,0.9997616588249688
2021-07-28T00:00:00Z,SPY,411.2006530761719,-0.000410022441069,0.0098492775807428,0.1138360987707362,0.18309999999999998,0.002,transition_uncertainty,0.16809671690043432,0.0027291917193116677,1.5678504123499673e-06,0.9972692404316867
2021-07-29T00:00:00Z,SPY,412.9060668945313,0.00414740055883,0.011918557124636,0.1142667807689193,0.177,0.002,transition_uncertainty,0.16797544405409257,0.004976001689320772,1.5212125842303248e-06,0.9950224770975739
2021-07-30T00:00:00Z,SPY,410.9008483886719,-0.0048563551534629,-0.0032503705497936,0.1153029035569888,0.18239999999999998,0.0019,transition_uncertainty,0.16801603404935436,0.004225569034652443,2.2074980413008767e-06,0.9957722234678666
2021-08-02T00:00:00Z,SPY,410.0386962890625,-0.0020981998528118,-0.0077773712076204,0.1129660323462043,0.19460000000000002,0.0017000000000000001,transition_uncertainty,0.1678252696871117,0.007760088448216331,2.2393818337889533e-06,0.9922376721712072
2021-08-03T00:00:00Z,SPY,413.3746032714844,0.0081355906469622,0.0048746453012853,0.1157831180076388,0.1804,0.0017000000000000001,transition_uncertainty,0.16327775833684977,0.09201345457051187,1.3746673787977123e-06,0.9079851707607035
2021-08-04T00:00:00Z,SPY,411.3411865234375,-0.0049190654964147,0.000341763677208,0.1171612373728376,0.1797,0.0017000000000000001,transition_uncertainty,0.15309465294157523,0.28068196597568407,4.960772368284801e-07,0.71931753794836
2021-08-05T00:00:00Z,SPY,413.9461364746094,0.0063328206280248,0.0025189011822968,0.1141458621190239,0.1728,0.0021,stable_low_volatility,0.13045915902507482,0.7000668708063961,3.866278411762752e-08,0.29993309053053757
2021-08-06T00:00:00Z,SPY,414.6301574707031,0.0016524396191235,0.0090759342470465,0.1086839043943308,0.16149999999999998,0.0021,stable_low_volatility,0.11562518791012937,0.9749076951768425,7.0000335810974115e-09,0.025092297823526805
2021-08-09T00:00:00Z,SPY,414.2928161621094,-0.0008135956888701,0.0103749229317806,0.1083100345016806,0.1672,0.0023,stable_low_volatility,0.11449625520624845,0.9958243244048499,1.1116198552793557e-09,0.004175674482168758
2021-08-10T00:00:00Z,SPY,414.8081970214844,0.0012440014387633,0.0034680257051458,0.1072918745786092,0.1679,0.0024,stable_low_volatility,0.11431186440184873,0.9992406786992596,1.5021470499265137e-10,0.0007593211492634076
2021-08-11T00:00:00Z,SPY,415.8389587402344,0.0024849116438665,0.0109344076502793,0.1074331886508015,0.1606,0.0023,stable_low_volatility,0.1142777888107417,0.999872024291607,3.748095720890561e-11,0.00012797567229722801
2021-08-12T00:00:00Z,SPY,417.0852355957031,0.0029970180265079,0.0075833516597787,0.1064536392808842,0.1559,0.0023,stable_low_volatility,0.11427428092138014,0.9999370179401283,1.1055398322171182e-10,6.298194845418e-05
2021-08-13T00:00:00Z,SPY,417.84417724609375,0.001819632021514,0.00775153402974,0.10093929169461,0.1545,0.0023,stable_low_volatility,0.11428679093611208,0.9997052408087365,2.6474375439701567e-09,0.0002947565449656569
2021-08-16T00:00:00Z,SPY,418.8281555175781,0.0023548928645351,0.0109471831963749,0.0798095492532414,0.1612,0.0021,stable_low_volatility,0.11479349518382861,0.9903176700505372,2.3521568234115662e-07,0.00968209473522009
2021-08-17T00:00:00Z,SPY,416.0826110839844,-0.0065553005389545,0.0030722972006118,0.073237488737694,0.1791,0.0023,stable_low_volatility,0.13419765192764493,0.6308415263668169,1.738619799512343e-05,0.36914108743613333
2021-08-18T00:00:00Z,SPY,411.528564453125,-0.0109450539617483,-0.0103655374190227,0.0813444473864387,0.2157,0.0023,transition_uncertainty,0.16823226135997932,0.00047322583374771526,0.00011037182668832778,0.9994164023411384
2021-08-19T00:00:00Z,SPY,412.165771484375,0.0015483907711164,-0.0117948651534065,0.0812286376894015,0.21670000000000003,0.0022,transition_uncertainty,0.1681959446812468,0.000922348215013812,1.5043686938668785e-05,0.9990626080966648
2021-08-20T00:00:00Z,SPY,415.4454040527344,0.0079570716329695,-0.0057408319272727,0.0779033906030929,0.1856,0.0023,transition_uncertainty,0.14960998874509496,0.34524600680281037,8.659378449040384e-07,0.6547531272580804
2021-08-23T00:00:00Z,SPY,419.0998840332031,0.00879653486311,0.000648782829056,0.0831589247749139,0.17149999999999999,0.0023,stable_low_volatility,0.12033985496124117,0.8875553800204434,5.322854487794094e-08,0.11244456674997157
2021-08-24T00:00:00Z,SPY,419.76513671875,0.0015873368399552,0.0088504675193512,0.0808222410402832,0.1722,0.0024,stable_low_volatility,0.11488767120176721,0.9885722668361238,1.005334611667972e-08,0.011427723112310835
2021-08-25T00:00:00Z,SPY,420.6459655761719,0.0020983849785791,0.0221549654400365,0.0807276652547532,0.1679,0.0023,stable_low_volatility,0.1144405001729684,0.9968573708495816,1.3106793767161074e-08,0.003142616042970012
2021-08-26T00:00:00Z,SPY,418.1627807617188,-0.0059032654956093,0.0145499934546871,0.0836098124550625,0.1884,0.0025,stable_low_volatility,0.11449496023070507,0.9958483303765377,6.612230132135789e-09,0.004151663012762612
2021-08-27T00:00:00Z,SPY,421.9015808105469,0.0089410158455938,0.0155403735240093,0.0858509358058401,0.16390000000000002,0.0022,stable_low_volatility,0.11430293714173913,0.9994060813490545,2.050294215103486e-10,0.0005939184452938654
2021-08-30T00:00:00Z,SPY,423.7569580078125,0.0043976540540595,0.0111120860492541,0.0855100322412824,0.16190000000000002,0.002,stable_low_volatility,0.11427376277827764,0.9999466177857115,2.2706778021441006e-11,5.338219017172034e-05
2021-08-31T00:00:00Z,SPY,423.1291198730469,-0.001481599588871,0.0080139650962742,0.0826304785490896,0.1648,0.002,stable_low_volatility,0.11427308189172797,0.9999592331020595,1.533802745030525e-11,4.076688170400998e-05
2021-09-01T00:00:00Z,SPY,423.3539733886719,0.000531406384161,0.0064377363248706,0.0795000574868174,0.1611,0.002,stable_low_volatility,0.1142721358827371,0.9999767606213122,3.773110205635701e-11,2.323933948384352e-05
2021-09-02T00:00:00Z,SPY,424.6565856933594,0.0030768869233963,0.0155293709301713,0.0776764812998305,0.1641,0.002,stable_low_volatility,0.11427623135596512,0.9999008833740082,1.2626474538199616e-09,9.911536186763753e-05
2021-09-03T00:00:00Z,SPY,424.553466796875,-0.0002428289115451,0.0062855559375563,0.0778463292618037,0.1641,0.0021,stable_low_volatility,0.11436046029501602,0.9983403763560299,3.1167270586581715e-08,0.0016595924770672742
2021-09-07T00:00:00Z,SPY,423.0354614257813,-0.0035755340370828,-0.0017026188441203,0.0793925866456548,0.1814,0.0022,stable_low_volatility,0.11747156573941935,0.9407012072994358,1.2158603358900816e-06,0.05929757683855344
2021-09-08T00:00:00Z,SPY,422.5200805664063,-0.001218292333314,-0.0014393698708879,0.0797907926544836,0.1796,0.0022,stable_low_volatility,0.1248348832098987,0.8042792018468826,2.9593321349279785e-06,0.1957178388214091
2021-09-09T00:00:00Z,SPY,420.7116394042969,-0.0042801306855879,-0.0062414295139947,0.0816328436476705,0.188,0.0023,transition_uncertainty,0.1529662619846765,0.2830930494408607,1.4249603912842493e-05,0.7168927009550468
2021-09-10T00:00:00Z,SPY,417.39447021484375,-0.0078846622692684,-0.0171011488416183,0.0864052779656662,0.2095,0.0023,transition_uncertainty,0.16823206444044084,0.0003149591372595757,4.138699562241983e-05,0.9996436538658539
2021-09-13T00:00:00Z,SPY,418.4626770019531,0.0025592260160023,-0.0143463433260243,0.086646391789279,0.1937,0.0021,transition_uncertainty,0.16823917065408966,0.0001045146927327183,7.821533486356045e-06,0.9998876637747556
2021-09-14T00:00:00Z,SPY,416.2044067382813,-0.0053965870501309,-0.016147711741415,0.0883053832443525,0.19460000000000002,0.0021,transition_uncertainty,0.16824141558702985,6.492428806160887e-05,8.675040151814708e-06,0.9999264006711174
2021-09-15T00:00:00Z,SPY,419.6808471679688,0.0083527237419991,-0.0067197596730347,0.0901045561640075,0.1818,0.0021,transition_uncertainty,0.16818658847969128,0.001072659359840691,5.227917236737556e-06,0.9989221127218048
2021-09-16T00:00:00Z,SPY,419.01556396484375,-0.0015852122097407,-0.0040314440595337,0.0798711174796146,0.1869,0.0023,transition_uncertainty,0.1681692453496478,0.0013985461766606625,7.1693308196610705e-06,0.998594284490954
2021-09-17T00:00:00Z,SPY,414.9338989257813,-0.0097410821699333,-0.0058950739998926,0.0883425050297656,0.20809999999999998,0.0023,transition_uncertainty,0.16825893980225903,4.510598968281183e-06,0.00012126934589109571,0.9998742200534193
2021-09-20T00:00:00Z,SPY,408.0151977539063,-0.0166742249543524,-0.0249663346869954,0.1026401486875849,0.2571,0.0023,transition_uncertainty,0.16866472248524111,3.0481721844088305e-14,0.003322543436813597,0.9966774565627582
2021-09-21T00:00:00Z,SPY,407.6297912597656,-0.0009445885747939,-0.0206019334242838,0.0960979875947751,0.2436,0.0022,transition_uncertainty,0.16831100405101582,8.933396472382781e-10,0.0005303363838921014,0.999469662723373
2021-09-22T00:00:00Z,SPY,411.606201171875,0.0097549541210431,-0.019239967824555,0.1034724121057686,0.20870000000000002,0.0025,transition_uncertainty,0.16824711657266522,3.887409912449925e-07,2.6182164120327586e-05,0.9999734290942266
2021-09-23T00:00:00Z,SPY,416.6071472167969,0.0121498316368504,-0.0057477978270251,0.1130326908030226,0.1863,0.0027,transition_uncertainty,0.16823770719369321,0.0001229526590473463,4.124762099358582e-06,0.9998729225795413
2021-09-24T00:00:00Z,SPY,417.29339599609375,0.0016472323719876,0.0056864408437609,0.1113832477838605,0.1775,0.0029,transition_uncertainty,0.16813024562207415,0.002108272027762962,1.6930565954708524e-06,0.9978900349151953
2021-09-27T00:00:00Z,SPY,416.099609375,-0.0028607848399904,0.0198139963060146,0.1064890632609622,0.18760000000000002,0.0031,transition_uncertainty,0.16820914102377207,0.0006501207986526066,3.2299439131179245e-06,0.9993466492587557
2021-09-28T00:00:00Z,SPY,407.71435546875,-0.0201520350351807,0.0002074534560465,0.1253825520916481,0.2325,0.0031,transition_uncertainty,0.16826352480546247,4.07125087940168e-11,0.00015554101512119255,0.9998444589451834
2021-09-29T00:00:00Z,SPY,408.4005737304688,0.001683085848007,-0.007788093163513,0.1260336022651241,0.2256,0.003,transition_uncertainty,0.16824554147453644,6.781336184328427e-08,1.3611810091698157e-05,0.9999863203764816
2021-09-30T00:00:00Z,SPY,403.4089965820313,-0.0122222579239856,-0.031680086918666,0.131051695064794,0.23140000000000002,0.0028000000000000004,transition_uncertainty,0.16826474865638483,4.1584984157402026e-12,0.00016520192369937764,0.9998347980703429
2021-10-01T00:00:00Z,SPY,408.203125,0.0118840394205088,-0.0217838841527673,0.139317437625562,0.2115,0.0027,transition_uncertainty,0.16824761176744146,3.6408702787267263e-09,2.9927091563182875e-05,0.9999700692683362
2021-10-04T00:00:00Z,SPY,402.9389953613281,-0.0128958582535885,-0.0316285180691221,0.1444573516836225,0.22960000000000003,0.0027,transition_uncertainty,0.16826187643671384,2.016349151079498e-12,0.00014252898982650846,0.9998574710089844
2021-10-05T00:00:00Z,SPY,407.1315612792969,0.0104049644393666,-0.0014294178795423,0.1515115424779994,0.21300000000000002,0.0028000000000000004,transition_uncertainty,0.16824488626584816,4.312498808035588e-08,8.42915785049674e-06,0.9999915277180311
2021-10-06T00:00:00Z,SPY,408.8236083984375,0.0041560205104802,0.0010358326975512,0.1530288305148573,0.21,0.003,transition_uncertainty,0.16824450273284206,1.3342409937663201e-07,5.440071403308469e-06,0.9999944265046703
2021-10-07T00:00:00Z,SPY,412.358154296875,0.0086456501675233,0.0221838327619547,0.1568760099970388,0.1954,0.0032,transition_uncertainty,0.16824424877530575,6.124461938424626e-07,3.6394519934171246e-06,0.9999957481031186
2021-10-08T00:00:00Z,SPY,411.606201171875,-0.0018235437256775,0.0083367224880381,0.1547920743725649,0.1877,0.0032,transition_uncertainty,0.16824353983651696,9.826467762841479e-06,1.9688645398428343e-06,0.9999882046690691
2021-10-11T00:00:00Z,SPY,408.626220703125,-0.0072398823444976,0.0141143582707774,0.155975337733095,0.2,0.0032,transition_uncertainty,0.16824421236393136,5.267324317218456e-07,3.3155059566392815e-06,0.9999961577633403
2021-10-12T00:00:00Z,SPY,407.6204223632813,-0.0024614140965135,0.0012007447480815,0.1552665717945199,0.1985,0.0034999999999999996,transition_uncertainty,0.16824404874382382,1.5653895307048767e-06,2.466438852161026e-06,0.9999959681708211
2021-10-13T00:00:00Z,SPY,409.0868225097656,0.0035974648619971,0.000643832953677,0.1523666375219301,0.1864,0.0037,transition_uncertainty,0.16824329865446352,1.4049401607690965e-05,1.8642120462526728e-06,0.9999840863849598
2021-10-14T00:00:00Z,SPY,415.9679565429688,0.0168207178881663,0.0087540459876414,0.1651388282201168,0.1686,0.0036,transition_uncertainty,0.16824449055281754,1.9546417917273806e-06,6.119863428598154e-06,0.999991925494981
2021-10-15T00:00:00Z,SPY,419.1358337402344,0.0076156760333012,0.0182932923433172,0.1634973328427731,0.163,0.0040999999999999995,transition_uncertainty,0.16824156472787902,4.82786035058138e-05,2.7603544492149263e-06,0.9999489610419451
2021-10-18T00:00:00Z,SPY,420.3767395019531,0.0029606291369681,0.0287561546554917,0.1502459858598498,0.1631,0.0044,transition_uncertainty,0.16823886695178802,9.788673369292598e-05,2.600269943254915e-06,0.9998995129968599
2021-10-19T00:00:00Z,SPY,423.6199035644531,0.0077148989412267,0.0392509313159799,0.1515069143166501,0.157,0.0040999999999999995,transition_uncertainty,0.1682386502946982,0.00010825269464558462,5.3064789171765534e-06,0.9998864408280632
2021-10-20T00:00:00Z,SPY,425.28369140625,0.0039275487950336,0.0395927416999546,0.1489341595898678,0.1549,0.004,transition_uncertainty,0.16783330691298162,0.007614101099777031,3.48550710815564e-06,0.9923824133927434
2021-10-21T00:00:00Z,SPY,426.3929748535156,0.00260833761012,0.0250620706392561,0.143833890882363,0.1501,0.0045000000000000005,transition_uncertainty,0.15311995033620207,0.2802144564314007,1.0054733215392854e-06,0.7197845380955453
2021-10-22T00:00:00Z,SPY,425.951171875,-0.001036140378878,0.0162604520685996,0.144028982683854,0.1543,0.0048,stable_low_volatility,0.13714412568894904,0.5762100114867182,4.169850793556808e-07,0.42378957152770375
2021-10-25T00:00:00Z,SPY,428.2354736328125,0.005362825386199,0.018694502793304,0.1440363292735309,0.1524,0.0047,stable_low_volatility,0.12601758939127794,0.7823595308691834,9.474507500375429e-08,0.21764037438555206
2021-10-26T00:00:00Z,SPY,428.6208801269531,0.000899987315089,0.0118053389853036,0.1189545188037521,0.1598,0.0047,stable_low_volatility,0.11679647808161904,0.9532063437180014,4.211758562000099e-08,0.04679361416414038
2021-10-27T00:00:00Z,SPY,426.7220764160156,-0.0044300308243852,0.0033821776824063,0.121471278482573,0.1698,0.005,stable_low_volatility,0.11566974213890095,0.9740822242559715,1.5974998468623266e-08,0.025917759769389096
2021-10-28T00:00:00Z,SPY,430.8393859863281,0.0096486912626907,0.0104279652692214,0.111264093295689,0.1653,0.005,stable_low_volatility,0.11468930898345503,0.9922474640136623,1.9700324574686324e-09,0.007752534015147964
2021-10-29T00:00:00Z,SPY,431.7135925292969,0.0020290775899409,0.0135283596683892,0.1066464021473179,0.16260000000000002,0.0048,stable_low_volatility,0.11431604748681727,0.999163175234153,1.0988233701286781e-10,0.0008368246562936386
2021-11-01T00:00:00Z,SPY,432.4562072753906,0.0017201560454536,0.0098561046490912,0.0891247216082816,0.1641,0.005,stable_low_volatility,0.11427491602453463,0.9999252506567191,1.808023880036277e-11,7.474932431992423e-05
2021-11-02T00:00:00Z,SPY,434.2047424316406,0.0040432652528363,0.0130275088395916,0.0854624390946633,0.16030000000000003,0.0046,stable_low_volatility,0.11427259924670673,0.999968175460531,1.6943714635566353e-11,3.1824522491436576e-05
2021-11-03T00:00:00Z,SPY,436.8556518554688,0.0061052060578206,0.0237474834312856,0.086017272225268,0.151,0.0047,stable_low_volatility,0.11427283704286917,0.9999637696361319,2.4034226014753238e-11,3.623033963231475e-05
2021-11-04T00:00:00Z,SPY,438.9143371582031,0.0047125069665241,0.0187423699748083,0.0839213541904777,0.1544,0.0040999999999999995,stable_low_volatility,0.11427224959966552,0.9999746537152422,4.398540756155443e-11,2.5346240624306438e-05
2021-11-05T00:00:00Z,SPY,440.4371643066406,0.0034695315680439,0.0202068499308409,0.0818619212303459,0.1648,0.0039000000000000003,stable_low_volatility,0.11427548768241992,0.9999146597911682,3.160286826734227e-10,8.533989191372531e-05
2021-11-08T00:00:00Z,SPY,440.813232421875,0.000853851912852,0.019324558200092,0.0723737372965326,0.1722,0.0045000000000000005,stable_low_volatility,0.11428174840017562,0.9997986675509389,2.4926705436787825e-09,0.00020132995483332749
2021-11-09T00:00:00Z,SPY,439.356201171875,-0.0033053255729074,0.0118641236191596,0.0733990626741114,0.1778,0.0040999999999999995,stable_low_volatility,0.11432314333179083,0.9990317477021466,1.838119935687675e-08,0.0009682339179233041
2021-11-10T00:00:00Z,SPY,435.8215637207031,-0.0080450382667732,-0.0023671163011707,0.0845682934364241,0.18730000000000002,0.0051,stable_low_volatility,0.11452836548035779,0.9952294437919962,2.3362493410192704e-08,0.004770532845372481
2021-11-11T00:00:00Z,SPY,435.9626159667969,0.0003236467807823,-0.006725050747983,0.0682545615324044,0.1766,0.0051,stable_low_volatility,0.11433394909803067,0.9988314988614072,6.032117649554707e-10,0.0011685005358120163
2021-11-12T00:00:00Z,SPY,439.2527465820313,0.0075468182241684,-0.0026891866095676,0.0681853797389565,0.1629,0.0053,stable_low_volatility,0.11427608373483163,0.9999036156946418,7.837656492432182e-11,9.638422708631795e-05
2021-11-15T00:00:00Z,SPY,439.4031982421875,0.0003425172894806,-0.0031987111002558,0.0685045820739534,0.1649,0.0053,stable_low_volatility,0.11427294743855228,0.9999617242587471,2.821250438513646e-11,3.827571357927011e-05
2021-11-16T00:00:00Z,SPY,441.1422424316406,0.0039577413100544,0.0040651326987117,0.0657760667541462,0.1637,0.0054,stable_low_volatility,0.1142723401730407,0.9999729758360417,1.482709772582238e-10,2.7024016087012616e-05
2021-11-17T00:00:00Z,SPY,440.070556640625,-0.0024293429373445,0.0097493866151259,0.0672002729539946,0.1711,0.005200000000000001,stable_low_volatility,0.11428135792946725,0.9998059063666618,4.301155295849654e-09,0.00019408933272178263
2021-11-18T00:00:00Z,SPY,441.5652770996094,0.0033965472954942,0.0128512421194371,0.0673968540639234,0.1759,0.005200000000000001,stable_low_volatility,0.11440533040743847,0.9975091316895347,7.375260501200985e-08,0.002490794557283563
2021-11-19T00:00:00Z,SPY,440.7756652832031,-0.00178821084301,0.0034670669973544,0.0678610284785067,0.1791,0.005200000000000001,stable_low_volatility,0.11561410507536593,0.9751148012411437,7.591913914618856e-07,0.02488443956918811
2021-11-22T00:00:00Z,SPY,439.5347290039063,-0.0028153466196904,0.0002993395638559,0.0682459086088782,0.1917,0.0063,stable_low_volatility,0.12345431077483424,0.829872113198957,8.897208150538165e-06,0.1701189895922311
2021-11-23T00:00:00Z,SPY,440.1174926757813,0.001325864905364,-0.0023229463363354,0.0682293281645597,0.1938,0.006,stable_low_volatility,0.12911056766710635,0.7253543535027106,0.00012830148886545456,0.27451734500825803
2021-11-24T00:00:00Z,SPY,441.2926940917969,0.0026701992889914,0.0027771397852682,0.0648469902589135,0.1858,0.0064,stable_low_volatility,0.1330633093117299,0.6670908661977452,0.00650725900918673,0.32640187479377664
2021-11-26T00:00:00Z,SPY,431.450439453125,-0.0223032349514141,-0.0229067777088881,0.102353296275078,0.2862,0.005,stress_high_volatility,0.2862584358063853,5.3092146867509635e-17,0.9315920610614205,0.0684079389398414
2021-11-29T00:00:00Z,SPY,436.7428894042969,0.012266646333424,-0.0091492706983157,0.1109305112289946,0.22960000000000003,0.0051,stress_high_volatility,0.2846100674250845,3.5102742022642702e-09,0.9185800563995673,0.08141994008903654
2021-11-30T00:00:00Z,SPY,428.244873046875,-0.0194577097042447,-0.0256859247109252,0.1319575727735109,0.27190000000000003,0.005200000000000001,stress_high_volatility,0.2944064597789225,4.79728370447366e-19,0.9959115052653144,0.004088494735376939
2021-12-01T00:00:00Z,SPY,423.48822021484375,-0.0111073199737071,-0.0377837117080636,0.1360178978429529,0.31120000000000003,0.005600000000000001,stress_high_volatility,0.29492402222716924,2.3719437450833038e-27,0.9999970760879479,2.9239134206790164e-06
2021-12-02T00:00:00Z,SPY,429.9745178222656,0.0153163589866354,-0.0256477762289372,0.1460168392748066,0.2795,0.0063,stress_high_volatility,0.2949024842003936,3.88689471473211e-23,0.9998270576984982,0.00017294230301513754
2021-12-03T00:00:00Z,SPY,426.2331848144531,-0.0087012900828672,-0.0120923613967919,0.1470983103440564,0.30670000000000003,0.006,stress_high_volatility,0.2946891025514785,3.2940484515584604e-23,0.9981426506473027,0.0018573493515570407
2021-12-06T00:00:00Z,SPY,431.28118896484375,0.011843292193657,-0.0125055280165011,0.1536056316640328,0.2718,0.006500000000000001,stress_high_volatility,0.25048068423331477,1.650449963502951e-17,0.6491671315639371,0.35083286843453854
2021-12-07T00:00:00Z,SPY,440.2021484375,0.0206847868650803,0.0279215844559945,0.1715692198166175,0.2189,0.006999999999999999,transition_uncertainty,0.17732125822646516,2.798025869629025e-12,0.07165611357262046,0.928343886425488
2021-12-08T00:00:00Z,SPY,441.3678283691406,0.0026480559801405,0.0422198476860258,0.1713791416770123,0.19899999999999998,0.0068000000000000005,transition_uncertainty,0.16839947918491097,3.928141321048309e-09,0.0012287489057813475,0.9987712471668856
2021-12-09T00:00:00Z,SPY,438.3879089355469,-0.0067515556006984,0.0195671854134364,0.170602148951064,0.2158,0.006999999999999999,transition_uncertainty,0.16824685430550537,5.255846128534524e-09,2.394847420169961e-05,0.9999760462700984
2021-12-10T00:00:00Z,SPY,442.5146484375,0.0094134427931036,0.0381984890034652,0.1736183094978225,0.1869,0.0067,transition_uncertainty,0.16824514303854562,2.0999984013624486e-08,1.0446664299841638e-05,0.9999895323346557
2021-12-13T00:00:00Z,SPY,438.5946960449219,-0.0088583562293798,0.016957630583499,0.1748991678052953,0.2031,0.006600000000000001,transition_uncertainty,0.16824489092674413,1.6108564359333252e-08,8.454441431935895e-06,0.9999915294496944
2021-12-14T00:00:00Z,SPY,435.5771179199219,-0.0068801062853959,-0.0105066059627257,0.1765533975892662,0.2189,0.0067,transition_uncertainty,0.1682461204490808,4.812065856545689e-10,1.815347240156638e-05,0.9999818460466331
2021-12-15T00:00:00Z,SPY,442.383056640625,0.0156251061883245,0.0023001863892881,0.1849267402534353,0.1929,0.0069,transition_uncertainty,0.16824608958082332,4.365217765834686e-09,1.7911455499731353e-05,0.999982084180793
2021-12-16T00:00:00Z,SPY,438.4819030761719,-0.008818496788909,0.000214408606417,0.1875008867251806,0.2057,0.0064,transition_uncertainty,0.16824621985782223,1.5237951943655258e-09,1.893863671578205e-05,0.9999810598394253
2021-12-17T00:00:00Z,SPY,433.8152160644531,-0.0106428269421829,-0.0196590833857459,0.1905867126355816,0.2157,0.006600000000000001,transition_uncertainty,0.1682550862195284,6.172588094407949e-12,8.892789822664055e-05,0.9999110720962756
2021-12-20T00:00:00Z,SPY,429.2023010253906,-0.0106333638568757,-0.0214147482954724,0.1937394892266497,0.22870000000000001,0.006500000000000001,transition_uncertainty,0.16826401529730822,3.8612388137151895e-13,0.0001594128794014809,0.9998405871193755
2021-12-21T00:00:00Z,SPY,436.824462890625,0.0177589026131139,0.0028636604619172,0.2048987876342088,0.2101,0.006999999999999999,transition_uncertainty,0.16825232161247483,1.5778217401674606e-11,6.710445574223746e-05,0.9999328955270056
2021-12-22T00:00:00Z,SPY,441.1921691894531,0.0099987676283637,-0.0026919825099434,0.2080733196041919,0.1863,0.0068000000000000005,transition_uncertainty,0.16824565316235326,5.8866623986596936e-09,1.4467076637891793e-05,0.9999855270354207
2021-12-23T00:00:00Z,SPY,443.9373168945313,0.0062221133936295,0.0124415940089817,0.2090233570336821,0.1796,0.0070999999999999995,transition_uncertainty,0.16824510779645327,3.394832746875561e-08,1.0173980719751488e-05,0.9999897920727434
2021-12-27T00:00:00Z,SPY,450.219970703125,0.0141521191607469,0.0378150743247203,0.1959167941013654,0.1768,0.0076,transition_uncertainty,0.168247110406383,1.7850632560870197e-09,2.5968622666495116e-05,0.9999740295923365
2021-12-28T00:00:00Z,SPY,449.8519287109375,-0.0008174714942402,0.0481116425429539,0.1924663532115129,0.1754,0.0074,transition_uncertainty,0.1682463691547842,2.3110321844580087e-09,2.0117505013939193e-05,0.9999798801823526
2021-12-29T00:00:00Z,SPY,450.4275207519531,0.0012795144452641,0.0311407877006515,0.1755923979997883,0.16949999999999998,0.0075,transition_uncertainty,0.16824422462765723,2.104965554820637e-06,4.08472881615032e-06,0.9999938103074442
2021-12-30T00:00:00Z,SPY,449.1822204589844,-0.0027647073848636,0.018110138455563,0.1693226719322223,0.17329999999999998,0.0073,transition_uncertainty,0.1682435002168668,1.1295308315164416e-05,2.2819217706066726e-06,0.9999864227696376
2021-12-31T00:00:00Z,SPY,448.05023193359375,-0.0025201098214304,0.0092646301235352,0.1639100733810095,0.1722,0.0073,transition_uncertainty,0.16824213362444118,3.581887003284876e-05,1.942614452300057e-06,0.999962238514793
2022-01-03T00:00:00Z,SPY,450.6444396972656,0.0057899931275036,0.0009428035666159,0.1592585394789375,0.166,0.0078000000000000005,transition_uncertainty,0.16823906496539331,9.306317889152754e-05,2.108263564937458e-06,0.9999048285569971
2022-01-04T00:00:00Z,SPY,450.4934997558594,-0.000334942424914,0.0014261827147441,0.1559596391998788,0.1691,0.0077,transition_uncertainty,0.1682378245158379,0.0001154521401459902,1.8552503522930306e-06,0.9998826926110217
2022-01-05T00:00:00Z,SPY,441.8430480957031,-0.019202167544802,-0.0190584994494095,0.1581149705743249,0.1973,0.0083,transition_uncertainty,0.16824867539774913,3.772776125903334e-10,3.8321860308733244e-05,0.9999616777635207
2022-01-06T00:00:00Z,SPY,441.4280090332031,-0.0009393359571657,-0.0172629527007053,0.1578875153482133,0.1961,0.0088,transition_uncertainty,0.16824439818246517,2.1582761340815195e-07,4.649873294481047e-06,0.9999951342988566
2022-01-07T00:00:00Z,SPY,439.6827697753906,-0.0039536214786978,-0.018675276926189,0.1565955411654231,0.18760000000000002,0.0087,transition_uncertainty,0.16824433333900748,5.387796830128755e-07,4.27560154238141e-06,0.9999951856195752
2022-01-10T00:00:00Z,SPY,439.13568115234375,-0.0012442803326734,-0.025538445681596,0.1527913957303296,0.19399999999999998,0.0092,transition_uncertainty,0.16824489261502296,4.9461604117000253e-08,8.481979661100559e-06,0.9999914685577228
2022-01-11T00:00:00Z,SPY,443.1354675292969,0.0091083156040912,-0.0163332705811518,0.1528206547345935,0.1841,0.009000000000000001,transition_uncertainty,0.16824420796198167,1.5381585340121063e-06,3.711684732897752e-06,0.9999947501557034
2022-01-12T00:00:00Z,SPY,444.3334655761719,0.0027034578242053,0.0056364301559166,0.1504204109619981,0.17620000000000002,0.0092,transition_uncertainty,0.16823925675037407,8.822266119416716e-05,1.55985905310807e-06,0.9999102174804578
2022-01-13T00:00:00Z,SPY,438.2112121582031,-0.0137785107183632,-0.0072872513958625,0.1489776714043837,0.2031,0.0091,transition_uncertainty,0.16824537570495968,3.2429568132818255e-08,1.2288171506087081e-05,0.9999876793985569
2022-01-14T00:00:00Z,SPY,438.3903503417969,0.0004087941582131,-0.0029394361626996,0.1456553445957565,0.19190000000000002,0.0099,transition_uncertainty,0.16826593235984091,7.930272791704866e-06,0.00017792465446320383,0.9998141450742404
2022-01-18T00:00:00Z,SPY,430.6267395019531,-0.0177093561338445,-0.0193765663224225,0.1545815196969875,0.2279,0.0106,transition_uncertainty,0.17398160600627025,5.994444144467993e-12,0.04529333219834987,0.9547066677962576
2022-01-19T00:00:00Z,SPY,426.15521240234375,-0.0103837655431731,-0.0383184293995391,0.1543605670480946,0.23850000000000002,0.010400000000000001,transition_uncertainty,0.20711405982401,1.5877396949068032e-13,0.30683662439178233,0.6931633756062993
2022-01-20T00:00:00Z,SPY,421.4385070800781,-0.0110680455969935,-0.051526522915409,0.1433223168672363,0.2559,0.0108,stress_high_volatility,0.28410561456282507,4.6521590331399285e-18,0.9145979694519067,0.08540203054670423
2022-01-21T00:00:00Z,SPY,413.1654357910156,-0.0196305538057786,-0.0571545767709509,0.149792230599833,0.28850000000000003,0.0101,stress_high_volatility,0.2949217011618877,2.863391674425217e-29,0.9999787539019612,2.1246097723660896e-05
2022-01-24T00:00:00Z,SPY,414.9200134277344,0.0042466709088566,-0.0535375308689243,0.1482968718247175,0.299,0.0099,stress_high_volatility,0.2949243578444133,3.278312700820406e-31,0.9999997254090354,2.745907500693797e-07
2022-01-25T00:00:00Z,SPY,409.8542785644531,-0.0122089431681837,-0.0482377405581563,0.1362087901929174,0.3116,0.0102,stress_high_volatility,0.29492438369622087,2.327193287068385e-34,0.9999999294814212,7.051718169402213e-08
2022-01-26T00:00:00Z,SPY,408.8260192871094,-0.0025088411445778,-0.0406640412011984,0.1357006960639144,0.3196,0.0113,stress_high_volatility,0.2949243833853423,4.217110225839045e-34,0.9999999270257858,7.297402222366293e-08
2022-01-27T00:00:00Z,SPY,406.8072814941406,-0.0049378897079225,-0.0347173439069662,0.1337992307546595,0.3049,0.0118,stress_high_volatility,0.29492210577064265,5.0279011261008604e-29,0.9999819478281616,1.805217364766846e-05
2022-01-28T00:00:00Z,SPY,416.9104309082031,0.0248352226561805,0.0090641539508686,0.1702245223889208,0.2766,0.0115,stress_high_volatility,0.29399491102883507,1.606685398228997e-23,0.9926627928236144,0.007337207175850873
2022-01-31T00:00:00Z,SPY,424.4194946289063,0.0180112157528542,0.0228947288483263,0.1867023751317587,0.2483,0.0118,stress_high_volatility,0.2553791550782349,3.6077883647695136e-17,0.6878350249379129,0.31216497506165886
2022-02-01T00:00:00Z,SPY,427.2872924804688,0.0067569889881471,0.0425346637274988,0.1873116062291803,0.21960000000000002,0.0118,transition_uncertainty,0.20467417270360716,1.1720552780919634e-12,0.28757647198386915,0.7124235280164533
2022-02-02T00:00:00Z,SPY,431.43798828125,0.0097140632867545,0.0553095153619875,0.1922585563801581,0.2209,0.0116,transition_uncertainty,0.19870917879826253,1.6028604000576324e-14,0.24048958392904335,0.7595104160716978
2022-02-03T00:00:00Z,SPY,421.2969970703125,-0.0235050957180124,0.035618132308137,0.1980309475285847,0.24350000000000002,0.011899999999999999,transition_uncertainty,0.196047416110507,8.26810635810674e-18,0.21947797458300664,0.7805220254155288
2022-02-04T00:00:00Z,SPY,423.2781066894531,0.0047024062191689,0.0152734863634345,0.1995771989807626,0.2322,0.0131,transition_uncertainty,0.17164126179859354,4.034257860949565e-12,0.02681895863458929,0.9731810413607336
2022-02-07T00:00:00Z,SPY,421.919677734375,-0.0032093059707308,-0.0058899671814486,0.1995023561827198,0.2286,0.013000000000000001,transition_uncertainty,0.16888631799048165,1.3378282106382668e-11,0.005071789612180343,0.99492821037502
2022-02-08T00:00:00Z,SPY,425.3911437988281,0.0082277889552206,-0.0044376435129469,0.2028012825902203,0.2144,0.013500000000000002,transition_uncertainty,0.16888306358542793,1.2971205243379758e-10,0.005046099813484393,0.9949539000550913
2022-02-09T00:00:00Z,SPY,431.6172180175781,0.0146361162180055,0.0004154240961538,0.2074818773758268,0.1996,0.013600000000000001,transition_uncertainty,0.1735565423174806,4.971439992498964e-10,0.04193793479120833,0.9580620647124274
2022-02-10T00:00:00Z,SPY,423.8628845214844,-0.0179657649704279,0.0060904479951553,0.2151648576407469,0.2391,0.0161,stress_high_volatility,0.25765368349671935,1.0017539902894552e-15,0.7057898571993221,0.294210142801387
2022-02-11T00:00:00Z,SPY,415.50494384765625,-0.0197185009092356,-0.0183641977200106,0.2204568388239776,0.2736,0.015,stress_high_volatility,0.294740976309303,1.0839196601613504e-23,0.9985521353604152,0.0014478646396614797
2022-02-14T00:00:00Z,SPY,414.14654541015625,-0.0032692714193024,-0.0184232514727896,0.2201642577651811,0.2833,0.0158,stress_high_volatility,0.29491954314401475,5.69323690999948e-24,0.9999617187874363,3.8281213297893374e-05
2022-02-15T00:00:00Z,SPY,420.8254089355469,0.0161268121137558,-0.0107330275437996,0.2223221673891118,0.257,0.0158,stress_high_volatility,0.29489611121479303,5.81022399524346e-22,0.999776750181057,0.00022324981734816567
2022-02-16T00:00:00Z,SPY,421.2969970703125,0.0011206265704308,-0.0239105867802644,0.2196885902895097,0.2429,0.0152,stress_high_volatility,0.29482503965498347,1.1993529983042749e-18,0.9992157205056983,0.0007842794944186742
2022-02-17T00:00:00Z,SPY,412.2975769042969,-0.0213612255216565,-0.0272854926428485,0.2292865200858185,0.2811,0.0149,stress_high_volatility,0.2949242312445036,2.431954424501904e-29,0.9999987260461168,1.2739534089122487e-06
2022-02-18T00:00:00Z,SPY,409.6279296875,-0.0064750494942068,-0.0141442701156186,0.2195190498871123,0.2775,0.0147,stress_high_volatility,0.2949222243913326,5.0826424070319176e-26,0.9999828842092511,1.7115788980484276e-05
2022-02-22T00:00:00Z,SPY,405.23193359375,-0.0107316805694954,-0.0215252593923668,0.2217506606257947,0.28809999999999997,0.015600000000000001,stress_high_volatility,0.29492411094919274,2.940860182582322e-28,0.9999977764516353,2.2235470647169766e-06
2022-02-23T00:00:00Z,SPY,398.0436706542969,-0.0177386388967545,-0.0541358430301893,0.2263267118395101,0.3102,0.0158,stress_high_volatility,0.2949243924143139,1.8775536401580584e-41,0.9999999982974259,1.7038052075138916e-09
2022-02-24T00:00:00Z,SPY,404.0337829589844,0.0150488821863215,-0.0409763521491395,0.2336107375357131,0.3032,0.0154,stress_high_volatility,0.29492439121176484,8.356093513776639e-41,0.9999999888059392,1.119432851679507e-08
2022-02-25T00:00:00Z,SPY,412.9484558105469,0.0220641768771783,0.0015786629432485,0.2459868657680449,0.2759,0.015500000000000002,stress_high_volatility,0.29492427085042255,1.5395593441603666e-32,0.9999990386900282,9.6130955393335e-07
2022-02-28T00:00:00Z,SPY,411.8919067382813,-0.0025585495172558,0.0055269108542193,0.2294913557554872,0.3015,0.0144,stress_high_volatility,0.29492431466066793,1.3594701347332663e-30,0.9999993845232968,6.154756263372775e-07
2022-03-01T00:00:00Z,SPY,405.6186828613281,-0.0152302673937683,0.0009543899074002,0.2242762255480341,0.3332,0.0131,stress_high_volatility,0.29492439242350016,3.108442819264878e-39,0.9999999983738235,1.6244843793973741e-09
2022-03-02T00:00:00Z,SPY,413.0805358886719,0.0183962261666699,0.0377769233452642,0.2338991463245943,0.3074,0.015,stress_high_volatility,0.29492438925875236,9.785119706909048e-39,0.9999999733881854,2.6612780185021487e-08
2022-03-03T00:00:00Z,SPY,411.0240173339844,-0.0049784929959559,0.0173011135945273,0.230216879336384,0.3048,0.015300000000000001,stress_high_volatility,0.29492433814852903,9.189549357669603e-33,0.9999995699327898,4.3006661200738436e-07
2022-03-04T00:00:00Z,SPY,407.6846008300781,-0.0081246262093553,-0.0127470024561218,0.2173049261398182,0.31980000000000003,0.015,stress_high_volatility,0.2949243857463627,1.5014952218782282e-34,0.99999994566315,5.433682709464898e-08
2022-03-07T00:00:00Z,SPY,395.66644287109375,-0.0294790579151492,-0.0393925289663369,0.2377019998141471,0.36450000000000005,0.015500000000000002,stress_high_volatility,0.29492439262979137,4.657060458246199e-59,1.0,9.353286690368306e-15
2022-03-08T00:00:00Z,SPY,392.6666259765625,-0.0075816813595904,-0.031931608261727,0.2381748728349138,0.35130000000000006,0.0163,stress_high_volatility,0.29492439262824527,1.144781323227089e-54,0.9999999999890861,9.951145028791784e-12
2022-03-09T00:00:00Z,SPY,403.19427490234375,0.0268106536928087,-0.0239330109443659,0.2581478097477455,0.3245,0.0168,stress_high_volatility,0.29492439262224696,3.265558051208839e-50,0.9999999999417923,5.7202634825269394e-11
2022-03-10T00:00:00Z,SPY,401.3737182617188,-0.0045153335598973,-0.0234786743968397,0.2500330912136736,0.3023,0.0172,stress_high_volatility,0.2949243817923775,1.9604653492760636e-38,0.999999914452932,8.554551784357398e-08
2022-03-11T00:00:00Z,SPY,396.2701110839844,-0.0127153496742069,-0.0279983343075822,0.2466258455498944,0.3075,0.0175,stress_high_volatility,0.29492439025055045,8.434146041940707e-38,0.9999999812207536,1.8777619748266443e-08
2022-03-14T00:00:00Z,SPY,393.37408447265625,-0.0073082135904879,-0.0057936639301613,0.2393649819676793,0.3177,0.0187,stress_high_volatility,0.29492438897373147,7.3609344611868775e-37,0.9999999711399146,2.8859810878524577e-08
2022-03-15T00:00:00Z,SPY,402.0245361328125,0.0219903954063287,0.0238316921713854,0.2546179664122446,0.2983,0.018500000000000003,stress_high_volatility,0.29492438956500266,1.4817675056395142e-37,0.9999999758074413,2.41922024240887e-08
2022-03-16T00:00:00Z,SPY,410.9391479492188,0.0221742978728571,0.0192087872496475,0.2608178098375612,0.26670000000000005,0.0195,stress_high_volatility,0.294924326544902,5.347387925373028e-33,0.9999994783321651,5.216695696806768e-07
2022-03-17T00:00:00Z,SPY,416.080322265625,0.0125107922719536,0.0366406750985044,0.2652006717549306,0.25670000000000004,0.0194,stress_high_volatility,0.2949240175242832,4.6472335687826045e-29,0.9999970389661212,2.9610336315482135e-06
2022-03-18T00:00:00Z,SPY,420.6375732421875,0.0109528154365665,0.0614920517006611,0.2560436950034495,0.23870000000000002,0.0197,stress_high_volatility,0.2949238175474217,1.5629742279292415e-28,0.9999954603766396,4.539621667367726e-06
2022-03-21T00:00:00Z,SPY,420.5146484375,-0.0002922344852364,0.0689942856841407,0.2545771125503021,0.2353,0.021400000000000002,stress_high_volatility,0.2949218801226772,2.811776869324296e-28,0.9999801665947025,1.9833405370042897e-05
2022-03-22T00:00:00Z,SPY,425.4351806640625,0.0117012147967867,0.0582318799654459,0.252877212970381,0.22940000000000002,0.021800000000000003,stress_high_volatility,0.29468812998342386,1.7295882639870755e-24,0.9981349733189118,0.0018650266817083305
2022-03-23T00:00:00Z,SPY,419.9563293457031,-0.0128782281470174,0.0219428629311282,0.248177209589111,0.23570000000000002,0.0213,stress_high_volatility,0.2869963486376699,1.728456133838111e-19,0.9374170492251664,0.06258295077430605
2022-03-24T00:00:00Z,SPY,426.286865234375,0.0150742718856862,0.0245302227059758,0.2481936099038677,0.21670000000000003,0.0213,stress_high_volatility,0.24720448058866243,2.836830738379774e-16,0.6233052050109418,0.37669479498840946
2022-03-25T00:00:00Z,SPY,428.3686218261719,0.004883464074485,0.0183793580882349,0.2379338200093831,0.20809999999999998,0.023,transition_uncertainty,0.18446839541834956,9.421796514568352e-13,0.12807468737288275,0.8719253126269179
2022-03-28T00:00:00Z,SPY,431.4156188964844,0.0071130258265017,0.025922926821905,0.2380353017868039,0.1963,0.0235,transition_uncertainty,0.17128753419949677,5.933414818521932e-12,0.02402667885789261,0.9759733211347857
2022-03-29T00:00:00Z,SPY,436.7525939941406,0.0123708434833853,0.0266019686298926,0.2309482335970979,0.189,0.0235,transition_uncertainty,0.1688287990717916,1.4109484624646412e-11,0.004617742730635582,0.9953822572555295
2022-03-30T00:00:00Z,SPY,434.0558166503906,-0.0061746109372533,0.0335736987859063,0.2268006467970617,0.1933,0.023100000000000002,transition_uncertainty,0.16837746310279864,1.3957547731877394e-11,0.0010549551428189361,0.9989450448434564
2022-03-31T00:00:00Z,SPY,427.3750305175781,-0.0153915369326649,0.0025526596570242,0.2343436767180479,0.2056,0.022799999999999997,transition_uncertainty,0.16836008970951852,1.3036630407867936e-13,0.0009178118269184761,0.9990821881711445
2022-04-01T00:00:00Z,SPY,428.5863037109375,0.0028342161026404,0.0005081648694005,0.2312832665480057,0.1963,0.0244,transition_uncertainty,0.16826050724346364,7.339337879704768e-11,0.00013172078877983303,0.9998682791368202
2022-04-04T00:00:00Z,SPY,432.2578430175781,0.0085666277126692,0.0019522337259092,0.1976144676117618,0.1857,0.024300000000000002,transition_uncertainty,0.1682449779981106,4.932638370471619e-08,9.15592470170399e-06,0.9999907947481776
2022-04-05T00:00:00Z,SPY,426.7978515625,-0.0126313299880508,-0.022792634934583,0.2025034244303773,0.21030000000000001,0.025099999999999997,transition_uncertainty,0.16825449021732639,2.8379961882206933e-12,8.422313477163333e-05,0.9999157768615371
2022-04-06T00:00:00Z,SPY,422.5301208496094,-0.009999419390858,-0.0265534877282029,0.1903021383327026,0.22100000000000003,0.025,transition_uncertainty,0.1682571486213386,1.1586795011056093e-12,0.00010520822812934552,0.9998947917716107
2022-04-07T00:00:00Z,SPY,424.6592102050781,0.0050389055132629,-0.00635465368487,0.1887442712668164,0.21550000000000002,0.024700000000000003,transition_uncertainty,0.1682458471946423,8.943138509305484e-10,1.5996612236232598e-05,0.999984002494507
2022-04-08T00:00:00Z,SPY,423.5237121582031,-0.002673904202682,-0.0118123036338297,0.1808941771651334,0.2116,0.0253,transition_uncertainty,0.1682497458850952,2.62718589984973e-09,4.677310637954034e-05,0.9999532242681073
2022-04-11T00:00:00Z,SPY,416.2847595214844,-0.0170922015200289,-0.0369526747845363,0.1917286115607989,0.24370000000000003,0.025,transition_uncertainty,0.1685493473670985,3.3955845522962096e-17,0.002411787219822499,0.9975882127811909
2022-04-12T00:00:00Z,SPY,414.7423400878906,-0.0037052027447912,-0.0282464202443248,0.179301345891015,0.2426,0.0239,transition_uncertainty,0.16831893756565625,1.7989845026915665e-13,0.000592962141453343,0.9994070378569135
2022-04-13T00:00:00Z,SPY,419.4925842285156,0.0114534825154777,-0.0071889232771996,0.166886756094812,0.2182,0.023700000000000002,transition_uncertainty,0.16824689354727054,2.0817965358687464e-09,2.4256890062553997e-05,0.999975741029207
2022-04-14T00:00:00Z,SPY,414.2691955566406,-0.0124516829814316,-0.0244667121276374,0.1677856211605353,0.227,0.024700000000000003,transition_uncertainty,0.1682531518273987,4.376005636043592e-12,7.365805849151742e-05,0.9999263419366364
2022-04-18T00:00:00Z,SPY,414.4394836425781,0.0004110565974104,-0.0214491615341519,0.1626249961314334,0.2217,0.0246,transition_uncertainty,0.16824562649055083,8.797173331103718e-10,1.4254396255037322e-05,0.9999857447253075
2022-04-19T00:00:00Z,SPY,421.1296691894531,0.0161427320777303,0.0116384507411175,0.1731811574948194,0.2137,0.026099999999999998,transition_uncertainty,0.16824730906766275,8.758018733391858e-10,2.7536442915778678e-05,0.9999724626803888
2022-04-20T00:00:00Z,SPY,420.8173522949219,-0.0007416169350697,0.0146476778950126,0.1677095544567377,0.20320000000000002,0.026000000000000002,transition_uncertainty,0.1682932126535555,2.709815982733742e-07,0.000390008474394723,0.9996097205435305
2022-04-21T00:00:00Z,SPY,414.524658203125,-0.0149535043112641,-0.0118427028561829,0.1699277860067269,0.2268,0.0268,transition_uncertainty,0.17750709091642292,6.507286741423178e-11,0.07312305274742988,0.9268769471871509
2022-04-22T00:00:00Z,SPY,403.15045166015625,-0.0274391554709277,-0.026839417498915,0.1849886069751487,0.2821,0.027200000000000002,stress_high_volatility,0.2947304440824152,1.9020770327899204e-25,0.9984689953260537,0.0015310046752624235
2022-04-25T00:00:00Z,SPY,405.4877624511719,0.0057976142191846,-0.0215995858134173,0.1855155109753639,0.2702,0.0263,stress_high_volatility,0.29485809885695247,2.9266397906793227e-19,0.9994766855557623,0.0005233144455127383
2022-04-26T00:00:00Z,SPY,393.7445068359375,-0.028960813870797,-0.0650278628105774,0.2041244692283896,0.33520000000000005,0.025400000000000002,stress_high_volatility,0.2949243926294699,1.6939292099813131e-49,0.999999999996362,4.475877425717532e-12
2022-04-27T00:00:00Z,SPY,394.8515930175781,0.0028116866709759,-0.0617031572860288,0.196359428271479,0.316,0.0258,stress_high_volatility,0.29492439168570095,1.005014130667221e-44,0.9999999925457814,7.455501290466117e-09
2022-04-28T00:00:00Z,SPY,404.8253479003906,0.0252595027073083,-0.0233986328938278,0.2232133162986981,0.2999,0.0263,stress_high_volatility,0.29492438516200786,1.913956042871903e-37,0.9999999410501932,5.894988570285569e-08
2022-04-29T00:00:00Z,SPY,389.86474609375,-0.0369556943117153,-0.032954708376727,0.2511312752642096,0.334,0.027000000000000003,stress_high_volatility,0.2949243926298268,9.822527199966294e-56,1.0,2.1981714342881533e-13
2022-05-02T00:00:00Z,SPY,392.2115478515625,0.0060195280063823,-0.032741344693992,0.2526224476897125,0.3234,0.0273,stress_high_volatility,0.2949243925354434,9.988428699323269e-48,0.9999999992542143,7.465593030504728e-10
2022-05-03T00:00:00Z,SPY,394.009521484375,0.0045841935115407,0.0006730624652191,0.2503092040108645,0.2925,0.0278,stress_high_volatility,0.29492429895167493,1.271000314034775e-33,0.9999992605192353,7.394791675831655e-07
2022-05-04T00:00:00Z,SPY,406.0082092285156,0.0304527862650052,0.0282552138783971,0.2765601105952505,0.25420000000000004,0.026600000000000002,stress_high_volatility,0.2949243868889713,1.8586342932182783e-35,0.999999954681699,4.5319072605386544e-08
2022-05-05T00:00:00Z,SPY,391.5775451660156,-0.0355427888759212,-0.0327247362426393,0.3005532962085354,0.312,0.0271,stress_high_volatility,0.29492439262980485,6.404814181906175e-57,1.0,8.926132161097827e-14
2022-05-06T00:00:00Z,SPY,389.2402038574219,-0.0059690381571875,-0.0016019459122317,0.2987991277943144,0.3019,0.027200000000000002,stress_high_volatility,0.29492439252302355,7.148105309021776e-47,0.9999999991559889,8.449237148497033e-10
2022-05-09T00:00:00Z,SPY,376.77777099609375,-0.032017332068537,-0.0393506436513946,0.3149437195038595,0.34750000000000003,0.026099999999999998,stress_high_volatility,0.2949243926297898,3.6485112007687483e-68,1.0,6.207975432566838e-17
2022-05-10T00:00:00Z,SPY,377.6484069824219,0.0023107413795309,-0.0415246678311603,0.313204433030007,0.3299,0.0262,stress_high_volatility,0.29492439262984377,3.984177576857726e-62,1.0,3.207666525281044e-13
2022-05-11T00:00:00Z,SPY,371.6490478515625,-0.0158860967501409,-0.0846267651637915,0.3156355642146695,0.32560000000000006,0.026600000000000002,stress_high_volatility,0.29492439262978987,6.634341171557318e-72,1.0,4.721712099575865e-16
2022-05-12T00:00:00Z,SPY,371.260986328125,-0.0010441612205945,-0.0518838709948934,0.3098523895043476,0.3177,0.0256,stress_high_volatility,0.2949243926300403,5.164502870550772e-60,1.0,1.4887180955710398e-12
2022-05-13T00:00:00Z,SPY,380.1370849609375,0.0239079756820117,-0.0233868927368531,0.3260678935548155,0.2887,0.026099999999999998,stress_high_volatility,0.29492439262819253,4.615975926654186e-52,0.9999999999854481,1.601508705606048e-11
2022-05-16T00:00:00Z,SPY,378.5946960449219,-0.0040574544737568,0.0048222724074848,0.3255970686403572,0.2747,0.0258,stress_high_volatility,0.2949243923060886,1.6155677820869852e-42,0.9999999974425009,2.5591885417378244e-09
2022-05-17T00:00:00Z,SPY,386.3824768066406,0.0205702320795182,0.0231275166602922,0.3295756455420095,0.261,0.0271,stress_high_volatility,0.294924392510155,4.700404966134374e-42,0.9999999990577635,9.40621336431918e-10
2022-05-18T00:00:00Z,SPY,370.8067321777344,-0.0403117262398545,-0.0022664276383792,0.3540772091277642,0.30960000000000004,0.0268,stress_high_volatility,0.2949243926297898,1.7651428863541076e-66,1.0,1.1252110570770403e-16
2022-05-19T00:00:00Z,SPY,368.5357666015625,-0.006124391439267,-0.0073404419718745,0.3525692039233059,0.29350000000000004,0.0263,stress_high_volatility,0.2949243926292466,1.050117146804419e-56,0.999999999996362,3.148495591268946e-12
2022-05-20T00:00:00Z,SPY,368.6966247558594,0.0004364790852735,-0.0300956172330666,0.3433926079599293,0.2943,0.026000000000000002,stress_high_volatility,0.29492439262931214,5.308678841966171e-53,0.999999999996362,3.5380100542215997e-12
2022-05-23T00:00:00Z,SPY,375.594970703125,0.0187100870582515,-0.0079233158127522,0.3513351578851549,0.2848,0.0265,stress_high_volatility,0.2949243926294918,4.196235678035225e-52,0.999999999996362,4.605945931284896e-12
2022-05-24T00:00:00Z,SPY,372.7277526855469,-0.0076338030091579,-0.035339915603696,0.3386055357978532,0.2945,0.025,stress_high_volatility,0.29492439262956477,6.618752770002329e-53,0.999999999996362,5.039729721499403e-12
2022-05-25T00:00:00Z,SPY,376.0207214355469,0.0088347828308297,0.0140612044101544,0.3405689332956642,0.2837,0.0248,stress_high_volatility,0.2949243926202618,1.0816349605572759e-47,0.9999999999236024,7.728984017671024e-11
2022-05-26T00:00:00Z,SPY,383.5342102050781,0.0199815817087067,0.0406973894062525,0.3355191174419649,0.275,0.0246,stress_high_volatility,0.29492439262431663,2.0574800875168424e-48,0.9999999999563443,4.3995551067105654e-11
2022-05-27T00:00:00Z,SPY,392.9496765136719,0.0245492215767642,0.0657805093113401,0.3216554429543586,0.2572,0.024700000000000003,stress_high_volatility,0.29492439261977105,1.6862760913155005e-49,0.9999999999199645,8.07500069291448e-11
2022-05-31T00:00:00Z,SPY,390.7448120117188,-0.0056110607381462,0.0403355808525145,0.3216151948683396,0.2619,0.0253,stress_high_volatility,0.29492439208924326,1.369692588430831e-41,0.9999999957326509,4.267608776322495e-09
2022-06-01T00:00:00Z,SPY,387.584228515625,-0.0080886128207863,0.0398587862670152,0.3222789769166218,0.2569,0.026600000000000002,stress_high_volatility,0.29492439186549074,2.4075675161264656e-39,0.9999999939682311,6.0306327784798235e-09
2022-06-02T00:00:00Z,SPY,394.9652099609375,0.0190435546708911,0.0503815014583919,0.3103597805168402,0.2472,0.0265,stress_high_volatility,0.29492439123516895,3.516232298948682e-39,0.9999999889914761,1.1008198318291654e-08
2022-06-03T00:00:00Z,SPY,388.4832153320313,-0.0164115584497868,0.0129036862821358,0.2881783326966859,0.2479,0.026600000000000002,stress_high_volatility,0.2949242734674938,6.238526380438566e-32,0.9999990593500901,9.406485572314624e-07
2022-06-06T00:00:00Z,SPY,389.6661071777344,0.0030448982067143,-0.0083562082683715,0.2876367479372266,0.25070000000000003,0.0273,stress_high_volatility,0.29492394634420216,3.772294567856218e-28,0.9999964770784782,3.5229222664977854e-06
2022-06-07T00:00:00Z,SPY,393.40380859375,0.0095920618887974,0.0068049440460684,0.2620366617838489,0.2402,0.0275,stress_high_volatility,0.2949139407478008,6.742869968163743e-23,0.9999174942008789,8.250579807687056e-05
2022-06-08T00:00:00Z,SPY,389.1266784667969,-0.0108721116408151,0.0039796509705236,0.2661193931375731,0.2396,0.0278,stress_high_volatility,0.2949189589061205,1.3954687665324747e-22,0.9999571068906152,4.289310912236918e-05
2022-06-09T00:00:00Z,SPY,379.8722229003906,-0.0237826293557404,-0.0382134595146737,0.2745532238385096,0.2609,0.028300000000000002,stress_high_volatility,0.2949243870873008,6.958913805028545e-35,0.9999999562496679,4.374931012055867e-08
2022-06-10T00:00:00Z,SPY,368.85748291015625,-0.0289959079032809,-0.0505188683765942,0.2951914223146552,0.2775,0.030600000000000002,stress_high_volatility,0.2949243926249365,8.388849697629487e-49,0.9999999999599822,4.130282754603018e-11
2022-06-13T00:00:00Z,SPY,354.8526306152344,-0.0379681935267477,-0.0893418132119479,0.3106325489576684,0.34020000000000006,0.034,stress_high_volatility,0.2949243926297898,2.4727942781631675e-84,1.0,7.592362557766312e-20
2022-06-14T00:00:00Z,SPY,353.78338623046875,-0.0030132068710094,-0.1007118423812603,0.310626890364007,0.32689999999999997,0.0345,stress_high_volatility,0.29492439262978987,1.4135166349210656e-81,1.0,1.856200070557254e-16
2022-06-15T00:00:00Z,SPY,358.8270263671875,0.0142562944813726,-0.0778657793883303,0.3050647800826521,0.2962,0.032,stress_high_volatility,0.2949243926299618,9.883847674412323e-64,1.0,1.0222182913453408e-12
2022-06-16T00:00:00Z,SPY,346.951171875,-0.033096321122799,-0.0866634858796272,0.2938213055874474,0.3295,0.031400000000000004,stress_high_volatility,0.2949243926297898,1.517688706148314e-76,1.0,4.4133329404796663e-17
2022-06-17T00:00:00Z,SPY,347.6991577148437,0.0021558821542566,-0.057361789242774,0.2942414385996206,0.3113,0.0317,stress_high_volatility,0.29492439262823417,2.2447535589784033e-58,0.9999999999854481,1.6262652805164473e-11
2022-06-21T00:00:00Z,SPY,356.4520874023437,0.0251738593358299,0.004507383203941,0.3102638739369263,0.3019,0.032100000000000004,stress_high_volatility,0.29492439262443354,2.138179273446392e-49,0.9999999999563443,4.469046348462936e-11
2022-06-22T00:00:00Z,SPY,355.8057556152344,-0.0018132360840401,0.0057164057541361,0.3009375346504515,0.2895,0.030600000000000002,stress_high_volatility,0.2949243915204295,8.658386749330587e-41,0.999999991243385,8.756214659524211e-09
2022-06-23T00:00:00Z,SPY,359.2935791015625,0.0098026055826365,0.0013002162604596,0.3034729936137798,0.29050000000000004,0.0301,stress_high_volatility,0.2949243920422103,1.6423300765533958e-39,0.999999995361577,4.638533457181609e-09
2022-06-24T00:00:00Z,SPY,370.7169189453125,0.031793888085378,0.0684988234565608,0.3237628402429665,0.2723,0.0304,stress_high_volatility,0.29492439263002335,4.086571716980021e-54,1.0,1.3882201965413897e-12
2022-06-27T00:00:00Z,SPY,369.3009033203125,-0.0038196681959608,0.0621276903500147,0.3146592757455059,0.2695,0.0308,stress_high_volatility,0.2949243924890436,1.0762387379266121e-46,0.9999999988867785,1.1148700698369203e-09
2022-06-28T00:00:00Z,SPY,361.7550354003906,-0.020432844469316,0.0148770288783894,0.3054065013763118,0.2836,0.031000000000000003,stress_high_volatility,0.29492439246177465,1.136197295506898e-42,0.9999999986757757,1.3226690821390864e-09
2022-06-29T00:00:00Z,SPY,361.46044921875,-0.0008143250343829,0.0158926423034893,0.3055725250825613,0.2816,0.030600000000000002,stress_high_volatility,0.2949243905391555,2.014885894799381e-38,0.9999999834981282,1.6500874619314773e-08
2022-06-30T00:00:00Z,SPY,358.5238342285156,-0.0081243051531127,-0.0021423841610853,0.3055791527577438,0.2871,0.0292,stress_high_volatility,0.2949243921700485,1.5531576402286007e-39,0.9999999963729351,3.625503631686502e-09
2022-07-01T00:00:00Z,SPY,362.3157653808594,0.0105765106537571,-0.022661910301678,0.29869405682697,0.267,0.028399999999999998,stress_high_volatility,0.29492438478192473,9.972256417270392e-37,0.9999999380488608,6.195197537438803e-08
2022-07-05T00:00:00Z,SPY,363.0,0.0018885035775944,-0.0170617056813625,0.2958340018638484,0.2754,0.0282,stress_high_volatility,0.2949243847633597,2.8000626885158374e-35,0.9999999379033416,6.209671817654634e-08
2022-07-06T00:00:00Z,SPY,364.22601318359375,0.0033774467867595,0.0068305276814413,0.2959319239445479,0.26730000000000004,0.029700000000000004,stress_high_volatility,0.2949243586002068,9.524868227568315e-33,0.999999731375319,2.686243555256615e-07
2022-07-07T00:00:00Z,SPY,369.6810607910156,0.0149770950178458,0.0227427692020893,0.2995926234752179,0.2608,0.030299999999999997,stress_high_volatility,0.2949243774858322,1.6087578461542512e-33,0.9999998804560235,1.1954362993638937e-07
2022-07-08T00:00:00Z,SPY,369.37689208984375,-0.000822786811207,0.0302715100787709,0.2982379440174901,0.2464,0.031200000000000002,stress_high_volatility,0.2949242879840933,9.585919349442329e-31,0.9999991739426833,8.260556332722568e-07
2022-07-11T00:00:00Z,SPY,365.1573791503906,-0.0114233267695229,0.0078429205710774,0.2894418154417474,0.26170000000000004,0.030699999999999998,stress_high_volatility,0.2949243232323898,6.630576054228124e-31,0.9999994521860254,5.478139008707886e-07
2022-07-12T00:00:00Z,SPY,361.9260559082031,-0.008849124861466,-0.0029585236688619,0.2722819735384791,0.2729,0.030299999999999997,stress_high_volatility,0.29492423709104826,2.648685683342427e-30,0.9999987721974583,1.2278024619597784e-06
2022-07-13T00:00:00Z,SPY,360.0253295898437,-0.0052516979292628,-0.011533178415877,0.2339506389842009,0.2682,0.0313,stress_high_volatility,0.2949174100356209,6.590790997828527e-25,0.9999448803085386,5.511969066170226e-05
2022-07-14T00:00:00Z,SPY,359.1510314941406,-0.0024284349567824,-0.028484091866496,0.23383549811762,0.264,0.0315,stress_high_volatility,0.2948847081158072,7.529570811180295e-24,0.999686735596087,0.00031326440298806447
2022-07-15T00:00:00Z,SPY,366.01275634765625,0.0191054020504117,-0.0091075966424267,0.2380364866729631,0.24230000000000002,0.0313,stress_high_volatility,0.2941034562740439,6.382282243828455e-21,0.9935196349077833,0.006480365091703916
2022-07-18T00:00:00Z,SPY,362.990478515625,-0.0082573019098836,-0.0059341554039175,0.2036065690851864,0.253,0.0315,stress_high_volatility,0.2889553938127564,1.0582089302672224e-16,0.952881497690383,0.047118502310360376
2022-07-19T00:00:00Z,SPY,372.7982177734375,0.0270192741636619,0.0300397323921655,0.22125605086699,0.245,0.0323,stress_high_volatility,0.28626285369782783,3.0706105301884463e-20,0.9316269353259785,0.06837306467329565
2022-07-20T00:00:00Z,SPY,375.1741333007813,0.0063731944362128,0.0420770497681251,0.2068213308850903,0.23879999999999998,0.0325,stress_high_volatility,0.2334352349858723,9.459523523448576e-16,0.5146125664945898,0.48538743350491076
2022-07-21T00:00:00Z,SPY,378.9945983886719,0.0101831782865151,0.0552513153365534,0.2078150571469991,0.2311,0.031000000000000003,transition_uncertainty,0.20601758731517797,3.4075135821976637e-16,0.2981812126503707,0.7018187873486601
2022-07-22T00:00:00Z,SPY,375.478271484375,-0.0092780396323505,0.0258611618654294,0.2107926052104338,0.2303,0.0298,transition_uncertainty,0.17555030919910128,2.425606549568807e-13,0.05767647169386506,0.9423235283062984
2022-07-25T00:00:00Z,SPY,375.9343872070313,0.0012147593011258,0.0356590860023042,0.1806047352576321,0.2336,0.03,transition_uncertainty,0.16882669334041037,9.750864223132689e-12,0.00460112035981866,0.9953988796296592
2022-07-26T00:00:00Z,SPY,371.4867858886719,-0.0118307914085816,-0.0035178062078682,0.1854962862928013,0.2469,0.0302,transition_uncertainty,0.1684309551034327,3.3009749202195835e-13,0.0014772140484593753,0.9985227859530157
2022-07-27T00:00:00Z,SPY,381.1329345703125,0.0259663305615704,0.0158827614716017,0.1889165982117693,0.2324,0.0296,transition_uncertainty,0.16839900058520504,1.1347532843705618e-14,0.0012249692305957148,0.99877503076839
2022-07-28T00:00:00Z,SPY,385.9132385253906,0.0125423533929636,0.0182552473468855,0.1915862425889961,0.2233,0.0285,transition_uncertainty,0.16825804033349226,3.693713111187942e-11,0.00011224730650231448,0.9998877526551481
2022-07-29T00:00:00Z,SPY,391.5393676757813,0.0145787409934123,0.0427750349651714,0.1905166961542005,0.2133,0.028900000000000002,transition_uncertainty,0.1682588524605539,2.0837108578771375e-12,0.00011865811493199957,0.9998813418833706
2022-08-01T00:00:00Z,SPY,390.3798828125,-0.0029613493788991,0.0384255766353012,0.1907885625352629,0.2284,0.028999999999999998,transition_uncertainty,0.16825657966110474,3.3260537251730242e-12,0.0001007169327407744,0.9998992830633535
2022-08-02T00:00:00Z,SPY,387.804443359375,-0.0065972647836517,0.0439252702667956,0.1942365105153165,0.2393,0.030600000000000002,transition_uncertainty,0.1682822319793175,3.11534931071237e-14,0.00030321300065345823,0.9996967870008455
2022-08-03T00:00:00Z,SPY,393.8772583007813,0.0156594774644669,0.0334380017429789,0.1990338003366351,0.2195,0.031000000000000003,transition_uncertainty,0.1682606642406663,1.3916642416684014e-12,0.00013296007297728478,0.9998670399251337
2022-08-04T00:00:00Z,SPY,393.6112060546875,-0.0006754699350796,0.0199474046516556,0.1953009700604895,0.2144,0.030299999999999997,transition_uncertainty,0.16824562867577963,7.099374249553236e-10,1.4271575628552354e-05,0.9999857277143613
2022-08-05T00:00:00Z,SPY,392.9458923339844,-0.001690281451516,0.0035922943497417,0.1955586820398354,0.2115,0.032400000000000005,transition_uncertainty,0.16824508819744885,1.910288403423492e-09,1.0005623087781452e-05,0.9999899924651425
2022-08-08T00:00:00Z,SPY,392.4897155761719,-0.0011609149420113,0.005404563238432,0.1886594580367019,0.2129,0.032100000000000004,transition_uncertainty,0.1682448001429714,3.98929886544838e-09,7.732641585875981e-06,0.9999922633695915
2022-08-09T00:00:00Z,SPY,390.93115234375,-0.0039709657873046,0.0080625919530208,0.1851174956425892,0.2177,0.032799999999999996,transition_uncertainty,0.16824497369478048,1.8614579934666474e-09,9.101733471975201e-06,0.9999908964032889
2022-08-10T00:00:00Z,SPY,399.1422729492188,0.0210040068596237,0.0133671455700468,0.1910958227912633,0.1974,0.0323,transition_uncertainty,0.16824826747415844,1.7609431638322186e-10,3.510168197506435e-05,0.9999648981405629
2022-08-11T00:00:00Z,SPY,399.1422729492188,0.0,0.0140521072811192,0.1900070258253378,0.20199999999999999,0.0323,transition_uncertainty,0.16824462590124467,2.0205528272807892e-08,6.364107996336903e-06,0.9999936156877155
2022-08-12T00:00:00Z,SPY,405.8993225097656,0.0169289248934214,0.0329649206888043,0.1881125828853999,0.19530000000000003,0.0325,transition_uncertainty,0.16824727481719137,3.0012877843350533e-10,2.726582908761156e-05,0.9999727338697256
2022-08-15T00:00:00Z,SPY,407.5719299316406,0.0041207445519566,0.0384270307142395,0.1813699837662682,0.1995,0.032,transition_uncertainty,0.1682451585673433,3.142293331348292e-09,1.0561637430071531e-05,0.9999894352198327
2022-08-16T00:00:00Z,SPY,408.3703002929688,0.0019588453048324,0.0446092562454176,0.1640406072594021,0.19690000000000002,0.0325,transition_uncertainty,0.1682450056382472,8.476024588494332e-09,9.356704942869808e-06,0.9999906348204763
2022-08-17T00:00:00Z,SPY,405.47161865234375,-0.0070981695743923,0.0158573674904394,0.1689839918144725,0.19899999999999998,0.032799999999999996,transition_uncertainty,0.168244338657276,1.48260727270774e-07,4.151200062413151e-06,0.9999957005403871
2022-08-18T00:00:00Z,SPY,406.6501159667969,0.002906485337667,0.0188099420342111,0.1673792686754794,0.1956,0.0322,transition_uncertainty,0.16824416364551598,6.433821793706438e-07,2.9806309291977845e-06,0.9999963759866843
2022-08-19T00:00:00Z,SPY,401.185546875,-0.0134380118859798,-0.0116131645788893,0.1722567535071992,0.20600000000000002,0.0325,transition_uncertainty,0.1682582557417426,1.6132868171197563e-09,0.00011394838173290105,0.9998860500044452
2022-08-22T00:00:00Z,SPY,392.8318481445313,-0.0208225316079783,-0.0361655960693407,0.1927482323940987,0.23800000000000002,0.0332,transition_uncertainty,0.1688662897439958,2.2049866934765795e-17,0.004913689227969505,0.9950863107718552
2022-08-23T00:00:00Z,SPY,391.8815002441406,-0.0024192231482234,-0.0403770794227662,0.1863832589770134,0.2411,0.0329,transition_uncertainty,0.1686913888862752,5.009701859049623e-15,0.003533044546311031,0.9964669554539229
2022-08-24T00:00:00Z,SPY,393.1359558105469,0.0032011094313579,-0.0304229994760092,0.1655748460655185,0.22820000000000001,0.0336,transition_uncertainty,0.1687004575847654,2.395752149596648e-11,0.0036046316862327985,0.9963953682898157
2022-08-25T00:00:00Z,SPY,398.6860961914063,0.014117610711583,-0.0195844522420863,0.1670195463043944,0.21780000000000002,0.0335,transition_uncertainty,0.17226425016295022,8.476087030614389e-10,0.0317367483218351,0.9682632508304072
2022-08-26T00:00:00Z,SPY,385.1909484863281,-0.0338490552692843,-0.0398683315320315,0.2033968548277043,0.2556,0.0337,stress_high_volatility,0.29477770402267955,2.586924671225434e-27,0.9988420591661931,0.001157940833102258
2022-08-29T00:00:00Z,SPY,382.6439514160156,-0.0066122973042885,-0.0259344978688369,0.2043255157408769,0.2621,0.0342,stress_high_volatility,0.2948502810096995,1.043490523433391e-19,0.999414972483737,0.0005850275175478951
2022-08-30T00:00:00Z,SPY,378.4433898925781,-0.0109777287943344,-0.0342912598405146,0.2065275415917642,0.2621,0.0346,stress_high_volatility,0.29490708970595,3.4607931462362386e-22,0.9998634129635218,0.00013658703676424453
2022-08-31T00:00:00Z,SPY,375.5638122558594,-0.0076090049757141,-0.0446973707059131,0.1977825284508899,0.25870000000000004,0.0345,stress_high_volatility,0.2949076235418008,8.622617958489213e-23,0.9998676269951905,0.0001323730045558474
2022-09-01T00:00:00Z,SPY,376.74224853515625,0.0031377790959636,-0.0550404136634725,0.1986779547792884,0.2556,0.0351,stress_high_volatility,0.29489370414116806,5.5094784384498274e-24,0.9997577490538949,0.00024225094468641268
2022-09-02T00:00:00Z,SPY,372.7697143554688,-0.0105444350749974,-0.0322469522704795,0.2008859102873466,0.2547,0.034,stress_high_volatility,0.29464129276714374,7.984121578417334e-21,0.997765246409267,0.002234753591714982
2022-09-06T00:00:00Z,SPY,371.36322021484375,-0.003773091231558,-0.0294810127258677,0.2008461220435967,0.2691,0.035,stress_high_volatility,0.2938099385983679,2.4716561344943385e-20,0.9912026444529033,0.008797355547251471
2022-09-07T00:00:00Z,SPY,378.0347290039063,0.0179649152794476,-0.0010798468135164,0.2135836931436864,0.2464,0.0345,stress_high_volatility,0.28887963416857,1.517550901605338e-17,0.9522834608881622,0.047716539112013324
2022-09-08T00:00:00Z,SPY,380.5057067871094,0.0065363777283478,0.0131586014679263,0.1991989946100168,0.2361,0.0348,stress_high_volatility,0.2826508172187717,2.80462238136389e-13,0.9031139879462142,0.0968860120532086
2022-09-09T00:00:00Z,SPY,386.4169616699219,0.0155352594648989,0.0256799261892783,0.2089312621596553,0.2279,0.0356,stress_high_volatility,0.28348284582050237,4.443120130258677e-14,0.9096819137916817,0.09031808620658112
2022-09-12T00:00:00Z,SPY,390.5700378417969,0.0107476549526377,0.0477515280904874,0.2028389971728312,0.23870000000000002,0.0358,stress_high_volatility,0.2886357094253488,5.252833331379562e-16,0.9503579506118806,0.04964204938636612
2022-09-13T00:00:00Z,SPY,373.5870361328125,-0.0434826025130566,0.0059882503083699,0.2511730975762356,0.2727,0.0375,stress_high_volatility,0.29492438454836006,3.5875317097190296e-38,0.9999999362044056,6.379697704604395e-08
2022-09-14T00:00:00Z,SPY,375.0126037597656,0.0038158915836852,-0.0079943058461948,0.2518751269928747,0.2616,0.0378,stress_high_volatility,0.2949212323061552,1.2120697689044467e-26,0.9999750528133089,2.4947188125765203e-05
2022-09-15T00:00:00Z,SPY,370.7549743652344,-0.0113532968008155,-0.0256257192676757,0.2529814642252475,0.2627,0.038700000000000005,stress_high_volatility,0.2949237670988813,3.604401021863305e-27,0.9999950621399006,4.937860293085935e-06
2022-09-16T00:00:00Z,SPY,367.926513671875,-0.0076289217648447,-0.0478510257886698,0.2516705893889561,0.263,0.0385,stress_high_volatility,0.2949242564510281,4.328639481416031e-31,0.999998925021496,1.0749792759251668e-06
2022-09-19T00:00:00Z,SPY,370.77978515625,0.0077550037258788,-0.0506701763271535,0.2534231950064541,0.2576,0.0395,stress_high_volatility,0.29492415507362857,4.200908500562879e-31,0.9999981247619264,1.8752384912257555e-06
2022-09-20T00:00:00Z,SPY,366.5237426757813,-0.0114786259954144,-0.0189066877966295,0.2470858747019067,0.2716,0.0396,stress_high_volatility,0.29492380050539135,3.317792059596229e-28,0.9999953258448031,4.67415671113845e-06
2022-09-21T00:00:00Z,SPY,360.1301574707031,-0.0174438500447534,-0.0396851896172435,0.2520576055925274,0.2799,0.0402,stress_high_volatility,0.29492438029840257,1.493460963968834e-34,0.9999999026586058,9.734065858164981e-08
2022-09-22T00:00:00Z,SPY,357.1051025390625,-0.0083998933965609,-0.036816422623976,0.2508946245541634,0.2735,0.041100000000000005,stress_high_volatility,0.29492425574303593,2.9430321049929217e-32,0.9999989194335667,1.080566551017453e-06
2022-09-23T00:00:00Z,SPY,351.1219787597656,-0.0167545177505337,-0.0456736176591394,0.244034268455468,0.2992,0.042,stress_high_volatility,0.2949243916151097,4.532671512894213e-39,0.9999999919891707,8.011639650763052e-09
2022-09-26T00:00:00Z,SPY,347.6483459472656,-0.0098929518020193,-0.0623859232218837,0.2210558038710651,0.3226,0.042699999999999995,stress_high_volatility,0.29492439256427844,8.221479532653388e-46,0.999999999483407,5.161824371370083e-10
2022-09-27T00:00:00Z,SPY,346.76092529296875,-0.0025526387933152,-0.0539196103328406,0.2211610839417094,0.326,0.043,stress_high_volatility,0.294924392491074,5.2882462187426995e-45,0.9999999989049684,1.095051804264725e-09
2022-09-28T00:00:00Z,SPY,353.5839538574219,0.0196764631386554,-0.0181773269399516,0.236009527280235,0.3018,0.04070000000000001,stress_high_volatility,0.2949243837679655,1.3652835077296303e-37,0.999999930045308,6.995514403322968e-08
2022-09-29T00:00:00Z,SPY,346.1978759765625,-0.020889177238619,-0.0305434632127858,0.2439323619792038,0.3184,0.041600000000000005,stress_high_volatility,0.2949243925324203,7.824339895515048e-43,0.9999999992323865,7.668540946762475e-10
2022-09-30T00:00:00Z,SPY,340.84442138671875,-0.0154635685581334,-0.0292706181747701,0.2456431494593212,0.31620000000000004,0.0422,stress_high_volatility,0.29492439240099927,3.3159901812108165e-43,0.9999999981919245,1.8096060152930021e-09
2022-10-03T00:00:00Z,SPY,349.8431396484375,0.0264012484790205,0.0063132579998088,0.2680189724051701,0.30100000000000005,0.0412,stress_high_volatility,0.29492439222161165,9.045768468835842e-42,0.9999999967767508,3.224110591566386e-09
2022-10-04T00:00:00Z,SPY,360.68359375,0.0309866133503611,0.0401506266753337,0.2934334156848083,0.2907,0.040999999999999995,stress_high_volatility,0.2949243926183115,2.7057360126424336e-47,0.9999999999090505,9.120642268074226e-11
2022-10-05T00:00:00Z,SPY,359.8439025878906,-0.0023280547733794,0.0177042783253478,0.2844682079554399,0.28550000000000003,0.0415,stress_high_volatility,0.2949243825455224,1.4039817159133999e-37,0.999999920393751,7.960801880008851e-08
2022-10-06T00:00:00Z,SPY,356.1318359375,-0.0103157692090779,0.028694456697389,0.2837108478851124,0.3052,0.042300000000000004,stress_high_volatility,0.2949243923177228,5.9699109852785946e-40,0.9999999975370883,2.4625317586762184e-09
2022-10-07T00:00:00Z,SPY,346.1978759765625,-0.0278940520293189,0.0157064462667844,0.2878380890771858,0.3136,0.043,stress_high_volatility,0.294924392627715,5.65302843643447e-49,0.9999999999818101,1.9554076529175882e-11
2022-10-10T00:00:00Z,SPY,343.5545654296875,-0.0076352592846467,-0.0179754109943944,0.2814518523141636,0.3245,0.043,stress_high_volatility,0.294924392606351,3.2790668353299876e-47,0.9999999998144631,1.8592394484360205e-10
2022-10-11T00:00:00Z,SPY,341.3788452148437,-0.0063329684241644,-0.0535226688146422,0.2430160085198286,0.33630000000000004,0.043,stress_high_volatility,0.294924392624788,3.675734836364814e-50,0.9999999999599822,4.041978410644175e-11
2022-10-12T00:00:00Z,SPY,340.2528381347656,-0.0032984090720954,-0.0544432302791068,0.2410915121642111,0.3357,0.042800000000000005,stress_high_volatility,0.29492439262145553,3.259895463034427e-50,0.9999999999345164,6.525302436979504e-11
2022-10-13T00:00:00Z,SPY,349.2323913574219,0.0263908253400069,-0.0193732878778323,0.2632453204959203,0.3194,0.0447,stress_high_volatility,0.29492439261896636,1.3374892558589883e-48,0.9999999999126885,8.872143363690197e-11
2022-10-14T00:00:00Z,SPY,341.2738647460937,-0.0227886267376126,-0.0142231121914858,0.2723787891244802,0.32020000000000004,0.044800000000000006,stress_high_volatility,0.2949243926212196,1.502102450302157e-48,0.9999999999308784,7.022805698055642e-11
2022-10-17T00:00:00Z,SPY,350.0436096191406,0.0256970889920666,0.0188879579618952,0.2889473555290445,0.31370000000000003,0.044500000000000005,stress_high_volatility,0.2949243926230313,1.0383156917729669e-48,0.9999999999454303,5.5487171822530063e-11
2022-10-18T00:00:00Z,SPY,354.1564636230469,0.0117495474589042,0.0374294382540361,0.2914577039579624,0.305,0.0443,stress_high_volatility,0.29492439254573993,4.5226883044103297e-45,0.9999999993378879,6.610830846683212e-10
2022-10-19T00:00:00Z,SPY,351.646728515625,-0.007086515044077,0.0334865403131376,0.2862088389348863,0.30760000000000004,0.0455,stress_high_volatility,0.29492439244671825,8.488032512583166e-43,0.9999999985557224,1.4436258538268672e-09
2022-10-20T00:00:00Z,SPY,348.6980895996094,-0.0083852306218301,-0.0015299318477755,0.2862038802318578,0.2998,0.046200000000000005,stress_high_volatility,0.2949243917027635,6.747803298623275e-40,0.9999999926840246,7.314582625920107e-09
2022-10-21T00:00:00Z,SPY,357.17193603515625,0.0243013847459758,0.0465844968846078,0.2931816153953046,0.2969,0.0449,stress_high_volatility,0.29492439261712333,1.3571684011242549e-46,0.9999999999017746,9.689862846871549e-11
2022-10-24T00:00:00Z,SPY,361.54241943359375,0.0122363572204264,0.0328496492964525,0.2928846290356754,0.29850000000000004,0.045,stress_high_volatility,0.29492439237429385,3.756443062366662e-43,0.9999999979845597,2.014377245884371e-09
2022-10-25T00:00:00Z,SPY,367.3157958984375,0.0159687388104792,0.0371568321548325,0.296383019757532,0.2846,0.0442,stress_high_volatility,0.2949243920280092,7.552353992013554e-41,0.9999999952487997,4.7518193347844e-09
2022-10-26T00:00:00Z,SPY,364.5484313964844,-0.0075340198620761,0.0366893869177176,0.2917985318963882,0.27280000000000004,0.043899999999999995,stress_high_volatility,0.29492438644019153,7.171101995262495e-37,0.9999999511419458,4.8856674917895824e-08
2022-10-27T00:00:00Z,SPY,362.6017150878906,-0.005340075943096,0.039872961461435,0.2807366820570253,0.27390000000000003,0.043,stress_high_volatility,0.2949243712729635,2.432416011920889e-34,0.9999998314124383,1.6858721944275137e-07
2022-10-28T00:00:00Z,SPY,371.2282104492188,0.0237905531120754,0.0393543640916931,0.2819745593036174,0.2575,0.0441,stress_high_volatility,0.29492438223668316,3.4823121831665736e-35,0.9999999179563053,8.204509446809795e-08
2022-10-31T00:00:00Z,SPY,368.54681396484375,-0.0072230407304721,0.0193736451236437,0.2724642673276149,0.2588,0.0451,stress_high_volatility,0.2949239268222522,3.717306853175711e-29,0.9999963229778887,3.677020483781471e-06
2022-11-01T00:00:00Z,SPY,366.9340515136719,-0.0043760043230918,-0.0010392811554207,0.2524754187603462,0.2581,0.0454,stress_high_volatility,0.2949200689464261,2.6173457419531674e-24,0.999965869403626,3.413059698262013e-05
2022-11-02T00:00:00Z,SPY,357.7254333496094,-0.0250961123015844,-0.0187163006592511,0.2690953849906415,0.2586,0.0461,stress_high_volatility,0.2949243731264436,2.608957127657562e-32,0.9999998460407488,1.5396103294761578e-07
2022-11-03T00:00:00Z,SPY,354.0419006347656,-0.0102970948426912,-0.0236066573790203,0.269086024173263,0.253,0.0471,stress_high_volatility,0.29492391981799276,1.973511258805643e-29,0.9999962676844536,3.7323159666201153e-06
2022-11-04T00:00:00Z,SPY,359.1378173828125,0.0143935413828428,-0.0325686268610239,0.2522515234647436,0.24550000000000002,0.0466,stress_high_volatility,0.29492266637603864,1.1300196719168052e-26,0.999986373177385,1.3626822199904734e-05
2022-11-07T00:00:00Z,SPY,362.5731201171875,0.0095654163056664,-0.0162087789700065,0.251040849902669,0.24350000000000002,0.0472,stress_high_volatility,0.294911849859984,1.5398561826868135e-22,0.9999009890031717,9.901099618336541e-05
2022-11-08T00:00:00Z,SPY,364.529296875,0.0053952613949435,-0.0065536426198435,0.2488781832529902,0.2554,0.0467,stress_high_volatility,0.29491621447964533,3.4829180606729984e-22,0.9999354427448293,6.45572543233524e-05
2022-11-09T00:00:00Z,SPY,357.01922607421875,-0.0206021048655425,-0.0019741600947351,0.262419499724115,0.2609,0.0461,stress_high_volatility,0.2949241737034196,4.127532712308701e-28,0.9999982718233167,1.7281769229661958e-06
2022-11-10T00:00:00Z,SPY,376.6390075683594,0.0549544115869602,0.0638260807353003,0.3091484272044036,0.2353,0.0434,stress_high_volatility,0.29492439262979614,1.2500502151201836e-58,1.0,3.7498664631060923e-14
2022-11-11T00:00:00Z,SPY,380.28424072265625,0.0096783208351973,0.0588810821816163,0.2928678618868144,0.2252,0.0434,stress_high_volatility,0.294924331256191,9.046683348785847e-39,0.9999995155232037,4.844779778227063e-07
2022-11-14T00:00:00Z,SPY,377.04925537109375,-0.0085067562763448,0.039926112694806,0.2868921886397929,0.2373,0.044000000000000004,stress_high_volatility,0.29492410261434404,4.7707543626676077e-29,0.9999977106552991,2.2893449986283792e-06
2022-11-15T00:00:00Z,SPY,380.2651062011719,0.0085289939822665,0.0431674750454085,0.2859398111864062,0.2454,0.0437,stress_high_volatility,0.2949242593717567,1.1094961613836942e-29,0.9999989480789812,1.0519205618377679e-06
2022-11-16T00:00:00Z,SPY,377.3642578125,-0.0076284895494388,0.056985815475528,0.2862164240637133,0.2411,0.0435,stress_high_volatility,0.2949243242750744,1.055213605994643e-31,0.9999994604187669,5.39579710263194e-07
2022-11-17T00:00:00Z,SPY,376.2095642089844,-0.0030598912843763,-0.0011401988395932,0.2838723830752785,0.2393,0.0443,stress_high_volatility,0.2949229466664556,2.9395315998761163e-26,0.9999885857538406,1.141424554365938e-05
2022-11-18T00:00:00Z,SPY,377.917724609375,0.0045404491615788,-0.0062230191521587,0.273714618674986,0.23120000000000002,0.0451,stress_high_volatility,0.2949180617221303,6.326324129159705e-23,0.999950024635001,4.997536593114743e-05
2022-11-21T00:00:00Z,SPY,376.5435485839844,-0.0036361777601486,-0.0013412220814802,0.2723081246118235,0.2236,0.044800000000000006,stress_high_volatility,0.2949040850529968,9.204526433682272e-21,0.9998396946221262,0.00016030537874299824
2022-11-22T00:00:00Z,SPY,381.6106567382813,0.01345689807554,0.0035384538711724,0.2707805672409813,0.2129,0.0447,stress_high_volatility,0.2948919601274671,7.257011730817809e-20,0.9997439820363114,0.00025601796202726117
2022-11-23T00:00:00Z,SPY,384.0154113769531,0.0063015919398736,0.0176252875749507,0.2688099754928534,0.20350000000000001,0.0446,stress_high_volatility,0.2948435598358799,5.887884548512279e-18,0.9993619164130965,0.0006380835855081375
2022-11-25T00:00:00Z,SPY,383.9295349121094,-0.000223627652171,0.0205203998982772,0.2674093209281249,0.20500000000000002,0.0442,stress_high_volatility,0.29482622067655156,1.5860188869763328e-17,0.9992250433377468,0.0007749566616152712
2022-11-28T00:00:00Z,SPY,377.80316162109375,-0.0159570252713642,-0.0003031426705367,0.2637601246766501,0.22210000000000002,0.0446,stress_high_volatility,0.2948954891986104,1.759261311627675e-20,0.9997718400654484,0.0002281599333759442
2022-11-29T00:00:00Z,SPY,377.154296875,-0.0017174677504274,0.0016219858056587,0.2622261143611,0.2189,0.044800000000000006,stress_high_volatility,0.2948620931424028,2.8602815571323242e-18,0.9995082159283957,0.0004917840717772125
2022-11-30T00:00:00Z,SPY,389.0348815917969,0.0315005948897737,0.0194549725549393,0.2816919422465009,0.20579999999999998,0.0438,stress_high_volatility,0.29492380111403815,3.2142520910832183e-27,0.9999953306505506,4.669350083762647e-06
2022-12-01T00:00:00Z,SPY,388.74853515625,-0.0007360430878979,0.0123253485122523,0.2616700553142648,0.1984,0.0425,stress_high_volatility,0.29462912809514524,2.089160386102862e-18,0.9976692200694401,0.0023307799294209025
2022-12-02T00:00:00Z,SPY,388.3000793457031,-0.0011535884253984,0.0113837150731168,0.2568997783399215,0.1906,0.042800000000000005,stress_high_volatility,0.2945461185829926,1.3080531256546547e-14,0.9970139537458818,0.0029860462555133843
2022-12-05T00:00:00Z,SPY,381.31488037109375,-0.0179891773042633,0.0092951015415851,0.266337705295109,0.20750000000000002,0.0441,stress_high_volatility,0.29486196694155054,2.4288234291059853e-19,0.9995072197147257,0.0004927802858342866
2022-12-06T00:00:00Z,SPY,375.81829833984375,-0.0144148112601867,-0.0035423129107263,0.2721344168440829,0.2217,0.0434,stress_high_volatility,0.29487583144582,2.7948488038895373e-21,0.9996166643115487,0.00038333568995278013
2022-12-07T00:00:00Z,SPY,375.1788940429688,-0.0017013655261053,-0.0356163115557509,0.2720577357169475,0.2268,0.0426,stress_high_volatility,0.2943919506408742,1.1277512519510962e-22,0.9957969720117696,0.004203027988958567
2022-12-08T00:00:00Z,SPY,378.11810302734375,0.0078341533360306,-0.0273452660718928,0.2596902735328416,0.2229,0.0431,stress_high_volatility,0.27782380820810326,2.258924775119138e-19,0.8650102050172945,0.1349897949841176
2022-12-09T00:00:00Z,SPY,375.29345703125,-0.007470274428753,-0.0334963163962511,0.1800097107329893,0.22829999999999998,0.0433,transition_uncertainty,0.18626488659974816,6.661367268930296e-14,0.1422559557012371,0.8577440442994334
2022-12-12T00:00:00Z,SPY,380.7040710449219,0.0144170219658834,-0.0016018502230424,0.1841148307831872,0.25,0.043899999999999995,transition_uncertainty,0.172710287563621,1.3932335392563843e-13,0.0352577093379973,0.9647422906614278
2022-12-13T00:00:00Z,SPY,383.5860290527344,0.0075700740470212,0.0206688464803448,0.1830013387889465,0.2255,0.0422,transition_uncertainty,0.16850230111306555,7.257349536326185e-11,0.0020404102265020136,0.9979595897005634
2022-12-14T00:00:00Z,SPY,381.133544921875,-0.006393570008052,0.0158714975001346,0.1824033010445159,0.2114,0.042300000000000004,transition_uncertainty,0.16828170273648055,2.002402620712571e-09,0.00029903608283109146,0.9997009619137718
2022-12-15T00:00:00Z,SPY,371.8103942871094,-0.0244616375519417,-0.0166818480515286,0.2012107117662978,0.22829999999999998,0.042300000000000004,transition_uncertainty,0.1686584346772203,2.550660143262156e-16,0.003272908296739902,0.9967270917023021
2022-12-16T00:00:00Z,SPY,367.4207458496094,-0.0118061477165437,-0.0209774805132962,0.2049564845254499,0.2262,0.0417,transition_uncertainty,0.1684969441925844,7.754058473022632e-14,0.001998123358504571,0.9980018766423975
2022-12-19T00:00:00Z,SPY,364.3050537109375,-0.0084799026017632,-0.0430754976929294,0.2053654136485355,0.2242,0.0425,transition_uncertainty,0.16848134703322412,1.461282296379112e-15,0.0018750014078033803,0.9981249985917325
2022-12-20T00:00:00Z,SPY,364.8035888671875,0.0013684552305046,-0.0489653917582194,0.2055502083324998,0.21480000000000002,0.0425,transition_uncertainty,0.16838462510683117,3.804895223444356e-15,0.001111491065742065,0.9988885089358757
2022-12-21T00:00:00Z,SPY,370.2583618164063,0.0149526296223052,-0.0285337862551509,0.207034248462169,0.20070000000000002,0.0421,transition_uncertainty,0.16828294560635446,2.0291324628888727e-12,0.00030884628321627865,0.9996911537144325
2022-12-22T00:00:00Z,SPY,364.9762573242188,-0.0142659964957297,-0.0183807044340276,0.2096858820493573,0.2197,0.0424,transition_uncertainty,0.16828092070282155,1.342426942668644e-13,0.0002928619546067606,0.9997071380464446
2022-12-23T00:00:00Z,SPY,367.07562255859375,0.0057520597360667,-0.0009393135660251,0.2116180150050849,0.20870000000000002,0.0431,transition_uncertainty,0.16824778334409546,2.2146117867584836e-10,3.128003923736757e-05,0.9999687197395564
2022-12-27T00:00:00Z,SPY,365.6280517578125,-0.003943522020589,0.0036315665495125,0.2053831838000903,0.2165,0.0432,transition_uncertainty,0.16824681084672227,1.504459749823661e-10,2.360324024506508e-05,0.9999763966100407
2022-12-28T00:00:00Z,SPY,361.0841064453125,-0.0124277808845746,-0.0101958493155864,0.2089772900681543,0.2214,0.0431,transition_uncertainty,0.1682566467097162,1.2400341226122972e-12,0.00010124620211070735,0.9998987537981645
2022-12-29T00:00:00Z,SPY,367.5836791992188,0.0180001629478827,-0.0072238277187477,0.1850914856239059,0.2144,0.0434,transition_uncertainty,0.1682487522872327,4.964993954499406e-11,3.89286769530664e-05,0.9999610712740348
2022-12-30T00:00:00Z,SPY,366.6154479980469,-0.0026340429566437,0.004491225500107,0.1849284063754225,0.21670000000000003,0.0441,transition_uncertainty,0.16824535171878693,1.9413233523128875e-09,1.2085838737050447e-05,0.9999879122190831
2023-01-03T00:00:00Z,SPY,365.0721130371094,-0.0042096833872251,-0.0054580293497004,0.1848578108165849,0.22899999999999998,0.044000000000000004,transition_uncertainty,0.16824691023540644,9.264508088665734e-11,2.4387778851507226e-05,0.9999756121278394
2023-01-04T00:00:00Z,SPY,367.8905029296875,0.007720090885966,0.0061878489929805,0.1796040492636778,0.22010000000000002,0.04360000000000001,transition_uncertainty,0.16824556978440366,1.3137227583234654e-09,1.3806953229869881e-05,0.9999861917320431
2023-01-05T00:00:00Z,SPY,363.6916198730469,-0.0114134043233051,0.0072213464430876,0.1770523078935372,0.22460000000000002,0.044500000000000005,transition_uncertainty,0.16824749547976459,1.7283980063269304e-10,2.9007655797366825e-05,0.9999709921708957
2023-01-06T00:00:00Z,SPY,372.0318298339844,0.0229320927544296,0.0121010558587799,0.1969609673983193,0.2113,0.0424,transition_uncertainty,0.1682630830710832,1.4222191594444294e-12,0.00015205400744680063,0.9998479459899272
2023-01-09T00:00:00Z,SPY,371.8209533691406,-0.0005668237175777,0.0141988162242456,0.1945513328805024,0.2197,0.04190000000000001,transition_uncertainty,0.16824647964542735,3.633465645465929e-10,2.0988870636773863e-05,0.9999790107669443
2023-01-10T00:00:00Z,SPY,374.4284362792969,0.0070127379496216,0.025628698846237,0.1947709650633792,0.20579999999999998,0.0424,transition_uncertainty,0.16824563347701302,1.2052853359631986e-09,1.430968847668307e-05,0.999985689105044
2023-01-11T00:00:00Z,SPY,379.1641845703125,0.0126479397186678,0.030644122506146,0.1931476700462923,0.2109,0.042,transition_uncertainty,0.16824786850291737,7.334401599946344e-11,3.1952209456003406e-05,0.9999680477169789
2023-01-12T00:00:00Z,SPY,380.5446166992188,0.0036407239530564,0.0463386998910084,0.1915612462170134,0.1883,0.0412,transition_uncertainty,0.16824749421063534,4.543974766435367e-10,2.8997758513465413e-05,0.9999710017857948
2023-01-13T00:00:00Z,SPY,382.0209045410156,0.0038794080300017,0.0268500539630944,0.1907546337542258,0.18350000000000002,0.0422,transition_uncertainty,0.1682446461852638,8.517741376414988e-08,6.551912884646815e-06,0.9999933629080419
2023-01-17T00:00:00Z,SPY,381.3211364746094,-0.0018317533362395,0.0255504242549693,0.1669657056539251,0.1936,0.0418,transition_uncertainty,0.16824424596920787,3.9177477526295844e-07,3.5232857374515254e-06,0.999996084938563
2023-01-18T00:00:00Z,SPY,375.30084228515625,-0.0157879897377626,0.0023299672816747,0.1717270696989768,0.2034,0.0406,transition_uncertainty,0.1682461447655221,1.8148874295910097e-09,1.8345989782234083e-05,0.9999816521968324
2023-01-19T00:00:00Z,SPY,372.5687561035156,-0.0072797230216838,-0.0173946504843834,0.1708838920760109,0.2052,0.0409,transition_uncertainty,0.16824517065931519,4.588073564465674e-09,1.0657706307355515e-05,0.9999893377048458
2023-01-20T00:00:00Z,SPY,379.5092468261719,0.0186287513618772,-0.0027207581650412,0.1816392637940992,0.1985,0.0414,transition_uncertainty,0.16824666532205967,9.279561615964793e-10,2.2454821305070806e-05,0.9999775442495087
2023-01-23T00:00:00Z,SPY,384.0628356933594,0.0119986242898402,0.0053450770051368,0.1791789897019119,0.1981,0.0421,transition_uncertainty,0.16824478563242867,2.6947284356327538e-08,7.62787977024306e-06,0.9999923451725534
2023-01-24T00:00:00Z,SPY,383.6506958007813,-0.0010731053730675,0.0061091796476564,0.1691726585168612,0.192,0.0412,transition_uncertainty,0.16824403831366658,1.4196709855350102e-06,2.3220215520696314e-06,0.9999962583057793
2023-01-25T00:00:00Z,SPY,383.7944030761719,0.0003745784302324,0.0226313395389667,0.1688806865365075,0.1908,0.041100000000000005,transition_uncertainty,0.16824426400781176,5.746360260944202e-07,3.743590159189401e-06,0.9999956817721353
2023-01-26T00:00:00Z,SPY,388.0124206542969,0.0109903050808373,0.0414518509611427,0.1699182853494066,0.18730000000000002,0.0417,transition_uncertainty,0.16824537514060744,1.0421176673595872e-08,1.227433932261555e-05,0.9999877152394832
2023-01-27T00:00:00Z,SPY,388.9040222167969,0.0022978686120318,0.0247550632012087,0.1598627803342261,0.18510000000000001,0.04190000000000001,transition_uncertainty,0.16824396807103978,3.4545532840284055e-06,2.634508008312043e-06,0.9999939109369581
2023-01-30T00:00:00Z,SPY,384.02447509765625,-0.012546918623589,-9.988104064762028e-05,0.1607262587232745,0.19940000000000002,0.0425,transition_uncertainty,0.16824462636974716,6.39333125847871e-08,6.386439657500455e-06,0.9999935496260823
2023-01-31T00:00:00Z,SPY,389.6708984375,0.0147032903004629,0.0156918850991603,0.1654366744318454,0.19399999999999998,0.0421,transition_uncertainty,0.1682447411127735,7.603869147599608e-08,7.297361351292947e-06,0.9999926266008412
2023-02-01T00:00:00Z,SPY,393.8122863769531,0.0106279117995704,0.0261022131132875,0.165148781871272,0.17870000000000003,0.0409,transition_uncertainty,0.16824456152949258,7.048460815295916e-07,6.147660969889267e-06,0.9999931474938557
2023-02-02T00:00:00Z,SPY,399.5449523925781,0.0145568490723464,0.0297220684812979,0.168967205220165,0.18730000000000002,0.0409,transition_uncertainty,0.16824540360332912,2.419617278166946e-08,1.2504888516516995e-05,0.9999874709158578
2023-02-03T00:00:00Z,SPY,395.2981872558594,-0.0106290045995776,0.01644149886292,0.1680163819710203,0.1833,0.043,transition_uncertainty,0.16824454394916133,4.115090663733825e-07,5.883908797624451e-06,0.9999937045811641
2023-02-06T00:00:00Z,SPY,392.8824157714844,-0.006111263755458,0.0230660836697338,0.1566622808631549,0.1943,0.0444,transition_uncertainty,0.16824418306385575,7.842337290933983e-07,3.1939277152361044e-06,0.9999960218380696
2023-02-07T00:00:00Z,SPY,398.0207214355469,0.0130784821559719,0.0214278844828492,0.1602353826507832,0.18660000000000002,0.0447,transition_uncertainty,0.16824452685946112,4.1096000941511343e-07,5.74877006468319e-06,0.9999938402696527
2023-02-08T00:00:00Z,SPY,393.6684875488281,-0.0109346917191182,-0.0003651456114991,0.167453386383104,0.1963,0.044500000000000005,transition_uncertainty,0.1682445476087242,8.662789320449428e-08,5.774376542977804e-06,0.9999941389968489
2023-02-09T00:00:00Z,SPY,390.2556762695313,-0.008669251888935,-0.0232496395397321,0.1675254007711,0.2071,0.044800000000000006,transition_uncertainty,0.16824557008810592,1.251439361157465e-09,1.3809324945858642e-05,0.9999861894219585
2023-02-10T00:00:00Z,SPY,391.1664123535156,0.0023336908067299,-0.0104522991391039,0.1673629844307075,0.2053,0.045,transition_uncertainty,0.1682443940995894,6.271482746313241e-08,4.552409925119455e-06,0.999995384874373
2023-02-13T00:00:00Z,SPY,395.7583312988281,0.0117390420043594,0.0073200413454403,0.1711518195310697,0.2034,0.0452,transition_uncertainty,0.16824452779730423,4.067802476289481e-08,5.598412881551624e-06,0.9999943609086421
2023-02-14T00:00:00Z,SPY,395.5762634277344,-0.0004600481068742,-0.0061415345386944,0.1708378529608769,0.18910000000000002,0.046,transition_uncertainty,0.16824422088103483,7.043731890868338e-07,3.458424095858306e-06,0.9999958372041208
2023-02-15T00:00:00Z,SPY,396.8608093261719,0.0032472774966492,0.0081091626033384,0.1574490751797061,0.18230000000000002,0.046200000000000005,transition_uncertainty,0.1682429347106592,2.0322086394390878e-05,1.6637944557141142e-06,0.9999780141204103
2023-02-16T00:00:00Z,SPY,391.396484375,-0.0137688701498385,0.0029232325750487,0.1645874993269265,0.20170000000000002,0.046200000000000005,transition_uncertainty,0.1682449019984277,1.9990567682166737e-08,8.543492097966518e-06,0.9999914365183172
2023-02-17T00:00:00Z,SPY,390.4186706542969,-0.0024982690436388,-0.0019115692851026,0.1540543243359331,0.2002,0.046,transition_uncertainty,0.1682444379312553,8.36513951635225e-07,5.228089212726227e-06,0.999993935398579
2023-02-21T00:00:00Z,SPY,382.5865173339844,-0.020060908734684,-0.0332824679182761,0.1667796695859469,0.22870000000000001,0.0467,transition_uncertainty,0.16829537958022878,1.3063294245844773e-14,0.0004069984584845795,0.999593001541623
2023-02-22T00:00:00Z,SPY,382.0593566894531,-0.0013778861006517,-0.0341701663824695,0.1668045676257704,0.2229,0.0466,transition_uncertainty,0.16825204505506233,1.3754495860165234e-11,6.492134583719026e-05,0.999935078639466
2023-02-23T00:00:00Z,SPY,384.0916137695313,0.0053192181908268,-0.0321755014770074,0.167947151469259,0.2114,0.0466,transition_uncertainty,0.16824739386770274,1.3508860817613585e-10,2.82055253970196e-05,0.9999717943404645
2023-02-24T00:00:00Z,SPY,379.9886779785156,-0.0106821800943499,-0.0291464201951145,0.1669199553079612,0.21670000000000003,0.0478,transition_uncertainty,0.16825020691088735,1.8434433540099546e-11,5.041127473723302e-05,0.9999495887069684
2023-02-27T00:00:00Z,SPY,381.2828063964844,0.0034057025721221,-0.0234001725442634,0.1672588444378849,0.2095,0.0478,transition_uncertainty,0.16824520370691837,2.7793976680404843e-09,1.0917808911359358e-05,0.9999890794111379
2023-02-28T00:00:00Z,SPY,379.8735656738281,-0.0036960510650219,-0.0070910801537419,0.1619393396070757,0.207,0.0481,transition_uncertainty,0.1682445404748952,5.8432790574811504e-08,5.706049779881062e-06,0.9999942355191416
2023-03-01T00:00:00Z,SPY,378.4163818359375,-0.0038359706217141,-0.0095351017838747,0.1519975865079046,0.20579999999999998,0.0489,transition_uncertainty,0.16824447287696115,1.3882014331784534e-07,5.2066918417949396e-06,0.9999946544882815
2023-03-02T00:00:00Z,SPY,381.35943603515625,0.0077772906789608,-0.0071133490980472,0.1493381540323459,0.1959,0.0489,transition_uncertainty,0.16824417598834635,1.2442961343293286e-06,3.334086034269157e-06,0.9999954216177901
2023-03-03T00:00:00Z,SPY,387.47564697265625,0.016037916882529,0.0197031370354774,0.1514928590784006,0.18489999999999998,0.048600000000000004,transition_uncertainty,0.16824464599354674,5.237736464417983e-07,6.737261583127291e-06,0.9999927389662705
2023-03-06T00:00:00Z,SPY,387.74407958984375,0.0006927728730432,0.016946143610369,0.1477125358747501,0.1861,0.0489,transition_uncertainty,0.1682429802898529,2.0080642491513416e-05,1.920725822305017e-06,0.9999779986302373
2023-03-07T00:00:00Z,SPY,381.8004150390625,-0.0153288337943636,0.0050723439042579,0.1555298147123084,0.1959,0.05,transition_uncertainty,0.16824526527967268,4.042069275747125e-08,1.1419894793292633e-05,0.9999885396830039
2023-03-08T00:00:00Z,SPY,382.4235534667969,0.0016321051606782,0.0105893186003682,0.1465218706675827,0.1911,0.050499999999999996,transition_uncertainty,0.168247677811531,1.4618591528862491e-05,3.667521309136715e-05,0.9999487061963799
2023-03-09T00:00:00Z,SPY,375.3678894042969,-0.0184498679501773,-0.0157110223707878,0.1549896776377586,0.2261,0.049,transition_uncertainty,0.1697503029929388,6.912262549531853e-12,0.011891975136230212,0.988108024856358
2023-03-10T00:00:00Z,SPY,369.9516296386719,-0.014429203771853,-0.0452261128432183,0.1594604932512738,0.24800000000000003,0.046,transition_uncertainty,0.17939705508358525,1.4184023391885326e-17,0.08804218466999457,0.9119578153310749
2023-03-13T00:00:00Z,SPY,369.4242858886719,-0.0014254397271207,-0.0472471268176436,0.1584516956054019,0.2652,0.0403,transition_uncertainty,0.18028648724513385,4.340798795970244e-18,0.09506324677107907,0.9049367532276702
2023-03-14T00:00:00Z,SPY,375.5309448242188,0.0165302043444623,-0.0164208051324468,0.1649517682503276,0.2373,0.042,transition_uncertainty,0.174297827502555,5.09448826000275e-13,0.04778954366357852,0.9522104563372414
2023-03-15T00:00:00Z,SPY,373.1821899414063,-0.0062544909152877,-0.0241652571909197,0.1652313883485374,0.2614,0.0393,transition_uncertainty,0.1727062035275042,2.4548232877954167e-15,0.035225470484986865,0.9647745295158285
2023-03-16T00:00:00Z,SPY,379.7297973632813,0.0175453373669922,0.0116203545431301,0.1792635304774867,0.2299,0.0414,transition_uncertainty,0.16938733006886858,2.5343779255981497e-12,0.009026713959530596,0.9909732860377262
2023-03-17T00:00:00Z,SPY,375.2896728515625,-0.0116928525034103,0.014429030135924,0.1775974053030682,0.2551,0.0381,transition_uncertainty,0.16884538739179364,3.5060315452043594e-14,0.004748688770269987,0.9952513112303286
2023-03-20T00:00:00Z,SPY,378.8983459472656,0.0096157005021837,0.025645471671694,0.1823421480832583,0.2415,0.0392,transition_uncertainty,0.16833724663763772,1.7498505731660545e-12,0.0007374915809964663,0.9992625084158964
2023-03-21T00:00:00Z,SPY,383.87347412109375,0.0131305090852007,0.0222152912079722,0.1750612176049376,0.2138,0.0417,transition_uncertainty,0.1682492651108124,7.850168138902719e-10,4.29771543941737e-05,0.9999570220602298
2023-03-22T00:00:00Z,SPY,377.3298034667969,-0.0170464256986734,0.0111141786429889,0.1855978267417236,0.22260000000000002,0.0396,transition_uncertainty,0.16825614668423575,4.276020986295144e-12,9.72990693850603e-05,0.9999027009261556
2023-03-23T00:00:00Z,SPY,378.3497924804688,0.0027031763838967,-0.0036341759124377,0.1847224300281055,0.2261,0.0376,transition_uncertainty,0.1682478047831786,1.2677898665088717e-10,3.14492342681679e-05,0.9999685506406915
2023-03-24T00:00:00Z,SPY,380.8325805664063,0.0065621499873445,0.0147696782400834,0.1825025926879475,0.21739999999999998,0.0376,transition_uncertainty,0.1682458999567293,1.013419284058576e-09,1.6413163398653105e-05,0.9999835858217191
2023-03-27T00:00:00Z,SPY,381.5446472167969,0.0018697629528743,0.0069841985266927,0.18221721783026,0.20600000000000002,0.0394,transition_uncertainty,0.1682445322269749,2.8043183468302243e-08,5.627996976678187e-06,0.9999943439593946
2023-03-28T00:00:00Z,SPY,380.6882629394531,-0.0022445191764337,-0.0082975547839907,0.1818941846505163,0.1997,0.0402,transition_uncertainty,0.16824446969871323,3.6193681424539895e-08,5.137879091142672e-06,0.999994825927131
2023-03-29T00:00:00Z,SPY,386.2214965820313,0.0145348154415207,0.0235647781689654,0.1880904275925054,0.1912,0.0408,transition_uncertainty,0.168245629739544,4.925668557853096e-09,1.4281769405989664e-05,0.999985713304533
2023-03-30T00:00:00Z,SPY,388.4829406738281,0.0058553035287007,0.0267824864576409,0.1873054010176774,0.1902,0.040999999999999995,transition_uncertainty,0.16824473534231285,3.8927004391661434e-08,7.235997800221908e-06,0.9999927250765683
2023-03-31T00:00:00Z,SPY,393.95849609375,0.0140947126543689,0.0344663671049934,0.1853874865054831,0.187,0.0406,transition_uncertainty,0.1682472081581582,1.4868619269138777e-09,2.674013661657858e-05,0.999973258375708
2023-04-03T00:00:00Z,SPY,395.4596557617188,0.0038104513111236,0.0364701972532595,0.1856855656480522,0.1855,0.039700000000000006,transition_uncertainty,0.1682449823858267,2.2419346777321343e-08,9.179098205313681e-06,0.9999907984807096
2023-04-04T00:00:00Z,SPY,393.2655944824219,-0.0055481292398101,0.0330384011470537,0.1772051069182446,0.19,0.0384,transition_uncertainty,0.16824471745291056,3.822192590034577e-08,7.09448491768715e-06,0.9999928672914113
2023-04-05T00:00:00Z,SPY,392.2359313964844,-0.0026182384128787,0.0155725014471732,0.1777988179982931,0.1908,0.0379,transition_uncertainty,0.1682442306019516,4.1255958029241414e-07,3.410832610037319e-06,0.9999961766079982
2023-04-06T00:00:00Z,SPY,393.7659912109375,0.0039008660145072,0.0135991828314157,0.1616206460837337,0.184,0.0382,transition_uncertainty,0.16824360511260195,8.579818821874103e-06,1.9530036628162413e-06,0.9999894671791394
2023-04-10T00:00:00Z,SPY,394.1701354980469,0.0010263565064787,0.0005372124383542,0.1489473627456568,0.18969999999999998,0.04,transition_uncertainty,0.16824324587498682,1.4564742396675132e-05,1.6671375964913241e-06,0.9999837681214994
2023-04-11T00:00:00Z,SPY,394.2759704589844,0.0002685007092273,-0.0029931885224914,0.148373965198805,0.19100000000000003,0.0403,transition_uncertainty,0.16824345404403143,1.0813900425479423e-05,1.712334095775869e-06,0.9999874737643595
2023-04-12T00:00:00Z,SPY,392.6689147949219,-0.0040759665423985,-0.0015172435521223,0.1419902610550059,0.19090000000000001,0.0395,transition_uncertainty,0.1682423314413775,3.319534515527331e-05,2.386389289028747e-06,0.9999644182644627
2023-04-13T00:00:00Z,SPY,397.8846130371094,0.0132826868786175,0.0144012345338018,0.1433342681887435,0.17800000000000002,0.0396,transition_uncertainty,0.16811626153767134,0.0023702529088534575,2.922871041625136e-06,0.997626824220652
2023-04-14T00:00:00Z,SPY,396.9126892089844,-0.0024427278569687,0.0079912894162594,0.1343024335893689,0.17070000000000002,0.0408,transition_uncertainty,0.15745605506735844,0.19987530414842397,7.256297347191501e-07,0.8001239702231988
2023-04-17T00:00:00Z,SPY,398.3369445800781,0.003588334184861,0.0105710928017577,0.1237567548475256,0.16949999999999998,0.0418,stable_low_volatility,0.13729637895608449,0.5733888748990321,3.2410111551124216e-07,0.4266108010005487
2023-04-18T00:00:00Z,SPY,398.5967712402344,0.0006522785889975,0.0109588235271351,0.1214863012502537,0.16829999999999998,0.04190000000000001,stable_low_volatility,0.12534412343267057,0.7948375793298279,1.8151624599535208e-07,0.205162239154322
2023-04-19T00:00:00Z,SPY,398.5293884277344,-0.0001690500710538,0.0149247200682367,0.1152160230247004,0.16460000000000002,0.0424,stable_low_volatility,0.12058683264932497,0.8829797144464158,1.761208077686624e-07,0.11702010943283864
2023-04-20T00:00:00Z,SPY,396.3546142578125,-0.0054569982366964,-0.0038453328657727,0.0952758938199918,0.17170000000000002,0.0414,stable_low_volatility,0.11990004745700585,0.8957049232140939,4.265697272772398e-07,0.10429465021517494
2023-04-21T00:00:00Z,SPY,396.6625671386719,0.0007769630270004,-0.0006301689946244,0.0954559561725081,0.1677,0.0417,stable_low_volatility,0.12009807186195691,0.8920359787539657,4.3200226119451937e-07,0.10796358924557545
2023-04-24T00:00:00Z,SPY,397.0763244628906,0.0010430964716519,-0.003164708004969,0.0942522249106439,0.16890000000000002,0.0412,stable_low_volatility,0.12551962953938084,0.7915892778793077,1.6476462080377044e-06,0.20840907447386506
2023-04-25T00:00:00Z,SPY,390.773193359375,-0.0158738527461732,-0.0196278004373098,0.1140668601597385,0.18760000000000002,0.0386,transition_uncertainty,0.16823914539940668,0.00024180026891354044,6.611343368300067e-05,0.9996920862991069
2023-04-26T00:00:00Z,SPY,389.1180419921875,-0.0042355806265997,-0.0236151880107919,0.1150821757320097,0.1884,0.039,transition_uncertainty,0.1682441610953472,7.813188868188087e-06,6.015235912971416e-06,0.999986171574281
2023-04-27T00:00:00Z,SPY,396.8646545410156,0.019908129957602,0.0012868281706728,0.1243544240437824,0.1703,0.04070000000000001,transition_uncertainty,0.16823651341789375,0.0001585157340051708,9.853089448027558e-06,0.9998316311778221
2023-04-28T00:00:00Z,SPY,400.2519226074219,0.0085350711575051,0.0090488888191337,0.1259735322936802,0.1578,0.0404,transition_uncertainty,0.1672814773151145,0.017836674478716244,2.7966358656915156e-06,0.9821605288862738
2023-05-01T00:00:00Z,SPY,399.8477478027344,-0.001009801032446,0.0069795733694084,0.1171722570159929,0.1608,0.0414,transition_uncertainty,0.16695820027442426,0.023823806996756285,1.7396364295183428e-06,0.9761744533676341
2023-05-02T00:00:00Z,SPY,395.3537292480469,-0.0112393244163141,0.0117217249455987,0.1240077332046881,0.1778,0.039700000000000006,transition_uncertainty,0.1681888344809151,0.001030357064239943,4.934437845454265e-06,0.9989647084975836
2023-05-03T00:00:00Z,SPY,392.6401062011719,-0.0068637851274003,0.0090514029905997,0.1248795794361293,0.1834,0.038900000000000004,transition_uncertainty,0.16823564696859666,0.0001578356533189493,2.7237014865055376e-06,0.9998394406446467
2023-05-04T00:00:00Z,SPY,389.8590087890625,-0.0070830701402786,-0.017652480944808,0.1270869127403032,0.2009,0.0375,transition_uncertainty,0.1682446220360421,5.718040575407408e-07,6.568609733132012e-06,0.9999928595862272
2023-05-05T00:00:00Z,SPY,397.0763244628906,0.0185126302358531,-0.0079339984773688,0.1427964991195181,0.17190000000000003,0.0392,transition_uncertainty,0.16824476677569536,2.2512345037235034e-06,8.42669637201709e-06,0.9999893220689797
2023-05-08T00:00:00Z,SPY,397.1821899414063,0.0002666124167911,-0.0066664321006584,0.1427791077355076,0.1698,0.04,transition_uncertainty,0.16823008506536574,0.00025790379811424426,1.4533317034720513e-06,0.9997406428686524
2023-05-09T00:00:00Z,SPY,395.4404296875,-0.0043852929411644,0.0002192983979638,0.1437837404871846,0.1771,0.0401,transition_uncertainty,0.1682358608302412,0.00015087690065949372,1.4470827801811652e-06,0.9998476760165954
2023-05-10T00:00:00Z,SPY,397.28802490234375,0.0046722466296726,0.0118376055521707,0.1437211569248092,0.16940000000000002,0.039,transition_uncertainty,0.16822341699585575,0.00038310621168978525,2.1596147122935478e-06,0.9996147341745073
2023-05-11T00:00:00Z,SPY,396.59515380859375,-0.0017440019590831,0.0172784131382632,0.1359065264307343,0.1693,0.038900000000000004,transition_uncertainty,0.16819282972520425,0.0009488277061234543,1.736356846487043e-06,0.9990494359362836
2023-05-12T00:00:00Z,SPY,396.0754699707031,-0.0013103635606738,-0.0025205594756658,0.1357132424784841,0.1703,0.0398,transition_uncertainty,0.16818472233470358,0.0010987579315161202,1.6162455806258058e-06,0.9988996258233623
2023-05-15T00:00:00Z,SPY,397.4420166015625,0.0034502177854145,0.0006541750026469,0.1356645138328095,0.17120000000000002,0.039900000000000005,transition_uncertainty,0.16818973383235053,0.0010052183849797154,1.323329820049768e-06,0.9989934582864011
2023-05-16T00:00:00Z,SPY,394.7860412597656,-0.0066826737759322,-0.0016548344038861,0.1376142019367474,0.17989999999999998,0.0406,transition_uncertainty,0.16823709170789217,0.00012895398173307974,1.8230946704486269e-06,0.9998692229229144
2023-05-17T00:00:00Z,SPY,399.5783081054688,0.0121388963764041,0.0057647929450881,0.1446540910421258,0.16870000000000002,0.0412,transition_uncertainty,0.16824024190047981,7.371658051696158e-05,3.15611250924911e-06,0.999923127307647
2023-05-18T00:00:00Z,SPY,403.4275512695313,0.0096332635830833,0.0172276372903814,0.1467782517520108,0.1605,0.0424,transition_uncertainty,0.16823557542822315,0.0001610922410429374,3.5464579860233096e-06,0.999835361300268
2023-05-19T00:00:00Z,SPY,402.8405456542969,-0.0014550459268019,0.017080269283261,0.147013772249934,0.1681,0.042800000000000005,transition_uncertainty,0.1682354903870779,0.00016037108043171348,2.5679012417700747e-06,0.9998370610165825
2023-05-22T00:00:00Z,SPY,403.0041809082031,0.0004062035355465,0.0139949076199881,0.1470156379993805,0.1721,0.0429,transition_uncertainty,0.16823240722271707,0.0002149433264052575,1.4805964715316083e-06,0.9997835760786083
2023-05-23T00:00:00Z,SPY,398.4812316894531,-0.0112230826205256,0.0093599824803736,0.1407119787649318,0.18530000000000002,0.0426,transition_uncertainty,0.16824391589518212,7.021201125716712e-06,3.742225383005508e-06,0.9999892365737564
2023-05-24T00:00:00Z,SPY,395.5943908691406,-0.0072446092581903,-0.0099703040818636,0.1425988168415131,0.2003,0.0431,transition_uncertainty,0.1682443650717857,5.269354195437895e-07,4.521049962659017e-06,0.9999949520151941
2023-05-25T00:00:00Z,SPY,399.0201721191406,0.0086598327202602,-0.0109248343017753,0.1277806281568205,0.19140000000000001,0.045,transition_uncertainty,0.16824383776134283,8.272984445140313e-06,3.6587742789827747e-06,0.9999880682428444
2023-05-26T00:00:00Z,SPY,404.187744140625,0.0129506535823493,0.003344247496587,0.1323701670409784,0.1795,0.0454,transition_uncertainty,0.16823928692351256,9.242720109241079e-05,3.5894114254465724e-06,0.9999039833861642
2023-05-30T00:00:00Z,SPY,404.3416748046875,0.0003808395140476,0.0033188089847362,0.132253199132069,0.1746,0.0446,transition_uncertainty,0.16811070226301417,0.002469917716589448,1.501407445367257e-06,0.9975285808751606
2023-05-31T00:00:00Z,SPY,402.09954833984375,-0.0055451283025099,0.0090802686868085,0.1268840114017819,0.1794,0.044000000000000004,transition_uncertainty,0.16791739289031868,0.006054489119167326,2.7682276005898765e-06,0.993942742653496
2023-06-01T00:00:00Z,SPY,405.9198913574219,0.0095009880845458,0.0261012307722452,0.1269349351938884,0.1565,0.0433,transition_uncertainty,0.16593561951991143,0.04277519283097543,3.9597180293924215e-06,0.9572208474500716
2023-06-02T00:00:00Z,SPY,411.7900085449219,0.014461270099058,0.0320029846059222,0.1300917390070258,0.146,0.045,transition_uncertainty,0.1619226599465068,0.1171186413670936,6.036729732568911e-07,0.8828807549603036
2023-06-05T00:00:00Z,SPY,411.0008850097656,-0.0019163251142121,0.0168563766910512,0.1170827438489033,0.14730000000000001,0.0446,stable_low_volatility,0.11682826943164921,0.9526172309321852,4.24050120385871e-09,0.047382764825548165
2023-06-06T00:00:00Z,SPY,411.8958129882813,0.0021774356483303,0.0186825614432217,0.1169637262665598,0.1396,0.0451,stable_low_volatility,0.1143508766927422,0.9985178671313458,3.541679895638686e-10,0.00148213251469172
2023-06-07T00:00:00Z,SPY,410.4715881347656,-0.0034577308353366,0.020820813725078,0.1163526990659254,0.1394,0.045599999999999995,stable_low_volatility,0.11427906467708619,0.999848385332842,5.895413045046548e-11,0.0001516146068552025
2023-06-08T00:00:00Z,SPY,412.954345703125,0.0060485491325754,0.0173296615797255,0.1168892550092789,0.1365,0.0452,stable_low_volatility,0.11427271751770904,0.9999659841597571,1.591033989086361e-11,3.4015825426691304e-05
2023-06-09T00:00:00Z,SPY,413.6953430175781,0.0017943807158427,0.0046269565388166,0.1160840750136352,0.1383,0.045899999999999996,stable_low_volatility,0.11427235560728471,0.9999726897204196,8.224135176270353e-11,2.7310198378290467e-05
2023-06-12T00:00:00Z,SPY,417.4483947753906,0.0090720183854065,0.0156873379128412,0.1178324076827624,0.1501,0.0455,stable_low_volatility,0.11428150519699677,0.9998031689153292,5.060501497956645e-10,0.00019683057916711368
2023-06-13T00:00:00Z,SPY,420.2004699707031,0.0065926117569412,0.02016203302037,0.118639684374103,0.1461,0.0467,stable_low_volatility,0.11428297879226022,0.9997758673429025,8.966004269270514e-10,0.0002241317591391816
2023-06-14T00:00:00Z,SPY,420.7008666992188,0.001190852377082,0.0249207956412678,0.1134612042614236,0.1388,0.047400000000000005,stable_low_volatility,0.11428769881509344,0.9996884285206905,6.363847793158949e-09,0.0003115651141278339
2023-06-15T00:00:00Z,SPY,425.9166564941406,0.012397858449507,0.0313892102744313,0.1137302797298639,0.145,0.046200000000000005,stable_low_volatility,0.1144162986825472,0.9973057839830478,1.8510274545563472e-08,0.002694197505147882
2023-06-16T00:00:00Z,SPY,424.46588134765625,-0.0034062418653127,0.0260349518356084,0.1133950070784959,0.1354,0.047,stable_low_volatility,0.11429387848189505,0.9995739187487801,3.4404268583961727e-10,0.00042608090843837873
2023-06-20T00:00:00Z,SPY,422.26361083984375,-0.0051883333963624,0.0115348774236967,0.1158984028723184,0.1388,0.0468,stable_low_volatility,0.1142736562848559,0.9999485908856494,2.4969531399044926e-11,5.140908972218426e-05
2023-06-21T00:00:00Z,SPY,420.10003662109375,-0.0051237524693327,-0.0002390129397437,0.1187689124366274,0.132,0.0468,stable_low_volatility,0.11427262695566788,0.9999676620490534,7.758480555450386e-12,3.233794195520749e-05
2023-06-22T00:00:00Z,SPY,421.6165161132813,0.0036098056652997,0.0021764856850583,0.1078017586648524,0.1291,0.0477,stable_low_volatility,0.11427138798108719,0.9999906176821188,7.104208095834008e-11,9.382247925979694e-06
2023-06-23T00:00:00Z,SPY,418.4290161132813,-0.0075601877018108,-0.0175800600110185,0.1082017133375847,0.1344,0.0471,stable_low_volatility,0.11428947860780403,0.999655447634713,4.128669155296384e-09,0.00034454823831883886
2023-06-26T00:00:00Z,SPY,416.719482421875,-0.0040856002465742,-0.018249756378974,0.1085498304215453,0.14250000000000002,0.04650000000000001,stable_low_volatility,0.11428645487109491,0.999711461920287,3.32334728670381e-10,0.00028853774814285296
2023-06-27T00:00:00Z,SPY,421.28814697265625,0.0109634052246112,-0.002310082711715,0.1061810238096087,0.1374,0.047400000000000005,stable_low_volatility,0.11427405904387189,0.9999411286202667,1.3763125063442802e-11,5.887136654784933e-05
2023-06-28T00:00:00Z,SPY,421.5006408691406,0.0005043908735893,0.0033339779241916,0.1061558385362633,0.1343,0.0471,stable_low_volatility,0.1142713552387341,0.9999912241567835,1.6945009698111843e-12,8.775840541136949e-06
2023-06-29T00:00:00Z,SPY,423.1619262695313,0.0039413591328474,0.0036654402690305,0.1023770869493445,0.1354,0.0487,stable_low_volatility,0.11427133092182498,0.9999916747602615,2.7903416821549545e-11,8.325211834011196e-06
2023-06-30T00:00:00Z,SPY,428.1555480957031,0.0118007351705626,0.0232453572956532,0.1047043672011018,0.1359,0.0487,stable_low_volatility,0.11427960748962616,0.9998383288064657,3.141795775668726e-10,0.00016167087753742845
2023-07-03T00:00:00Z,SPY,428.6481323242188,0.0011504796112218,0.0286251313065979,0.0952101654354554,0.13570000000000002,0.049400000000000006,stable_low_volatility,0.11427264110073557,0.9999673999775696,1.0525274525176331e-11,3.2600010368775425e-05
2023-07-05T00:00:00Z,SPY,428.0106506347656,-0.0014871911047332,0.0159570206530061,0.0949871360198164,0.1418,0.049400000000000006,stable_low_volatility,0.11427144516772039,0.9999895580148797,2.1532217307018013e-11,1.0441961998419413e-05
2023-07-06T00:00:00Z,SPY,424.6590270996094,-0.0078307012458348,0.0074931943732188,0.1012548375058963,0.1544,0.0499,stable_low_volatility,0.11427647557314931,0.9998963557499854,5.922975121530846e-11,0.00010364419202866741
2023-07-07T00:00:00Z,SPY,423.5869140625,-0.002524644405729,0.0010043148180067,0.1006961278712198,0.14830000000000002,0.049400000000000006,stable_low_volatility,0.11427258703502889,0.9999684017319992,2.2304728076708645e-11,3.159824672750135e-05
2023-07-10T00:00:00Z,SPY,424.6590270996094,0.0025310343674855,-0.0081664736370815,0.0993987943356376,0.1507,0.048499999999999995,stable_low_volatility,0.1142731187635625,0.9999585499613792,2.0403330532311386e-11,4.1450017809192236e-05
2023-07-11T00:00:00Z,SPY,427.3634338378906,0.0063684192862969,-0.0029970933953735,0.1009423845006528,0.1484,0.0488,stable_low_volatility,0.11427264473612518,0.9999673326225901,8.442067712114973e-12,3.266736925792016e-05
2023-07-12T00:00:00Z,SPY,430.802001953125,0.0080460045080477,0.0065216865847137,0.1000127722398494,0.1354,0.0472,stable_low_volatility,0.11427174628160287,0.9999839790262814,1.6874931332702462e-11,1.602095561088699e-05
2023-07-13T00:00:00Z,SPY,434.2212524414063,0.007936941965867,0.0225174192271531,0.1010044177788806,0.1361,0.045899999999999996,stable_low_volatility,0.11427241585469801,0.999971573310407,1.7656011655304987e-11,2.84266709867237e-05
2023-07-14T00:00:00Z,SPY,433.9508056640625,-0.000622831738021,0.0244669777500097,0.1013163668359983,0.1334,0.047400000000000005,stable_low_volatility,0.11427178212458097,0.9999833149204727,7.702544716458835e-12,1.668507295532984e-05
2023-07-17T00:00:00Z,SPY,435.4575500488281,0.0034721548274576,0.025428690455427,0.0933965017435451,0.1348,0.047400000000000005,stable_low_volatility,0.11427157511149692,0.9999871504285436,1.3577866921409636e-11,1.2849557912912473e-05
2023-07-18T00:00:00Z,SPY,438.69329833984375,0.007430685931735,0.0265110760651807,0.0943401566777255,0.133,0.047400000000000005,stable_low_volatility,0.11427241305377653,0.999971625197425,1.4948246115971507e-11,2.837478617961759e-05
2023-07-19T00:00:00Z,SPY,439.6688537597656,0.0022237755252101,0.0205821973120854,0.0908046442857624,0.1376,0.047400000000000005,stable_low_volatility,0.11427132983954093,0.9999916947544268,3.6808169689314625e-12,8.305241465397835e-06
2023-07-20T00:00:00Z,SPY,436.7518615722656,-0.0066345208730519,0.0058279255486253,0.0925369002310381,0.1399,0.048,stable_low_volatility,0.11427158180324537,0.9999870264223611,1.9125239631814343e-12,1.2973577235314924e-05
2023-07-21T00:00:00Z,SPY,436.7518615722656,0.0,0.0064547775269521,0.0925636909424011,0.136,0.04820000000000001,stable_low_volatility,0.11427111924250523,0.9999955966510784,5.511920974069114e-13,4.403349081736442e-06
2023-07-24T00:00:00Z,SPY,438.7029724121094,0.0044673211759647,0.0074529018107902,0.0860695826321219,0.1391,0.0481,stable_low_volatility,0.11427110283598572,0.9999959006211053,4.081466757851995e-13,4.099377143736965e-06
2023-07-25T00:00:00Z,SPY,439.900634765625,0.0027300073827414,0.0027521196023514,0.0826159919064444,0.1386,0.048499999999999995,stable_low_volatility,0.1142710622250903,0.9999966530541846,2.543995191456133e-13,3.3469451031816e-06
2023-07-26T00:00:00Z,SPY,439.9682922363281,0.0001538017119233,0.0006810545573148,0.0770977182967863,0.1319,0.04820000000000001,stable_low_volatility,0.11427100288388105,0.9999977525210642,3.0209823029142547e-12,2.2474748585520767e-06
2023-07-27T00:00:00Z,SPY,437.0512390136719,-0.0066301442038676,0.0006854634581945,0.0830990347693559,0.1441,0.049100000000000005,stable_low_volatility,0.11427197746816611,0.9999796956386938,9.786695160648525e-12,2.030435292177908e-05
2023-07-28T00:00:00Z,SPY,441.3301696777344,0.0097904554022523,0.0104826298598643,0.0875081817450291,0.1333,0.0487,stable_low_volatility,0.11427139709434012,0.9999904486632235,1.5723311483500322e-12,9.551333954258546e-06
2023-07-31T00:00:00Z,SPY,442.17041015625,0.00190388180153,0.0079038391854873,0.079776070578444,0.1363,0.0488,stable_low_volatility,0.11427102203818944,0.9999973976407301,5.012750234434715e-12,2.602353922315062e-06
2023-08-01T00:00:00Z,SPY,440.9051513671875,-0.0028614732238988,0.0022835079610596,0.0813414931032246,0.1393,0.0492,stable_low_volatility,0.11427333238201226,0.99995459573018,1.5726546521602169e-09,4.540269871587513e-05
2023-08-02T00:00:00Z,SPY,434.7718200683594,-0.0139107725999786,-0.0118110151564683,0.0977445116329381,0.16090000000000002,0.0488,stable_low_volatility,0.11482050591953477,0.9898173665492807,2.97462749673724e-07,0.010182335987959788
2023-08-03T00:00:00Z,SPY,433.52581787109375,-0.0028658761671115,-0.008066379471968,0.0933982916635287,0.1592,0.049,stable_low_volatility,0.1145883897065746,0.9941173537213059,3.485952524632196e-08,0.005882611418993051
2023-08-04T00:00:00Z,SPY,431.5650939941406,-0.0045227384301622,-0.0221264630304435,0.0946747760527197,0.171,0.0478,stable_low_volatility,0.11513505400973124,0.9839892235023021,1.8758056727997804e-07,0.01601058891592237
2023-08-07T00:00:00Z,SPY,435.33203125,0.0087285494315498,-0.015465482875332,0.0985017329616503,0.1577,0.047599999999999996,stable_low_volatility,0.11464320004469226,0.9931018011690972,1.8931321837615574e-08,0.006898179897946935
2023-08-08T00:00:00Z,SPY,433.43890380859375,-0.0043486977881466,-0.0169339086545982,0.0984706478467456,0.15990000000000001,0.047400000000000005,stable_low_volatility,0.11445322329783088,0.9966216250689314,7.045255445983014e-09,0.0033783678854879266
2023-08-09T00:00:00Z,SPY,430.5412902832031,-0.0066851717737598,-0.0097304599559628,0.0978434026002659,0.15960000000000002,0.0479,stable_low_volatility,0.11433109475819674,0.9988843845223911,1.034419561637859e-09,0.0011156144442465046
2023-08-10T00:00:00Z,SPY,430.6957702636719,0.0003588041006872,-0.0065279793976731,0.0932860057805368,0.1585,0.04820000000000001,stable_low_volatility,0.11428179540673045,0.9997977919933776,5.163584079640835e-10,0.00020220749167960497
2023-08-11T00:00:00Z,SPY,430.4447021484375,-0.0005829361061072,-0.0025961132197552,0.0932848907736142,0.1484,0.0489,stable_low_volatility,0.11428581851730411,0.999723262446504,4.718603723923363e-09,0.00027673283350631775
2023-08-14T00:00:00Z,SPY,432.8207702636719,0.0055200310362166,-0.0057686106375341,0.0946774700320907,0.1482,0.0496,stable_low_volatility,0.11504542682822114,0.9856500026355925,2.661203562969737e-07,0.014349731244113314
2023-08-15T00:00:00Z,SPY,427.7788696289063,-0.0116489341112121,-0.0130584359870634,0.098292423069239,0.16460000000000002,0.0492,transition_uncertainty,0.1474738112705896,0.38487457670934744,2.212349435694596e-05,0.6151032997968854
2023-08-16T00:00:00Z,SPY,424.6397399902344,-0.007338206399477,-0.0137072806398819,0.0996702598443587,0.1678,0.0497,transition_uncertainty,0.15843049382241964,0.18183915415401553,8.420005695004973e-06,0.8181524258418023
2023-08-17T00:00:00Z,SPY,421.4039916992188,-0.0076199846276517,-0.021573879304096,0.100379507664966,0.1789,0.049400000000000006,transition_uncertainty,0.16563707283023738,0.04832642984156133,1.2405273172140755e-05,0.9516611648857682
2023-08-18T00:00:00Z,SPY,421.6068420410156,0.0004813678697701,-0.0205319291033443,0.1005076989180497,0.17300000000000001,0.0492,transition_uncertainty,0.165234345261462,0.05577187636199851,5.498641552812148e-06,0.9442226249948572
2023-08-21T00:00:00Z,SPY,424.3499450683594,0.0065063057659697,-0.0195712077083364,0.1024124082085481,0.17129999999999998,0.0497,transition_uncertainty,0.16229517246563738,0.11022302746359448,3.255768169025756e-06,0.8897737167699132
2023-08-22T00:00:00Z,SPY,423.2005920410156,-0.0027085028305083,-0.0107024397718901,0.1011322460970148,0.1697,0.050199999999999995,transition_uncertainty,0.15254343030174647,0.29089816040164895,1.880670759980498e-06,0.7090999589270981
2023-08-23T00:00:00Z,SPY,427.9140319824219,0.0111376024279035,0.0077107526306012,0.111067863409325,0.1598,0.0495,transition_uncertainty,0.14771175395016897,0.38041865722016466,1.943667705030112e-06,0.6195793991120083
2023-08-24T00:00:00Z,SPY,421.9836120605469,-0.0138589050104311,0.0013754505717682,0.118439318057682,0.172,0.049800000000000004,transition_uncertainty,0.14666713020787323,0.3997704947142516,7.738458655597615e-07,0.6002287314392937
2023-08-25T00:00:00Z,SPY,424.9584655761719,0.0070496896813097,0.0079496421806888,0.1152912102461627,0.1568,0.050300000000000004,stable_low_volatility,0.12135306948227306,0.868782862534465,1.0513976128203291e-07,0.13121703232442425
2023-08-28T00:00:00Z,SPY,427.6532897949219,0.0063413825986411,0.0077844825124941,0.1182484178226393,0.15080000000000002,0.049800000000000004,stable_low_volatility,0.11593815115222154,0.9691092950490363,5.86616193481945e-08,0.030890646289778927
2023-08-29T00:00:00Z,SPY,433.8349304199219,0.0144547949764735,0.0251283636622974,0.1310388515145463,0.1445,0.0487,stable_low_volatility,0.11573752011485668,0.9728264506524139,1.7424972012432488e-08,0.027173531922472745
2023-08-30T00:00:00Z,SPY,435.6217956542969,0.0041187675520859,0.0180124115962423,0.1223246386264048,0.1388,0.049,stable_low_volatility,0.11434614473260898,0.9986055412186218,8.897400117118628e-10,0.0013944578930465798
2023-08-31T00:00:00Z,SPY,434.9842834472656,-0.0014634534208136,0.0308084745832579,0.1219736332792595,0.13570000000000002,0.048499999999999995,stable_low_volatility,0.1142907249774787,0.9996323460803839,2.71954779548104e-10,0.00036765364614194985
2023-09-01T00:00:00Z,SPY,435.7956237792969,0.0018652175789004,0.0255016880024536,0.1208116963925692,0.1309,0.0487,stable_low_volatility,0.11427412101203141,0.9999399805751471,5.354617878554378e-11,6.001937040041498e-05
2023-09-05T00:00:00Z,SPY,433.91217041015625,-0.0043218730670284,0.0146354085531197,0.1178921926371993,0.1401,0.049400000000000006,stable_low_volatility,0.11427327147879997,0.9999557206773854,1.0172474237760888e-10,4.427922144820908e-05
2023-09-06T00:00:00Z,SPY,430.99517822265625,-0.0067225406117157,-0.006545697448836,0.1193146296963899,0.1445,0.0501,stable_low_volatility,0.1142809850768251,0.9998128056202427,5.136763523659121e-10,0.00018719386752280784
2023-09-07T00:00:00Z,SPY,429.6719665527344,-0.0030701310287937,-0.0136582447455962,0.1174015873220895,0.14400000000000002,0.049400000000000006,stable_low_volatility,0.11428192356161768,0.9997954167927466,1.9060185134331067e-10,0.00020458301565994121
2023-09-08T00:00:00Z,SPY,430.3190612792969,0.0015060203525822,-0.0107250361576208,0.1175315449271134,0.1384,0.049800000000000004,stable_low_volatility,0.11427446700294598,0.99993357014513,5.981256560519555e-11,6.642979635738405e-05
2023-09-11T00:00:00Z,SPY,433.1490783691406,0.0065765552690841,-0.006072904971383,0.1198062802882315,0.138,0.0497,stable_low_volatility,0.11427420597687216,0.9999384064919717,1.0664800432613123e-10,6.159340177115673e-05
2023-09-12T00:00:00Z,SPY,430.7730712890625,-0.0054854256853646,-0.0072344113282798,0.1198499593561889,0.1423,0.049800000000000004,stable_low_volatility,0.11427708539064786,0.9998850570808477,2.243441321805731e-11,0.00011494289663845536
2023-09-13T00:00:00Z,SPY,431.27532958984375,0.0011659463746847,0.0006500104440676,0.111946508912928,0.1348,0.0496,stable_low_volatility,0.11427155651050454,0.9999874950499071,7.793894219869045e-12,1.2504942144624134e-05
2023-09-14T00:00:00Z,SPY,434.9939270019531,0.0086223281439397,0.0123861011736858,0.1115760095704157,0.1282,0.05,stable_low_volatility,0.11427291157477523,0.9999623905329224,7.967606832169388e-10,3.760866870647427e-05
2023-09-15T00:00:00Z,SPY,429.7530212402344,-0.0120482274266215,-0.001315396156005,0.1172669958768572,0.1379,0.050199999999999995,stable_low_volatility,0.11432249697688049,0.9990437387068927,2.497323609345915e-08,0.0009562363198138642
2023-09-18T00:00:00Z,SPY,430.0050659179688,0.000586487273567,-0.0072584996902439,0.1172616510919567,0.14,0.050499999999999996,stable_low_volatility,0.1143385123528305,0.998746982563989,1.3719636111453568e-08,0.001253003718122704
2023-09-19T00:00:00Z,SPY,429.1132507324219,-0.0020739643697988,-0.0038531205111631,0.1158662798164601,0.1411,0.050800000000000005,stable_low_volatility,0.11547158842414663,0.977754358542947,3.4882500622984554e-07,0.022245292633768673
2023-09-20T00:00:00Z,SPY,425.1682739257813,-0.009193323207585,-0.0141604567779717,0.1205286247732675,0.1514,0.0512,transition_uncertainty,0.14851279176840987,0.3656143392955282,1.7772984804557203e-05,0.6343678877196853
2023-09-21T00:00:00Z,SPY,418.1409606933594,-0.0165283104676069,-0.038742992171746,0.1274536661735443,0.1754,0.0512,transition_uncertainty,0.16826044997235193,1.1774578659918388e-06,0.00013177032667813766,0.9998670522162297
2023-09-22T00:00:00Z,SPY,417.2007751464844,-0.0022484894694745,-0.0292080461878433,0.1183057608170931,0.172,0.051,transition_uncertainty,0.1682444146550078,1.0258304679827087e-05,9.058557208555337e-06,0.9999806831375637
2023-09-25T00:00:00Z,SPY,418.9551696777344,0.0042051564516725,-0.0256971303736741,0.1163064911771511,0.16899999999999998,0.0509,transition_uncertainty,0.16824095329400987,6.465075623037396e-05,4.909219916349678e-06,0.9999304400227326
2023-09-26T00:00:00Z,SPY,412.8001708984375,-0.0146913064326938,-0.0380157914166966,0.1233209882585318,0.1894,0.0504,transition_uncertainty,0.16824936305507018,2.2878395888829727e-09,4.3750952417626034e-05,0.9999562467605333
2023-09-27T00:00:00Z,SPY,412.9649963378906,0.0003992862674799,-0.0287022300022811,0.1081446722874091,0.1822,0.051,transition_uncertainty,0.1682443005695243,1.2966279638711419e-05,9.311727231149675e-06,0.9999777219935396
2023-09-28T00:00:00Z,SPY,415.3590698242188,0.005797279448763,-0.0066529977463286,0.1096437068035847,0.1734,0.0504,transition_uncertainty,0.16817607243912547,0.00126241568209773,3.06235725642689e-06,0.9987345219610452
2023-09-29T00:00:00Z,SPY,414.3510437011719,-0.0024268788050625,-0.0068305995939531,0.1095901542510544,0.1752,0.050300000000000004,transition_uncertainty,0.16818316574179293,0.0011325432292911522,3.7231102521106635e-06,0.998863733661455
2023-10-02T00:00:00Z,SPY,414.1862487792969,-0.0003977181290603,-0.0113828906851914,0.1087055840687625,0.1761,0.0512,transition_uncertainty,0.16819683275116099,0.0008776113998133536,2.993630913370214e-06,0.9991193949708348
2023-10-03T00:00:00Z,SPY,408.6418762207031,-0.0133861821220147,-0.0100733840993429,0.1153454653463639,0.1978,0.051500000000000004,transition_uncertainty,0.16824512216475607,1.3719550122404564e-06,1.0857471252808965e-05,0.9999877705724626
2023-10-04T00:00:00Z,SPY,411.61761474609375,0.0072820205136867,-0.0032627016908097,0.1199316039871204,0.1858,0.050499999999999996,transition_uncertainty,0.16823871893430536,0.00010078391921025914,2.666200122039304e-06,0.9998965498815345
2023-10-05T00:00:00Z,SPY,411.4625854492188,-0.0003766342627747,-0.0093810022654591,0.1200827525171471,0.18489999999999998,0.050300000000000004,transition_uncertainty,0.16823659503831992,0.00013887593208081469,2.129748170170168e-06,0.9998589943203147
2023-10-06T00:00:00Z,SPY,416.3478088378906,0.0118728252857751,0.0048190179971137,0.1294551480838757,0.1745,0.050800000000000005,transition_uncertainty,0.16823920368677653,9.476558242948812e-05,3.928631170990792e-06,0.9999013057852383
2023-10-09T00:00:00Z,SPY,419.0133361816406,0.0064021649379877,0.0116543883737576,0.1293108699770972,0.177,0.050800000000000005,transition_uncertainty,0.16822587060544905,0.00033712934123583053,1.939396335836662e-06,0.9996609312642262
2023-10-10T00:00:00Z,SPY,421.1941833496094,0.0052047201834726,0.030717133655012,0.1306603777211647,0.1703,0.0496,transition_uncertainty,0.16823173539193845,0.00023127247420779698,3.1343726691258067e-06,0.999765593154659
2023-10-11T00:00:00Z,SPY,422.9195251464844,0.0040963096478541,0.0274573050217061,0.1317470102653271,0.16090000000000002,0.0499,transition_uncertainty,0.16819407773589884,0.0009274021059420506,2.4594965436147695e-06,0.9990701383987188
2023-10-12T00:00:00Z,SPY,420.3411865234375,-0.0060965230256366,0.0215781492368873,0.1278705207650891,0.16690000000000002,0.0506,transition_uncertainty,0.16821013519571623,0.0006306745444788674,2.7926296226456448e-06,0.9993665328252842
2023-10-13T00:00:00Z,SPY,418.2475280761719,-0.0049808548731136,0.0045628179083823,0.1225686827186368,0.1932,0.0504,transition_uncertainty,0.16824075388916646,6.3664715951512e-05,2.9150330818199856e-06,0.9999334202521826
2023-10-16T00:00:00Z,SPY,422.6481323242188,0.0105215307984927,0.0086746550257827,0.1294695575955118,0.1721,0.0509,transition_uncertainty,0.16822532158808742,0.0003482863127907873,2.3590124680775964e-06,0.9996493546763855
2023-10-17T00:00:00Z,SPY,422.6287536621094,-4.585058025174949e-05,0.0034059594581563,0.1294177814663812,0.1788,0.0519,transition_uncertainty,0.16822172416603884,0.0004131774016533957,1.6086301392902637e-06,0.9995852139675211
2023-10-18T00:00:00Z,SPY,416.9971923828125,-0.013325078406282,-0.0140034508021841,0.1338221776283468,0.19219999999999998,0.0519,transition_uncertainty,0.16824486482932713,4.4800999130428e-07,8.432445721000015e-06,0.9999911195439884
2023-10-19T00:00:00Z,SPY,413.333251953125,-0.008786487047433,-0.0166720150082693,0.124170560941032,0.214,0.0514,transition_uncertainty,0.1682459401808179,2.7528987298485653e-08,1.6741980608603268e-05,0.9999832304916727
2023-10-20T00:00:00Z,SPY,408.2542114257813,-0.0122880036951872,-0.0238933071436363,0.1309799320654869,0.21710000000000002,0.0507,transition_uncertainty,0.1682486858847471,7.109425986162058e-10,3.840478569845551e-05,0.999961594504294
2023-10-23T00:00:00Z,SPY,407.546630859375,-0.0017331862026238,-0.0357306712366096,0.129492264028023,0.20370000000000002,0.050499999999999996,transition_uncertainty,0.16824591338397077,8.226059918222818e-09,1.6522229441534696e-05,0.9999834695429178
2023-10-24T00:00:00Z,SPY,410.6192932128906,0.007539412967386,-0.0284160988696483,0.1228743728277224,0.18969999999999998,0.050199999999999995,transition_uncertainty,0.16824470918571285,7.821245362752115e-07,7.3461669450910975e-06,0.9999918717079
2023-10-25T00:00:00Z,SPY,404.7259826660156,-0.0143522495028491,-0.0294275595638342,0.132729244349301,0.20190000000000002,0.050800000000000005,transition_uncertainty,0.16824745933108975,2.0555806338659818e-09,2.8723105926857003e-05,0.9999712748373272
2023-10-26T00:00:00Z,SPY,399.8795166015625,-0.0119746847793869,-0.0325493661300887,0.1356888722821058,0.2068,0.050199999999999995,transition_uncertainty,0.16824864037549805,5.045503483091122e-10,3.80454556281744e-05,0.9999619540392715
2023-10-27T00:00:00Z,SPY,398.0669860839844,-0.0045326915791591,-0.0249531420783613,0.1360054783898356,0.2127,0.0499,transition_uncertainty,0.16824564441497836,9.149070484862202e-09,1.4399415788888956e-05,0.9999855914339916
2023-10-30T00:00:00Z,SPY,402.82623291015625,0.0119558943407775,-0.0115824732479448,0.1446442387017561,0.1975,0.050300000000000004,transition_uncertainty,0.1682444900344395,3.274320214947057e-07,5.422487860395946e-06,0.9999942500818869
2023-10-31T00:00:00Z,SPY,405.3560485839844,0.0062801661539066,-0.0128178210714942,0.1396518493133202,0.1814,0.0507,transition_uncertainty,0.16824311709589268,1.9104082939107742e-05,2.5845841966862848e-06,0.9999783113331504
2023-11-01T00:00:00Z,SPY,409.6790771484375,0.010664768860745,0.0122381430759517,0.142567315022855,0.16870000000000002,0.0495,transition_uncertainty,0.1682399739981591,7.926830190113219e-05,3.406669763705369e-06,0.9999173250270098
2023-11-02T00:00:00Z,SPY,417.53033447265625,0.0191644088315841,0.0441403401231998,0.1580370113766893,0.15660000000000002,0.049800000000000004,transition_uncertainty,0.16825027218176025,2.77947253025341e-08,5.0938347057756414e-05,0.9999490338596527
2023-11-03T00:00:00Z,SPY,421.3396301269531,0.0091233985648204,0.0584641400984171,0.1557881135534447,0.1491,0.0483,transition_uncertainty,0.16825203088392668,2.2975834400012917e-08,6.481926328008963e-05,0.9999351577603711
2023-11-06T00:00:00Z,SPY,422.3088989257813,0.0023004453640784,0.0483649385862372,0.1544451161869367,0.1489,0.0493,transition_uncertainty,0.1682454708333822,2.881009763979737e-06,1.4252753610527521e-05,0.9999828662379435
2023-11-07T00:00:00Z,SPY,423.5107727050781,0.0028459589233238,0.0447871055199817,0.1537001578530597,0.1481,0.049100000000000005,transition_uncertainty,0.16824449310867942,1.0752572306773296e-05,9.888444589391566e-06,0.9999793589833894
2023-11-08T00:00:00Z,SPY,423.8209838867188,0.0007324753031883,0.0345194751870554,0.1530560340327417,0.1445,0.0493,transition_uncertainty,0.1682345739191441,0.00018423815235149246,5.502112294992622e-06,0.9998102597369006
2023-11-09T00:00:00Z,SPY,420.5157775878906,-0.0077985905004447,0.0071502424344929,0.1540974844584082,0.1529,0.050300000000000004,transition_uncertainty,0.1682291163954031,0.0002808927972280906,3.6013596233999733e-06,0.999715505844493
2023-11-10T00:00:00Z,SPY,427.0777893066406,0.0156046742321778,0.0136188451533945,0.1621911061660069,0.1417,0.0504,transition_uncertainty,0.16824062457738787,8.648165573026783e-05,1.1615544916751204e-05,0.9999019027988467
2023-11-13T00:00:00Z,SPY,426.6706848144531,-0.0009532326484326,0.0103284252350988,0.1584140827986513,0.1476,0.050199999999999995,transition_uncertainty,0.16819286121372803,0.0009500109276983144,2.489039911213763e-06,0.9990475000325286
2023-11-14T00:00:00Z,SPY,434.9484252929688,0.0194007715390978,0.027006757147723,0.1717671471277494,0.1416,0.048,transition_uncertainty,0.168248583105139,4.457418274882298e-06,3.949226082123269e-05,0.9999560503219302
2023-11-15T00:00:00Z,SPY,435.8692321777344,0.0021170484388934,0.0284276823212603,0.1625569981526835,0.1418,0.049,transition_uncertainty,0.16808480828371206,0.002960924973455656,6.293977836928093e-06,0.9970327810476812
2023-11-16T00:00:00Z,SPY,436.4023742675781,0.0012231698190303,0.0377788361968585,0.157336463532736,0.1432,0.0483,transition_uncertainty,0.16714987983839105,0.020279833945669633,4.904465705587781e-06,0.9797152615868536
2023-11-17T00:00:00Z,SPY,436.9450988769531,0.0012436334937129,0.0231042442790856,0.147121568134055,0.138,0.0488,transition_uncertainty,0.14883753570683136,0.35956120505919964,2.2890986749176855e-06,0.640436505841259
2023-11-20T00:00:00Z,SPY,440.3085632324219,0.0076976818463316,0.0319634765249914,0.1465574659005659,0.1341,0.0489,stable_low_volatility,0.13879690650054882,0.545587906597509,5.41756228875685e-07,0.4544115516463169
2023-11-21T00:00:00Z,SPY,439.3489685058594,-0.0021793687579406,0.0101173908376068,0.1473962913392322,0.1335,0.048600000000000004,stable_low_volatility,0.11748771417234126,0.9403991727967368,6.067634416447444e-09,0.059600821135749174
2023-11-22T00:00:00Z,SPY,441.045166015625,0.0038607067077773,0.0118749694995219,0.1314770924484186,0.1285,0.0489,stable_low_volatility,0.11436258290000055,0.9983009762344455,1.0127508282195383e-10,0.0016990236650976645
2023-11-24T00:00:00Z,SPY,441.3166198730469,0.0006154785911705,0.0112608131743472,0.117544931538984,0.12460000000000002,0.0492,stable_low_volatility,0.11427258506535055,0.999968438172482,3.137846424416064e-12,3.1561822735013274e-05
2023-11-27T00:00:00Z,SPY,440.5217590332031,-0.0018011124078499,0.0081856053894249,0.1149906293890297,0.12689999999999999,0.0484,stable_low_volatility,0.11427131413216997,0.9999919857758048,1.370223624616296e-12,8.01422359203452e-06
2023-11-28T00:00:00Z,SPY,440.95794677734375,0.0009901616326464,0.0014748374189104,0.1129073677503118,0.12689999999999999,0.04730000000000001,stable_low_volatility,0.11427126672894647,0.9999928640499953,1.7726456505198596e-12,7.135947602426499e-06
2023-11-29T00:00:00Z,SPY,440.6477966308594,-0.0007033553851359,0.002956256229341,0.1141842309328286,0.1298,0.0464,stable_low_volatility,0.1142713754610881,0.9999908494883424,2.0798474023621875e-12,9.15051066650507e-06
2023-11-30T00:00:00Z,SPY,442.38287353515625,0.0039375594694064,0.0030330397487767,0.1116250607359095,0.1292,0.04730000000000001,stable_low_volatility,0.11427141315834687,0.9999901510357884,1.5441719014048921e-12,9.848962504361441e-06
2023-12-01T00:00:00Z,SPY,444.9999084472656,0.0059157690513562,0.0083461361035492,0.0967544360928138,0.12630000000000002,0.045599999999999995,stable_low_volatility,0.11427116285450838,0.9999947886162142,2.2299597607546903e-12,5.211380923233108e-06
2023-12-04T00:00:00Z,SPY,442.6639709472656,-0.0052492988327812,0.0048628969401283,0.0985426370136272,0.1308,0.0464,stable_low_volatility,0.11427127565744191,0.9999926986250172,1.1055901905290488e-12,7.301373887515939e-06
2023-12-05T00:00:00Z,SPY,442.5766296386719,-0.0001973083745823,0.0036708327248844,0.0989969615970243,0.1285,0.045700000000000005,stable_low_volatility,0.1142710860135323,0.9999962123109863,9.962066365551561e-13,3.7876884047628235e-06
2023-12-06T00:00:00Z,SPY,440.793212890625,-0.0040296225074127,0.0003300056436852,0.1015177775104237,0.1297,0.046,stable_low_volatility,0.11427127219087772,0.9999927628567041,2.278622667219665e-12,7.237141385001892e-06
2023-12-07T00:00:00Z,SPY,444.1566162109375,0.0076303428046362,0.0040095193143598,0.1032928627858402,0.1306,0.0458,stable_low_volatility,0.11427134902059172,0.9999913393705678,1.051814673745227e-12,8.660629572549567e-06
2023-12-08T00:00:00Z,SPY,446.066162109375,0.0042992625320492,0.0023960761381498,0.0961759879899597,0.1235,0.0471,stable_low_volatility,0.11427107396319874,0.9999964355692871,4.223510407598424e-13,3.5644285727766924e-06
2023-12-11T00:00:00Z,SPY,447.8011474609375,0.0038895246914898,0.011605138097593,0.0841910395509874,0.12630000000000002,0.0471,stable_low_volatility,0.11427098353380113,0.9999981110285823,2.873285052911625e-13,1.8889699009793513e-06
2023-12-12T00:00:00Z,SPY,449.8464050292969,0.0045673343624867,0.0164260263732411,0.0835765123655273,0.1207,0.04730000000000001,stable_low_volatility,0.11427100405108423,0.9999977309770024,3.5609666710543747e-11,2.2689879870193098e-06
2023-12-13T00:00:00Z,SPY,456.0497741699219,0.0137899715797906,0.0346116066062989,0.0703056579639768,0.1219,0.0446,stable_low_volatility,0.11427996586945152,0.999831694056975,2.5429777852907203e-09,0.00016830340149327997
2023-12-14T00:00:00Z,SPY,457.5134582519531,0.0032094831856794,0.0300723698657507,0.0703598204360517,0.12480000000000001,0.0437,stable_low_volatility,0.11427197833570363,0.9999796797264977,8.266547354519345e-11,2.032018913160512e-05
2023-12-15T00:00:00Z,SPY,456.7601013183594,-0.0016466333831405,0.0239738857536613,0.071733870912537,0.12279999999999999,0.0444,stable_low_volatility,0.1142715188364954,0.9999881931004331,2.4137400657583434e-11,1.1806873843048259e-05
2023-12-18T00:00:00Z,SPY,459.3294067382813,0.0056250653516058,0.0257441485862859,0.0725664335223931,0.12560000000000002,0.0443,stable_low_volatility,0.11427116458311186,0.999994756602168,6.225105778584082e-12,5.24339219399025e-06
2023-12-19T00:00:00Z,SPY,462.12255859375,0.0060809341063161,0.0272896558185313,0.0712612014229241,0.1253,0.0441,stable_low_volatility,0.11427124664737977,0.9999932365764362,1.9863908520940533e-10,6.76322335048556e-06
2023-12-20T00:00:00Z,SPY,455.71875,-0.0138573814990485,-0.0007258509677466,0.0908887203551911,0.13670000000000002,0.0434,stable_low_volatility,0.1142814670783828,0.9998038748828153,3.8379255198738973e-10,0.00019612473402120316
2023-12-21T00:00:00Z,SPY,460.0399169921875,0.0094820917335254,0.0055221517414751,0.0946229194126231,0.1365,0.0433,stable_low_volatility,0.11427188594434444,0.999981391351296,2.344531926534295e-12,1.8608646063439687e-05
2023-12-22T00:00:00Z,SPY,460.9644470214844,0.0020096734982077,0.0092047131327579,0.094460472997268,0.1303,0.0431,stable_low_volatility,0.11427105365061326,0.9999968119242,3.4509979500398465e-13,3.1880761451102305e-06
2023-12-26T00:00:00Z,SPY,462.9108581542969,0.0042224756060673,0.0077971306941735,0.0935070923518427,0.12990000000000002,0.0426,stable_low_volatility,0.11427104141142456,0.9999970386896357,2.3777032807729064e-13,2.9613109472937014e-06
2023-12-27T00:00:00Z,SPY,463.7478332519531,0.0018080697026494,0.0035169775376231,0.0933794419521099,0.1243,0.042,stable_low_volatility,0.1142710021506463,0.9999977661088846,4.4245702905713553e-13,2.2338923895367565e-06
2023-12-28T00:00:00Z,SPY,463.9230346679688,0.0003777945759595,0.0180029561389973,0.0929623617270458,0.1247,0.0426,stable_low_volatility,0.11427108290035798,0.9999962699872856,1.9381883954136863e-12,3.7300091767770224e-06
2023-12-29T00:00:00Z,SPY,462.5799865722656,-0.0028949804069641,0.0055214112651038,0.0947836181578847,0.1245,0.042300000000000004,stable_low_volatility,0.11427130762817908,0.9999921063338256,2.5559617084763115e-11,7.893640285407702e-06
2024-01-02T00:00:00Z,SPY,459.9912109375,-0.0055963848629694,-0.0021113040067903,0.0976418305392301,0.132,0.0433,stable_low_volatility,0.1142727805149463,0.9999648182970099,5.849264461312028e-10,3.518111984011021e-05
2024-01-03T00:00:00Z,SPY,456.2346801757813,-0.0081665272561678,-0.0144221675964454,0.1009044206729494,0.1404,0.0433,stable_low_volatility,0.11428737364171285,0.9996944454593425,3.0332571029679412e-09,0.00030555150847137464
2024-01-04T00:00:00Z,SPY,454.7650451660156,-0.0032212259909732,-0.0193699839478433,0.1021493178400928,0.1413,0.0438,stable_low_volatility,0.11428403232115102,0.999756347011984,5.711431093970415e-10,0.0002436524184038943
2024-01-05T00:00:00Z,SPY,455.3879699707031,0.0013697728339259,-0.0183975876588542,0.1001443981507305,0.1335,0.044000000000000004,stable_low_volatility,0.11427542856503443,0.9999157551591837,3.366744553420218e-10,8.424450462191038e-05
2024-01-08T00:00:00Z,SPY,461.8890075683594,0.0142758219943195,-0.0014937503220284,0.1077720758538339,0.1308,0.04360000000000001,stable_low_volatility,0.11427608950793469,0.9999035086283379,3.5417104733826573e-11,9.64913355299966e-05
2024-01-09T00:00:00Z,SPY,461.1882629394531,-0.0015171277458958,0.0026023366827236,0.1080763542458952,0.1276,0.04360000000000001,stable_low_volatility,0.1142712423861703,0.9999933150653012,1.8089084205921723e-12,6.68493131472018e-06
2024-01-10T00:00:00Z,SPY,463.7964782714844,0.0056554243497164,0.0165743605742327,0.1087321625138589,0.12689999999999999,0.0437,stable_low_volatility,0.11427139282739178,0.999990527723027,3.266330816231575e-12,9.472272023018926e-06
2024-01-11T00:00:00Z,SPY,463.5921325683594,-0.0004405934773084,0.0194102152225033,0.1084707916687572,0.1244,0.0426,stable_low_volatility,0.1142713846404671,0.9999906794107659,2.036764476285618e-12,9.320587084090019e-06
2024-01-12T00:00:00Z,SPY,463.9132995605469,0.0006927792117785,0.0187210250424318,0.0984450222389331,0.127,0.0414,stable_low_volatility,0.11427113192461551,0.9999953616787275,2.6637796010599645e-12,4.638317502829733e-06
2024-01-16T00:00:00Z,SPY,462.2101440429688,-0.0036712797826479,0.0006952676278226,0.0992940249506365,0.1384,0.0422,stable_low_volatility,0.11427163937119943,0.9999859598468648,1.784594833433856e-11,1.4040135140961604e-05
2024-01-17T00:00:00Z,SPY,459.6408996582031,-0.0055586066594998,-0.0033551662208132,0.1013821481368741,0.1479,0.0434,stable_low_volatility,0.11427329573279191,0.999955271148713,3.801071416426782e-11,4.4728811930113314e-05
2024-01-18T00:00:00Z,SPY,463.7283630371094,0.0088927320913907,-0.0001468644924361,0.1042429874634788,0.1413,0.0434,stable_low_volatility,0.11427341330861535,0.9999530929723266,1.3987262594287996e-10,4.6906888462606147e-05
2024-01-19T00:00:00Z,SPY,469.5092468261719,0.0124660992293021,0.0127636209549781,0.1109429731707721,0.133,0.043899999999999995,stable_low_volatility,0.11427719186714669,0.9998830843390782,3.591452698471415e-11,0.00011691562563867168
2024-01-22T00:00:00Z,SPY,470.5019836425781,0.0021144137695201,0.0142024039583958,0.0963108609203264,0.1319,0.0437,stable_low_volatility,0.11427118046042384,0.9999944624113216,7.560883374459223e-13,5.537586489250173e-06
2024-01-23T00:00:00Z,SPY,471.8742065429688,0.0029165082148367,0.0209083738739874,0.091951289991616,0.1255,0.0431,stable_low_volatility,0.114271095615798,0.9999960344108744,3.5358831674314374e-12,3.965586880758477e-06
2024-01-24T00:00:00Z,SPY,472.3900146484375,0.0010931051079219,0.0277371204340493,0.0919112843495819,0.13140000000000002,0.0434,stable_low_volatility,0.11427177300285728,0.9999834839418,1.5725424114294927e-11,1.6516042640973176e-05
2024-01-25T00:00:00Z,SPY,474.9592895507813,0.0054388848677418,0.0242187612595374,0.092531850269023,0.1345,0.042800000000000005,stable_low_volatility,0.11427165547636793,0.9999856614240598,3.0027334870180207e-12,1.4338574530382791e-05
2024-01-26T00:00:00Z,SPY,474.35595703125,-0.0012702825964344,0.0103229281166268,0.0929456306706659,0.1326,0.0434,stable_low_volatility,0.11427111400016636,0.9999956937846896,1.8758016396089675e-12,4.306214620403052e-06
2024-01-29T00:00:00Z,SPY,478.1125183105469,0.0079192876649156,0.0161753508647271,0.0959143441442774,0.136,0.0429,stable_low_volatility,0.11427149097695152,0.9999887092509052,1.1997703087473473e-11,1.1290736414234509e-05
2024-01-30T00:00:00Z,SPY,477.7427062988281,-0.0007734832232075,0.0124365766860896,0.0949110070247919,0.1331,0.04360000000000001,stable_low_volatility,0.11427260302943267,0.9999681073852025,8.717394397560506e-10,3.18917442983497e-05
2024-01-31T00:00:00Z,SPY,469.94720458984375,-0.0163173641506277,-0.0051711720884103,0.1120983659877699,0.1435,0.042699999999999995,stable_low_volatility,0.11465224794249404,0.992934404794321,1.2173290558515582e-07,0.007065473473991725
2024-02-01T00:00:00Z,SPY,476.0979614257813,0.0130881868768764,0.002397409420241,0.1140898534510595,0.1388,0.042,stable_low_volatility,0.11433802019178779,0.9987560732850224,1.816535042522367e-09,0.0012439248988980903
2024-02-02T00:00:00Z,SPY,481.1100158691406,0.0105273595970663,0.0142383767670186,0.1159062498381241,0.1385,0.04360000000000001,stable_low_volatility,0.11428354531685787,0.9997653691004457,1.313973459374161e-10,0.00023463076996219255
2024-02-05T00:00:00Z,SPY,479.3582153320313,-0.0036411641398582,0.0026054474078323,0.1180843145092657,0.13670000000000002,0.0446,stable_low_volatility,0.11427272402629432,0.9999658635394043,4.182086154029863e-12,3.413645653324035e-05
2024-02-06T00:00:00Z,SPY,480.75,0.0029034334313113,0.0062947977258931,0.1098786448324285,0.1306,0.043899999999999995,stable_low_volatility,0.1142712828643976,0.9999925651303685,1.6586969032250353e-11,7.434852436301131e-06
2024-02-07T00:00:00Z,SPY,484.7595825195313,0.0083402652512349,0.0315192382995772,0.1112304239346707,0.1283,0.0441,stable_low_volatility,0.11427696917959211,0.9998872103190035,6.745788504923104e-11,0.00011278961246496695
2024-02-08T00:00:00Z,SPY,484.9737243652344,0.0004417485562433,0.0186427241000417,0.1108092947627282,0.12789999999999999,0.0446,stable_low_volatility,0.11427142786603249,0.9999898785357069,3.221490112814103e-12,1.0121459974243051e-05
2024-02-09T00:00:00Z,SPY,487.776611328125,0.0057794614884738,0.0138566964708497,0.111012214382753,0.1293,0.044800000000000006,stable_low_volatility,0.11427154172544009,0.999987769106375,5.7851173991759186e-11,1.2230836970765504e-05
2024-02-12T00:00:00Z,SPY,487.5624694824219,-0.0004390162232666,0.0171150798880288,0.1113345611432632,0.1393,0.0446,stable_low_volatility,0.11428126328475426,0.9998076567474838,2.94685650258228e-09,0.0001923403064841954
2024-02-13T00:00:00Z,SPY,480.8472595214844,-0.0137730247532508,0.0002023078970034,0.1239765671373201,0.1585,0.0464,stable_low_volatility,0.11480875102883377,0.990034543079593,3.5108109427332136e-08,0.00996542181348558
2024-02-14T00:00:00Z,SPY,485.217041015625,0.0090876705806521,0.0009436811825691,0.1230254175587784,0.1438,0.045599999999999995,stable_low_volatility,0.11433033010643315,0.9988985500181506,2.5867024127195313e-10,0.0011014497239401103
2024-02-15T00:00:00Z,SPY,488.56488037109375,0.006899673903582,0.0074048465420673,0.1219103962150656,0.1401,0.045599999999999995,stable_low_volatility,0.11427630293336132,0.9998995546257066,1.6419110352450403e-10,0.00010044520920800474
2024-02-16T00:00:00Z,SPY,486.13189697265625,-0.004979857325376,-0.0033718598171209,0.118993175536522,0.1424,0.0464,stable_low_volatility,0.11428365162497767,0.9997634054330138,2.6849683910752378e-09,0.00023659188221247814
2024-02-20T00:00:00Z,SPY,483.45550537109375,-0.0055054844543825,-0.0084234623630647,0.1217293084941858,0.1542,0.045899999999999996,stable_low_volatility,0.11438576410738155,0.997871530072045,2.1698643259069166e-08,0.002128448228942429
2024-02-21T00:00:00Z,SPY,483.8934326171875,0.0009058274054767,0.0063350118678735,0.1215978116015649,0.1534,0.0464,stable_low_volatility,0.11457022265259914,0.9944539489291431,3.469002384714182e-08,0.005546016381759143
2024-02-22T00:00:00Z,SPY,493.9078063964844,0.0206954116428756,0.0179110885361084,0.1394243901946756,0.1454,0.046900000000000004,stable_low_volatility,0.11724539192274337,0.9448896560472531,3.4021276532991036e-07,0.055110003741136775
2024-02-23T00:00:00Z,SPY,494.24847412109375,0.0006897395023879,0.0116332425402394,0.1389967603479731,0.1375,0.0467,stable_low_volatility,0.11453969958865536,0.9950193980837722,2.240100638291221e-09,0.0049805996751258715
2024-02-26T00:00:00Z,SPY,492.4382629394531,-0.0036625528988423,0.0129725410039316,0.1400001773809433,0.1374,0.046900000000000004,stable_low_volatility,0.11431232642470684,0.9992321191208534,4.4299706577582456e-10,0.0007678804358581355
2024-02-27T00:00:00Z,SPY,493.3530578613281,0.0018576844870146,0.0204725199739677,0.1381870218859055,0.1343,0.047,stable_low_volatility,0.11428213348078237,0.9997915276872814,2.8778644881759076e-10,0.00020847202632083559
2024-02-28T00:00:00Z,SPY,492.7010192871094,-0.0013216469703163,0.0182015007359888,0.1383240683034649,0.1384,0.0464,stable_low_volatility,0.1142795306588575,0.9998397517074147,5.41097906974741e-11,0.0001602482385813474
2024-02-29T00:00:00Z,SPY,494.4722900390625,0.0035950214889264,0.0011428927327481,0.1209489216967563,0.134,0.0464,stable_low_volatility,0.11427257889566536,0.9999685525287431,1.9970149263890987e-11,3.144745157939659e-05
2024-03-01T00:00:00Z,SPY,499.1145629882813,0.0093883379164725,0.0098454302278641,0.1173974573498417,0.1311,0.0454,stable_low_volatility,0.1142727092161146,0.9999661379719187,1.632877842503096e-11,3.386201312596605e-05
2024-03-04T00:00:00Z,SPY,498.5792846679688,-0.0010724558247864,0.0124706429022365,0.1139184757544225,0.1349,0.0461,stable_low_volatility,0.1142717328286847,0.9999842283621094,5.285379245479534e-11,1.5771583277925835e-05
2024-03-05T00:00:00Z,SPY,493.5963439941406,-0.0099942793996075,0.0004931278501993,0.120060646064294,0.1446,0.0454,stable_low_volatility,0.11428451921703267,0.999747325212252,2.799303735652726e-10,0.00025267450770951916
2024-03-06T00:00:00Z,SPY,496.0975646972656,0.0050673404160277,0.0068937251541933,0.1206448311183315,0.145,0.0455,stable_low_volatility,0.11427439712160685,0.9999348649475738,8.71023110716278e-11,6.51349636362762e-05
2024-03-07T00:00:00Z,SPY,501.0220642089844,0.0099264738675421,0.0132459883028115,0.1219307218451146,0.1444,0.045,stable_low_volatility,0.11427908441464807,0.9998480206189918,4.72451765038812e-10,0.00015197891018729027
2024-03-08T00:00:00Z,SPY,498.0148010253906,-0.0060022569831164,-0.0022034259154976,0.1249013422445014,0.1474,0.044800000000000006,stable_low_volatility,0.11428631327434179,0.9997140859317155,5.59105491013738e-10,0.00028591351070858973
2024-03-11T00:00:00Z,SPY,497.5866088867188,-0.0008597980176296,-0.0019910088761732,0.1239906742937832,0.1522,0.0451,stable_low_volatility,0.11428076309546216,0.9998169178993932,2.800884154823149e-10,0.00018308182208314722
2024-03-12T00:00:00Z,SPY,502.9393310546875,0.0107573678076762,0.0189283959944763,0.1285034777861906,0.1384,0.0458,stable_low_volatility,0.11428598921359524,0.9997200890188597,1.1679242772944256e-10,0.0002799108631635183
2024-03-13T00:00:00Z,SPY,502.1510009765625,-0.001567445672765,0.012202108436051,0.1157057596210926,0.1375,0.0461,stable_low_volatility,0.11427211658969043,0.9999771180408495,1.9747219106029908e-11,2.2881939205269106e-05
2024-03-14T00:00:00Z,SPY,501.1583251953125,-0.0019768471621474,0.0002719660391468,0.1136116221600081,0.14400000000000002,0.0468,stable_low_volatility,0.1142747710236762,0.9999279376561471,2.081004180274801e-10,7.206213681223267e-05
2024-03-15T00:00:00Z,SPY,497.717041015625,-0.0068666607071654,-0.0005978938962306,0.1156493284751927,0.1441,0.0472,stable_low_volatility,0.11427966840598523,0.9998371998265182,1.6960420655870813e-10,0.00016280000389041964
2024-03-18T00:00:00Z,SPY,500.6750793457031,0.0059432128826493,0.0062069002738929,0.1147262696459573,0.1433,0.04730000000000001,stable_low_volatility,0.11427352428896283,0.9999510364487321,1.4634483267102625e-11,4.8963534857040424e-05
2024-03-19T00:00:00Z,SPY,503.4573364257813,0.0055570113130336,0.0010299559789994,0.1124790574894855,0.13820000000000002,0.0468,stable_low_volatility,0.11427192905343231,0.999980592644593,8.016191388324737e-12,1.9407346031299455e-05
2024-03-20T00:00:00Z,SPY,508.114013671875,0.0092493979314178,0.0118749393782267,0.1152079940796687,0.1304,0.045899999999999996,stable_low_volatility,0.11427226203606973,0.9999744231969466,3.2798117500642783e-12,2.557679850141886e-05
2024-03-21T00:00:00Z,SPY,509.7930908203125,0.0033045283209247,0.0172296162527776,0.0936449689300695,0.1292,0.046200000000000005,stable_low_volatility,0.1142711018574265,0.9999959187563555,1.6209081104906262e-12,4.081241274575695e-06
2024-03-22T00:00:00Z,SPY,508.8267211914063,-0.001895611467294,0.022321277473464,0.0944192793724773,0.1306,0.045899999999999996,stable_low_volatility,0.11427139569644802,0.9999904745653856,2.2225731080281025e-12,9.525431387703172e-06
2024-03-25T00:00:00Z,SPY,507.4208984375,-0.0027628713181857,0.0134734468921691,0.0938222555311571,0.1319,0.0454,stable_low_volatility,0.11427111371155226,0.9999956991252195,5.518212453666843e-13,4.300874212193885e-06
2024-03-26T00:00:00Z,SPY,506.4837646484375,-0.0018468569031118,0.0060112903392011,0.0945537603729764,0.13240000000000002,0.045599999999999995,stable_low_volatility,0.11427109369504933,0.9999960699865287,1.0150077729452279e-12,3.930011924411998e-06
2024-03-27T00:00:00Z,SPY,510.7401123046875,0.0084037198294093,0.0051683255374812,0.0971914283490172,0.1278,0.0454,stable_low_volatility,0.1142713000609336,0.9999922464895006,2.766893700931086e-12,7.753508922457575e-06
2024-03-28T00:00:00Z,SPY,510.64251708984375,-0.0001910858624425,0.001666217696604,0.0971938471034293,0.1301,0.045899999999999996,stable_low_volatility,0.11427121907182251,0.9999937470361103,1.5590270497548175e-12,6.252963240407452e-06
2024-04-01T00:00:00Z,SPY,509.7540283203125,-0.0017399427971543,0.0018224418849996,0.0933828687635133,0.1365,0.0472,stable_low_volatility,0.11427116871785599,0.999994679990377,5.322849906338719e-12,5.320004262505238e-06
2024-04-02T00:00:00Z,SPY,506.5130004882813,-0.0063580229914234,-0.0017892403565057,0.0968216236801678,0.1461,0.047,stable_low_volatility,0.11427286536299554,0.9999632451060239,9.910016805710667e-11,3.67547957761255e-05
2024-04-03T00:00:00Z,SPY,507.0694580078125,0.001098604614284,0.0011563911822158,0.0879579758619725,0.1433,0.0468,stable_low_volatility,0.11427733449042024,0.9998804481966406,2.743734792609122e-09,0.0001195490596011088
2024-04-04T00:00:00Z,SPY,500.8800964355469,-0.0122061415345001,-0.0193053485159954,0.099086408906612,0.1635,0.04650000000000001,stable_low_volatility,0.11527903300372853,0.9813219501181655,3.3290218808001996e-07,0.018677716980660154
2024-04-05T00:00:00Z,SPY,506.1127014160156,0.0104468215401369,-0.0088708157316073,0.0997490290294219,0.16030000000000003,0.04730000000000001,stable_low_volatility,0.11458222017921772,0.9942315830745698,1.4415697974906392e-09,0.005768415483611083
2024-04-08T00:00:00Z,SPY,506.3958740234375,0.000559505040339,-0.0065877935441539,0.0967283367610599,0.1519,0.0478,stable_low_volatility,0.11428460071201281,0.9997458153062921,2.881377221590442e-10,0.00025418440473598243
2024-04-09T00:00:00Z,SPY,506.9815673828125,0.0011565918867417,0.000925083648553,0.0965243923768942,0.14980000000000002,0.047400000000000005,stable_low_volatility,0.11428962482483603,0.9996527401763772,4.819837966655042e-09,0.0003472550054275334
2024-04-10T00:00:00Z,SPY,501.9051208496094,-0.0100130790936033,-0.0101846740651525,0.0968035259538021,0.158,0.0497,stable_low_volatility,0.11520878951220437,0.9826239708361562,5.728240328120595e-07,0.017375456341367786
2024-04-11T00:00:00Z,SPY,505.6929321289063,0.0075468671706018,0.0096087581191772,0.1002899654248266,0.1491,0.0493,stable_low_volatility,0.11663621499799602,0.956176946054202,5.87234581018253e-07,0.04382246671052637
2024-04-12T00:00:00Z,SPY,498.71282958984375,-0.0138030454759909,-0.0146209960853942,0.1121842885462415,0.1731,0.0488,transition_uncertainty,0.16745757502706624,0.01466295620220726,4.070938226512919e-05,0.9852963344162342
2024-04-15T00:00:00Z,SPY,492.46490478515625,-0.0125281012117253,-0.0275100370143152,0.1183424552019119,0.1923,0.0493,transition_uncertainty,0.16824602543064685,1.4654723945087729e-06,1.802757521308546e-05,0.999980506953669
2024-04-16T00:00:00Z,SPY,491.5667419433594,-0.0018238108605702,-0.0304051003649481,0.115907390050079,0.184,0.0497,transition_uncertainty,0.16824451759422637,2.8284414533658422e-06,6.705611736585593e-06,0.999990465947096
2024-04-17T00:00:00Z,SPY,488.6575317382813,-0.0059182405090646,-0.0263946083851526,0.1145761218746527,0.1821,0.0493,transition_uncertainty,0.16824430320787048,6.002770711864919e-06,6.3657135938642865e-06,0.999987631516071
2024-04-18T00:00:00Z,SPY,487.6520080566406,-0.0020577267643122,-0.0356756500359131,0.1073761850198644,0.18,0.049800000000000004,transition_uncertainty,0.16824513373030506,1.9336639181636688e-06,1.1188084135003518e-05,0.9999868782530557
2024-04-19T00:00:00Z,SPY,483.3955993652344,-0.0087283731453677,-0.0307135275368927,0.1079365468249083,0.18710000000000002,0.0497,transition_uncertainty,0.1682404594949492,9.298873416547278e-05,1.3084780136502164e-05,0.9998939264860971
2024-04-22T00:00:00Z,SPY,487.8472900390625,0.0092092081096182,-0.0093765356703098,0.1158283020360372,0.16940000000000002,0.0497,transition_uncertainty,0.1577110223130089,0.19515250433732545,1.229721260735492e-06,0.8048462659426497
2024-04-23T00:00:00Z,SPY,493.6363525390625,0.0118665463931069,0.0042102331567859,0.1258293869043501,0.1569,0.048600000000000004,stable_low_volatility,0.13742224127469718,0.5710572315456769,4.557217219604001e-07,0.4289423127326279
2024-04-24T00:00:00Z,SPY,493.402099609375,-0.0004745455404218,0.009709392699251,0.1258556145615226,0.1597,0.0489,stable_low_volatility,0.12269304503008376,0.8439561837397558,1.5820376361707514e-07,0.1560436580578369
2024-04-25T00:00:00Z,SPY,491.5277099609375,-0.0037989089424659,0.0079476795753228,0.1207562289685675,0.1537,0.0496,stable_low_volatility,0.11981760684889485,0.8972319124171292,2.3306843169672516e-07,0.1027678545143951
2024-04-26T00:00:00Z,SPY,496.1843872070313,0.0094738855037568,0.0264561528044324,0.1272347907446486,0.1503,0.0496,stable_low_volatility,0.12022358790257262,0.8897108741601573,6.160257683043164e-07,0.11028850981309751
2024-04-29T00:00:00Z,SPY,497.9415893554688,0.0035414297461646,0.0206915145835862,0.1284397605431081,0.1467,0.0497,stable_low_volatility,0.12073387406092721,0.8802559313964945,4.195263629470121e-07,0.1197436490765756
2024-04-30T00:00:00Z,SPY,490.0535583496094,-0.0158412777210869,-0.0072579626095702,0.1377673219727484,0.1565,0.0504,stable_low_volatility,0.12664654568315423,0.7707142204843439,3.446976653475894e-06,0.22928233253805388
2024-05-01T00:00:00Z,SPY,488.46234130859375,-0.003247026807385,-0.010011628050817,0.1374808197240877,0.1539,0.0496,stable_low_volatility,0.12269116834196553,0.8439910207747501,1.8637869368960878e-07,0.15600879284694513
2024-05-02T00:00:00Z,SPY,493.0311279296875,0.0093534060555291,0.0030586637096603,0.1371551669417958,0.1468,0.0487,stable_low_volatility,0.11758839584434062,0.9385339346347363,7.937047523531776e-08,0.06146598599513749
2024-05-03T00:00:00Z,SPY,499.1423950195313,0.0123952966529838,0.0059615092468956,0.1393906217926245,0.1349,0.0481,stable_low_volatility,0.11573457642280813,0.9728811518903333,8.606056996225926e-08,0.02711876204742877
2024-05-06T00:00:00Z,SPY,504.2969665527344,0.0103268557923263,0.012763298613984,0.1447123365802403,0.1349,0.04820000000000001,stable_low_volatility,0.11494656817182532,0.9874810995604404,3.740823763383193e-08,0.012518863031289967
2024-05-07T00:00:00Z,SPY,504.8533935546875,0.0011033717013146,0.0302004443247401,0.1447058157258559,0.1323,0.04820000000000001,stable_low_volatility,0.11468460934037479,0.9923346136448504,3.416286401218616e-08,0.007665352193856733
2024-05-08T00:00:00Z,SPY,504.9022216796875,9.67174344539412e-05,0.0336563926853628,0.1399460583289955,0.13,0.0484,stable_low_volatility,0.1145147562376029,0.9954815740225704,1.520694618232813e-08,0.004518410770347325
2024-05-09T00:00:00Z,SPY,507.8114318847656,0.0057619279142799,0.0299784397328883,0.1388700192539342,0.12689999999999999,0.048,stable_low_volatility,0.11435317591061003,0.9984752681965262,5.781019547516459e-10,0.001524731224273645
2024-05-10T00:00:00Z,SPY,508.4656066894531,0.0012882238634517,0.0186784608219003,0.1284812665541664,0.1255,0.0487,stable_low_volatility,0.11427435487779833,0.9999356474661665,1.6171795123404852e-11,6.435251600629303e-05
2024-05-13T00:00:00Z,SPY,508.5337524414063,0.000134022343019,0.008401370957342,0.1181721379260259,0.136,0.048499999999999995,stable_low_volatility,0.11427190803960517,0.9999809819845186,4.453262791042592e-12,1.9018012309716248e-05
2024-05-14T00:00:00Z,SPY,510.8670654296875,0.0045883148897774,0.0119117192273534,0.117892002507737,0.1342,0.0481,stable_low_volatility,0.11427189522720264,0.9999812194490971,3.9360454052418627e-11,1.878051185326568e-05
2024-05-15T00:00:00Z,SPY,517.1931762695312,0.0123830860666716,0.0243432372885084,0.119530625684193,0.1245,0.04730000000000001,stable_low_volatility,0.1142780855351973,0.9998665268020189,1.1057707841469661e-10,0.000133473085962662
2024-05-16T00:00:00Z,SPY,516.1289672851562,-0.0020576624619277,0.0163791810860178,0.1195305906680919,0.1242,0.0478,stable_low_volatility,0.11427164462302883,0.9999858625068373,2.168935389157736e-12,1.4137491368521858e-05
2024-05-17T00:00:00Z,SPY,516.8709106445312,0.0014375154397507,0.0165307227165349,0.1116177214089169,0.1199,0.0483,stable_low_volatility,0.11427118702740245,0.9999943407470775,1.6387425433455022e-12,5.659251574104649e-06
2024-05-20T00:00:00Z,SPY,517.4664306640625,0.0011521639296525,0.0175655562286114,0.1096848404726698,0.12150000000000001,0.04820000000000001,stable_low_volatility,0.11427123129275257,0.999993520602475,1.0481133927397255e-12,6.479395638917285e-06
2024-05-21T00:00:00Z,SPY,518.7355346679688,0.0024525339784411,0.0154021853643337,0.1045820410034465,0.1186,0.04820000000000001,stable_low_volatility,0.11427111626710294,0.99999565177713,1.0333733979237555e-12,4.3482216662501786e-06
2024-05-22T00:00:00Z,SPY,517.241943359375,-0.0028792924501495,9.429182766007572e-05,0.1058266864969023,0.1229,0.048600000000000004,stable_low_volatility,0.11427115063496934,0.9999950150246709,4.374873604325654e-12,4.984971029568025e-06
2024-05-23T00:00:00Z,SPY,513.4638671875,-0.007304272633687,-0.0051636320892328,0.1092352373363282,0.1277,0.049100000000000005,stable_low_volatility,0.1142721415879022,0.9999766548495421,5.451428810114577e-12,2.33451461547695e-05
2024-05-24T00:00:00Z,SPY,516.8612670898438,0.0066166289771332,-1.8657569015534392e-05,0.1071855438484432,0.1193,0.0493,stable_low_volatility,0.11427119702298638,0.9999941555459176,2.036862120678991e-12,5.844450449031857e-06
2024-05-28T00:00:00Z,SPY,517.222412109375,0.0006987271875964,-0.000471564028558,0.1071341428729347,0.1292,0.049400000000000006,stable_low_volatility,0.11427128552952955,0.9999925157342607,7.09569016105379e-12,7.484259706690846e-06
2024-05-29T00:00:00Z,SPY,513.6004638671875,-0.0070026900563264,-0.0098992077033398,0.0908149429449721,0.1428,0.0496,stable_low_volatility,0.11427319405751442,0.9999571551317841,1.0664350206066125e-10,4.284476100969426e-05
2024-05-30T00:00:00Z,SPY,510.1933898925781,-0.0066337050184019,-0.0136271885087625,0.0943333813890952,0.14470000000000002,0.0492,stable_low_volatility,0.11427540974875873,0.9999161030480371,2.5390972826537962e-11,8.389692551727527e-05
2024-05-31T00:00:00Z,SPY,514.8403930664062,0.0091083170928705,0.0026808622122647,0.0940934463617179,0.1292,0.0489,stable_low_volatility,0.11427147312886872,0.9999890399176721,2.113710963229318e-12,1.0960080878317009e-05
2024-06-03T00:00:00Z,SPY,515.2601318359375,0.0008152794053926,-0.0030978046834914,0.0861524296539404,0.1311,0.04820000000000001,stable_low_volatility,0.11427104690859408,0.9999969368338119,3.8786504088987527e-13,3.063164792284349e-06
2024-06-04T00:00:00Z,SPY,515.8361206054688,0.001117860152461,-0.0026802618592117,0.0798072071939927,0.1316,0.0477,stable_low_volatility,0.11427104752923514,0.9999969253378341,1.633765269464002e-12,3.074659592642706e-06
2024-06-05T00:00:00Z,SPY,521.9668579101562,0.0118850484868944,0.016289693315254,0.0883571250239806,0.12630000000000002,0.0472,stable_low_volatility,0.11427147872023015,0.9999889363273663,5.928781238222961e-12,1.106366620909122e-05
2024-06-06T00:00:00Z,SPY,521.9570922851562,-1.8709281733086947e-05,0.0230573398746991,0.0883852735650816,0.1258,0.0472,stable_low_volatility,0.11427121964165272,0.999993736471486,6.380218295322479e-13,6.263527258608329e-06
2024-06-07T00:00:00Z,SPY,521.3225708007812,-0.0012156583247044,0.0125906549324286,0.0875692468806474,0.1222,0.0487,stable_low_volatility,0.11427097439686927,0.9999982803252585,3.0516019530919683e-13,1.7196762091125813e-06
2024-06-10T00:00:00Z,SPY,522.9332885742188,0.0030896758814094,0.0148918114641254,0.0877944556157534,0.1274,0.0487,stable_low_volatility,0.11427103451780367,0.9999971664114256,4.0429607669261814e-13,2.8335882682559027e-06
2024-06-11T00:00:00Z,SPY,524.1927490234375,0.0024084533854265,0.0162001614159164,0.0877292923861999,0.1285,0.0481,stable_low_volatility,0.11427104882649726,0.9999969013017823,4.362880114914703e-13,3.098697540007572e-06
2024-06-12T00:00:00Z,SPY,528.4979248046875,0.0082129632454293,0.0125124168240877,0.0902903649481371,0.1204,0.0475,stable_low_volatility,0.11427105387026118,0.9999968078496767,3.566303730125666e-13,3.1921490666553623e-06
2024-06-13T00:00:00Z,SPY,529.56201171875,0.0020134173931822,0.0145700088110671,0.0811797301109534,0.11939999999999999,0.0468,stable_low_volatility,0.11427094707723913,0.9999987864874216,2.316109320994235e-13,1.2135107841462172e-06
2024-06-14T00:00:00Z,SPY,529.8842163085938,0.0006084359956222,0.016422932724093,0.0803145774315544,0.1266,0.0467,stable_low_volatility,0.11427098858924176,0.9999980173653612,7.686599676179849e-13,1.9826332369924924e-06
2024-06-17T00:00:00Z,SPY,534.1015014648438,0.0079588804996484,0.021356859726936,0.0836790986238331,0.1275,0.0475,stable_low_volatility,0.11427120297310452,0.9999940453012582,1.4202837382405579e-12,5.9546955344503895e-06
2024-06-18T00:00:00Z,SPY,535.4585571289062,0.0025408197886367,0.0214917282363342,0.083716495687382,0.12300000000000001,0.046900000000000004,stable_low_volatility,0.11427103406861605,0.9999971747314595,7.438110326672182e-13,2.8252668610061607e-06
2024-06-20T00:00:00Z,SPY,534.0039672851562,-0.002716531138375,0.010418285904346,0.0851095994871731,0.1328,0.047,stable_low_volatility,0.11427105810707494,0.9999967293532617,3.8873625686939e-13,3.2706462072710917e-06
2024-06-21T00:00:00Z,SPY,533.2880249023438,-0.0013407061120768,0.0070360280781858,0.0842398001289787,0.132,0.047,stable_low_volatility,0.11427101118283463,0.9999975987586094,3.0659078606976373e-13,2.40124172655336e-06
2024-06-24T00:00:00Z,SPY,531.5545043945312,-0.0032506271036742,0.0031521755782299,0.0796742314429794,0.1333,0.0471,stable_low_volatility,0.1142710274788118,0.9999972968326047,2.795546026261591e-13,2.70316863032953e-06
2024-06-25T00:00:00Z,SPY,533.6014404296875,0.0038508488183874,-0.0009362659228344,0.0780282408103591,0.12840000000000001,0.04650000000000001,stable_low_volatility,0.11427099743639998,0.9999978534456505,2.378792001593086e-13,2.1465534599590164e-06
2024-06-26T00:00:00Z,SPY,534.2673950195312,0.0012480374665171,-0.0022245645223449,0.0779690241899632,0.1255,0.0471,stable_low_volatility,0.11427097733063925,0.9999982259593982,1.4480393811794024e-13,1.7740392876569136e-06
2024-06-27T00:00:00Z,SPY,535.109619140625,0.0015764093578327,0.002070493710168,0.0709794566975297,0.12240000000000001,0.047,stable_low_volatility,0.11427094228031745,0.9999988753704159,2.3061637139537616e-13,1.1246299001963287e-06
2024-06-28T00:00:00Z,SPY,533.00390625,-0.0039351056592978,-0.0005327677335259,0.0671134828650882,0.1244,0.0471,stable_low_volatility,0.11427098035943664,0.9999981698436763,2.70814102719025e-13,1.8301551866181821e-06
2024-07-01T00:00:00Z,SPY,534.1010131835938,0.0020583468915125,0.0047906823627863,0.0620001707859695,0.1222,0.0477,stable_low_volatility,0.11427092347807581,0.9999992237283835,1.4992722435725816e-13,7.762700637292862e-07
2024-07-02T00:00:00Z,SPY,537.6953735351562,0.0067297388749325,0.0076722677175911,0.0642014198086337,0.12029999999999999,0.047400000000000005,stable_low_volatility,0.11427094002250614,0.999998917203488,2.4828234811737623e-13,1.0827970500611589e-06
2024-07-03T00:00:00Z,SPY,540.0948486328125,0.0044625176554533,0.01090737272685,0.0645933306690394,0.12090000000000001,0.0471,stable_low_volatility,0.11427094166186899,0.9999988868300363,2.5816856383885607e-13,1.1131705936411768e-06
2024-07-05T00:00:00Z,SPY,543.209228515625,0.0057663573179713,0.0151363554032308,0.0557190767143165,0.12480000000000001,0.046,stable_low_volatility,0.11427095181531444,0.9999986987067413,5.17517966941346e-13,1.3012927106335433e-06
2024-07-08T00:00:00Z,SPY,543.8361206054688,0.0011540527239508,0.0203229549135575,0.0553112219806476,0.12369999999999999,0.046200000000000005,stable_low_volatility,0.11427096456574547,0.9999984624712848,9.682425581272947e-13,1.5375280253917885e-06
2024-07-09T00:00:00Z,SPY,544.3649291992188,0.0009723675455048,0.0192171813238946,0.0541283718184007,0.1251,0.046200000000000005,stable_low_volatility,0.1142710021088788,0.9999977668910482,4.1695726421222145e-12,2.233106356262102e-06
2024-07-10T00:00:00Z,SPY,549.7516479492188,0.0098954184244088,0.0224221278580039,0.0605923386269964,0.1285,0.046200000000000005,stable_low_volatility,0.11427124926888169,0.9999931875586425,7.591506504804797e-12,6.812432605152746e-06
2024-07-11T00:00:00Z,SPY,545.0112915039062,-0.0086227234843148,0.0091029249464962,0.0724030294960297,0.1292,0.045,stable_low_volatility,0.11427113055455812,0.9999953870571502,7.423560714437473e-13,4.612940609691544e-06
2024-07-12T00:00:00Z,SPY,548.448974609375,0.0063075447409224,0.0096459077252206,0.070530601922098,0.12460000000000002,0.044500000000000005,stable_low_volatility,0.11427095347838492,0.9999986678931014,2.654297297331967e-13,1.3321066007984718e-06
2024-07-15T00:00:00Z,SPY,549.957275390625,0.0027501205236535,0.0112555134777392,0.0706007382948303,0.13119999999999998,0.0444,stable_low_volatility,0.11427096746707538,0.9999984087129561,1.5950749963874616e-12,1.5912842740580953e-06
2024-07-16T00:00:00Z,SPY,553.2185668945312,0.0059300815714999,0.0162641588765399,0.0718240623606201,0.1319,0.0443,stable_low_volatility,0.11427161382398952,0.9999864351422356,8.531330801321005e-10,1.3564004860975388e-05
2024-07-17T00:00:00Z,SPY,545.4617919921875,-0.0140211760170777,-0.0078032616601224,0.0889241416185678,0.1448,0.0442,stable_low_volatility,0.11445919463548394,0.9965115242965613,2.3498093605496964e-07,0.003488240724183323
2024-07-18T00:00:00Z,SPY,541.27001953125,-0.0076848140831787,-0.0068645769931344,0.0939569880187669,0.1593,0.0446,stable_low_volatility,0.11499960479347116,0.9864988980274786,2.2937231239576338e-07,0.01350087259960819
2024-07-19T00:00:00Z,SPY,537.67578125,-0.0066403793883922,-0.019643018508783,0.0967711259979494,0.16519999999999999,0.0449,stable_low_volatility,0.1183240783689531,0.9249073294436536,1.7733275476142258e-06,0.0750908972270812
2024-07-22T00:00:00Z,SPY,543.2191162109375,0.0103098096552727,-0.0122521502691305,0.1026719132836695,0.1491,0.045,stable_low_volatility,0.11994321313588259,0.8949067766250312,1.1161905818700998e-06,0.10509210718330383
2024-07-23T00:00:00Z,SPY,542.3670043945312,-0.0015686337077934,-0.019615325929704,0.1019336011783299,0.1472,0.044000000000000004,stable_low_volatility,0.12887660868839823,0.7293989999995893,4.703063595970251e-06,0.2705962969363783
2024-07-24T00:00:00Z,SPY,530.0755615234375,-0.022662593357454,-0.0282077144442234,0.1319235260861266,0.1804,0.0437,transition_uncertainty,0.168271190097931,9.218501566408351e-07,0.0002164425808077933,0.9997826355704454
2024-07-25T00:00:00Z,SPY,527.3136596679688,-0.0052103927363318,-0.0257844686749281,0.1328926882899661,0.18460000000000001,0.0441,transition_uncertainty,0.16824443403463465,2.073939977651387e-06,5.724545482717925e-06,0.9999922015135183
2024-07-26T00:00:00Z,SPY,533.219482421875,0.0111998288791246,-0.008288078026808,0.1392060042513214,0.16390000000000002,0.04360000000000001,transition_uncertainty,0.16823605763453667,0.0001498530667450306,2.564420363362152e-06,0.9998475825129616
2024-07-29T00:00:00Z,SPY,533.5328369140625,0.0005876651219949,-0.0178312563159388,0.1385075754112837,0.166,0.04360000000000001,transition_uncertainty,0.1682377634099296,0.00011694503699333523,2.0089489365400724e-06,0.9998810460126059
2024-07-30T00:00:00Z,SPY,530.8297729492188,-0.0050663497686068,-0.0212720009732008,0.1394491421467796,0.17690000000000003,0.0435,transition_uncertainty,0.1682436716007723,9.534696225193614e-06,2.8846878658627357e-06,0.9999875806141023
2024-07-31T00:00:00Z,SPY,539.4581909179688,0.0162545855723421,0.017700550781035,0.1493836717537928,0.1636,0.0429,transition_uncertainty,0.1682456903967648,1.4678567459975948e-05,2.1012370801219707e-05,0.9999643090635065
2024-08-01T00:00:00Z,SPY,531.8189697265625,-0.014160914265491,0.00854389029374,0.1568418001696407,0.1859,0.041600000000000005,transition_uncertainty,0.1685002468416074,8.552666819872396e-07,0.002024558431556112,0.9979745863033621
2024-08-02T00:00:00Z,SPY,521.9173583984375,-0.0186183868793096,-0.0211960072653448,0.1671628105932308,0.2339,0.0388,transition_uncertainty,0.19787477070207532,5.971817547160655e-13,0.23390287466651496,0.7660971253325245
2024-08-05T00:00:00Z,SPY,506.71722412109375,-0.0291236419573917,-0.0502604730911585,0.1930232526043041,0.3857,0.038900000000000004,stress_high_volatility,0.2949243926298602,4.661904117116169e-56,1.0,4.1824815185594727e-13
2024-08-06T00:00:00Z,SPY,511.3888854980469,0.0092194643374441,-0.0366235814980024,0.1977048395542051,0.2771,0.039900000000000005,stress_high_volatility,0.2949157056078443,1.1552413263429325e-32,0.999931425774142,6.857422704760669e-05
2024-08-07T00:00:00Z,SPY,507.97076416015625,-0.0066839961423128,-0.0583686137089362,0.1919481495471728,0.2785,0.04,stress_high_volatility,0.2947593106582182,2.5519412438245403e-27,0.9986968643302963,0.0013031356712536264
2024-08-08T00:00:00Z,SPY,519.7136840820312,0.0231173145196454,-0.0227620418481033,0.2131246211723269,0.2379,0.0404,stress_high_volatility,0.26434483635179623,6.609588281245142e-20,0.7586089498020786,0.2413910501969538
2024-08-09T00:00:00Z,SPY,522.0054931640625,0.0044097532010904,0.000168867281777,0.2122101804302972,0.20370000000000002,0.0405,transition_uncertainty,0.17056815842908649,1.4479775577480233e-10,0.01834801990732724,0.9816519799480713
2024-08-12T00:00:00Z,SPY,522.2796630859375,0.0005252242082993,0.0307122754546915,0.2116315779992454,0.2071,0.0401,transition_uncertainty,0.16835941961567522,6.45810497619906e-11,0.0009125222185897325,0.9990874777164683
2024-08-13T00:00:00Z,SPY,530.8689575195312,0.016445776162991,0.0380924822065942,0.2202132154124937,0.1812,0.0393,transition_uncertainty,0.16828003239245692,1.1099900445726533e-11,0.0002858497531593321,0.99971415023643
2024-08-14T00:00:00Z,SPY,532.543701171875,0.0031547213839153,0.0483747072577021,0.2161660245867295,0.16190000000000002,0.0394,transition_uncertainty,0.1682612721934262,3.3677590570708144e-10,0.0001377593146453059,0.9998622403491672
2024-08-15T00:00:00Z,SPY,541.671630859375,0.0171402453308784,0.0422500839402142,0.2239415238957328,0.15230000000000002,0.0408,transition_uncertainty,0.16829211779448863,4.605573525268544e-11,0.0003812503626199679,0.9996187495929488
2024-08-16T00:00:00Z,SPY,542.8860473632812,0.0022419791525347,0.0400006407454722,0.2226348420668246,0.14800000000000002,0.0406,transition_uncertainty,0.16826205021676166,4.475635064000274e-09,0.00014390269171877314,0.9998560928344298
2024-08-19T00:00:00Z,SPY,548.0768432617188,0.0095614833419432,0.0493934227179289,0.2222185087139527,0.14650000000000002,0.0406,transition_uncertainty,0.1682741788250799,1.6242470091322603e-10,0.00023964251634873727,0.9997603573217556
2024-08-20T00:00:00Z,SPY,547.1856079101562,-0.0016261138607107,0.0307357402603911,0.2222255265297592,0.15880000000000002,0.039900000000000005,transition_uncertainty,0.1682493985052154,7.919786026679581e-09,4.403319355997991e-05,0.9999559588853558
2024-08-21T00:00:00Z,SPY,549.0660400390625,0.0034365526097956,0.0310253202334938,0.2044529581138076,0.1627,0.0392,transition_uncertainty,0.16824542209357188,9.34314072085697e-08,1.268034715288177e-05,0.999987226221223
2024-08-22T00:00:00Z,SPY,544.7567138671875,-0.0078484660453019,0.0056954856633675,0.2058683967341926,0.17550000000000002,0.039900000000000005,transition_uncertainty,0.16824512433438737,4.710347444854318e-08,1.0310138064182563e-05,0.9999896427570767
2024-08-23T00:00:00Z,SPY,550.544921875,0.0106253082531511,0.0141077018813005,0.2055297872743338,0.1586,0.039,transition_uncertainty,0.1682453799566565,2.702715095609518e-07,1.2423068193199132e-05,0.9999873066595482
2024-08-26T00:00:00Z,SPY,549.2324829101562,-0.0023838907829245,0.0021085358059647,0.2059945114756596,0.16149999999999998,0.0391,transition_uncertainty,0.16824474282697818,4.7036565267379263e-07,7.478899331411826e-06,0.9999920507350359
2024-08-27T00:00:00Z,SPY,549.9866333007812,0.0013730986678519,0.0051189675863787,0.2045502110909045,0.1543,0.0383,transition_uncertainty,0.1682446856880438,1.3804661629737364e-06,7.415604554923327e-06,0.999991203929799
2024-08-28T00:00:00Z,SPY,546.7938842773438,-0.0058051393072519,-0.0041382194417944,0.1988837351879315,0.1711,0.0383,transition_uncertainty,0.16824460132691782,2.0919680501807674e-07,6.250643404561548e-06,0.9999935401601225
2024-08-29T00:00:00Z,SPY,546.8427734375,8.941058333311602e-05,0.0038293416440959,0.1909537209480421,0.1565,0.038700000000000005,transition_uncertainty,0.16824385922089366,8.617316102159751e-06,3.974881289934316e-06,0.9999874078013562
2024-08-30T00:00:00Z,SPY,552.0629272460938,0.0095459866384983,0.0027572779455014,0.1771989124082949,0.15,0.0391,transition_uncertainty,0.16824254508579847,3.5545539804098745e-05,5.07418442280971e-06,0.9999593802741409
2024-09-03T00:00:00Z,SPY,540.7020263671875,-0.0205789961944716,-0.0155315951048077,0.1576210285318721,0.2072,0.0388,transition_uncertainty,0.16824850420437923,1.1459553749856391e-10,3.6970370104053734e-05,0.9999630295164333
2024-09-04T00:00:00Z,SPY,539.5953369140625,-0.0020467640200287,-0.018893725333568,0.1570541086907198,0.2132,0.0376,transition_uncertainty,0.16824460256119592,1.2369440713191418e-08,6.176526968186559e-06,0.9999938111041566
2024-09-05T00:00:00Z,SPY,538.2828369140625,-0.0024323783216996,-0.0155653667826399,0.1543758122023808,0.19899999999999998,0.0375,transition_uncertainty,0.16824423379248252,3.2356723779173314e-07,3.398103282568411e-06,0.99999627832914
2024-09-06T00:00:00Z,SPY,529.2236328125,-0.0168298215739113,-0.0322197558070386,0.1507814429336907,0.2238,0.0366,transition_uncertainty,0.16825672404952377,1.7069437248064502e-12,0.00010185671261409743,0.9998981432872719
2024-09-09T00:00:00Z,SPY,535.1488037109375,0.0111959680767634,-0.0306380354492024,0.1546943908393377,0.1945,0.0368,transition_uncertainty,0.16824508897155033,7.644719248743847e-09,1.0014175747078118e-05,0.9999899781789429
2024-09-10T00:00:00Z,SPY,537.4798583984375,0.0043559000250688,-0.0059592304293711,0.1550533543307871,0.1908,0.0359,transition_uncertainty,0.16824385735330752,3.4548958366026456e-06,1.7606584105852801e-06,0.9999947844471121
2024-09-11T00:00:00Z,SPY,542.9937744140625,0.0102588328278108,0.0062981224401152,0.148666489794876,0.17690000000000003,0.0362,transition_uncertainty,0.16824243305527364,3.123607464062265e-05,2.3537555738972594e-06,0.9999664101708645
2024-09-12T00:00:00Z,SPY,547.5675048828125,0.0084231729427937,0.0172486791924824,0.1507587746105234,0.17070000000000002,0.0364,transition_uncertainty,0.16824028814889774,6.994750585432551e-05,1.915359172662921e-06,0.999928137133997
2024-09-13T00:00:00Z,SPY,550.4273681640625,0.0052228506179563,0.0400657378788578,0.1400003179893116,0.1656,0.0357,transition_uncertainty,0.16824342092686712,1.648223471473976e-05,3.8659342800615145e-06,0.9999796518310435
2024-09-16T00:00:00Z,SPY,551.240234375,0.0014767910499231,0.0300690771472869,0.1399225180225974,0.1714,0.0356,transition_uncertainty,0.16824028948077577,7.006003982100698e-05,1.9738171489570325e-06,0.9999279661431065
2024-09-17T00:00:00Z,SPY,551.4655151367188,0.0004086798235511,0.0260208015607417,0.1360475488535965,0.1761,0.0359,transition_uncertainty,0.1682375370524452,0.00012056276953607313,1.7634668233832832e-06,0.9998776737621089
2024-09-18T00:00:00Z,SPY,549.8300170898438,-0.0029657304074027,0.0125899098625175,0.1363839886414562,0.18230000000000002,0.0361,transition_uncertainty,0.16823693506730192,0.00013115671851411778,1.5250829356285754e-06,0.9998673181971852
2024-09-19T00:00:00Z,SPY,559.2124633789062,0.0170642671324534,0.0212667084738455,0.1484411001438017,0.16329999999999997,0.0359,transition_uncertainty,0.16823816996335345,0.00012064633288386328,6.795182339843624e-06,0.9998725584860307
2024-09-20T00:00:00Z,SPY,558.2457885742188,-0.0017286360158116,0.0142042726476963,0.1451778084784533,0.16149999999999998,0.0355,transition_uncertainty,0.16750077875115707,0.013771434157866722,1.9162130272079833e-06,0.9862266496289632
2024-09-23T00:00:00Z,SPY,559.640869140625,0.0024990436022265,0.0152395167147945,0.1410542221358406,0.1589,0.0357,transition_uncertainty,0.16621374002821196,0.03761622889988879,1.4025890564716475e-06,0.9623823685116923
2024-09-24T00:00:00Z,SPY,561.2421264648438,0.0028612229958788,0.0177284182959314,0.140701116837779,0.1539,0.0349,transition_uncertainty,0.16535397629746987,0.053546391605220976,1.6707655445726566e-06,0.9464519376279804
2024-09-25T00:00:00Z,SPY,560.0043334960938,-0.0022054527099499,0.0185044760926311,0.1411761150460286,0.15410000000000001,0.0353,transition_uncertainty,0.16517876192934317,0.05679280884538702,1.7048028124579183e-06,0.943205486352573
2024-09-26T00:00:00Z,SPY,562.2245483398438,0.0039646386839353,0.0053862979782992,0.1392524568823338,0.1537,0.036000000000000004,transition_uncertainty,0.16531991161429574,0.054177277917354306,1.5610803263779107e-06,0.9458211610033256
2024-09-27T00:00:00Z,SPY,561.4091186523438,-0.0014503630087085,0.0056665543079228,0.1395506331624955,0.1696,0.0355,transition_uncertainty,0.16676393038613285,0.027422134770203166,1.2852472407538331e-06,0.9725765799841866
2024-09-30T00:00:00Z,SPY,563.6588134765625,0.0040072288630066,0.0071795048530094,0.1366055512360852,0.1673,0.0366,transition_uncertainty,0.1675085072064243,0.013627314088212633,1.5205031251152684e-06,0.9863711654101044
2024-10-01T00:00:00Z,SPY,558.6093139648438,-0.0089584326386634,-0.0046910457641224,0.1165459813130235,0.19260000000000002,0.0361,transition_uncertainty,0.1682277252740797,0.00030708576265548213,3.77968440424961e-06,0.9996891345526318
2024-10-02T00:00:00Z,SPY,558.8450927734375,0.0004220817711044,-0.0020700567001314,0.1158396605527671,0.189,0.0363,transition_uncertainty,0.1682323525229173,0.00021615690855602765,1.5658595590151617e-06,0.9997822772311067
2024-10-03T00:00:00Z,SPY,557.8233642578125,-0.0018282857429317,-0.0078281606433359,0.1155689911586585,0.2049,0.037000000000000005,transition_uncertainty,0.16824356767563245,1.1159938220035355e-05,2.756757676044319e-06,0.9999860833035878
2024-10-04T00:00:00Z,SPY,562.8924560546875,0.0090872704903988,0.0026421683457946,0.0945576275004017,0.19210000000000002,0.0393,transition_uncertainty,0.16823347052852922,0.0002000127038304941,3.5129232834237525e-06,0.9997964743738064
2024-10-07T00:00:00Z,SPY,557.8036499023438,-0.0090404589679726,-0.0103877796891083,0.0988615227996726,0.22640000000000002,0.039900000000000005,transition_uncertainty,0.16824618779409625,8.761870868483998e-08,1.8722210458817387e-05,0.999981190171194
2024-10-08T00:00:00Z,SPY,563.0791625976562,0.0094576518031679,0.0080017438325308,0.1019931933353614,0.21420000000000003,0.0398,transition_uncertainty,0.16824440746834068,2.8913848606267986e-06,5.863110520530235e-06,0.999991245504256
2024-10-09T00:00:00Z,SPY,566.9793090820312,0.0069264621094882,0.0145554043755224,0.0992447647286131,0.2086,0.039900000000000005,transition_uncertainty,0.16824370626282906,1.2560334913072727e-05,4.447392106804926e-06,0.9999829922735677
2024-10-10T00:00:00Z,SPY,565.987060546875,-0.0017500612795954,0.0146349127916582,0.0973148502807535,0.2093,0.0398,transition_uncertainty,0.1682433488216275,1.9105588682693837e-05,4.414436898153538e-06,0.9999764799759987
2024-10-11T00:00:00Z,SPY,569.3763427734375,0.0059882680414773,0.0115188730085238,0.0977202994768775,0.2046,0.0395,transition_uncertainty,0.16824219712987626,3.886259961268419e-05,3.7407160107487287e-06,0.9999573966832563
2024-10-14T00:00:00Z,SPY,574.032958984375,0.008178450457311,0.0290950213123786,0.1003563919168529,0.197,0.0395,transition_uncertainty,0.168243639636545,1.4935985126223733e-05,4.93361305755162e-06,0.9999801304011698
2024-10-15T00:00:00Z,SPY,569.5728759765625,-0.0077697333193265,0.0115325052146286,0.1061723251386053,0.2064,0.0395,transition_uncertainty,0.1682435004856226,1.655923102652995e-05,4.526766130879703e-06,0.9999789140023817
2024-10-16T00:00:00Z,SPY,572.0484619140625,0.0043463901493825,0.0089406310791808,0.1051499538039665,0.19579999999999997,0.0393,transition_uncertainty,0.1681949045654713,0.0009113552465483579,2.149532375470076e-06,0.9990864952213541
2024-10-17T00:00:00Z,SPY,572.0975952148438,8.589010206727643e-05,0.0107962444619573,0.0891962844356528,0.1911,0.0396,transition_uncertainty,0.16776347119631504,0.008906616116395875,2.894395906614985e-06,0.9910904894876128
2024-10-18T00:00:00Z,SPY,574.2982177734375,0.0038465859269471,0.0086443264854059,0.0890108350801058,0.18030000000000002,0.0395,transition_uncertainty,0.1670511942859626,0.022102843216146285,2.596424901101051e-06,0.9778945603573052
2024-10-21T00:00:00Z,SPY,573.3550415039062,-0.0016423109811971,-0.0011809730954616,0.0895568080258117,0.1837,0.0402,transition_uncertainty,0.16706867978898599,0.021779260729417865,2.7606544628883528e-06,0.9782179786171199
2024-10-22T00:00:00Z,SPY,573.0504760742188,-0.000531198659889,0.006105627996582,0.0895381796989589,0.182,0.0403,transition_uncertainty,0.16732011900540575,0.01712022805183371,2.5832709114667977e-06,0.9828771886783837
2024-10-23T00:00:00Z,SPY,567.8142700195312,-0.0091374255380766,-0.0074018062741812,0.0960744648823087,0.1924,0.04070000000000001,transition_uncertainty,0.16818442798919392,0.001112475769516556,5.137277363785277e-06,0.9988823869548088
2024-10-24T00:00:00Z,SPY,569.0423583984375,0.0021628346516617,-0.0053404119191566,0.0954746950011928,0.1908,0.04070000000000001,transition_uncertainty,0.16821535280484287,0.0005337377170006626,2.679302388683836e-06,0.9994635829799341
2024-10-25T00:00:00Z,SPY,568.8458251953125,-0.0003453753489953,-0.0094940092261891,0.0952395267776534,0.20329999999999998,0.041100000000000005,transition_uncertainty,0.16824169334714054,4.9577240972140445e-05,4.328951179155764e-06,0.99994609380663
2024-10-28T00:00:00Z,SPY,570.6043090820312,0.0030913189634731,-0.0047976074556872,0.0948692364460373,0.198,0.0412,transition_uncertainty,0.16823818191152792,0.0001119945791602331,3.203373897081706e-06,0.9998848020478657
2024-10-29T00:00:00Z,SPY,571.52783203125,0.0016184997808805,-0.0026570853817273,0.0878274137143131,0.19340000000000002,0.041100000000000005,transition_uncertainty,0.16822055297823071,0.00043929978478319555,3.493007185514402e-06,0.999557207207503
2024-10-30T00:00:00Z,SPY,569.7988891601562,-0.0030251245419649,0.0034951906730993,0.0890494430160511,0.20350000000000001,0.0415,transition_uncertainty,0.16823904847424154,0.00010065696991090001,5.213458098569733e-06,0.9998941295729301
2024-10-31T00:00:00Z,SPY,558.6289672851562,-0.019603270710941,-0.0182998523037715,0.1154664415905781,0.2316,0.041600000000000005,transition_uncertainty,0.1682589035184713,3.6475105088935246e-11,0.00011906117270407366,0.9998809387923041
2024-11-01T00:00:00Z,SPY,560.9867553710938,0.0042206692169866,-0.0138158170037028,0.1116966860646428,0.2188,0.0421,transition_uncertainty,0.16824478802685722,3.787096049569336e-07,7.796650498493317e-06,0.9999918246401139
2024-11-04T00:00:00Z,SPY,559.7783203125,-0.0021541240448615,-0.0189728479039138,0.1069733333145479,0.2198,0.0417,transition_uncertainty,0.16824497497443,1.5173387364864268e-07,9.17568492541428e-06,0.9999906725823434
2024-11-05T00:00:00Z,SPY,566.5470581054688,0.0120918183990941,-0.008714840549548,0.110305888541302,0.2049,0.04190000000000001,transition_uncertainty,0.1682443765200026,2.1341985781154086e-06,5.296204050071365e-06,0.9999925695977733
2024-11-06T00:00:00Z,SPY,580.6346435546875,0.0248656934100541,0.0190168050529238,0.1385140041635459,0.1627,0.042699999999999995,transition_uncertainty,0.1682468488572723,3.9981060194103056e-07,2.4073567556067934e-05,0.9999755266228745
2024-11-07T00:00:00Z,SPY,585.1242065429688,0.0077321652059818,0.0474290464860334,0.1399093207417109,0.152,0.0421,transition_uncertainty,0.16824476401915872,6.836118681045121e-06,1.0358350025871794e-05,0.9999828055320331
2024-11-08T00:00:00Z,SPY,587.65869140625,0.0043315330915045,0.0475446804755892,0.1393574762526549,0.1494,0.0426,transition_uncertainty,0.16824417237518388,1.5593715600121397e-05,9.419209351170459e-06,0.9999749870766741
2024-11-11T00:00:00Z,SPY,588.2186889648438,0.0009529299349826,0.0508064846749811,0.1371852787218409,0.1497,0.0426,transition_uncertainty,0.16823658796200652,0.00015907062286737119,1.0677948088774097e-05,0.9998302514275333
2024-11-12T00:00:00Z,SPY,586.3914794921875,-0.0031063437917482,0.0350269604312807,0.1340702702931283,0.1471,0.0434,transition_uncertainty,0.16684132231215187,0.025994708017874343,4.0442278544111386e-06,0.9740012477526817
2024-11-13T00:00:00Z,SPY,586.67626953125,0.0004856653771796,0.0104052109939138,0.1336686557634163,0.1402,0.042699999999999995,transition_uncertainty,0.16375082309407676,0.08325061865994844,2.233104965499823e-06,0.9167471482338208
2024-11-14T00:00:00Z,SPY,582.9038696289062,-0.0064301218546948,-0.0037946420422095,0.1364174309967047,0.1431,0.0434,transition_uncertainty,0.1647585832218291,0.06458064929919013,2.9199200465705413e-06,0.9354164307819443
2024-11-15T00:00:00Z,SPY,575.4378051757812,-0.0128083974770627,-0.0207958912361604,0.1443880886941022,0.16140000000000002,0.0431,transition_uncertainty,0.16822112702178055,0.00044413905008173376,1.0086227909591052e-05,0.9995457747211827
2024-11-18T00:00:00Z,SPY,577.7955322265625,0.0040972752043306,-0.0177198666649373,0.144903318204518,0.1558,0.0429,transition_uncertainty,0.1681840111048365,0.0011139989624114896,2.4954119711846957e-06,0.998883505626467
2024-11-19T00:00:00Z,SPY,579.9075927734375,0.0036553770825054,-0.0110572662555823,0.1453115331556654,0.1635,0.042699999999999995,transition_uncertainty,0.16791613643186623,0.006075339814044704,1.7334573063307256e-06,0.9939229267296684
2024-11-20T00:00:00Z,SPY,580.1041259765625,0.0003389043454062,-0.0112023340571429,0.1406738793440074,0.1716,0.0431,transition_uncertainty,0.16666814145649886,0.029196859272490994,1.2707864079704642e-06,0.9708018699423455
2024-11-21T00:00:00Z,SPY,583.2183227539062,0.0053683410234348,0.0005394596628776,0.1414565692316069,0.16870000000000002,0.0434,transition_uncertainty,0.1570813640367863,0.20681684067337575,4.4222724944592503e-07,0.7931827170998245
2024-11-22T00:00:00Z,SPY,585.0259399414062,0.0030993833989381,0.0166623302803263,0.1414753530620635,0.1524,0.0437,stable_low_volatility,0.13197699347312222,0.6719449861510519,1.4662978735878365e-07,0.32805486721872334
2024-11-25T00:00:00Z,SPY,587.0103759765625,0.0033920479412503,0.0159482779565465,0.1415266746480186,0.146,0.0421,stable_low_volatility,0.1188688552651177,0.914809746686294,4.2008559099991866e-08,0.0851902113057642
2024-11-26T00:00:00Z,SPY,590.075439453125,0.005221480917545,0.0175335636339217,0.1421664178115496,0.141,0.0421,stable_low_volatility,0.11535277725931752,0.9799548782446165,1.2162467658371355e-08,0.020045109593716803
2024-11-27T00:00:00Z,SPY,588.2874755859375,-0.0030300597985311,0.0141066909248386,0.1421685555425359,0.141,0.04190000000000001,stable_low_volatility,0.1145080271459327,0.995606214727408,4.736893915538122e-10,0.004393784798359383
2024-11-29T00:00:00Z,SPY,591.9420166015625,0.0062121686544236,0.0149578528439637,0.1182082957678168,0.1351,0.041299999999999996,stable_low_volatility,0.11428127804980737,0.999807376324219,2.4596425625410432e-11,0.00019262365188336882
2024-12-02T00:00:00Z,SPY,593.0029296875,0.0017922584580638,0.0136352752954727,0.1181633037962025,0.1334,0.0417,stable_low_volatility,0.11427220230255958,0.99997552994063,7.424443996578014e-12,2.4470051709676723e-05
2024-12-03T00:00:00Z,SPY,593.2780151367188,0.0004638854809093,0.0106772203979006,0.1170739325735676,0.133,0.0417,stable_low_volatility,0.11427210159075604,0.9999773959106271,5.355717600790341e-12,2.260408582438021e-05
2024-12-04T00:00:00Z,SPY,596.9619750976562,0.0062095002122883,0.011670602068972,0.1128065677025519,0.1345,0.041299999999999996,stable_low_volatility,0.11427170879111427,0.9999846736074124,1.213713779255033e-12,1.532639061971136e-05
2024-12-05T00:00:00Z,SPY,595.9795532226562,-0.0016457026008052,0.0130753720858283,0.078244932077555,0.1354,0.0415,stable_low_volatility,0.1142711214451308,0.9999955558440506,3.4205433831621337e-13,4.444157369789221e-06
2024-12-06T00:00:00Z,SPY,597.1094360351562,0.0018958415710579,0.0087296040636897,0.0745758541736657,0.1277,0.040999999999999995,stable_low_volatility,0.11427097617374339,0.9999982473943315,9.414879784543534e-13,1.752603020197467e-06
2024-12-09T00:00:00Z,SPY,594.0344848632812,-0.005149727983354,0.0017395448220212,0.0765686632761034,0.1419,0.041299999999999996,stable_low_volatility,0.11427129792729449,0.9999922860121967,2.0204143379656667e-12,7.713984663876168e-06
2024-12-10T00:00:00Z,SPY,592.1875610351562,-0.0031091188730399,-0.001838015354928,0.0776309970826676,0.1418,0.0415,stable_low_volatility,0.1142712368888213,0.9999934169207562,2.0017507813369762e-12,6.583076052459468e-06
2024-12-11T00:00:00Z,SPY,596.765625,0.0077307668483295,-0.0003289155856603,0.080689633289809,0.1358,0.0415,stable_low_volatility,0.11427133754233079,0.9999915520377137,4.66360289279231e-12,8.44795615492833e-06
2024-12-12T00:00:00Z,SPY,593.690673828125,-0.0051526948655512,-0.0038405334246024,0.0834980473772041,0.1392,0.0418,stable_low_volatility,0.11427154424750063,0.9999877222461443,2.7258948303962825e-12,1.2277751491473684e-05
2024-12-13T00:00:00Z,SPY,593.5726928710938,-0.0001987246258569,-0.0059231071402031,0.0793475729120521,0.1381,0.0425,stable_low_volatility,0.11427121656694107,0.9999937934709826,1.1440515475217228e-11,6.206519041262893e-06
2024-12-16T00:00:00Z,SPY,596.1073608398438,0.004270189648533,0.0034894876128943,0.0610332209376823,0.1469,0.0425,stable_low_volatility,0.11427320165085013,0.9999570572598006,1.8349931139898036e-08,4.292438867728564e-05
2024-12-17T00:00:00Z,SPY,593.6513061523438,-0.0041201549399418,0.0024717593098861,0.0637905223577865,0.1587,0.0425,stable_low_volatility,0.11479641384191135,0.9906614914458348,0.00016976168222652822,0.00916874687113438
2024-12-18T00:00:00Z,SPY,575.95849609375,-0.0298033708933732,-0.0348665004058335,0.1284117119722704,0.2762,0.0435,stress_high_volatility,0.242415140921156,5.947289531493732e-19,0.585498778990031,0.41450122101119546
2024-12-19T00:00:00Z,SPY,575.7816162109375,-0.0003071052584728,-0.0301656374382802,0.128386778202954,0.2409,0.0432,transition_uncertainty,0.17569457108037792,1.2861776982407128e-11,0.058815256275996576,0.9411847437108506
2024-12-20T00:00:00Z,SPY,582.697265625,0.0120108895792341,-0.0183219804022479,0.1342764768667255,0.18359999999999999,0.043,transition_uncertainty,0.1683359118786371,1.2971136289264416e-06,0.0007275078082513102,0.9992711950766467
2024-12-23T00:00:00Z,SPY,586.1866455078125,0.0059883237637468,-0.0166424976166276,0.1355502373150261,0.1678,0.043,transition_uncertainty,0.16822500052837128,0.0003604448072521874,5.0048052844660875e-06,0.9996345503856559
2024-12-24T00:00:00Z,SPY,592.7020263671875,0.0111148572034265,-0.0015990528030821,0.1406525484298207,0.1427,0.0429,transition_uncertainty,0.1680960154406149,0.002746460543649439,3.3880969938342667e-06,0.9972501513578478
2024-12-26T00:00:00Z,SPY,592.7416381835938,6.683259824336041e-05,0.0291394991195892,0.1395411788143759,0.14730000000000001,0.043,transition_uncertainty,0.16810905192273504,0.0025039886616872622,2.9899457740582134e-06,0.9974930213910357
2024-12-27T00:00:00Z,SPY,586.5020751953125,-0.0105266149471157,0.0186189671266745,0.1443684746076279,0.1595,0.0431,transition_uncertainty,0.16822476042637155,0.000361451276708846,3.538282076642073e-06,0.9996350104400825
2024-12-30T00:00:00Z,SPY,579.8091430664062,-0.0114116086062908,-0.0049564717889931,0.1476563357776647,0.174,0.0424,transition_uncertainty,0.16824331477326177,1.6528623127489855e-05,3.0477352060993075e-06,0.9999804236419438
2024-12-31T00:00:00Z,SPY,577.6998291015625,-0.0036379453309209,-0.0144780104959536,0.147536965517291,0.17350000000000002,0.0425,transition_uncertainty,0.16824266289408918,2.6587607170764687e-05,2.1875715995926156e-06,0.9999712248201945
2025-01-02T00:00:00Z,SPY,576.2802734375,-0.0024572547758412,-0.0277065915065962,0.1474364914209372,0.1793,0.0425,transition_uncertainty,0.16824425259212955,1.0822579566318003e-06,3.86974762307516e-06,0.999995047995509
2025-01-03T00:00:00Z,SPY,583.4857788085938,0.0125034739227025,-0.0156153352131019,0.153270325866781,0.1613,0.042800000000000005,transition_uncertainty,0.16824354208337244,1.4139530082398926e-05,3.824207048305815e-06,0.9999820362621958
2025-01-06T00:00:00Z,SPY,586.8470458984375,0.0057606666896099,0.0005881832609204,0.1551806699579208,0.1604,0.042800000000000005,transition_uncertainty,0.16822959698253556,0.00026756613636413635,1.7171595965256934e-06,0.9997307167030821
2025-01-07T00:00:00Z,SPY,580.2133178710938,-0.0113040153711394,0.0006970824960605,0.1592460996789035,0.1782,0.043,transition_uncertainty,0.1682440029445982,4.355737117947215e-06,3.293746639604428e-06,0.9999923505167034
2025-01-08T00:00:00Z,SPY,581.0609741210938,0.0014609389751862,0.0058181513135611,0.158924784424159,0.177,0.042800000000000005,transition_uncertainty,0.1682410809568015,5.408440475430698e-05,1.4151213723185264e-06,0.999944500473629
2025-01-09T00:00:00Z,SPY,,0.0,0.0082957909613614,,0.1807,0.042699999999999995,transition_uncertainty,0.16822224346848,0.0004043635345154395,1.9527410787974613e-06,0.9995936837234543
2025-01-10T00:00:00Z,SPY,572.189697265625,-0.0152673768340532,-0.0193596518599544,,0.1954,0.044000000000000004,transition_uncertainty,0.16824542056996442,1.6956954989488232e-07,1.2700759441395674e-05,0.9999871296705035
2025-01-13T00:00:00Z,SPY,573.0768432617188,0.0015504403527941,-0.0234647217413136,,0.19190000000000002,0.044000000000000004,transition_uncertainty,0.16824399246223204,4.874913489074637e-06,3.4322005762300625e-06,0.9999916928845213
2025-01-14T00:00:00Z,SPY,573.8652954101562,0.0013758227325151,-0.0109408423857444,,0.18710000000000002,0.0437,transition_uncertainty,0.16823647750632623,0.00014036814964270576,1.8377333989399379e-06,0.9998577941173591
2025-01-15T00:00:00Z,SPY,584.3038940429688,0.0181899806736907,0.0055810320539599,,0.1612,0.042699999999999995,transition_uncertainty,0.16819424753844786,0.0009319595977599981,5.741642666423478e-06,0.9990622987585795
2025-01-16T00:00:00Z,SPY,583.1802368164062,-0.0019230698922568,0.0036472294469922,,0.166,0.042300000000000004,transition_uncertainty,0.16786580435787452,0.007007035017408824,1.3723492575553652e-06,0.9929915926340468
2025-01-17T00:00:00Z,SPY,589.0353393554688,0.01003995363599,0.0294406595755665,,0.1597,0.042699999999999995,transition_uncertainty,0.16798575211365385,0.00479062114766428,3.9093204613549496e-06,0.9952054695312682
2025-01-21T00:00:00Z,SPY,594.4270629882812,0.0091534807380355,0.0372554221612686,,0.1506,0.0429,transition_uncertainty,0.16799448739847594,0.004633565857745938,5.950272993199686e-06,0.9953604838696898
2025-01-22T00:00:00Z,SPY,597.7685546875,0.005621365357123,0.0416530838657169,,0.151,0.0429,transition_uncertainty,0.16777281651305184,0.008741669987287448,6.388930288066227e-06,0.9912519410807055
2025-01-23T00:00:00Z,SPY,601.0313110351562,0.0054582268037868,0.0286279402939548,,0.1502,0.0429,transition_uncertainty,0.16643742480103613,0.03347561656486593,3.011006986714479e-06,0.9665213724270214
2025-01-24T00:00:00Z,SPY,599.2767333984375,-0.0029192782547332,0.0276012381179142,,0.1485,0.042699999999999995,transition_uncertainty,0.16613829688214793,0.03901770606310728,2.971070028331558e-06,0.9609793228650834
2025-01-27T00:00:00Z,SPY,590.7997436523438,-0.0141453676968594,0.0029954133122227,,0.179,0.0417,transition_uncertainty,0.16672199218066472,0.028206289134726104,4.323684188794688e-06,0.9717893871794063
2025-01-28T00:00:00Z,SPY,595.8760986328125,0.008592344588856,0.0024377013342002,,0.1641,0.04190000000000001,transition_uncertainty,0.162317797537961,0.10979969596032992,1.4924935508438943e-06,0.8901988115446609
2025-01-29T00:00:00Z,SPY,593.204833984375,-0.0044829196112522,-0.0076345948065315,,0.1656,0.0421,transition_uncertainty,0.16018866891218866,0.1492476183464844,1.4268984841981486e-06,0.8507509547562233
2025-01-30T00:00:00Z,SPY,596.3886108398438,0.0053670784071064,-0.0077245562919449,,0.1584,0.0418,transition_uncertainty,0.15808311261319816,0.1882590985495188,1.4896566097551669e-06,0.8117394117948089
2025-01-31T00:00:00Z,SPY,593.2146606445312,-0.0053219497113515,-0.0101156484409612,,0.1643,0.0422,transition_uncertainty,0.15781906112729824,0.19315268682616735,2.0410970908154577e-06,0.8068452720767303
2025-02-03T00:00:00Z,SPY,589.2225341796875,-0.0067296490287449,-0.0026696177335925,,0.1862,0.0426,transition_uncertainty,0.15729440242396453,0.2028717605210866,1.3169933870469926e-06,0.7971269224865509
2025-02-04T00:00:00Z,SPY,593.1752319335938,0.0067083275411541,-0.0045325978092016,,0.1721,0.0421,transition_uncertainty,0.1442395420140235,0.4447469803644909,1.812659099388793e-07,0.5552528383692661
2025-02-05T00:00:00Z,SPY,595.5803833007812,0.0040547063291016,0.0040046020873605,,0.1577,0.0417,stable_low_volatility,0.12059437278393625,0.8828397135626975,4.883411189838165e-08,0.11716023760430792
2025-02-06T00:00:00Z,SPY,597.650390625,0.0034756136740878,0.0021157006727197,,0.155,0.0421,stable_low_volatility,0.11603965290272647,0.967228638532187,3.648569950543488e-08,0.032771324982067716
2025-02-07T00:00:00Z,SPY,592.1797485351562,-0.0091535823880626,-0.0017445828264772,,0.1654,0.0429,stable_low_volatility,0.11558656072520293,0.9756234117061924,2.3891767387975413e-08,0.024376564402108038
2025-02-10T00:00:00Z,SPY,596.2012939453125,0.0067910890571725,0.0118440136973729,0.120975178795565,0.15810000000000002,0.042800000000000005,stable_low_volatility,0.11471601997089016,0.9917525722768207,3.752944825179385e-09,0.008247423968783512
2025-02-11T00:00:00Z,SPY,596.65478515625,0.0007606343957031,0.0058659786102561,0.1210513422523569,0.1602,0.0429,stable_low_volatility,0.11438130596743915,0.9979540807139714,8.654401292024209e-10,0.002045918420204236
2025-02-12T00:00:00Z,SPY,594.732666015625,-0.0032214928773622,-0.0014233465522455,0.1224682647764853,0.1589,0.04360000000000001,stable_low_volatility,0.11430806972230786,0.9993109861016864,2.8555963729561937e-10,0.0006890136142863031
2025-02-13T00:00:00Z,SPY,601.0115966796875,0.0105575681694563,0.0056240338957571,0.1116705983587248,0.151,0.0431,stable_low_volatility,0.11428136357123565,0.9998057919999029,1.0870278297668047e-10,0.00019420789288753925
2025-02-14T00:00:00Z,SPY,600.98193359375,-4.935526386073974e-05,0.0148640426836061,0.1111249074337497,0.1477,0.0426,stable_low_volatility,0.11427497986813366,0.9999240680061755,1.1540609567472573e-10,7.593187839274003e-05
2025-02-18T00:00:00Z,SPY,602.7463989257812,0.0029359706729952,0.010978012035427,0.1067124650422013,0.1535,0.0429,stable_low_volatility,0.11428192541691026,0.999795384966945,1.272873795612918e-09,0.0002046137619101745
2025-02-19T00:00:00Z,SPY,604.1658935546875,0.0023550445617528,0.0125887005104141,0.1026438012279149,0.1527,0.042800000000000005,stable_low_volatility,0.11439301256425186,0.997737234148412,2.257500522869374e-08,0.0022627432769918316
2025-02-20T00:00:00Z,SPY,601.65234375,-0.0041603636211549,0.0116349380650855,0.1024540210674316,0.15660000000000002,0.042800000000000005,stable_low_volatility,0.11746205006289683,0.9408761512156358,6.361390116189352e-07,0.059123212645218436
2025-02-21T00:00:00Z,SPY,591.3616333007812,-0.0171040810463372,-0.0160562016310797,0.1179183896696634,0.1821,0.04190000000000001,transition_uncertainty,0.16821085029973773,0.0007408474089654098,5.5377311203152625e-05,0.999203775278059
2025-02-24T00:00:00Z,SPY,588.6705932617188,-0.0045505827357145,-0.0204853750900828,0.1184495188827557,0.1898,0.041299999999999996,transition_uncertainty,0.16824349029176164,1.4900076390660127e-05,3.7394040966775533e-06,0.9999813605199999
2025-02-25T00:00:00Z,SPY,585.7431030273438,-0.0049730532965037,-0.028209701341627,0.1087682015782011,0.1943,0.04070000000000001,transition_uncertainty,0.1682446944606918,1.3162760717982567e-06,7.4575075454097555e-06,0.9999912262158615
2025-02-26T00:00:00Z,SPY,586.0386962890625,0.0005046465936875,-0.0300036752471598,0.1035773758882454,0.19100000000000003,0.0405,transition_uncertainty,0.16824464187168828,2.9505527475925e-06,7.738667509776631e-06,0.9999893107804521
2025-02-27T00:00:00Z,SPY,576.6843872070312,-0.0159619307415448,-0.0414989766138823,0.1164011745639924,0.2113,0.04070000000000001,transition_uncertainty,0.16825853936020851,2.30501713530215e-11,0.00011618655142946642,0.9998838134250988
2025-02-28T00:00:00Z,SPY,585.6838989257812,0.0156056101368307,-0.0096011206261535,0.129077722704478,0.1963,0.039900000000000005,transition_uncertainty,0.16824510493462294,4.985835541327307e-07,1.0349354311804605e-05,0.9999891520607839
2025-03-03T00:00:00Z,SPY,575.4227905273438,-0.0175198744873432,-0.0225046110439648,0.141525884416041,0.2278,0.0396,transition_uncertainty,0.1682580742316782,1.2160617125180629e-11,0.00011251488061055846,0.9998874851082394
2025-03-04T00:00:00Z,SPY,568.6116333007812,-0.011836787382579,-0.0292474117715095,0.1451879942320267,0.23510000000000003,0.0396,transition_uncertainty,0.16828381765817854,2.3696282631414435e-12,0.00031573014866585086,0.9996842698476368
2025-03-05T00:00:00Z,SPY,574.7229614257812,0.0107478070568549,-0.0193088527002315,0.1489326745738153,0.2193,0.039900000000000005,transition_uncertainty,0.16837588682064625,2.63359630729556e-09,0.0010425132930942918,0.9989574840728004
2025-03-06T00:00:00Z,SPY,564.52099609375,-0.017751100994333,-0.021091937605924,0.1580455666999212,0.2487,0.0396,transition_uncertainty,0.1737028274647503,3.03744114311182e-14,0.043092690554737176,0.9569073094458429
2025-03-07T00:00:00Z,SPY,567.6849975585938,0.0056047542726263,-0.0307314259452919,0.159313016942863,0.23370000000000002,0.039900000000000005,transition_uncertainty,0.18173157323897512,2.6419076603782675e-11,0.1064705681477102,0.8935294318248135
2025-03-10T00:00:00Z,SPY,552.564453125,-0.0266354483536146,-0.0397244213796178,0.1802800511939817,0.2786,0.038900000000000004,stress_high_volatility,0.2793651308434782,1.9019633971311825e-24,0.8771772059469496,0.12282279405412229
2025-03-11T00:00:00Z,SPY,547.9708862304688,-0.0083131784329457,-0.0363002546228139,0.1768556565600438,0.26920000000000005,0.0394,stress_high_volatility,0.27218865528133535,1.5046323819548308e-18,0.8205270388576725,0.1794729611431451
2025-03-12T00:00:00Z,SPY,550.8788452148438,0.0053067764318266,-0.0414880173775982,0.1792631406333252,0.24230000000000002,0.0401,transition_uncertainty,0.22766428579647133,9.5300350181414e-16,0.4690574422532243,0.5309425577466226
2025-03-13T00:00:00Z,SPY,543.5353393554688,-0.0133305279793618,-0.0371742714327602,0.1823123329692462,0.2466,0.0394,transition_uncertainty,0.20559291860999024,1.9618631746048535e-16,0.29482893298461693,0.7051710670135889
2025-03-14T00:00:00Z,SPY,554.7625122070312,0.0206558286805709,-0.0227634787023391,0.1960628783712709,0.2177,0.0402,transition_uncertainty,0.17583052696698406,1.1157235782330742e-13,0.0598884744020498,0.9401115255975055
2025-03-17T00:00:00Z,SPY,559.0403442382812,0.0077111050893314,0.0117197027001234,0.2000115909146952,0.20510000000000003,0.0406,transition_uncertainty,0.16837159591229495,1.8756909428967888e-09,0.001008641093796818,0.9989913570318996
2025-03-18T00:00:00Z,SPY,552.998046875,-0.0108083386566923,0.0091741382085341,0.2000167327345452,0.217,0.0404,transition_uncertainty,0.16825371435683284,5.5542958695522453e-11,7.809861160051594e-05,0.9999219013346702
2025-03-19T00:00:00Z,SPY,559.0206298828125,0.010890785314426,0.014779628476736,0.2059383466386346,0.19899999999999998,0.039900000000000005,transition_uncertainty,0.16824637133971326,9.56174788102206e-10,2.0134175394742188e-05,0.9999798648667702
2025-03-20T00:00:00Z,SPY,557.4041748046875,-0.0028915839446995,0.0255159774259841,0.2059644943559813,0.198,0.0395,transition_uncertainty,0.16824586262843821,1.2288155897507447e-09,1.6118587774416663e-05,0.9999838801839858
2025-03-21T00:00:00Z,SPY,557.5880126953125,0.0003298107530131,0.0050931712689821,0.2001289240553421,0.19280000000000003,0.0394,transition_uncertainty,0.16824496823413732,1.9755386152104106e-08,9.066250759755807e-06,0.9999909139927564
2025-03-24T00:00:00Z,SPY,567.5736083984375,0.01790855519805,0.0152641294105226,0.2129895167976759,0.1748,0.0404,transition_uncertainty,0.16824903300539767,9.66181688808311e-10,4.114501994041864e-05,0.9999588540147286
2025-03-25T00:00:00Z,SPY,568.93798828125,0.0024038818271738,0.0288245889769898,0.2131494891033936,0.17149999999999999,0.0396,transition_uncertainty,0.16824589391891606,1.3234413286042708e-08,1.6370705946700542e-05,0.999983616060103
2025-03-26T00:00:00Z,SPY,562.1458740234375,-0.0119382329844617,0.0055905703180938,0.2162299577825522,0.1833,0.0398,transition_uncertainty,0.1682472649860004,1.0335549870066721e-09,2.7188536026519993e-05,0.9999728104289051
2025-03-27T00:00:00Z,SPY,560.6529541015625,-0.0026557518090273,0.0058284086193172,0.2098501685998757,0.1869,0.039700000000000006,transition_uncertainty,0.16824592775459296,1.3060080676257313e-08,1.663772769988649e-05,0.9999833492114892
2025-03-28T00:00:00Z,SPY,549.3623046875,-0.0201383927997946,-0.0147523042470917,0.2101308750972063,0.2165,0.038900000000000004,transition_uncertainty,0.16831167747779735,3.688515261691688e-14,0.0005356519462065063,0.9994643480549182
2025-03-31T00:00:00Z,SPY,553.0501098632812,0.0067128835457304,-0.0255887488781203,0.2056219189756896,0.22280000000000003,0.038900000000000004,transition_uncertainty,0.16832985498568256,5.64011705363775e-13,0.0006791428347965046,0.9993208571663493
2025-04-01T00:00:00Z,SPY,554.6121826171875,0.0028244687525555,-0.0251799070533863,0.2028204817389392,0.2177,0.038700000000000005,transition_uncertainty,0.16857185121105103,6.973996895324847e-12,0.0025894296485285215,0.9974105703447749
2025-04-02T00:00:00Z,SPY,558.1219482421875,0.0063283240704119,-0.0071581523003088,0.1999763804085319,0.2151,0.0391,transition_uncertainty,0.17256559780331715,7.60578574672432e-10,0.03411554746165664,0.9658844517795643
2025-04-03T00:00:00Z,SPY,530.6172485351562,-0.0492808064503782,-0.0535727232803722,0.2600672652234004,0.3002,0.0371,stress_high_volatility,0.2949243926240396,1.7740503904148595e-54,0.9999999999527063,4.872589371426413e-11
2025-04-04T00:00:00Z,SPY,499.5533447265625,-0.0585429589677871,-0.0906668687238577,0.3274034947017454,0.45310000000000006,0.0368,stress_high_volatility,0.2949243926297898,2.0975776389143477e-139,1.0,1.5611499616816745e-37
2025-04-07T00:00:00Z,SPY,498.66357421875,-0.0017811321197329,-0.0983392547521165,0.3184694308243196,0.4698,0.0373,stress_high_volatility,0.2949243926297898,2.3999012949608028e-146,1.0,3.8474273612162626e-33
2025-04-08T00:00:00Z,SPY,490.8531188964844,-0.0156627749169411,-0.1149615275665731,0.3205535920398608,0.5233,0.0371,stress_high_volatility,0.2949243926297898,1.3100335973436273e-173,1.0,1.52744890391594e-43
2025-04-09T00:00:00Z,SPY,542.4021606445312,0.1050192812545172,-0.0281655069240081,0.4924702192607113,0.3362,0.0391,stress_high_volatility,0.2949243926297898,4.356346553219585e-214,1.0,1.136271673353489e-49
2025-04-10T00:00:00Z,SPY,518.6346435546875,-0.0438189941234766,-0.0225823887435782,0.5152364015999485,0.4072,0.0384,stress_high_volatility,0.2949243926297898,1.9567452931752086e-176,1.0,1.988195291420685e-41
2025-04-11T00:00:00Z,SPY,527.888427734375,0.0178425878307371,0.0567208353360582,0.5137080344996126,0.37560000000000004,0.0396,stress_high_volatility,0.2949243926297898,1.3531860997447921e-146,1.0,7.470712612002701e-35
2025-04-14T00:00:00Z,SPY,533.0098266601562,0.0097016692481053,0.068876601815595,0.5142733494311311,0.3089,0.0384,stress_high_volatility,0.2949243926297898,3.13262803507023e-124,1.0,2.1615016450212571e-29
2025-04-15T00:00:00Z,SPY,531.5169067382812,-0.0028009238239182,0.0828430874254513,0.5133048483411603,0.3012,0.0384,stress_high_volatility,0.2949243926297898,4.237348903309877e-120,1.0,2.0407095232911074e-29
2025-04-16T00:00:00Z,SPY,519.7023315429688,-0.022228032722071,-0.0418505506589216,0.5158888187128697,0.3264,0.037700000000000004,stress_high_volatility,0.2949243926297898,3.574356708418491e-124,1.0,3.948164764989177e-31
2025-04-17T00:00:00Z,SPY,520.44384765625,0.0014268092873082,0.0034883980930435,0.5162002040538642,0.2965,0.0381,stress_high_volatility,0.2949243926297898,1.1620535009014817e-110,1.0,4.028447027819624e-27
2025-04-21T00:00:00Z,SPY,508.0558776855469,-0.0238027023020652,-0.0375695866907836,0.5210958725631903,0.3382,0.0375,stress_high_volatility,0.2949243926297898,6.177880571569246e-126,1.0,1.3612369037369928e-32
2025-04-22T00:00:00Z,SPY,521.2743530273438,0.026017758916625,-0.0220173682469365,0.5263548700943111,0.3057,0.0376,stress_high_volatility,0.2949243926297898,1.7907700857274754e-123,1.0,2.047986037292723e-30
2025-04-23T00:00:00Z,SPY,529.3516845703125,0.0154953557489621,-0.0040736656548817,0.5305296267374655,0.2845,0.0381,stress_high_volatility,0.2949243926297898,5.206534308333579e-114,1.0,1.2538912792231877e-28
2025-04-24T00:00:00Z,SPY,540.4940185546875,0.0210490196010606,0.0400069150161195,0.5364043898756304,0.2647,0.037700000000000004,stress_high_volatility,0.2949243926297898,8.572483709250496e-114,1.0,4.672788131032588e-29
2025-04-25T00:00:00Z,SPY,544.3992919921875,0.0072253777163768,0.0460288740924073,0.5373755240393272,0.2484,0.0374,stress_high_volatility,0.2949243926297898,4.358898048597143e-110,1.0,5.640015294252309e-28
2025-04-28T00:00:00Z,SPY,544.6068115234375,0.0003811899359578,0.0719427437871573,0.5327371857142487,0.2515,0.0367,stress_high_volatility,0.2949243926297898,6.851099254133575e-113,1.0,1.601798979362578e-28
2025-04-29T00:00:00Z,SPY,548.0375366210938,0.0062994531560474,0.051341838397229,0.5326663120478683,0.24170000000000003,0.0365,stress_high_volatility,0.2949243926297898,7.113992912670974e-108,1.0,2.7905776390050195e-27
2025-04-30T00:00:00Z,SPY,548.2550048828125,0.0003968127129749,0.0357103242768448,0.5325380854472944,0.247,0.036000000000000004,stress_high_volatility,0.2949243926297898,2.7127154039621307e-105,1.0,4.141945850229135e-27
2025-05-01T00:00:00Z,SPY,552.1405029296875,0.007087027044478,0.0215478506240334,0.532674015515434,0.24600000000000002,0.037000000000000005,stress_high_volatility,0.2949243926297898,9.123328581911998e-104,1.0,9.222891026990292e-27
2025-05-02T00:00:00Z,SPY,560.3365478515625,0.0148441291272536,0.0292749386228146,0.5008547522530032,0.2268,0.0383,stress_high_volatility,0.2949243926297898,4.038806322524774e-93,1.0,7.145745796010944e-23
2025-05-05T00:00:00Z,SPY,557.1234741210938,-0.0057341855404369,0.0229829343533973,0.4439657748105759,0.2364,0.0383,stress_high_volatility,0.2949243926297898,2.1186285107161748e-73,1.0,8.026687164032589e-17
2025-05-06T00:00:00Z,SPY,552.4667358398438,-0.0083585389910133,0.0080819267345408,0.4460104062373685,0.24760000000000001,0.0378,stress_high_volatility,0.2949243926297898,3.6536994561900865e-69,1.0,2.224427463711984e-17
2025-05-07T00:00:00Z,SPY,554.7902221679688,0.0042056583272709,0.0119200321510117,0.4391729883030204,0.23550000000000001,0.0378,stress_high_volatility,0.2949243926298041,4.524290713426294e-64,1.0,8.482653331826682e-14
2025-05-08T00:00:00Z,SPY,558.6558227539062,0.0069676797309652,0.0118001120903974,0.2657235260432144,0.2248,0.039,stress_high_volatility,0.2737019572318056,6.399932755698062e-29,0.8324728481367398,0.16752715186302186
2025-05-09T00:00:00Z,SPY,557.9440307617188,-0.0012741154091596,-0.0042697858974524,0.2025826807714729,0.219,0.0388,transition_uncertainty,0.1916394924684651,1.7878644896517347e-11,0.18468239719375062,0.8153176027889392
2025-05-12T00:00:00Z,SPY,576.3826293945312,0.0330473983342731,0.0345689172473306,0.2221020346186382,0.1839,0.0398,transition_uncertainty,0.19000183111344288,1.7971938079434127e-16,0.17175491090064648,0.8282450891009208
2025-05-13T00:00:00Z,SPY,580.1890258789062,0.00660394031717,0.0501791116833847,0.2214034827229102,0.1822,0.0402,transition_uncertainty,0.17242701113998454,3.9627100659617e-12,0.033021561997972466,0.9669784379996413
2025-05-14T00:00:00Z,SPY,580.9304809570312,0.0012779543304903,0.0471173747203286,0.2201512141469733,0.1862,0.0405,transition_uncertainty,0.16876939958090315,1.1913642610775118e-11,0.004148850856957098,0.9958511491295319
2025-05-15T00:00:00Z,SPY,583.7679443359375,0.0048843423988216,0.0449509708110451,0.1958537137763314,0.1783,0.0396,transition_uncertainty,0.16826608312903119,1.8429227983944757e-09,0.00017573685942472582,0.9998242612970885
2025-05-16T00:00:00Z,SPY,587.465576171875,0.0063340782442991,0.0529113025366589,0.1951690532101304,0.1724,0.0398,transition_uncertainty,0.1682512653133998,3.2545505964342524e-10,5.8766295615532866e-05,0.9999412333806182
2025-05-19T00:00:00Z,SPY,588.108154296875,0.0010938140906693,0.0203433002737452,0.1610675235542774,0.1814,0.039700000000000006,transition_uncertainty,0.16824364864394908,8.785057652164909e-06,2.384079210047292e-06,0.999988830863533
2025-05-20T00:00:00Z,SPY,586.130859375,-0.0033621280497955,0.0102412028340119,0.1497384159351407,0.1809,0.039700000000000006,transition_uncertainty,0.16824181732090018,4.1015352962129575e-05,1.6597426274788444e-06,0.9999573249053573
2025-05-21T00:00:00Z,SPY,576.2540893554688,-0.016850793404843,-0.0080498299794126,0.1656986000851372,0.20870000000000002,0.04,transition_uncertainty,0.16824704900346182,4.628412553777424e-10,2.5483352429362793e-05,0.9999745161849488
2025-05-22T00:00:00Z,SPY,576.4814453125,0.0003945411602814,-0.0124818416189779,0.1540362431826632,0.2028,0.04,transition_uncertainty,0.16824427496770322,2.9760592074914595e-07,3.712074640996442e-06,0.9999959903187471
2025-05-23T00:00:00Z,SPY,572.5465087890625,-0.0068257817409967,-0.0253956452734306,0.1572644036565152,0.2229,0.04,transition_uncertainty,0.1682466929229481,1.9005510321578923e-10,2.2672382889893232e-05,0.9999773274272263
2025-05-27T00:00:00Z,SPY,584.4501342773438,0.0207906699378142,-0.0062199784050004,0.1694856403097739,0.18960000000000002,0.0392,transition_uncertainty,0.16824595880112495,5.4121311103899795e-09,1.6879547614121637e-05,0.9999831150387201
2025-05-28T00:00:00Z,SPY,581.06884765625,-0.0057854150812619,-0.0086363166821615,0.1722890273363137,0.1931,0.0396,transition_uncertainty,0.16824434039393282,1.7948934091368247e-07,4.1782147594767406e-06,0.9999956422965985
2025-05-29T00:00:00Z,SPY,583.3626098632812,0.0039474878343301,0.0123357398049239,0.1720579595140136,0.1918,0.0392,transition_uncertainty,0.16824414014355812,8.388788319966455e-07,2.8784033560982704e-06,0.9999962827165261
2025-05-30T00:00:00Z,SPY,582.7100830078125,-0.0011185613277848,0.0108045761853377,0.1720122119576069,0.1857,0.038900000000000004,transition_uncertainty,0.16824413056802712,1.6297577023680033e-06,3.139773037755697e-06,0.999995230468363
2025-06-02T00:00:00Z,SPY,585.992431640625,0.0056329017268239,0.0234844202962667,0.1665037657214924,0.18359999999999999,0.0394,transition_uncertainty,0.16824406382613236,2.0895538291566414e-06,2.808819309401311e-06,0.9999951016263284
2025-06-03T00:00:00Z,SPY,589.3341064453125,0.0057025903821517,0.0083565250164714,0.1641581297857657,0.17690000000000003,0.0396,transition_uncertainty,0.1682431499040232,1.7058374540125143e-05,1.9719815478862976e-06,0.9999809696447292
2025-06-04T00:00:00Z,SPY,589.1759643554688,-0.0002683402981673,0.0139520759578128,0.1592636420338958,0.1761,0.038700000000000005,transition_uncertainty,0.16824211449669393,3.549507785941804e-05,1.653667682933359e-06,0.9999628512548023
2025-06-05T00:00:00Z,SPY,586.3285522460938,-0.0048328721496471,0.0050842174878291,0.1617399907579677,0.18480000000000002,0.0392,transition_uncertainty,0.16824396717435552,3.9699355954290065e-06,2.847009219572871e-06,0.9999931830548555
2025-06-06T00:00:00Z,SPY,592.3495483398438,0.0102689798589628,0.0165424721711946,0.1632716896999595,0.1677,0.0404,transition_uncertainty,0.16824302978284522,2.174806226738138e-05,3.0218303837123227e-06,0.9999752301057988
2025-06-09T00:00:00Z,SPY,592.8834228515625,0.0009012828881442,0.0117595225447615,0.1627105051926922,0.1716,0.0401,transition_uncertainty,0.1682297156918261,0.0002651619457200323,1.629914016023328e-06,0.9997332081415363
2025-06-10T00:00:00Z,SPY,596.2449340820312,0.0056697676151933,0.0117265020998067,0.1206794564528812,0.16949999999999998,0.0401,transition_uncertainty,0.16799417825857152,0.004629437786383784,1.7511761314055987e-06,0.9953688110375725
2025-06-11T00:00:00Z,SPY,594.54443359375,-0.0028520166647609,0.0091118266240783,0.120258574508833,0.17260000000000003,0.0394,transition_uncertainty,0.1680006008929286,0.004510566730528963,1.8049671782400439e-06,0.9954876283012272
2025-06-12T00:00:00Z,SPY,596.9072875976562,0.0039742260971544,0.0180423336217172,0.1206531147458892,0.1802,0.039,transition_uncertainty,0.16815928417335463,0.0015706130383735329,1.8471093167846907e-06,0.9984275398509593
2025-06-13T00:00:00Z,SPY,590.23388671875,-0.0111799621441452,-0.0035716438495196,0.1277750876273901,0.2082,0.0396,transition_uncertainty,0.16824473105818094,7.005488577756002e-07,7.484067182689392e-06,0.9999918153851715
2025-06-16T00:00:00Z,SPY,595.8494262695312,0.0095140920864427,0.0050026755744043,0.1301316027419318,0.1911,0.039700000000000006,transition_uncertainty,0.16824304092054496,2.0672505905850694e-05,2.651501196345787e-06,0.9999766759929816
2025-06-17T00:00:00Z,SPY,590.7578735351562,-0.0085450325365789,-0.0092026954582394,0.1342196975125039,0.21600000000000003,0.0394,transition_uncertainty,0.16824485408632053,5.863494570801802e-08,8.181746039784029e-06,0.9999917596190524
2025-06-18T00:00:00Z,SPY,590.6688232421875,-0.0001507390708749,-0.0065186218768145,0.1335617958562231,0.20140000000000002,0.0394,transition_uncertainty,0.16824393794955897,4.246734392023924e-06,2.7342450374367296e-06,0.9999930190195228
2025-06-20T00:00:00Z,SPY,589.2816772460938,-0.002348432728309,-0.0127752006216123,0.1174290013337908,0.20620000000000002,0.039,transition_uncertainty,0.16824426231020925,4.547817417458995e-06,5.422984038792088e-06,0.9999900291974476
2025-06-23T00:00:00Z,SPY,595.1021728515625,0.0098772723303901,0.0082480627465773,0.1213673812974689,0.19829999999999998,0.0384,transition_uncertainty,0.16816252271528367,0.0015136123714198052,3.126298017690364e-06,0.9984832613294553
2025-06-24T00:00:00Z,SPY,601.6764526367188,0.0110473126885994,0.0097793605402443,0.1214324270444472,0.1748,0.0375,transition_uncertainty,0.16013272673311368,0.1502827797069711,8.626613358154412e-07,0.8497163576327874
2025-06-25T00:00:00Z,SPY,602.0135498046875,0.0005602631887811,0.0190529433017558,0.1009244509315012,0.16760000000000003,0.0374,stable_low_volatility,0.13332224162015105,0.6470217744920035,6.92564076767778e-07,0.35297753294446643
2025-06-26T00:00:00Z,SPY,606.7236938476562,0.0078239834377429,0.0271808329367095,0.0994401110455354,0.1659,0.037000000000000005,stable_low_volatility,0.12888535591163336,0.7292284752933884,1.0995399063106651e-06,0.2707704251667238
2025-06-27T00:00:00Z,SPY,609.7380981445312,0.0049683312642012,0.0347141641906074,0.0997462974861691,0.1632,0.0373,stable_low_volatility,0.12570873386012413,0.7880838051985439,8.871235159459517e-07,0.2119153076792187
2025-06-30T00:00:00Z,SPY,612.6533203125,0.0047811054891271,0.029492662372307,0.0993280696898341,0.1673,0.037200000000000004,stable_low_volatility,0.12083290639886757,0.8784204966230764,1.7109571776920586e-07,0.12157933227969626
2025-07-01T00:00:00Z,SPY,612.455078125,-0.0003235797161743,0.0179143216275894,0.0990979345164238,0.16829999999999998,0.0378,stable_low_volatility,0.11588121034941891,0.9701642413606938,4.090195175162768e-08,0.029835717738637843
2025-07-02T00:00:00Z,SPY,615.2315063476562,0.0045332765158159,0.0219562442527365,0.0986413961097065,0.16640000000000002,0.0378,stable_low_volatility,0.1150645706952587,0.9852947876036942,4.404586971943786e-08,0.01470516835192589
2025-07-03T00:00:00Z,SPY,620.0804443359375,0.0078814851616868,0.0220145522974004,0.1001987640709074,0.1638,0.0388,stable_low_volatility,0.11504048731178405,0.985741076103221,7.655795848840875e-08,0.014258847339875872
2025-07-04T00:00:00Z,SPY,,0.0,0.0169619484543914,,0.1748,0.0388,stable_low_volatility,0.1156164622384461,0.9750696281362999,1.2008802155251057e-07,0.024930251776327322
2025-07-07T00:00:00Z,SPY,615.4595336914062,-0.0074521147808167,0.0045804262963511,,0.1779,0.039,stable_low_volatility,0.11575078541409839,0.9725807197764935,3.701249735679596e-08,0.02741924321239339
2025-07-08T00:00:00Z,SPY,615.1224365234375,-0.0005477162177452,0.0043551902722456,,0.1681,0.039,stable_low_volatility,0.11478299423400379,0.9905116857818181,3.525910842209525e-09,0.009488310693928149
2025-07-09T00:00:00Z,SPY,618.8110961914062,0.0059966267672113,0.0058182810971441,,0.1594,0.0386,stable_low_volatility,0.11439530210228133,0.9976947649154263,1.6481118813060904e-09,0.0023052334352683616
2025-07-10T00:00:00Z,SPY,620.5562744140625,0.002820211585405,0.0007673683027282,,0.1578,0.0386,stable_low_volatility,0.11432274942098945,0.9990390083001044,2.3188135475224746e-09,0.0009609893811803809
2025-07-11T00:00:00Z,SPY,618.3748168945312,-0.0035153258608029,-0.0027506551077141,,0.16399999999999998,0.039,stable_low_volatility,0.11438842697167831,0.9978221665124422,1.039524844904481e-08,0.002177823090846691
2025-07-14T00:00:00Z,SPY,619.5548095703125,0.0019082159291465,0.0066540132286903,,0.172,0.039,stable_low_volatility,0.1144936765472573,0.9958721308057471,1.368533877124489e-08,0.004127855508337387
2025-07-15T00:00:00Z,SPY,616.9072875976562,-0.0042732651441966,0.0029016192033353,,0.17379999999999998,0.0395,stable_low_volatility,0.11463597952681534,0.9932355896056213,2.2379028557573775e-08,0.006764388016783489
2025-07-16T00:00:00Z,SPY,618.9697265625,0.0033431911185151,0.0002563470048777,,0.1716,0.0388,stable_low_volatility,0.11458273290196869,0.994222099601751,8.323157945922965e-09,0.005777892075350259
2025-07-17T00:00:00Z,SPY,622.7576293945312,0.0061196899775175,0.003547389771455,,0.16519999999999999,0.0391,stable_low_volatility,0.1144131688691384,0.9973637344066362,2.2580443777265316e-09,0.002636263334515281
2025-07-18T00:00:00Z,SPY,622.301513671875,-0.0007324129021104,0.0063500269902057,,0.1641,0.0388,stable_low_volatility,0.11432833219848157,0.998935568913241,1.1314987061588815e-09,0.001064429956330778
2025-07-21T00:00:00Z,SPY,623.4815063476562,0.0018961751656665,0.0063379328457915,,0.16649999999999998,0.0385,stable_low_volatility,0.11431076459354038,0.9992610574358788,8.731900736423064e-10,0.0007389416921490255
2025-07-22T00:00:00Z,SPY,623.5707397460938,0.0001431211632245,0.0108013834208153,,0.165,0.0383,stable_low_volatility,0.11429982377724321,0.9994637660102947,5.713347136889645e-10,0.0005362334166447269
2025-07-23T00:00:00Z,SPY,628.875732421875,0.0085074432420311,0.0160040231925215,,0.1537,0.0388,stable_low_volatility,0.11429152281089189,0.9996175642247264,3.7333837627434264e-10,0.0003824354026338273
2025-07-24T00:00:00Z,SPY,629.083984375,0.000331149609356,0.0101586149761336,,0.1539,0.0391,stable_low_volatility,0.11427880489488491,0.9998531987155154,1.3974677723417452e-10,0.0001468011432360553
2025-07-25T00:00:00Z,SPY,631.7413940429688,0.0042242526180489,0.0151693032456148,,0.1493,0.0391,stable_low_volatility,0.11427973628736446,0.9998359435067318,7.54318695588697e-10,0.00016405573917514915
2025-07-28T00:00:00Z,SPY,631.5828247070312,-0.000251003555304,0.0129936786847655,,0.1503,0.0391,stable_low_volatility,0.11432728741886952,0.9989549435582222,8.451244675079635e-09,0.0010450479895469317
2025-07-29T00:00:00Z,SPY,629.9169311523438,-0.002637648602082,0.0101771795912586,,0.1598,0.0386,stable_low_volatility,0.1150697774338619,0.9851984759010035,1.1125021099472628e-07,0.014801412846976758
2025-07-30T00:00:00Z,SPY,629.1236572265625,-0.0012593310110431,0.0003942349687,,0.15480000000000002,0.0394,stable_low_volatility,0.11908199179334766,0.9108626198188132,8.194752619408032e-07,0.08913656070572121
2025-07-31T00:00:00Z,SPY,626.763671875,-0.0037512265266995,-0.0036883986202657,,0.1672,0.0394,transition_uncertainty,0.14719560795089276,0.38999433661839605,7.323837204396619e-06,0.6099983395428193
2025-08-01T00:00:00Z,SPY,616.4907836914062,-0.0163903695197614,-0.0241405905887579,,0.20379999999999998,0.0369,transition_uncertainty,0.1682572148752842,1.9114716524743225e-05,0.00011387515669931295,0.9998670101267743
2025-08-04T00:00:00Z,SPY,625.8612670898438,0.0151997136799502,-0.0090590772791225,0.0983905071156524,0.1752,0.0369,transition_uncertainty,0.16685470228757887,0.025752729454622803,6.567746665389364e-06,0.9742407027991334
2025-08-05T00:00:00Z,SPY,622.688232421875,-0.005069869050569,-0.0114756380928591,0.1005312063811406,0.17850000000000002,0.037200000000000004,transition_uncertainty,0.1540386338133104,0.26319238127530137,6.269615271144336e-07,0.7368069917616852
2025-08-06T00:00:00Z,SPY,627.4578247070312,0.0076596794941916,-0.002647861831925,0.1018630446613336,0.1677,0.0369,stable_low_volatility,0.12365430288224319,0.8261459557601538,5.9532480147829776e-08,0.17385398470857474
2025-08-07T00:00:00Z,SPY,626.9322509765625,-0.0008376239960258,0.0002689675696394,0.1016789011526592,0.16570000000000001,0.037200000000000004,stable_low_volatility,0.11541860407630108,0.9787352388287911,6.581664719486034e-09,0.021264754589893575
2025-08-08T00:00:00Z,SPY,631.82080078125,0.0077975726995582,0.0248665795099987,0.1036182511226646,0.1515,0.0376,stable_low_volatility,0.1144140245639669,0.9973478777871697,1.204060193116074e-09,0.0026521210079030306
2025-08-11T00:00:00Z,SPY,630.5713500976562,-0.0019775396473949,0.0075257621065345,0.1041218609721339,0.1625,0.0376,stable_low_volatility,0.11428740595625468,0.999693840084795,1.9731535318282152e-10,0.00030615971870441095
2025-08-12T00:00:00Z,SPY,637.284423828125,0.0106460176622822,0.023440609033962,0.1076622341621104,0.14730000000000001,0.037200000000000004,stable_low_volatility,0.11428272307043157,0.9997806035155616,1.3181348417064555e-10,0.00021939635253880366
2025-08-13T00:00:00Z,SPY,639.4659423828125,0.0034231474568031,0.0191377287890035,0.1076794180755556,0.1449,0.0367,stable_low_volatility,0.11427274974648557,0.9999653870314926,1.68569265385714e-11,3.461295208547449e-05
2025-08-14T00:00:00Z,SPY,639.5254516601562,9.306090191762983e-05,0.0200870200312355,0.1064750367268422,0.14830000000000002,0.0374,stable_low_volatility,0.11427292038388076,0.9999622254949587,1.7761150783051975e-11,3.777448689198313e-05
2025-08-15T00:00:00Z,SPY,638.0281372070312,-0.0023412898567806,0.0098245205256075,0.1070408725085787,0.1509,0.0375,stable_low_volatility,0.11427278899193626,0.9999646598868086,1.3438329948830292e-11,3.5340098689821354e-05
2025-08-18T00:00:00Z,SPY,637.8893432617188,-0.0002175357750209,0.0116053372277842,0.1071341681693551,0.1499,0.037700000000000004,stable_low_volatility,0.11427262121350429,0.9999677685656339,6.044615243157194e-11,3.223137372626805e-05
2025-08-19T00:00:00Z,SPY,634.4286499023438,-0.0054252252305696,-0.0044811607172615,0.1096287489654636,0.1557,0.0375,stable_low_volatility,0.11428338315943554,0.9997683758654707,1.1302699722958583e-09,0.00023162300598006388
2025-08-20T00:00:00Z,SPY,632.742919921875,-0.0026570836306466,-0.0105134957397196,0.1064575423685095,0.1569,0.0374,stable_low_volatility,0.11430536199031792,0.9993611680714564,6.099621743867504e-09,0.0006388258297694391
2025-08-21T00:00:00Z,SPY,630.2044677734375,-0.0040118222875585,-0.0145748443045108,0.1075588415723323,0.166,0.0379,stable_low_volatility,0.11436782736099986,0.9982038255079317,7.606634178624772e-09,0.0017961668860178575
2025-08-22T00:00:00Z,SPY,639.8823852539062,0.0153567897013831,0.0029062167304909,0.1196122941069692,0.14220000000000002,0.0368,stable_low_volatility,0.11434120961144915,0.9986969818364874,2.4521168842492464e-09,0.0013030157117700247
2025-08-25T00:00:00Z,SPY,637.0662231445312,-0.0044010620924618,-0.0012903807312074,0.1209275272877797,0.1479,0.0373,stable_low_volatility,0.11428139132674059,0.9998052776206263,5.368054457562531e-11,0.00019472232667384668
2025-08-26T00:00:00Z,SPY,639.733642578125,0.0041870363498908,0.0083618428590792,0.1210515246692767,0.1462,0.0361,stable_low_volatility,0.11427380424994744,0.9999458494240561,2.6044066222758637e-11,5.4150551521806924e-05
2025-08-27T00:00:00Z,SPY,641.1912841796875,0.0022785132820093,0.0133519696417236,0.1209144124838182,0.1485,0.0359,stable_low_volatility,0.11427417700314414,0.9999389431482447,3.841687172591159e-11,6.105681273047707e-05
2025-08-28T00:00:00Z,SPY,643.4620361328125,0.0035414579223891,0.0210369317218823,0.1199151510210427,0.1443,0.0362,stable_low_volatility,0.11427526692282772,0.9999187495609323,1.3470197626682764e-10,8.125030510009281e-05
2025-08-29T00:00:00Z,SPY,639.6245727539062,-0.0059637758926218,-0.0004029060745244,0.103876738889245,0.1536,0.0359,stable_low_volatility,0.1142788072070972,0.9998531579579478,1.0235542871456426e-09,0.00014684101964308524
2025-09-02T00:00:00Z,SPY,634.884765625,-0.0074102955558742,-0.0034242241077602,0.0962803007560394,0.17170000000000002,0.0366,stable_low_volatility,0.11431623533398316,0.9991596978219976,1.3810781572096894e-09,0.0008403007971059073
2025-09-03T00:00:00Z,SPY,638.3255615234375,0.0054195597134076,-0.0022010426855354,0.0950928426863092,0.1635,0.0361,stable_low_volatility,0.11428009253652946,0.9998293413674337,6.315122479929512e-11,0.00017065856880592827
2025-09-04T00:00:00Z,SPY,643.660400390625,0.0083575516770082,0.0038508262227805,0.0957394727061488,0.153,0.0359,stable_low_volatility,0.11427331297633218,0.9999549516466529,2.8277725052328034e-11,4.504832555375625e-05
2025-09-05T00:00:00Z,SPY,641.7960815429688,-0.002896432414554,-0.0025890487647974,0.0966191021999872,0.1518,0.0351,stable_low_volatility,0.11427309855761619,0.9999589243157788,1.1411066477887588e-11,4.107567359108153e-05
2025-09-08T00:00:00Z,SPY,643.3728637695312,0.0024568274439626,0.0058601423011106,0.0936020228007459,0.15109999999999998,0.0349,stable_low_volatility,0.11427166857062539,0.9999854188143993,3.847959456041085e-12,1.4581182120742084e-05
2025-09-09T00:00:00Z,SPY,644.8601684570312,0.0023117305240165,0.0157121471046972,0.0930850641668619,0.1504,0.0354,stable_low_volatility,0.11427181931561892,0.9999826258480897,5.860828125206432e-12,1.7374147236034827e-05
2025-09-10T00:00:00Z,SPY,646.724365234375,0.0028908542790047,0.0131575550427478,0.0864728897870501,0.1535,0.0354,stable_low_volatility,0.11427189240617576,0.9999812716385623,8.625581274164597e-12,1.8728351253334247e-05
2025-09-11T00:00:00Z,SPY,652.0987548828125,0.008310170355944,0.0131099481761911,0.090114665879075,0.1471,0.0352,stable_low_volatility,0.11427198862405946,0.9999794889329565,7.66910986141469e-12,2.0511058669136204e-05
2025-09-12T00:00:00Z,SPY,651.8805541992188,-0.0003346129431468,0.0157128922196057,0.0901831482150827,0.1476,0.0356,stable_low_volatility,0.11427162032860624,0.9999863126531583,1.3763677328276755e-11,1.368733243397294e-05
2025-09-15T00:00:00Z,SPY,655.3511962890625,0.0053240460502876,0.0186180257111716,0.0905592902144763,0.1569,0.0354,stable_low_volatility,0.11427329518868873,0.9999552812618417,4.777375122869385e-11,4.471869198238274e-05
2025-09-16T00:00:00Z,SPY,654.4488525390625,-0.0013768857905647,0.0148694004546354,0.0909168237116728,0.1636,0.0351,stable_low_volatility,0.11427417376650524,0.9999390031130276,3.484081181398495e-11,6.0996853245492425e-05
2025-09-17T00:00:00Z,SPY,653.6357421875,-0.0012424352925486,0.0106867427990289,0.087974588109966,0.1572,0.0352,stable_low_volatility,0.11427325298037001,0.9999560632580143,3.510255543142709e-11,4.393670799568923e-05
2025-09-18T00:00:00Z,SPY,656.6898193359375,0.0046724451423303,0.0070404435198623,0.0872275492759253,0.157,0.0357,stable_low_volatility,0.11427273615898087,0.9999656387891334,2.398511677271591e-11,3.436118548660328e-05
2025-09-19T00:00:00Z,SPY,659.9423217773438,0.004952874775332,0.0123669398115859,0.084990272802907,0.1545,0.0357,stable_low_volatility,0.11427260076566183,0.9999681473325744,2.34725784479785e-11,3.185264379744215e-05
2025-09-22T00:00:00Z,SPY,663.0645141601562,0.0047310079680962,0.0117697471443869,0.0707691377550912,0.161,0.0361,stable_low_volatility,0.11427225606342269,0.999974534006953,6.354719878060997e-11,2.546593096164047e-05
2025-09-23T00:00:00Z,SPY,659.4551391601562,-0.0054434748398075,0.0076496224291187,0.0720701846947309,0.16640000000000002,0.0353,stable_low_volatility,0.11427504927460042,0.9999227819991152,9.082287691392382e-11,7.721791003670878e-05
2025-09-24T00:00:00Z,SPY,657.3569946289062,-0.0031816334526136,0.0056931593565439,0.0734757036958153,0.1618,0.0357,stable_low_volatility,0.11427264881319878,0.9999672573443567,1.178579620939079e-10,3.27425394140542e-05
2025-09-25T00:00:00Z,SPY,654.3242797851562,-0.004613497488472,-0.0036022174870524,0.0763590912662263,0.1674,0.0364,stable_low_volatility,0.11427859476503223,0.9998570918583829,9.41022567427747e-11,0.00014290804775396075
2025-09-26T00:00:00Z,SPY,658.072998046875,0.0057291443669942,-0.0028325562231473,0.077692381810253,0.1529,0.0363,stable_low_volatility,0.11427201218636443,0.9999790524136524,2.226862878226546e-11,2.0947564714761828e-05
2025-09-29T00:00:00Z,SPY,659.9224243164062,0.0028103664411398,-0.0047387392578681,0.0731648322410006,0.1612,0.0363,stable_low_volatility,0.11427284737632401,0.9999635782017274,3.493326798981362e-11,3.642176192917778e-05
2025-09-30T00:00:00Z,SPY,662.4082641601562,0.0037668667591119,0.004478128722692,0.0652664009571388,0.16280000000000003,0.036000000000000004,stable_low_volatility,0.11427249405603755,0.9999701244584623,3.4909108368906754e-11,2.987550779419976e-05
2025-10-01T00:00:00Z,SPY,664.6654663085938,0.003407569425933,0.0111179644232937,0.0643103099021432,0.1629,0.0355,stable_low_volatility,0.1142721939538616,0.9999756846928355,3.803910011323272e-11,2.4315268028287153e-05
2025-10-02T00:00:00Z,SPY,665.4309692382812,0.0011517116030399,0.016974289043304,0.0598763079426253,0.1663,0.0355,stable_low_volatility,0.11427278477278581,0.9999647381515218,5.3443927450324425e-11,3.5261793722840274e-05
2025-10-03T00:00:00Z,SPY,665.421142578125,-1.476736222161268e-05,0.0111661541395238,0.0577991452095609,0.16649999999999998,0.0358,stable_low_volatility,0.1142725393518789,0.9999692852385563,4.194415089777455e-11,3.071471938828266e-05
2025-10-06T00:00:00Z,SPY,667.8074951171875,0.0035862289103361,0.0119484813824126,0.0581035424612329,0.1637,0.036000000000000004,stable_low_volatility,0.11427214847816534,0.9999765275341782,1.5394296727878205e-10,2.3472312241117037e-05
2025-10-07T00:00:00Z,SPY,665.3316040039062,-0.0037074922509618,0.0044131995355709,0.0613353531597797,0.1724,0.0357,stable_low_volatility,0.11427824848998105,0.9998635142164732,2.9235405851259503e-09,0.0001364828605622406
2025-10-08T00:00:00Z,SPY,669.2990112304688,0.0059630524127922,0.0069712436657927,0.0631453310427233,0.163,0.0358,stable_low_volatility,0.11430818818836726,0.9993088656638852,3.201883351269468e-08,0.0006911023176819573
2025-10-09T00:00:00Z,SPY,667.3600463867188,-0.0028970083792374,0.0028989891327806,0.0601362634305292,0.1643,0.036000000000000004,stable_low_volatility,0.11571908026787543,0.9731768862040003,3.7606159103736795e-06,0.026819353180959418
2025-10-10T00:00:00Z,SPY,649.32275390625,-0.0270278278990896,-0.0241927820470251,0.1179696414436687,0.21660000000000001,0.0352,transition_uncertainty,0.1687732531981081,2.0047673540757453e-10,0.004179270889274641,0.9958207289103908
2025-10-13T00:00:00Z,SPY,659.2860107421875,0.0153440746932087,-0.0127603904378231,0.1288596136975216,0.19030000000000002,0.0352,transition_uncertainty,0.16824984015664463,1.1043003119807906e-06,4.798664802369929e-05,0.9999509090529605
2025-10-14T00:00:00Z,SPY,658.4805908203125,-0.0012216548034567,-0.0102971407676487,0.1288339609040035,0.20809999999999998,0.0348,transition_uncertainty,0.16824436888670055,9.813890233344333e-07,4.744785614008099e-06,0.9999942738268383
2025-10-15T00:00:00Z,SPY,661.4039916992188,0.0044396158666792,-0.0117959527786175,0.1295005825631557,0.2064,0.035,transition_uncertainty,0.1682444055822492,1.1027013748828258e-06,5.086145491045128e-06,0.99999381115145
2025-10-16T00:00:00Z,SPY,656.899658203125,-0.0068102605255248,-0.015674279933642,0.1311260674548505,0.2531,0.034100000000000005,transition_uncertainty,0.16826312140930683,8.096975885070237e-12,0.00015235664415089127,0.9998476433488851
2025-10-17T00:00:00Z,SPY,660.62841796875,0.0056763003589079,0.0174114706353449,0.1315088369363625,0.2078,0.0346,transition_uncertainty,0.16824444745425787,1.2657800425490997e-06,5.4861574271286735e-06,0.9999932480614577
2025-10-20T00:00:00Z,SPY,667.499267578125,0.0104004753996216,0.012457805416941,0.1356106668113654,0.18230000000000002,0.0346,transition_uncertainty,0.16824096273342867,5.78934813169248e-05,2.1047578305660893e-06,0.9999400017614642
2025-10-21T00:00:00Z,SPY,667.4892578125,-1.4995920012528252e-05,0.0136809909324202,0.1338929589485065,0.17870000000000003,0.0345,transition_uncertainty,0.16822860640050724,0.00028510204420536015,1.3689006837762504e-06,0.9997135290547342
2025-10-22T00:00:00Z,SPY,664.0191040039062,-0.0051988159629207,0.0039538804384426,0.1348435896871558,0.18600000000000003,0.0345,transition_uncertainty,0.16823985579421677,7.836292825084139e-05,2.0878442517985304e-06,0.9999195492258789
2025-10-23T00:00:00Z,SPY,667.9566650390625,0.0059298911904996,0.0168321092846701,0.134715542644044,0.17300000000000001,0.0348,transition_uncertainty,0.16821897876459435,0.0004643327083063004,1.7317794225759203e-06,0.9995339355127125
2025-10-24T00:00:00Z,SPY,673.4155883789062,0.0081725711046307,0.0193560707689102,0.1361022576494646,0.1637,0.0348,transition_uncertainty,0.16820799597854288,0.0006694584880295564,2.430031657695126e-06,0.9993281114819066
2025-10-27T00:00:00Z,SPY,681.3603515625,0.0117977120231489,0.0207656916758378,0.1411323603072391,0.15789999999999998,0.0348,transition_uncertainty,0.16822104203886742,0.0004298916786696764,3.3452133269916202e-06,0.9995667631081164
2025-10-28T00:00:00Z,SPY,683.1700439453125,0.002655998956591,0.0234921924949049,0.1409620789284552,0.1642,0.0347,transition_uncertainty,0.16821679433001566,0.0005053313189925611,1.9558169745312416e-06,0.9994927128629173
2025-10-29T00:00:00Z,SPY,683.4981689453125,0.0004802976988058,0.0293350971740893,0.1408325627919278,0.16920000000000002,0.0359,transition_uncertainty,0.16823861111109123,0.0001034631619047682,2.95656395050803e-06,0.9998935802746138
2025-10-30T00:00:00Z,SPY,675.98095703125,-0.0109981449191913,0.0120131924901418,0.1476210365808864,0.1691,0.0361,transition_uncertainty,0.16824219134645454,3.803755254533274e-05,3.34354334984384e-06,0.9999586189054981
2025-10-31T00:00:00Z,SPY,678.1983642578125,0.0032802806107155,0.0071022648739387,0.1478458875790454,0.17440000000000003,0.036000000000000004,transition_uncertainty,0.1682373913151901,0.0001234800216469169,1.8559461423699206e-06,0.9998746640311706
2025-11-03T00:00:00Z,SPY,679.4711303710938,0.0018766870879645,-0.0027727195852735,0.1475674185143389,0.17170000000000002,0.036000000000000004,transition_uncertainty,0.16823430910267562,0.00017964926909884476,1.4565707849050505e-06,0.99981889415885
2025-11-04T00:00:00Z,SPY,671.4169921875,-0.0118535399424475,-0.0172036989355366,0.1536973941671983,0.19,0.0358,transition_uncertainty,0.16824470798698105,1.221501835136214e-07,7.055519005592305e-06,0.999992822329953
2025-11-05T00:00:00Z,SPY,673.7437133789062,0.0034653891969962,-0.014271370443403,0.1527701618564502,0.1801,0.0363,transition_uncertainty,0.16824374247160198,7.459448556481807e-06,2.5599583073901456e-06,0.9999899805945366
2025-11-06T00:00:00Z,SPY,666.514892578125,-0.010729333212666,-0.0140034484028924,0.1574752497927863,0.195,0.0357,transition_uncertainty,0.16824468279283386,7.336121567975858e-08,6.835850582022031e-06,0.9999930907890702
2025-11-07T00:00:00Z,SPY,667.1710815429688,0.0009845075813768,-0.0162596716477065,0.1198642318281039,0.1908,0.0355,transition_uncertainty,0.16824357316027871,1.4121197910813139e-05,4.061710933497366e-06,0.9999818170924859
2025-11-10T00:00:00Z,SPY,677.5819091796875,0.0156044347915105,-0.0027804289350372,0.1202605753886782,0.17600000000000002,0.0358,transition_uncertainty,0.16823373690973414,0.00019783820450731227,4.689248426599122e-06,0.999797472545272
2025-11-11T00:00:00Z,SPY,679.1329956054688,0.0022891497024457,0.0114921181735805,0.1199023447788923,0.1728,0.0358,transition_uncertainty,0.1680299951111907,0.003965221980521398,1.4920478758757412e-06,0.9960332859706675
2025-11-12T00:00:00Z,SPY,679.5108642578125,0.000556398606442,0.0085598585402502,0.1194534202613479,0.1751,0.0356,transition_uncertainty,0.1680507326430217,0.0035810936548551554,1.5314918322523702e-06,0.9964173748540478
2025-11-13T00:00:00Z,SPY,668.2350463867188,-0.0165940214707378,0.0025808182649003,0.1328649628023229,0.2,0.0358,transition_uncertainty,0.16824540374312577,3.972721122267712e-07,1.26649416787793e-05,0.9999869377877993
2025-11-14T00:00:00Z,SPY,668.125732421875,-0.000163586099584,0.0014308936722773,0.1316745308280655,0.19829999999999998,0.0362,transition_uncertainty,0.16824365845022834,9.902263976750763e-06,2.937481241062592e-06,0.9999871602545982
2025-11-17T00:00:00Z,SPY,661.901123046875,-0.0093165239309621,-0.0231422739013152,0.1308347389849128,0.2238,0.036000000000000004,transition_uncertainty,0.16824944875056755,1.163493638210388e-09,4.4426944874475934e-05,0.9999555718906518
2025-11-18T00:00:00Z,SPY,656.3428344726562,-0.0083974605582065,-0.0335577291639237,0.1338652302594623,0.2469,0.0358,transition_uncertainty,0.16830656794083998,3.382920536856994e-13,0.0004953179254689183,0.9995046820745864
2025-11-19T00:00:00Z,SPY,658.87841796875,0.0038631997835871,-0.0303636738929818,0.1338086049141316,0.2366,0.0358,transition_uncertainty,0.1683230005315594,4.125317643276956e-11,0.0006250346824670851,0.9993749652765134
2025-11-20T00:00:00Z,SPY,648.8355712890625,-0.0152423366827654,-0.0290309153980371,0.1416008763861537,0.26420000000000005,0.0355,transition_uncertainty,0.1688338953039538,2.457919464007744e-16,0.004657971719728383,0.9953420282808882
2025-11-21T00:00:00Z,SPY,655.2987670898438,0.0099612229766328,-0.0191984303396534,0.1433226888367816,0.2343,0.0351,transition_uncertainty,0.16829243114706455,8.085978074605309e-11,0.00038372394396756924,0.9996162759753395
2025-11-24T00:00:00Z,SPY,664.9437866210938,0.0147185070621804,0.0045968551317947,0.1471297965559494,0.2052,0.0346,transition_uncertainty,0.16824513369048594,1.0536564215216898e-07,1.040881672382923e-05,0.9999894858163088
2025-11-25T00:00:00Z,SPY,671.1981811523438,0.0094058996521069,0.0226335169662104,0.1513390341630546,0.1856,0.034300000000000004,transition_uncertainty,0.16824406847611065,3.3352395410280076e-06,3.376253857876145e-06,0.9999932885082339
2025-11-26T00:00:00Z,SPY,675.8318481445312,0.0069035750130195,0.0257307413832841,0.1537892196290645,0.17190000000000003,0.0345,transition_uncertainty,0.16824307794740614,2.0360725473711475e-05,2.8109494156963304e-06,0.9999768283261646
2025-11-28T00:00:00Z,SPY,679.5208129882812,0.0054584063386149,0.0472927858105181,0.1499610015874705,0.1635,0.0347,transition_uncertainty,0.16824469078130047,1.5563233081880577e-06,7.530737518806496e-06,0.9999909129377522
2025-12-01T00:00:00Z,SPY,676.4185180664062,-0.0045654156025511,0.0322291938230778,0.150456893079292,0.1724,0.0354,transition_uncertainty,0.1682319227194582,0.0002278205639413887,3.1424084581855504e-06,0.9997690370279383
2025-12-02T00:00:00Z,SPY,677.67138671875,0.001852209274112,0.019140866271315,0.1504525968704266,0.1659,0.0351,transition_uncertainty,0.16711758141263802,0.02087043014652228,1.5715684264875076e-06,0.9791279982857871
2025-12-03T00:00:00Z,SPY,680.0180053710938,0.0034627677932603,0.0131404173408331,0.1442421448611993,0.1608,0.0349,transition_uncertainty,0.1614750679474854,0.12541292406911053,1.1942678492429745e-06,0.8745858816639047
2025-12-04T00:00:00Z,SPY,680.51513671875,0.0007310561539983,0.006929665399872,0.1438585483695687,0.1578,0.0352,transition_uncertainty,0.15506741851275488,0.24413235804669622,1.0944703133325617e-06,0.755866547483024
2025-12-05T00:00:00Z,SPY,681.8078002929688,0.0018995368427094,0.003365588310136,0.1375671104905571,0.15410000000000001,0.0356,transition_uncertainty,0.1507533349395631,0.3240634435044119,1.3474092138321799e-06,0.6759352090871925
2025-12-08T00:00:00Z,SPY,679.7594604492188,-0.0030042775146746,0.0049391645757463,0.138352809824169,0.1666,0.0357,transition_uncertainty,0.14954521217626157,0.34644626167663745,9.031499050654069e-07,0.6535528351748898
2025-12-09T00:00:00Z,SPY,679.1727294921875,-0.0008631449669616,0.0022154436543453,0.1272775850436158,0.1693,0.0361,transition_uncertainty,0.14765850987156362,0.38140259092139367,8.520646221014038e-07,0.6185965570146512
2025-12-10T00:00:00Z,SPY,683.6771850585938,0.0066322680090147,0.0053810041184176,0.1291663836931182,0.1577,0.0354,transition_uncertainty,0.14656142780705622,0.40173052840909784,1.4557047085474264e-06,0.5982680158877494
2025-12-11T00:00:00Z,SPY,685.26806640625,0.0023269481305272,0.006984311488525,0.1293591477586267,0.1485,0.0352,transition_uncertainty,0.14699719226880906,0.3936575551200868,1.7901318657521831e-06,0.6063406547485405
2025-12-12T00:00:00Z,SPY,677.9000244140625,-0.0107520579950962,-0.0057314918914496,0.1203349655070983,0.1574,0.0352,transition_uncertainty,0.15577953084973595,0.23095620108779463,8.644312231273158e-06,0.76903515460137
2025-12-15T00:00:00Z,SPY,676.8758544921875,-0.0015107978831542,-0.0042420975724642,0.1205609491998079,0.165,0.0351,transition_uncertainty,0.1585340712272935,0.17990601776103457,2.423445711710588e-06,0.8200915587918771
2025-12-16T00:00:00Z,SPY,675.0264282226562,-0.0027322975952787,-0.0061049289664963,0.1154503637336946,0.1648,0.0348,transition_uncertainty,0.16312969443437075,0.09476444156700407,4.650238732136323e-06,0.9052309081939057
2025-12-17T00:00:00Z,SPY,667.5986938476562,-0.0110036201020413,-0.0235176652992442,0.1186308671965851,0.17620000000000002,0.0349,transition_uncertainty,0.1674995460700946,0.0138202756569035,1.2994771152871243e-05,0.9861667295724963
2025-12-18T00:00:00Z,SPY,672.6399536132812,0.0075513325776148,-0.0184279895883582,0.1205616265204148,0.16870000000000002,0.0346,transition_uncertainty,0.16416181808260608,0.07563163332015563,4.645292285905334e-07,0.9243679021504714
2025-12-19T00:00:00Z,SPY,678.7363891601562,0.0090634454794518,0.0012337582474888,0.1068787048986692,0.1491,0.0348,stable_low_volatility,0.11911709401980974,0.9102103461112747,7.1739888433031615e-09,0.08978964671507816
2025-12-22T00:00:00Z,SPY,682.96484375,0.0062298922783201,0.0089957253127024,0.1041329174035753,0.1408,0.0344,stable_low_volatility,0.11434032604207663,0.998713346803214,5.411619719694904e-11,0.001286653141627979
2025-12-23T00:00:00Z,SPY,686.0863037109375,0.0045704548184328,0.0163843592278334,0.0936600215438922,0.14,0.0348,stable_low_volatility,0.11427196624344142,0.9999799036031892,8.659371439999669e-12,2.009638879993059e-05
2025-12-24T00:00:00Z,SPY,688.4996948242188,0.0035176203055324,0.0313077319790742,0.0894061530185107,0.13470000000000001,0.0347,stable_low_volatility,0.11427243263227573,0.9999712624467273,1.2340693143721604e-11,2.873754012786086e-05
2025-12-26T00:00:00Z,SPY,688.4298706054688,-0.0001014150322431,0.0234745451966797,0.0870008822478143,0.136,0.0346,stable_low_volatility,0.11427134382908596,0.9999914355542612,2.1889308245692797e-12,8.564442761875963e-06
2025-12-29T00:00:00Z,SPY,685.9765625,-0.0035636282070548,0.0106671359536247,0.0866723096653457,0.142,0.0345,stable_low_volatility,0.1142712483953674,0.9999932037329863,1.1743609723967766e-12,6.7962663160402525e-06
2025-12-30T00:00:00Z,SPY,685.138916015625,-0.0012211007345822,0.0031832857657616,0.0848802390687192,0.1433,0.0345,stable_low_volatility,0.11427119367040872,0.9999942176822344,1.0099130651431573e-11,5.782306549371432e-06
2025-12-31T00:00:00Z,SPY,680.062744140625,-0.0074089673733906,-0.0087795945462428,0.0894052944829825,0.1495,0.0347,stable_low_volatility,0.11427501503925379,0.9999234162792335,7.884032697984451e-11,7.658364269495983e-05
2026-01-02T00:00:00Z,SPY,681.309326171875,0.0018330397334518,-0.0104435320834521,0.088798341192376,0.1451,0.0347,stable_low_volatility,0.1142725727901849,0.9999686656699702,2.8669039657636505e-11,3.133430154723219e-05
2026-01-05T00:00:00Z,SPY,685.846923828125,0.0066601138160631,-0.0037519388504627,0.0917849549832124,0.149,0.0346,stable_low_volatility,0.11427233781379306,0.9999730192250432,9.43425922393378e-12,2.698076694579518e-05
2026-01-06T00:00:00Z,SPY,689.92578125,0.0059471833730893,0.0057570753373954,0.0937578149397292,0.1475,0.0347,stable_low_volatility,0.11427169938039468,0.9999848479839931,8.518858644556236e-12,1.5152006564829433e-05
2026-01-07T00:00:00Z,SPY,687.701904296875,-0.0032233567922274,0.0037408301022439,0.0938729259077268,0.15380000000000002,0.0347,stable_low_volatility,0.11427242445941846,0.9999714138659791,1.056228599574818e-11,2.858612212010593e-05
2026-01-08T00:00:00Z,SPY,687.632080078125,-0.0001015326819857,0.0111303493724908,0.0937563234079772,0.1545,0.0349,stable_low_volatility,0.11427203140064,0.9999786963794641,6.157611165522963e-12,2.1303615637667292e-05
2026-01-09T00:00:00Z,SPY,692.1796264648438,0.0066133423940926,0.0159550146686624,0.0937404104646399,0.1449,0.0354,stable_low_volatility,0.11427196831725843,0.99997986517963,8.470653052829678e-12,2.0134812598389663e-05
2026-01-12T00:00:00Z,SPY,693.2666625976562,0.0015704538117717,0.010818359770599,0.0935963370571452,0.1512,0.0354,stable_low_volatility,0.11427170480876689,0.99998474740996,9.770077381648523e-12,1.5252578975515613e-05
2026-01-13T00:00:00Z,SPY,691.8804931640625,-0.0019994751058702,0.0028332205683356,0.084121382100833,0.1598,0.0353,stable_low_volatility,0.11427312180935073,0.9999584939533808,1.985017594453846e-10,4.1505849553554685e-05
2026-01-14T00:00:00Z,SPY,688.479736328125,-0.0049152373416185,0.0011310598769467,0.0863298175628079,0.1675,0.0351,stable_low_volatility,0.114286136191668,0.9997173721694167,2.8144145804855965e-09,0.00028262501490487784
2026-01-15T00:00:00Z,SPY,690.3546142578125,0.0027232143965294,0.0039592890712403,0.0854921651400736,0.1584,0.0356,stable_low_volatility,0.1143124034266915,0.9992307246683909,1.4169905131607518e-08,0.0007692611635174361
2026-01-16T00:00:00Z,SPY,689.7761840820312,-0.0008378739908954,-0.0034722813138657,0.0729423113501163,0.1586,0.0359,stable_low_volatility,0.1156817610230634,0.973862146560816,1.126202267403939e-06,0.026136727236543235
2026-01-20T00:00:00Z,SPY,675.7345581054688,-0.020356785723545,-0.0252891209660869,0.1042807132742417,0.2009,0.036000000000000004,transition_uncertainty,0.16828470336963441,0.00014189093831354713,0.000383175234626169,0.9994749338272609
2026-01-21T00:00:00Z,SPY,683.5332641601562,0.0115410792020944,-0.0120645531798898,0.1073417793509816,0.16899999999999998,0.036000000000000004,transition_uncertainty,0.1628518897536702,0.09990301853002366,1.0144898786527557e-06,0.9000959669800591
2026-01-22T00:00:00Z,SPY,687.103515625,0.0052232300197276,-0.0019989269553012,0.1066739592767889,0.1564,0.0361,stable_low_volatility,0.11837587641270027,0.9239435201453023,2.4227104181890306e-08,0.07605645562664395
2026-01-23T00:00:00Z,SPY,687.352783203125,0.0003627802397405,-0.0043482450796895,0.1054857086956479,0.16090000000000002,0.036000000000000004,stable_low_volatility,0.11470844576267476,0.9918929043663647,3.1739084273885247e-09,0.008107092461095108
2026-01-26T00:00:00Z,SPY,690.84326171875,0.0050781470606098,0.0015469911274754,0.1062948278082269,0.16149999999999998,0.0356,stable_low_volatility,0.1143503609586439,0.998527427400993,2.421614053622834e-09,0.0014725701767002324
2026-01-27T00:00:00Z,SPY,693.5957641601562,0.0039842647296846,0.0264322814934376,0.1071389611167362,0.1635,0.0353,stable_low_volatility,0.11436868083838074,0.99818801913962,1.0457871408515289e-08,0.0018119704032625392
2026-01-28T00:00:00Z,SPY,693.5259399414062,-0.0001006699036498,0.0146191506766357,0.1061483539675725,0.1635,0.0356,stable_low_volatility,0.11444140006304299,0.9968407154851402,2.0612078070790465e-08,0.003159263904079538
2026-01-29T00:00:00Z,SPY,692.1497192382812,-0.0019843824489698,0.0073441679434447,0.1063518409254234,0.1688,0.0353,stable_low_volatility,0.11539292754138593,0.9792115059541319,2.355184623574467e-07,0.020788258526806495
2026-01-30T00:00:00Z,SPY,690.0853271484375,-0.0029825802604032,0.0039754606543944,0.1030648347004141,0.17440000000000003,0.0352,stable_low_volatility,0.11845691143932231,0.9224441830054686,9.035595023979367e-07,0.07755491343407521
2026-02-02T00:00:00Z,SPY,693.5159912109375,0.0049713621309355,0.0038687928800782,0.10410028220918,0.1634,0.0357,stable_low_volatility,0.12323300779489979,0.8339545394909414,1.2998807332814582e-06,0.1660441606270795
2026-02-03T00:00:00Z,SPY,687.6520385742188,-0.0084553964307005,-0.0085694375500324,0.1068330497370875,0.18,0.0357,transition_uncertainty,0.1645434559988536,0.06860690015323898,2.0139369073150088e-05,0.9313729604784702
2026-02-04T00:00:00Z,SPY,684.3211059570312,-0.0048439216788971,-0.0132725157838402,0.1059251904579398,0.1864,0.0357,transition_uncertainty,0.16807928017802207,0.0030648883721594166,6.949993814267863e-06,0.9969281616331684
2026-02-05T00:00:00Z,SPY,675.7744750976562,-0.0124892112562017,-0.0236585289070783,0.1140962154681838,0.2177,0.0347,transition_uncertainty,0.16824913593395377,9.93750342330152e-09,4.196134960898356e-05,0.9999580287116905
2026-02-06T00:00:00Z,SPY,688.739013671875,0.0191847118409513,-0.001950937693641,0.1341961606872157,0.1776,0.035,transition_uncertainty,0.16824476984556558,3.0152020823082023e-06,8.776421810172801e-06,0.9999882083761258
2026-02-09T00:00:00Z,SPY,692.0599975585938,0.0048218321030104,-0.0020994377502405,0.1331950679273549,0.1736,0.0348,transition_uncertainty,0.16822034967332172,0.00043891671612937674,1.7249342374236774e-06,0.9995593583505431
2026-02-10T00:00:00Z,SPY,690.2349243164062,-0.0026371604320808,0.0037560940669103,0.1333717808813222,0.1779,0.0345,transition_uncertainty,0.1682192166741109,0.00045936132992625784,1.4917243855210262e-06,0.9995391469456711
2026-02-11T00:00:00Z,SPY,690.075439453125,-0.0002310588144163,0.0084088207217374,0.1332059371658534,0.1765,0.0352,transition_uncertainty,0.16821963139888854,0.0004519645243919904,1.6140590864362592e-06,0.999546421416578
2026-02-12T00:00:00Z,SPY,679.41455078125,-0.0154488742279012,0.0053865243771862,0.1432652192410697,0.2082,0.0347,transition_uncertainty,0.16824587450198086,1.7176562073878225e-08,1.621911328881008e-05,0.9999837637087027
2026-02-13T00:00:00Z,SPY,679.8931884765625,0.0007044854938154,-0.0128435082371082,0.1428120756979137,0.20600000000000002,0.034,transition_uncertainty,0.16824440781867803,3.056252603367008e-07,4.764200531176643e-06,0.9999949301728798
2026-02-17T00:00:00Z,SPY,680.9901733398438,0.001613466470725,-0.0159954689735014,0.1430597305209424,0.2029,0.034300000000000004,transition_uncertainty,0.16824431184750827,4.189038214309533e-07,4.054876781386005e-06,0.9999955262201212
2026-02-18T00:00:00Z,SPY,684.4208374023438,0.005037758541617,-0.0084233450224511,0.1232539953891629,0.1962,0.0347,transition_uncertainty,0.16824332054161173,1.559548532343941e-05,2.6957034282386672e-06,0.9999817088100215
2026-02-19T00:00:00Z,SPY,682.61572265625,-0.0026374339404172,-0.0108100018786159,0.1168101486722597,0.2023,0.0347,transition_uncertainty,0.1682437772205897,8.238668267217735e-06,3.166256389309815e-06,0.999988595074236
2026-02-20T00:00:00Z,SPY,687.5523071289062,0.0072318645891229,0.0119776009187597,0.1182126743685053,0.19090000000000001,0.0348,transition_uncertainty,0.1682414842734429,5.081759246946504e-05,3.207007194453652e-06,0.999945975400448
2026-02-23T00:00:00Z,SPY,680.531494140625,-0.0102113147108746,0.0009388322678931,0.1237094410375901,0.2101,0.034300000000000004,transition_uncertainty,0.1682446951724373,4.886475916377106e-07,7.110510976371315e-06,0.9999924008404806
2026-02-24T00:00:00Z,SPY,685.4779052734375,0.007268452930395,0.006590009825816,0.1252398576908234,0.1955,0.034300000000000004,transition_uncertainty,0.16824242352280527,3.1519144334134204e-05,2.3991112419351007e-06,0.9999660817452238
2026-02-25T00:00:00Z,SPY,691.26220703125,0.0084383489435813,0.0099958523397272,0.1282364957749081,0.1793,0.0345,transition_uncertainty,0.16823171865059644,0.0002282323926907752,1.7069763066044524e-06,0.9997700606320068
2026-02-26T00:00:00Z,SPY,687.422607421875,-0.005554476391621,0.007041860604851,0.1296597963733723,0.1863,0.0342,transition_uncertainty,0.168239550667475,8.377599242270427e-05,1.9854784910781476e-06,0.999914238527437
2026-02-27T00:00:00Z,SPY,684.1216430664062,-0.0048019432585273,-0.0049896771880904,0.1304921139094925,0.1986,0.0338,transition_uncertainty,0.1682438833593025,6.0016668981106755e-06,3.051015437747961e-06,0.9999909473163401
2026-03-02T00:00:00Z,SPY,684.5106201171875,0.0005685787823312,0.0058470857128916,0.1302335221364604,0.2144,0.0347,transition_uncertainty,0.1682443467312169,8.898344289122251e-07,4.5308881468082914e-06,0.9999945792771124
2026-03-03T00:00:00Z,SPY,678.4771118164062,-0.0088143384827956,-0.0102130111024346,0.1319056243970237,0.23570000000000002,0.0351,transition_uncertainty,0.16824837983404028,6.554632243831441e-10,3.598883695028922e-05,0.9999640105089245
2026-03-04T00:00:00Z,SPY,683.2639770507812,0.0070553083530846,-0.0115704719556687,0.1318708554868245,0.2115,0.0354,transition_uncertainty,0.1682469328931237,2.8777110693545904e-07,2.4689202351429477e-05,0.999975023026282
2026-03-05T00:00:00Z,SPY,679.4544067382812,-0.0055755468463938,-0.0115914149426622,0.1322317012189929,0.23750000000000002,0.0357,transition_uncertainty,0.16852358401019288,8.374310774685643e-10,0.002208414979008829,0.9977915841849128
2026-03-06T00:00:00Z,SPY,670.5487060546875,-0.0131071350708364,-0.0198399468125016,0.1330146897781024,0.2949,0.0356,transition_uncertainty,0.1739327491407512,5.0412707129553264e-18,0.04490766243775203,0.9550923375626958
2026-03-09T00:00:00Z,SPY,676.4227294921875,0.008760025013039,-0.0118155809235148,0.1172023146193386,0.255,0.0356,transition_uncertainty,0.16950946905247383,2.936254238186533e-11,0.00999086326134715,0.9900091367099919
2026-03-10T00:00:00Z,SPY,675.3356323242188,-0.0016071269053671,-0.0046301922901675,0.1152513368831948,0.2493,0.0357,transition_uncertainty,0.16841262871582996,8.70590981762451e-10,0.001332548294825124,0.9986674508349914
2026-03-11T00:00:00Z,SPY,674.4879760742188,-0.0012551629285171,-0.0128442319093755,0.1151302028884135,0.24230000000000002,0.0364,transition_uncertainty,0.16838011172369452,2.349822315002487e-09,0.0010758640064174518,0.9989241336450158
2026-03-12T00:00:00Z,SPY,664.2459106445312,-0.0151849488693635,-0.0223833945926679,0.1254898590281262,0.2729,0.0376,transition_uncertainty,0.16956389876495795,1.2813998492229096e-15,0.010420524340069617,0.9895794756591236
2026-03-13T00:00:00Z,SPY,660.4862060546875,-0.0056601095010063,-0.0150063670381302,0.1157393624687725,0.27190000000000003,0.0373,transition_uncertainty,0.1691451795361116,3.1650886966121274e-13,0.007115209068672794,0.9928847909295275
2026-03-16T00:00:00Z,SPY,667.2078857421875,0.0101768661114831,-0.0136229067241987,0.1226499904742364,0.23510000000000003,0.0368,transition_uncertainty,0.16829094587030496,1.855292970160713e-09,0.00037200011584036545,0.9996279980305979
2026-03-17T00:00:00Z,SPY,668.9630126953125,0.0026305548699752,-0.0094362259651166,0.1229827459365909,0.2237,0.0368,transition_uncertainty,0.16825996345457914,9.462000621666783e-08,0.00012746847062603542,0.9998724369093684
2026-03-18T00:00:00Z,SPY,659.6285400390625,-0.0139536453871201,-0.0220306907791654,0.1292923995089017,0.2509,0.0376,transition_uncertainty,0.16894300378823598,9.315686000139825e-13,0.005519259939481198,0.994480740060971
2026-03-19T00:00:00Z,SPY,658.0029907226562,-0.0024643404851918,-0.009398507121884,0.129279694063074,0.24059999999999998,0.0379,transition_uncertainty,0.1705100074804381,1.5206297000394946e-09,0.017888984450433947,0.9821110140278643
2026-03-20T00:00:00Z,SPY,648.5700073242188,-0.0143357758725042,-0.018041555783047,0.1320036767361257,0.26780000000000004,0.0388,transition_uncertainty,0.1998323371854361,3.263812311156331e-15,0.24935565053321107,0.7506443494658963
2026-03-23T00:00:00Z,SPY,655.3800048828125,0.0105000192449378,-0.017727429654429,0.1370897101866064,0.2615,0.0383,transition_uncertainty,0.20668502230458016,1.793022419858632e-13,0.3034498578700956,0.6965501421294571
2026-03-24T00:00:00Z,SPY,653.1799926757812,-0.0033568497522664,-0.02359326258703,0.1328294142188883,0.2695,0.039,transition_uncertainty,0.21536116535638697,4.4494087068382424e-14,0.37193820557196683,0.6280617944281215
2026-03-25T00:00:00Z,SPY,656.8200073242188,0.0055727589473859,-0.0042577489365112,0.1301123839170236,0.25329999999999997,0.0384,transition_uncertainty,0.22235725702061185,2.0971997159438052e-10,0.42716444566291284,0.5728355541266594
2026-03-26T00:00:00Z,SPY,645.0900268554688,-0.0178587441581387,-0.0196244759510982,0.1409889353786676,0.27440000000000003,0.0396,stress_high_volatility,0.2869043050027715,4.337103460333888e-17,0.9366904687096221,0.06330953129165552
2026-03-27T00:00:00Z,SPY,634.0900268554688,-0.0170518835233279,-0.0223260099992744,0.1494926307871176,0.3105,0.0388,stress_high_volatility,0.2949157869456947,2.1468072733381305e-25,0.9999320678481267,6.793215039320463e-05
2026-03-30T00:00:00Z,SPY,631.969970703125,-0.0033434623831846,-0.035719787001853,0.1486194853482038,0.3061,0.0382,stress_high_volatility,0.2949022639323855,1.372059816863089e-25,0.9998253189341212,0.00017468106535605815
2026-03-31T00:00:00Z,SPY,650.3400268554688,0.0290679256989148,-0.0043479069355423,0.1870224509135955,0.2525,0.0379,stress_high_volatility,0.2882217810771125,5.47798257822811e-22,0.9470904539256839,0.052909546075412435
2026-04-01T00:00:00Z,SPY,655.239990234375,0.00753446378289,-0.002405555665517,0.1873384189294468,0.2454,0.0381,transition_uncertainty,0.18630909661392112,6.863938594880363e-14,0.14260494381768166,0.8573950561830703
2026-04-02T00:00:00Z,SPY,655.8300170898438,0.0009004744280911,0.0166488238652948,0.1871481389082978,0.23870000000000002,0.0379,transition_uncertainty,0.1696986851999242,1.470614786240459e-11,0.011484510975270066,0.988515489011448
2026-04-06T00:00:00Z,SPY,658.9299926757812,0.004726797348638,0.0391741941495231,0.1834079129095142,0.24170000000000003,0.0384,transition_uncertainty,0.16869862330037244,4.2400939267579675e-13,0.0035901520731488152,0.996409847926448
2026-04-07T00:00:00Z,SPY,659.219970703125,0.0004400741058487,0.0431191374009145,0.1799850079008148,0.25780000000000003,0.0381,transition_uncertainty,0.1686841215883774,5.894232866187453e-15,0.003475677438828705,0.9965243225618996
2026-04-08T00:00:00Z,SPY,676.010009765625,0.0254695546383276,0.0394716330690516,0.2029516497668247,0.2104,0.0379,transition_uncertainty,0.16858641265974164,4.870431718947776e-15,0.0027043758314384742,0.9972956241696174
2026-04-09T00:00:00Z,SPY,679.9099731445312,0.0057690911710883,0.037650301077216,0.2038761788670852,0.1949,0.0378,transition_uncertainty,0.16825849362471754,3.2829119891015897e-10,0.0001158256494290135,0.9998841740233774
2026-04-10T00:00:00Z,SPY,679.4600219726562,-0.0006617805145495,0.0360306851883167,0.1953672881592848,0.1923,0.0381,transition_uncertainty,0.16824551469599844,2.7487059122033195e-09,1.337270123583263e-05,0.9999866245510508
2026-04-13T00:00:00Z,SPY,686.0999755859375,0.0097723977843517,0.0412334894634625,0.1958967282185751,0.1912,0.0378,transition_uncertainty,0.1682471004794042,3.8804224027313994e-10,2.588966570004961e-05,0.9999741099459287
2026-04-14T00:00:00Z,SPY,694.4600219726562,0.0121848807523701,0.0534571961343102,0.1971252814714943,0.18359999999999999,0.0376,transition_uncertainty,0.16825388185230936,1.532676427484375e-11,7.942078408150593e-05,0.9999205792008599
2026-04-15T00:00:00Z,SPY,699.9400024414062,0.0078909948670389,0.0353988732860299,0.1982176276685013,0.18170000000000003,0.0376,transition_uncertainty,0.16824584022460223,5.890338253365183e-09,1.5943723876253877e-05,0.9999840503840951
2026-04-16T00:00:00Z,SPY,701.6599731445312,0.0024573116226043,0.0319895292893086,0.1886254628933567,0.1794,0.0378,transition_uncertainty,0.16824463462224482,1.0088559490490771e-07,6.467325729517092e-06,0.9999934317890777
2026-04-17T00:00:00Z,SPY,710.1400146484375,0.012085685130224,0.0451534920137155,0.1899670685477581,0.1748,0.0371,transition_uncertainty,0.1682475780701298,1.467136558813706e-09,2.966016409343146e-05,0.9999703383688862
2026-04-20T00:00:00Z,SPY,708.719970703125,-0.0019996675529057,0.0329689490192297,0.1789267063945197,0.1887,0.037200000000000004,transition_uncertainty,0.16824448680424658,6.507688956263994e-08,5.285212414882825e-06,0.9999946497116409
2026-04-21T00:00:00Z,SPY,704.0800170898438,-0.0065469491549362,0.0138524822348466,0.1815195173416899,0.195,0.0378,transition_uncertainty,0.16824440883855996,8.500608976300714e-08,4.678251581562845e-06,0.9999952367438466
2026-04-22T00:00:00Z,SPY,711.2100219726562,0.0101266968380706,0.0161014079663113,0.1809657051217147,0.18920000000000003,0.0379,transition_uncertainty,0.16824433766512661,1.4557230952662628e-07,4.14222205475928e-06,0.9999957122073351
2026-04-23T00:00:00Z,SPY,708.4500122070312,-0.0038807239498251,0.0096771076053689,0.1831574012742,0.1931,0.0383,transition_uncertainty,0.16824428733197191,1.7406743266017504e-07,3.757041217549526e-06,0.9999960688915014
2026-04-24T00:00:00Z,SPY,713.9400024414062,0.0077492979600242,0.0053510402379592,0.1643395056271192,0.18710000000000002,0.0378,transition_uncertainty,0.16824389936879916,3.309940101709131e-06,2.030565827962055e-06,0.9999946594941136
2026-04-27T00:00:00Z,SPY,715.1699829101562,0.001722806488702,0.0091009319246813,0.1426229410735181,0.1802,0.0378,transition_uncertainty,0.16823821344971654,0.0001066171989437282,1.161273665168645e-06,0.9998922215259264
2026-04-28T00:00:00Z,SPY,711.6900024414062,-0.0048659487281461,0.0108084097927061,0.1440504974227916,0.1783,0.0384,transition_uncertainty,0.1682330383012944,0.00020310852785009604,1.4199736210562355e-06,0.9997954714967556
2026-04-29T00:00:00Z,SPY,711.5800170898438,-0.0001545410939948,0.0005202332725307,0.1176875875744649,0.1881,0.0392,transition_uncertainty,0.1681581620751828,0.0015905183991239886,1.470197878414192e-06,0.9984080114017085
2026-04-30T00:00:00Z,SPY,718.6599731445312,0.0099496274272041,0.014411688561756,0.11880044391096,0.16890000000000002,0.0388,transition_uncertainty,0.16784152823308926,0.007459283153771507,2.422524087870237e-06,0.9925382943206836
2026-05-01T00:00:00Z,SPY,720.6500244140625,0.0027691138283709,0.0093985796421414,0.1182089749471985,0.1699,0.0388,transition_uncertainty,0.16755372778706332,0.012789041212527651,1.3352310821074305e-06,0.987209623558149
2026-05-04T00:00:00Z,SPY,718.010009765625,-0.0036633796697419,0.0039711214443203,0.1218963757431056,0.1829,0.0395,transition_uncertainty,0.16776224571191317,0.008926335384124521,1.6220818443740143e-06,0.9910720425334076
2026-05-05T00:00:00Z,SPY,723.77001953125,0.0080221858849922,0.0169737063165198,0.1216768442297367,0.1829,0.0395,transition_uncertainty,0.16765754209385603,0.010953739079171038,3.889155618166566e-05,0.9890073693639777
