contractSymbol,lastTradeDate,strike,lastPrice,bid,ask,change,percentChange,volume,openInterest,impliedVolatility,inTheMoney,contractSize,currency,underlying_symbol,option_type,expiration_date,quote_timestamp,downloaded_at,source
SPY260529C00435000,2026-05-07 13:55:47+00:00,435.0,300.34,296.84,299.66,5.25,1.7791183,1.0,27.0,1.0871627673339845,True,REGULAR,USD,SPY,call,2026-05-29,2026-05-05,2026-05-07T20:54:04+00:00,yfinance
SPY260529C00450000,2026-05-01 15:59:06+00:00,450.0,274.0,281.88,284.7,0.0,0.0,5.0,204.0,1.0288134497070316,True,REGULAR,USD,SPY,call,2026-05-29,2026-05-05,2026-05-07T20:54:04+00:00,yfinance
SPY260529C00455000,2026-03-26 16:33:02+00:00,455.0,199.0,0.0,0.0,0.0,0.0,1.0,0.0,1.0000000000000003e-05,True,REGULAR,USD,SPY,call,2026-05-29,2026-05-05,2026-05-07T20:54:04+00:00,yfinance
SPY260529C00460000,2026-04-21 20:09:44+00:00,460.0,248.2,271.91,274.73,0.0,0.0,10.0,25.0,0.991211025390625,True,REGULAR,USD,SPY,call,2026-05-29,2026-05-05,2026-05-07T20:54:04+00:00,yfinance
SPY260529C00470000,2026-03-20 13:48:23+00:00,470.0,192.76,241.48,244.28,0.0,0.0,60.0,60.0,1.0000000000000003e-05,True,REGULAR,USD,SPY,call,2026-05-29,2026-05-05,2026-05-07T20:54:04+00:00,yfinance
SPY260529C00475000,2026-03-03 14:30:00+00:00,475.0,205.01,0.0,0.0,0.0,0.0,1.0,0.0,1.0000000000000003e-05,True,REGULAR,USD,SPY,call,2026-05-29,2026-05-05,2026-05-07T20:54:04+00:00,yfinance
SPY260529C00480000,2026-03-27 14:43:26+00:00,480.0,164.61,0.0,0.0,0.0,0.0,3.0,0.0,1.0000000000000003e-05,True,REGULAR,USD,SPY,call,2026-05-29,2026-05-05,2026-05-07T20:54:04+00:00,yfinance
SPY260529C00485000,2026-02-19 14:40:44+00:00,485.0,203.85,0.0,0.0,0.0,0.0,4.0,0.0,1.0000000000000003e-05,True,REGULAR,USD,SPY,call,2026-05-29,2026-05-05,2026-05-07T20:54:04+00:00,yfinance
SPY260529C00490000,2026-02-25 14:30:05+00:00,490.0,205.75,0.0,0.0,0.0,0.0,,0.0,1.0000000000000003e-05,True,REGULAR,USD,SPY,call,2026-05-29,2026-05-05,2026-05-07T20:54:04+00:00,yfinance
SPY260529C00495000,2026-04-29 16:28:13+00:00,495.0,216.99,237.02,239.84,0.0,0.0,1.0,3.0,0.8637708935546875,True,REGULAR,USD,SPY,call,2026-05-29,2026-05-05,2026-05-07T20:54:04+00:00,yfinance
SPY260529C00500000,2026-05-01 15:58:10+00:00,500.0,225.13,232.04,234.86,0.0,0.0,1.0,32.0,0.8464370825195311,True,REGULAR,USD,SPY,call,2026-05-29,2026-05-05,2026-05-07T20:54:04+00:00,yfinance
SPY260529C00505000,2026-03-09 14:30:03+00:00,505.0,165.84,206.72,209.52,0.0,0.0,22.0,22.0,1.0000000000000003e-05,True,REGULAR,USD,SPY,call,2026-05-29,2026-05-05,2026-05-07T20:54:04+00:00,yfinance
SPY260529C00510000,2026-05-05 14:35:24+00:00,510.0,214.64,222.07,224.89,0.0,0.0,1.0,68.0,0.8110370458984374,True,REGULAR,USD,SPY,call,2026-05-29,2026-05-05,2026-05-07T20:54:04+00:00,yfinance
SPY260529C00515000,2026-03-30 15:12:50+00:00,515.0,128.81,0.0,0.0,0.0,0.0,2.0,0.0,1.0000000000000003e-05,True,REGULAR,USD,SPY,call,2026-05-29,2026-05-05,2026-05-07T20:54:04+00:00,yfinance
SPY260529C00520000,2026-05-05 17:46:33+00:00,520.0,205.49,212.1,214.92,0.0,0.0,4.0,18.0,0.7761252856445313,True,REGULAR,USD,SPY,call,2026-05-29,2026-05-05,2026-05-07T20:54:04+00:00,yfinance
SPY260529C00525000,2026-03-31 14:44:38+00:00,525.0,121.86,0.0,0.0,0.0,0.0,1.0,0.0,1.0000000000000003e-05,True,REGULAR,USD,SPY,call,2026-05-29,2026-05-05,2026-05-07T20:54:04+00:00,yfinance
SPY260529C00530000,2026-04-15 15:48:13+00:00,530.0,171.0,202.14,204.96,0.0,0.0,1.0,51.0,0.7423121472167968,True,REGULAR,USD,SPY,call,2026-05-29,2026-05-05,2026-05-07T20:54:04+00:00,yfinance
SPY260529C00535000,2026-04-17 17:51:09+00:00,535.0,178.5,197.16,199.98,0.0,0.0,1.0,14.0,0.725588681640625,True,REGULAR,USD,SPY,call,2026-05-29,2026-05-05,2026-05-07T20:54:04+00:00,yfinance
SPY260529C00540000,2026-04-20 14:52:58+00:00,540.0,170.71,192.17,194.99,0.0,0.0,1.0,27.0,0.7081328015136719,True,REGULAR,USD,SPY,call,2026-05-29,2026-05-05,2026-05-07T20:54:04+00:00,yfinance
SPY260529C00545000,2026-05-04 19:02:36+00:00,545.0,174.21,187.19,190.01,0.0,0.0,1.0,9.0,0.6914093359375001,True,REGULAR,USD,SPY,call,2026-05-29,2026-05-05,2026-05-07T20:54:04+00:00,yfinance
SPY260529C00550000,2026-04-29 18:16:21+00:00,550.0,161.53,182.21,185.03,0.0,0.0,50.0,73.0,0.6748079394531252,True,REGULAR,USD,SPY,call,2026-05-29,2026-05-05,2026-05-07T20:54:04+00:00,yfinance
SPY260529C00555000,2026-04-29 18:31:01+00:00,555.0,156.35,177.23,180.05,0.0,0.0,4.0,24.0,0.65820654296875,True,REGULAR,USD,SPY,call,2026-05-29,2026-05-05,2026-05-07T20:54:04+00:00,yfinance
SPY260529C00560000,2026-05-07 16:55:47+00:00,560.0,173.93,172.25,175.07,0.13999939,0.080556646,9.0,170.0,0.641727215576172,True,REGULAR,USD,SPY,call,2026-05-29,2026-05-05,2026-05-07T20:54:04+00:00,yfinance
SPY260529C00565000,2026-04-28 14:56:58+00:00,565.0,147.61,167.27,170.09,0.0,0.0,2.0,167.0,0.6252478881835939,True,REGULAR,USD,SPY,call,2026-05-29,2026-05-05,2026-05-07T20:54:04+00:00,yfinance
SPY260529C00570000,2026-04-29 18:25:06+00:00,570.0,141.68,162.29,165.12,0.0,0.0,1407.0,1431.0,0.6091347680664063,True,REGULAR,USD,SPY,call,2026-05-29,2026-05-05,2026-05-07T20:54:04+00:00,yfinance
SPY260529C00575000,2026-05-07 14:06:42+00:00,575.0,161.44,157.32,160.14,4.400009,2.8018398,1.0,156.0,0.5930216479492189,True,REGULAR,USD,SPY,call,2026-05-29,2026-05-05,2026-05-07T20:54:04+00:00,yfinance
SPY260529C00580000,2026-04-29 18:28:21+00:00,580.0,131.87,152.34,155.16,0.0,0.0,175.0,191.0,0.5766643896484375,True,REGULAR,USD,SPY,call,2026-05-29,2026-05-05,2026-05-07T20:54:04+00:00,yfinance
SPY260529C00585000,2026-04-23 13:38:19+00:00,585.0,128.02,147.36,150.19,0.0,0.0,1.0,34.0,0.56055126953125,True,REGULAR,USD,SPY,call,2026-05-29,2026-05-05,2026-05-07T20:54:04+00:00,yfinance
SPY260529C00588000,2026-04-28 14:56:58+00:00,588.0,124.85,144.38,147.2,0.0,0.0,4.0,138.0,0.5509078112792969,True,REGULAR,USD,SPY,call,2026-05-29,2026-05-05,2026-05-07T20:54:04+00:00,yfinance
SPY260529C00589000,2026-04-14 15:50:12+00:00,589.0,108.2,143.39,146.21,0.0,0.0,1.0,6.0,0.547978153076172,True,REGULAR,USD,SPY,call,2026-05-29,2026-05-05,2026-05-07T20:54:04+00:00,yfinance
SPY260529C00590000,2026-05-07 13:41:11+00:00,590.0,146.14,142.39,145.21,15.889999,12.199616,2.0,128.0,0.5444381494140625,True,REGULAR,USD,SPY,call,2026-05-29,2026-05-05,2026-05-07T20:54:04+00:00,yfinance
SPY260529C00591000,2026-04-28 14:56:58+00:00,591.0,121.89,141.4,144.22,0.0,0.0,2.0,76.0,0.5415084912109377,True,REGULAR,USD,SPY,call,2026-05-29,2026-05-05,2026-05-07T20:54:04+00:00,yfinance
SPY260529C00592000,2026-04-28 17:26:29+00:00,592.0,120.59,140.4,143.22,0.0,0.0,23.0,76.0,0.5380905566406251,True,REGULAR,USD,SPY,call,2026-05-29,2026-05-05,2026-05-07T20:54:04+00:00,yfinance
SPY260529C00593000,2026-04-06 15:23:42+00:00,593.0,72.74,0.0,0.0,0.0,0.0,2.0,0.0,1.0000000000000003e-05,True,REGULAR,USD,SPY,call,2026-05-29,2026-05-05,2026-05-07T20:54:04+00:00,yfinance
SPY260529C00594000,2026-03-18 18:50:41+00:00,594.0,80.56,118.73,121.54,0.0,0.0,16.0,1.0,1.0000000000000003e-05,True,REGULAR,USD,SPY,call,2026-05-29,2026-05-05,2026-05-07T20:54:04+00:00,yfinance
SPY260529C00595000,2026-05-05 15:17:40+00:00,595.0,131.87,137.42,140.24,0.0,0.0,1.0,293.0,0.5286912365722658,True,REGULAR,USD,SPY,call,2026-05-29,2026-05-05,2026-05-07T20:54:04+00:00,yfinance
SPY260529C00596000,2026-05-01 16:44:29+00:00,596.0,128.05,136.42,139.24,0.0,0.0,1.0,2.0,0.5252122674560546,True,REGULAR,USD,SPY,call,2026-05-29,2026-05-05,2026-05-07T20:54:04+00:00,yfinance
SPY260529C00597000,2026-03-04 18:54:18+00:00,597.0,98.94,0.0,0.0,0.0,0.0,1.0,0.0,1.0000000000000003e-05,True,REGULAR,USD,SPY,call,2026-05-29,2026-05-05,2026-05-07T20:54:04+00:00,yfinance
SPY260529C00598000,2026-03-18 13:42:27+00:00,598.0,81.29,114.8,117.61,0.0,0.0,2.0,1.0,1.0000000000000003e-05,True,REGULAR,USD,SPY,call,2026-05-29,2026-05-05,2026-05-07T20:54:04+00:00,yfinance
SPY260529C00599000,2026-03-09 17:15:41+00:00,599.0,84.04,113.83,116.63,0.0,0.0,1.0,3.0,1.0000000000000003e-05,True,REGULAR,USD,SPY,call,2026-05-29,2026-05-05,2026-05-07T20:54:04+00:00,yfinance
SPY260529C00600000,2026-05-07 18:30:38+00:00,600.0,133.26,132.45,135.27,-1.4100037,-1.0470065,4.0,124.0,0.5128222546386718,True,REGULAR,USD,SPY,call,2026-05-29,2026-05-05,2026-05-07T20:54:04+00:00,yfinance
SPY260529C00601000,2026-02-25 14:34:17+00:00,601.0,99.68,0.0,0.0,0.0,0.0,2.0,0.0,1.0000000000000003e-05,True,REGULAR,USD,SPY,call,2026-05-29,2026-05-05,2026-05-07T20:54:04+00:00,yfinance
SPY260529C00602000,2026-03-31 14:07:54+00:00,602.0,53.85,0.0,0.0,0.0,0.0,1.0,0.0,1.0000000000000003e-05,True,REGULAR,USD,SPY,call,2026-05-29,2026-05-05,2026-05-07T20:54:04+00:00,yfinance
SPY260529C00603000,2026-04-02 16:47:33+00:00,603.0,62.53,0.0,0.0,0.0,0.0,1.0,0.0,1.0000000000000003e-05,True,REGULAR,USD,SPY,call,2026-05-29,2026-05-05,2026-05-07T20:54:04+00:00,yfinance
SPY260529C00604000,2025-12-30 17:03:55+00:00,604.0,98.55,100.35,101.01,0.0,0.0,,1.0,1.0000000000000003e-05,True,REGULAR,USD,SPY,call,2026-05-29,2026-05-05,2026-05-07T20:54:04+00:00,yfinance
SPY260529C00605000,2026-04-29 14:35:10+00:00,605.0,109.56,127.48,130.3,0.0,0.0,4.0,26.0,0.5566450585937501,True,REGULAR,USD,SPY,call,2026-05-29,2026-05-05,2026-05-07T20:54:04+00:00,yfinance
SPY260529C00606000,2026-04-28 14:56:58+00:00,606.0,107.16,126.48,129.3,0.0,0.0,5.0,31.0,0.5528609167480469,True,REGULAR,USD,SPY,call,2026-05-29,2026-05-05,2026-05-07T20:54:04+00:00,yfinance
SPY260529C00607000,2026-04-27 17:23:16+00:00,607.0,110.53,125.49,128.31,0.0,0.0,1.0,21.0,0.5495040167236329,True,REGULAR,USD,SPY,call,2026-05-29,2026-05-05,2026-05-07T20:54:04+00:00,yfinance
SPY260529C00608000,2026-04-24 14:00:02+00:00,608.0,107.09,124.5,127.32,0.0,0.0,1.0,18.0,0.5461471166992189,True,REGULAR,USD,SPY,call,2026-05-29,2026-05-05,2026-05-07T20:54:04+00:00,yfinance
SPY260529C00609000,2026-04-15 19:17:04+00:00,609.0,94.96,123.5,126.32,0.0,0.0,1.0,3.0,0.5424240093994142,True,REGULAR,USD,SPY,call,2026-05-29,2026-05-05,2026-05-07T20:54:04+00:00,yfinance
SPY260529C00610000,2026-05-07 17:32:43+00:00,610.0,122.75,122.51,125.33,12.75,11.590909,1.0,95.0,0.5390671093750001,True,REGULAR,USD,SPY,call,2026-05-29,2026-05-05,2026-05-07T20:54:04+00:00,yfinance
SPY260529C00611000,2025-12-24 17:53:04+00:00,611.0,96.08,94.0,94.62,0.0,0.0,2.0,2.0,1.0000000000000003e-05,True,REGULAR,USD,SPY,call,2026-05-29,2026-05-05,2026-05-07T20:54:04+00:00,yfinance
SPY260529C00612000,2026-03-04 19:56:47+00:00,612.0,85.2,0.0,0.0,0.0,0.0,2.0,0.0,1.0000000000000003e-05,True,REGULAR,USD,SPY,call,2026-05-29,2026-05-05,2026-05-07T20:54:04+00:00,yfinance
SPY260529C00613000,2026-04-17 17:00:08+00:00,613.0,103.25,119.53,122.35,0.0,0.0,2.0,2.0,0.5285691674804689,True,REGULAR,USD,SPY,call,2026-05-29,2026-05-05,2026-05-07T20:54:04+00:00,yfinance
SPY260529C00614000,2026-02-02 20:49:20+00:00,614.0,94.34,62.29,63.63,0.0,0.0,1.0,0.0,1.0000000000000003e-05,True,REGULAR,USD,SPY,call,2026-05-29,2026-05-05,2026-05-07T20:54:04+00:00,yfinance
SPY260529C00615000,2026-05-07 19:16:38+00:00,615.0,118.12,117.54,120.36,-2.6399994,-2.186154,4.0,741.0,0.5214891601562499,True,REGULAR,USD,SPY,call,2026-05-29,2026-05-05,2026-05-07T20:54:04+00:00,yfinance
SPY260529C00616000,2026-02-05 15:28:59+00:00,616.0,77.19,60.68,61.99,0.0,0.0,1.0,2.0,1.0000000000000003e-05,True,REGULAR,USD,SPY,call,2026-05-29,2026-05-05,2026-05-07T20:54:04+00:00,yfinance
SPY260529C00617000,2026-04-14 16:16:12+00:00,617.0,81.36,115.56,118.38,0.0,0.0,2.0,94.0,0.5147753601074219,True,REGULAR,USD,SPY,call,2026-05-29,2026-05-05,2026-05-07T20:54:04+00:00,yfinance
SPY260529C00618000,2026-04-24 15:45:06+00:00,618.0,99.37,114.57,117.39,0.0,0.0,1.0,1.0,0.5113574255371094,True,REGULAR,USD,SPY,call,2026-05-29,2026-05-05,2026-05-07T20:54:04+00:00,yfinance
SPY260529C00619000,2026-03-26 20:11:42+00:00,619.0,45.68,0.0,0.0,0.0,0.0,4.0,0.0,1.0000000000000003e-05,True,REGULAR,USD,SPY,call,2026-05-29,2026-05-05,2026-05-07T20:54:04+00:00,yfinance
SPY260529C00620000,2026-05-07 18:08:22+00:00,620.0,113.8,112.58,115.4,7.9800034,7.541111,16.0,242.0,0.5042774182128906,True,REGULAR,USD,SPY,call,2026-05-29,2026-05-05,2026-05-07T20:54:04+00:00,yfinance
SPY260529C00621000,2026-04-14 16:09:22+00:00,621.0,77.49,111.59,114.41,0.0,0.0,1.0,1.0,0.5009205181884766,True,REGULAR,USD,SPY,call,2026-05-29,2026-05-05,2026-05-07T20:54:04+00:00,yfinance
SPY260529C00622000,2026-04-23 19:50:04+00:00,622.0,89.32,110.6,113.42,0.0,0.0,1.0,8.0,0.49750258361816413,True,REGULAR,USD,SPY,call,2026-05-29,2026-05-05,2026-05-07T20:54:04+00:00,yfinance
SPY260529C00623000,2026-04-10 16:11:08+00:00,623.0,64.28,109.6,112.42,0.0,0.0,2.0,5.0,0.49377947631835944,True,REGULAR,USD,SPY,call,2026-05-29,2026-05-05,2026-05-07T20:54:04+00:00,yfinance
SPY260529C00624000,2026-05-04 13:49:26+00:00,624.0,99.0,108.61,111.43,0.0,0.0,1.0,4.0,0.49042257629394537,True,REGULAR,USD,SPY,call,2026-05-29,2026-05-05,2026-05-07T20:54:04+00:00,yfinance
SPY260529C00625000,2026-05-01 14:28:49+00:00,625.0,101.91,107.62,110.44,0.0,0.0,1.0,163.0,0.4870046417236329,True,REGULAR,USD,SPY,call,2026-05-29,2026-05-05,2026-05-07T20:54:04+00:00,yfinance
SPY260529C00626000,2026-04-15 14:25:19+00:00,626.0,75.93,106.63,109.45,0.0,0.0,7.0,12.0,0.4836477416992188,True,REGULAR,USD,SPY,call,2026-05-29,2026-05-05,2026-05-07T20:54:04+00:00,yfinance
SPY260529C00627000,2026-05-07 16:56:42+00:00,627.0,107.7,105.64,108.46,63.399998,143.11513,1.0,0.0,0.4802298071289062,True,REGULAR,USD,SPY,call,2026-05-29,2026-05-05,2026-05-07T20:54:04+00:00,yfinance
SPY260529C00628000,2026-04-30 19:31:01+00:00,628.0,93.95,104.65,107.47,0.0,0.0,2.0,3.0,0.47681187255859375,True,REGULAR,USD,SPY,call,2026-05-29,2026-05-05,2026-05-07T20:54:04+00:00,yfinance
SPY260529C00629000,2026-04-08 16:32:35+00:00,629.0,55.66,103.66,106.48,0.0,0.0,2.0,15.0,0.4734549725341797,True,REGULAR,USD,SPY,call,2026-05-29,2026-05-05,2026-05-07T20:54:04+00:00,yfinance
SPY260529C00630000,2026-05-06 15:25:11+00:00,630.0,104.39,102.67,105.49,0.0,0.0,1.0,285.0,0.4700370379638672,True,REGULAR,USD,SPY,call,2026-05-29,2026-05-05,2026-05-07T20:54:04+00:00,yfinance
SPY260529C00631000,2026-04-08 13:47:49+00:00,631.0,54.27,101.68,104.5,0.0,0.0,1.0,23.0,0.4666191033935547,True,REGULAR,USD,SPY,call,2026-05-29,2026-05-05,2026-05-07T20:54:04+00:00,yfinance
SPY260529C00632000,2026-04-30 16:50:09+00:00,632.0,102.1,100.68,103.51,15.830002,18.349371,1.0,78.0,0.46320116882324225,True,REGULAR,USD,SPY,call,2026-05-29,2026-05-05,2026-05-07T20:54:04+00:00,yfinance
SPY260529C00633000,2026-04-28 16:00:24+00:00,633.0,80.48,99.69,102.52,0.0,0.0,27.0,93.0,0.4598442687988281,True,REGULAR,USD,SPY,call,2026-05-29,2026-05-05,2026-05-07T20:54:04+00:00,yfinance
SPY260529C00634000,2026-04-17 15:03:18+00:00,634.0,81.7,98.7,101.53,0.0,0.0,5.0,56.0,0.45642633422851564,True,REGULAR,USD,SPY,call,2026-05-29,2026-05-05,2026-05-07T20:54:04+00:00,yfinance
SPY260529C00635000,2026-05-06 14:53:11+00:00,635.0,98.95,97.71,100.54,0.0,0.0,1.0,1111.0,0.45300839965820316,True,REGULAR,USD,SPY,call,2026-05-29,2026-05-05,2026-05-07T20:54:04+00:00,yfinance
SPY260529C00636000,2026-05-01 15:19:39+00:00,636.0,89.67,96.72,99.55,0.0,0.0,2.0,84.0,0.4495904650878906,True,REGULAR,USD,SPY,call,2026-05-29,2026-05-05,2026-05-07T20:54:04+00:00,yfinance
SPY260529C00637000,2026-04-27 16:29:39+00:00,637.0,99.07,95.73,98.56,18.470001,22.915634,3.0,158.0,0.44611149597167965,True,REGULAR,USD,SPY,call,2026-05-29,2026-05-05,2026-05-07T20:54:04+00:00,yfinance
SPY260529C00638000,2026-05-01 14:56:47+00:00,638.0,87.72,94.75,97.57,0.0,0.0,1.0,146.0,0.4426935614013672,True,REGULAR,USD,SPY,call,2026-05-29,2026-05-05,2026-05-07T20:54:04+00:00,yfinance
SPY260529C00639000,2026-04-14 19:31:42+00:00,639.0,61.94,93.76,96.58,0.0,0.0,1.0,202.0,0.4392756268310547,True,REGULAR,USD,SPY,call,2026-05-29,2026-05-05,2026-05-07T20:54:04+00:00,yfinance
SPY260529C00640000,2026-05-07 18:45:28+00:00,640.0,91.89,92.77,95.59,-1.6800003,-1.7954476,19.0,1178.0,0.4358576922607422,True,REGULAR,USD,SPY,call,2026-05-29,2026-05-05,2026-05-07T20:54:04+00:00,yfinance
SPY260529C00641000,2026-04-27 15:48:16+00:00,641.0,76.22,91.78,94.6,0.0,0.0,5.0,176.0,0.43237872314453124,True,REGULAR,USD,SPY,call,2026-05-29,2026-05-05,2026-05-07T20:54:04+00:00,yfinance
SPY260529C00642000,2026-05-05 19:55:49+00:00,642.0,83.9,90.79,93.61,0.0,0.0,1.0,188.0,0.42896078857421877,True,REGULAR,USD,SPY,call,2026-05-29,2026-05-05,2026-05-07T20:54:04+00:00,yfinance
SPY260529C00643000,2026-04-28 13:30:21+00:00,643.0,72.07,89.8,92.62,0.0,0.0,2.0,122.0,0.4254818194580079,True,REGULAR,USD,SPY,call,2026-05-29,2026-05-05,2026-05-07T20:54:04+00:00,yfinance
SPY260529C00644000,2026-05-07 17:07:26+00:00,644.0,90.52,88.81,91.64,19.359993,27.206284,1.0,181.0,0.42236905761718746,True,REGULAR,USD,SPY,call,2026-05-29,2026-05-05,2026-05-07T20:54:04+00:00,yfinance
SPY260529C00645000,2026-05-06 18:26:08+00:00,645.0,90.4,87.83,90.65,0.0,0.0,1.0,372.0,0.41889008850097653,True,REGULAR,USD,SPY,call,2026-05-29,2026-05-05,2026-05-07T20:54:04+00:00,yfinance
SPY260529C00646000,2026-04-30 18:47:12+00:00,646.0,76.0,86.84,89.66,0.0,0.0,2.0,264.0,0.4154111193847656,True,REGULAR,USD,SPY,call,2026-05-29,2026-05-05,2026-05-07T20:54:04+00:00,yfinance
SPY260529C00647000,2026-05-01 14:19:25+00:00,647.0,80.29,85.85,88.68,0.0,0.0,1.0,184.0,0.41223732299804683,True,REGULAR,USD,SPY,call,2026-05-29,2026-05-05,2026-05-07T20:54:04+00:00,yfinance
SPY260529C00648000,2026-04-21 16:16:38+00:00,648.0,65.33,84.87,87.69,0.0,0.0,1.0,806.0,0.4087583538818359,True,REGULAR,USD,SPY,call,2026-05-29,2026-05-05,2026-05-07T20:54:04+00:00,yfinance
SPY260529C00649000,2026-05-07 13:40:09+00:00,649.0,87.73,83.88,86.7,21.350006,32.16331,1.0,327.0,0.405279384765625,True,REGULAR,USD,SPY,call,2026-05-29,2026-05-05,2026-05-07T20:54:04+00:00,yfinance
SPY260529C00650000,2026-05-07 18:25:37+00:00,650.0,83.5,82.9,85.72,-2.4400024,-2.8391929,12.0,1774.0,0.40210558837890625,True,REGULAR,USD,SPY,call,2026-05-29,2026-05-05,2026-05-07T20:54:04+00:00,yfinance
SPY260529C00651000,2026-04-29 19:10:56+00:00,651.0,63.74,81.91,84.73,0.0,0.0,2.0,237.0,0.3986266192626954,True,REGULAR,USD,SPY,call,2026-05-29,2026-05-05,2026-05-07T20:54:04+00:00,yfinance
SPY260529C00652000,2026-05-06 19:27:09+00:00,652.0,84.26,80.93,83.75,0.0,0.0,1.0,131.0,0.39539178833007815,True,REGULAR,USD,SPY,call,2026-05-29,2026-05-05,2026-05-07T20:54:04+00:00,yfinance
SPY260529C00653000,2026-05-05 18:38:26+00:00,653.0,74.04,79.94,82.76,0.0,0.0,497.0,134.0,0.3919128192138671,True,REGULAR,USD,SPY,call,2026-05-29,2026-05-05,2026-05-07T20:54:04+00:00,yfinance
SPY260529C00654000,2026-05-07 13:40:09+00:00,654.0,82.77,78.96,81.78,18.419998,28.624706,1.0,521.0,0.38867798828125,True,REGULAR,USD,SPY,call,2026-05-29,2026-05-05,2026-05-07T20:54:04+00:00,yfinance
SPY260529C00655000,2026-05-05 14:15:14+00:00,655.0,70.0,77.97,80.8,0.0,0.0,4.0,1857.0,0.38544315734863277,True,REGULAR,USD,SPY,call,2026-05-29,2026-05-05,2026-05-07T20:54:04+00:00,yfinance
SPY260529C00656000,2026-05-05 19:49:55+00:00,656.0,71.35,76.99,79.81,0.0,0.0,1.0,641.0,0.3819031536865234,True,REGULAR,USD,SPY,call,2026-05-29,2026-05-05,2026-05-07T20:54:04+00:00,yfinance
SPY260529C00657000,2026-05-07 18:10:07+00:00,657.0,76.78,76.01,78.83,-2.2399979,-2.8347228,8.0,1013.0,0.3786683227539062,True,REGULAR,USD,SPY,call,2026-05-29,2026-05-05,2026-05-07T20:54:04+00:00,yfinance
SPY260529C00658000,2026-05-07 18:04:36+00:00,658.0,77.42,75.03,77.85,8.220001,11.878615,11.0,495.0,0.3753724572753906,True,REGULAR,USD,SPY,call,2026-05-29,2026-05-05,2026-05-07T20:54:04+00:00,yfinance
SPY260529C00659000,2026-04-30 19:18:09+00:00,659.0,63.88,74.05,76.87,0.0,0.0,3.0,978.0,0.37210710906982425,True,REGULAR,USD,SPY,call,2026-05-29,2026-05-05,2026-05-07T20:54:04+00:00,yfinance
SPY260529C00660000,2026-05-07 16:00:16+00:00,660.0,76.0,73.06,75.89,0.12999725,0.17134209,5.0,3390.0,0.3688417608642578,True,REGULAR,USD,SPY,call,2026-05-29,2026-05-05,2026-05-07T20:54:04+00:00,yfinance
SPY260529C00661000,2026-05-06 19:59:00+00:00,661.0,74.16,72.09,73.86,0.0,0.0,1.0,1535.0,0.33618827880859375,True,REGULAR,USD,SPY,call,2026-05-29,2026-05-05,2026-05-07T20:54:04+00:00,yfinance
SPY260529C00662000,2026-05-07 17:17:44+00:00,662.0,72.1,71.11,73.93,1.0699997,1.5064054,2.0,572.0,0.3622195126342773,True,REGULAR,USD,SPY,call,2026-05-29,2026-05-05,2026-05-07T20:54:04+00:00,yfinance
SPY260529C00663000,2026-05-06 17:34:34+00:00,663.0,71.49,70.13,72.95,0.0,0.0,2.0,927.0,0.3588931298828125,True,REGULAR,USD,SPY,call,2026-05-29,2026-05-05,2026-05-07T20:54:04+00:00,yfinance
SPY260529C00664000,2026-05-07 18:04:36+00:00,664.0,71.58,69.15,71.97,-0.9700012,-1.3370106,41.0,816.0,0.35559726440429684,True,REGULAR,USD,SPY,call,2026-05-29,2026-05-05,2026-05-07T20:54:04+00:00,yfinance
SPY260529C00665000,2026-05-07 17:10:00+00:00,665.0,68.53,68.18,71.0,-1.090004,-1.5656477,3.0,1825.0,0.3524845025634765,True,REGULAR,USD,SPY,call,2026-05-29,2026-05-05,2026-05-07T20:54:04+00:00,yfinance
SPY260529C00666000,2026-05-06 19:27:21+00:00,666.0,69.85,67.2,70.02,-0.45999908,-0.6542442,1.0,525.0,0.3491276025390625,True,REGULAR,USD,SPY,call,2026-05-29,2026-05-05,2026-05-07T20:54:04+00:00,yfinance
SPY260529C00667000,2026-05-01 18:48:32+00:00,667.0,57.95,66.23,69.05,0.0,0.0,5.0,783.0,0.3460148406982422,True,REGULAR,USD,SPY,call,2026-05-29,2026-05-05,2026-05-07T20:54:04+00:00,yfinance
SPY260529C00668000,2026-05-05 18:39:09+00:00,668.0,59.5,65.25,68.07,0.0,0.0,1.0,423.0,0.34265794067382804,True,REGULAR,USD,SPY,call,2026-05-29,2026-05-05,2026-05-07T20:54:04+00:00,yfinance
SPY260529C00669000,2026-05-06 13:48:32+00:00,669.0,63.93,64.28,67.1,0.0,0.0,1.0,487.0,0.3395146615600586,True,REGULAR,USD,SPY,call,2026-05-29,2026-05-05,2026-05-07T20:54:04+00:00,yfinance
SPY260529C00670000,2026-05-07 18:17:46+00:00,670.0,64.53,63.31,66.13,-1.9700012,-2.9624078,18.0,3399.0,0.33637138244628906,True,REGULAR,USD,SPY,call,2026-05-29,2026-05-05,2026-05-07T20:54:04+00:00,yfinance
SPY260529C00671000,2026-05-07 13:39:16+00:00,671.0,66.11,62.34,65.16,11.619999,21.32501,2.0,434.0,0.3331975860595704,True,REGULAR,USD,SPY,call,2026-05-29,2026-05-05,2026-05-07T20:54:04+00:00,yfinance
SPY260529C00672000,2026-05-07 18:10:47+00:00,672.0,62.07,61.37,64.19,-2.6699982,-4.1241865,1.0,728.0,0.3300237896728515,True,REGULAR,USD,SPY,call,2026-05-29,2026-05-05,2026-05-07T20:54:04+00:00,yfinance
SPY260529C00673000,2026-05-06 14:39:36+00:00,673.0,64.08,60.4,63.22,3.3700027,5.550985,1.0,606.0,0.3267889587402344,True,REGULAR,USD,SPY,call,2026-05-29,2026-05-05,2026-05-07T20:54:04+00:00,yfinance
SPY260529C00674000,2026-05-06 14:53:42+00:00,674.0,60.82,59.43,62.25,0.0,0.0,1.0,441.0,0.32355412780761705,True,REGULAR,USD,SPY,call,2026-05-29,2026-05-05,2026-05-07T20:54:04+00:00,yfinance
SPY260529C00675000,2026-05-07 14:57:44+00:00,675.0,63.44,58.47,61.29,0.98999786,1.5852648,6.0,994.0,0.3205634350585937,True,REGULAR,USD,SPY,call,2026-05-29,2026-05-05,2026-05-07T20:54:04+00:00,yfinance
SPY260529C00676000,2026-05-07 17:07:44+00:00,676.0,59.21,57.51,60.33,-2.290001,-3.7235787,2.0,973.0,0.3175422250366211,True,REGULAR,USD,SPY,call,2026-05-29,2026-05-05,2026-05-07T20:54:04+00:00,yfinance
SPY260529C00677000,2026-05-07 18:21:06+00:00,677.0,57.8,56.54,59.36,-2.5600014,-4.2412214,4.0,1070.0,0.31427687683105465,True,REGULAR,USD,SPY,call,2026-05-29,2026-05-05,2026-05-07T20:54:04+00:00,yfinance
SPY260529C00678000,2026-05-07 17:58:40+00:00,678.0,56.05,55.58,58.4,12.82,29.655333,2.0,702.0,0.3112251495361328,True,REGULAR,USD,SPY,call,2026-05-29,2026-05-05,2026-05-07T20:54:04+00:00,yfinance
SPY260529C00679000,2026-05-07 17:07:29+00:00,679.0,56.34,54.62,57.44,0.02999878,0.053274337,44.0,750.0,0.30811238769531246,True,REGULAR,USD,SPY,call,2026-05-29,2026-05-05,2026-05-07T20:54:04+00:00,yfinance
SPY260529C00680000,2026-05-07 17:51:13+00:00,680.0,53.72,53.67,56.49,-3.4799995,-6.0839148,41.0,2487.0,0.30524376403808595,True,REGULAR,USD,SPY,call,2026-05-29,2026-05-05,2026-05-07T20:54:04+00:00,yfinance
SPY260529C00681000,2026-05-06 18:57:45+00:00,681.0,51.3,52.71,55.53,-4.049999,-7.3170724,11.0,697.0,0.3021004849243164,True,REGULAR,USD,SPY,call,2026-05-29,2026-05-05,2026-05-07T20:54:04+00:00,yfinance
SPY260529C00682000,2026-05-07 16:56:42+00:00,682.0,53.61,51.76,54.58,-2.0200005,-3.631135,2.0,387.0,0.2991403094482421,True,REGULAR,USD,SPY,call,2026-05-29,2026-05-05,2026-05-07T20:54:04+00:00,yfinance
SPY260529C00683000,2026-05-07 17:41:17+00:00,683.0,51.68,50.81,53.62,-3.0999985,-5.658997,14.0,331.0,0.29596651306152344,True,REGULAR,USD,SPY,call,2026-05-29,2026-05-05,2026-05-07T20:54:04+00:00,yfinance
SPY260529C00684000,2026-05-07 17:41:17+00:00,684.0,50.73,49.86,52.67,-2.3500023,-4.427284,13.0,1563.0,0.2929758203124999,True,REGULAR,USD,SPY,call,2026-05-29,2026-05-05,2026-05-07T20:54:04+00:00,yfinance
SPY260529C00685000,2026-05-07 20:05:29+00:00,685.0,50.08,48.91,50.53,-2.2799988,-4.354467,18.0,1471.0,0.26364872100830083,True,REGULAR,USD,SPY,call,2026-05-29,2026-05-05,2026-05-07T20:54:04+00:00,yfinance
SPY260529C00686000,2026-05-07 19:32:31+00:00,686.0,48.05,47.96,50.78,-3.1000023,-6.060611,3.0,446.0,0.28711650390624993,True,REGULAR,USD,SPY,call,2026-05-29,2026-05-05,2026-05-07T20:54:04+00:00,yfinance
SPY260529C00687000,2026-05-06 13:35:42+00:00,687.0,45.92,47.02,49.84,0.0,0.0,1.0,454.0,0.28424788024902337,True,REGULAR,USD,SPY,call,2026-05-29,2026-05-05,2026-05-07T20:54:04+00:00,yfinance
SPY260529C00688000,2026-05-07 15:33:25+00:00,688.0,47.46,46.08,48.9,-1.9400024,-3.9271302,2.0,638.0,0.28134873931884763,True,REGULAR,USD,SPY,call,2026-05-29,2026-05-05,2026-05-07T20:54:04+00:00,yfinance
SPY260529C00689000,2026-05-06 14:29:04+00:00,689.0,45.59,45.14,47.96,-0.24000168,-0.52367806,2.0,494.0,0.27841908111572267,True,REGULAR,USD,SPY,call,2026-05-29,2026-05-05,2026-05-07T20:54:04+00:00,yfinance
SPY260529C00690000,2026-05-07 20:06:20+00:00,690.0,45.7,44.21,47.02,-0.6899986,-1.4873866,29.0,2871.0,0.27545890563964837,True,REGULAR,USD,SPY,call,2026-05-29,2026-05-05,2026-05-07T20:54:04+00:00,yfinance
SPY260529C00691000,2026-05-07 14:16:46+00:00,691.0,44.81,43.28,46.08,-1.6800003,-3.6136808,2.0,445.0,0.2724376956176757,True,REGULAR,USD,SPY,call,2026-05-29,2026-05-05,2026-05-07T20:54:04+00:00,yfinance
SPY260529C00692000,2026-05-07 17:19:27+00:00,692.0,43.49,42.35,45.15,-2.6799965,-5.8046274,2.0,473.0,0.26959958923339844,True,REGULAR,USD,SPY,call,2026-05-29,2026-05-05,2026-05-07T20:54:04+00:00,yfinance
SPY260529C00693000,2026-05-07 14:38:46+00:00,693.0,45.32,41.42,43.72,2.8199997,6.6352935,8.0,1221.0,0.256843369140625,True,REGULAR,USD,SPY,call,2026-05-29,2026-05-05,2026-05-07T20:54:04+00:00,yfinance
SPY260529C00694000,2026-05-07 16:13:49+00:00,694.0,41.5,40.49,43.3,-2.3600006,-5.3807583,8.0,655.0,0.2639844110107422,True,REGULAR,USD,SPY,call,2026-05-29,2026-05-05,2026-05-07T20:54:04+00:00,yfinance
SPY260529C00695000,2026-05-07 20:08:52+00:00,695.0,40.85,39.57,42.38,-3.2400017,-7.3486094,34.0,3728.0,0.2612378564453125,True,REGULAR,USD,SPY,call,2026-05-29,2026-05-05,2026-05-07T20:54:04+00:00,yfinance
SPY260529C00696000,2026-05-07 20:08:52+00:00,696.0,39.97,38.66,41.46,-2.2599983,-5.3516417,13.0,616.0,0.2583997500610352,True,REGULAR,USD,SPY,call,2026-05-29,2026-05-05,2026-05-07T20:54:04+00:00,yfinance
SPY260529C00697000,2026-05-07 16:57:30+00:00,697.0,38.48,37.74,39.93,-2.8300018,-6.8506455,15.0,821.0,0.24402611450195313,True,REGULAR,USD,SPY,call,2026-05-29,2026-05-05,2026-05-07T20:54:04+00:00,yfinance
SPY260529C00698000,2026-05-07 17:07:26+00:00,698.0,38.39,36.83,39.64,-1.6900024,-4.2165728,7.0,893.0,0.25299819274902346,True,REGULAR,USD,SPY,call,2026-05-29,2026-05-05,2026-05-07T20:54:04+00:00,yfinance
SPY260529C00699000,2026-05-07 17:16:24+00:00,699.0,37.01,35.92,38.73,-2.1100006,-5.3936625,6.0,627.0,0.25025163818359375,True,REGULAR,USD,SPY,call,2026-05-29,2026-05-05,2026-05-07T20:54:04+00:00,yfinance
SPY260529C00700000,2026-05-07 20:12:10+00:00,700.0,36.31,35.02,37.46,-2.2999992,-5.957004,72.0,7971.0,0.24091335266113278,True,REGULAR,USD,SPY,call,2026-05-29,2026-05-05,2026-05-07T20:54:04+00:00,yfinance
SPY260529C00701000,2026-05-07 19:25:38+00:00,701.0,33.91,34.12,36.19,-2.6800003,-7.324406,15.0,509.0,0.23157506713867188,True,REGULAR,USD,SPY,call,2026-05-29,2026-05-05,2026-05-07T20:54:04+00:00,yfinance
SPY260529C00702000,2026-05-06 20:02:10+00:00,702.0,36.3,33.23,36.03,-0.17000198,-0.46614197,1.0,1741.0,0.24213404357910157,True,REGULAR,USD,SPY,call,2026-05-29,2026-05-05,2026-05-07T20:54:04+00:00,yfinance
SPY260529C00703000,2026-05-07 17:54:13+00:00,703.0,32.24,32.33,35.14,-4.029999,-11.111108,42.0,448.0,0.2395095581054687,True,REGULAR,USD,SPY,call,2026-05-29,2026-05-05,2026-05-07T20:54:04+00:00,yfinance
SPY260529C00704000,2026-05-07 17:40:12+00:00,704.0,32.4,31.45,34.26,-2.2199974,-6.412471,4.0,281.0,0.2370071417236328,True,REGULAR,USD,SPY,call,2026-05-29,2026-05-05,2026-05-07T20:54:04+00:00,yfinance
SPY260529C00705000,2026-05-07 20:00:12+00:00,705.0,31.15,30.57,33.38,-2.9699993,-8.704571,82.0,1714.0,0.23441317352294921,True,REGULAR,USD,SPY,call,2026-05-29,2026-05-05,2026-05-07T20:54:04+00:00,yfinance
SPY260529C00706000,2026-05-07 16:34:40+00:00,706.0,32.26,29.69,32.5,0.36999893,1.160235,12.0,620.0,0.23175817077636718,True,REGULAR,USD,SPY,call,2026-05-29,2026-05-05,2026-05-07T20:54:04+00:00,yfinance
SPY260529C00707000,2026-05-07 17:19:27+00:00,707.0,29.44,28.82,31.63,-3.2399998,-9.91432,14.0,504.0,0.22919471984863282,True,REGULAR,USD,SPY,call,2026-05-29,2026-05-05,2026-05-07T20:54:04+00:00,yfinance
SPY260529C00708000,2026-05-07 19:52:03+00:00,708.0,28.56,27.96,30.77,-2.67,-8.549472,75.0,883.0,0.2267533380126953,True,REGULAR,USD,SPY,call,2026-05-29,2026-05-05,2026-05-07T20:54:04+00:00,yfinance
SPY260529C00709000,2026-05-07 19:04:06+00:00,709.0,27.4,27.1,29.91,-3.3600006,-10.923279,12.0,1036.0,0.22422040435791013,True,REGULAR,USD,SPY,call,2026-05-29,2026-05-05,2026-05-07T20:54:04+00:00,yfinance
SPY260529C00710000,2026-05-07 20:01:17+00:00,710.0,26.6,26.25,29.05,-3.3999996,-11.333332,115.0,3355.0,0.22162643615722655,True,REGULAR,USD,SPY,call,2026-05-29,2026-05-05,2026-05-07T20:54:04+00:00,yfinance
SPY260529C00711000,2026-05-07 16:03:26+00:00,711.0,25.88,25.4,28.21,-2.8900013,-10.04519,10.0,1124.0,0.2192460888671875,True,REGULAR,USD,SPY,call,2026-05-29,2026-05-05,2026-05-07T20:54:04+00:00,yfinance
SPY260529C00712000,2026-05-07 16:21:40+00:00,712.0,26.03,24.57,27.27,-2.2299995,-7.8910103,18.0,1233.0,0.21524832611083983,True,REGULAR,USD,SPY,call,2026-05-29,2026-05-05,2026-05-07T20:54:04+00:00,yfinance
SPY260529C00713000,2026-05-07 18:42:01+00:00,713.0,24.35,23.73,26.43,-3.08,-11.228581,12.0,1227.0,0.21274590972900392,True,REGULAR,USD,SPY,call,2026-05-29,2026-05-05,2026-05-07T20:54:04+00:00,yfinance
SPY260529C00714000,2026-05-07 14:52:16+00:00,714.0,26.89,22.9,25.61,0.48999977,1.8560598,12.0,809.0,0.2104571142578125,True,REGULAR,USD,SPY,call,2026-05-29,2026-05-05,2026-05-07T20:54:04+00:00,yfinance
SPY260529C00715000,2026-05-07 19:10:46+00:00,715.0,22.6,22.39,24.64,-3.1299992,-12.164784,155.0,2324.0,0.205787971496582,True,REGULAR,USD,SPY,call,2026-05-29,2026-05-05,2026-05-07T20:54:04+00:00,yfinance
SPY260529C00716000,2026-05-07 17:43:02+00:00,716.0,21.96,21.28,23.98,-2.7200012,-11.021074,69.0,986.0,0.20572693695068356,True,REGULAR,USD,SPY,call,2026-05-29,2026-05-05,2026-05-07T20:54:04+00:00,yfinance
SPY260529C00717000,2026-05-07 20:02:34+00:00,717.0,21.75,20.73,22.96,-2.1399994,-8.957721,265.0,19690.0,0.2001727932739258,True,REGULAR,USD,SPY,call,2026-05-29,2026-05-05,2026-05-07T20:54:04+00:00,yfinance
SPY260529C00718000,2026-05-07 20:07:47+00:00,718.0,21.0,19.99,22.13,-2.3500004,-10.064241,37.0,507.0,0.19736520416259767,True,REGULAR,USD,SPY,call,2026-05-29,2026-05-05,2026-05-07T20:54:04+00:00,yfinance
SPY260529C00719000,2026-05-07 18:10:39+00:00,719.0,19.44,19.02,21.61,-1.5499992,-7.384465,80.0,612.0,0.19904365417480469,True,REGULAR,USD,SPY,call,2026-05-29,2026-05-05,2026-05-07T20:54:04+00:00,yfinance
SPY260529C00720000,2026-05-07 20:09:30+00:00,720.0,19.38,18.53,20.56,-2.4500008,-11.223091,519.0,5877.0,0.19281813049316404,True,REGULAR,USD,SPY,call,2026-05-29,2026-05-05,2026-05-07T20:54:04+00:00,yfinance
SPY260529C00721000,2026-05-07 17:33:29+00:00,721.0,17.79,18.19,19.27,-3.1099987,-14.880377,132.0,1018.0,0.18305260314941402,True,REGULAR,USD,SPY,call,2026-05-29,2026-05-05,2026-05-07T20:54:04+00:00,yfinance
SPY260529C00722000,2026-05-07 17:25:55+00:00,722.0,17.3,17.36,18.39,-2.1400013,-11.008237,36.0,1178.0,0.17920742675781248,True,REGULAR,USD,SPY,call,2026-05-29,2026-05-05,2026-05-07T20:54:04+00:00,yfinance
SPY260529C00723000,2026-05-07 17:27:48+00:00,723.0,16.33,17.14,17.63,-3.0599995,-15.781328,35.0,979.0,0.1769186312866211,True,REGULAR,USD,SPY,call,2026-05-29,2026-05-05,2026-05-07T20:54:04+00:00,yfinance
SPY260529C00724000,2026-05-07 19:31:09+00:00,724.0,15.89,15.91,16.91,-2.6799994,-14.431876,72.0,1522.0,0.17508759490966797,True,REGULAR,USD,SPY,call,2026-05-29,2026-05-05,2026-05-07T20:54:04+00:00,yfinance
SPY260529C00725000,2026-05-07 20:08:08+00:00,725.0,15.79,15.15,16.6,-1.6699991,-9.564714,361.0,5103.0,0.1788717367553711,True,REGULAR,USD,SPY,call,2026-05-29,2026-05-05,2026-05-07T20:54:04+00:00,yfinance
SPY260529C00726000,2026-05-07 19:42:15+00:00,726.0,14.49,14.58,16.36,-2.4099998,-14.260354,24.0,965.0,0.18338829315185545,True,REGULAR,USD,SPY,call,2026-05-29,2026-05-05,2026-05-07T20:54:04+00:00,yfinance
SPY260529C00727000,2026-05-07 20:01:27+00:00,727.0,13.55,13.3,15.63,-2.87,-17.478685,22.0,873.0,0.18091639404296872,True,REGULAR,USD,SPY,call,2026-05-29,2026-05-05,2026-05-07T20:54:04+00:00,yfinance
SPY260529C00728000,2026-05-07 19:39:41+00:00,728.0,13.19,13.64,14.36,-2.3400002,-15.067613,34.0,1199.0,0.1708456939697266,True,REGULAR,USD,SPY,call,2026-05-29,2026-05-05,2026-05-07T20:54:04+00:00,yfinance
SPY260529C00729000,2026-05-07 19:31:34+00:00,729.0,12.47,12.63,14.26,-2.54,-16.922052,15.0,939.0,0.176766044921875,True,REGULAR,USD,SPY,call,2026-05-29,2026-05-05,2026-05-07T20:54:04+00:00,yfinance
SPY260529C00730000,2026-05-07 20:09:30+00:00,730.0,12.31,12.33,12.54,-1.6899996,-12.071425,1243.0,6144.0,0.16028671752929688,True,REGULAR,USD,SPY,call,2026-05-29,2026-05-05,2026-05-07T20:54:04+00:00,yfinance
SPY260529C00731000,2026-05-07 20:02:44+00:00,731.0,12.1,11.71,12.24,-1.5899992,-11.614312,461.0,1391.0,0.16312482391357425,True,REGULAR,USD,SPY,call,2026-05-29,2026-05-05,2026-05-07T20:54:04+00:00,yfinance
SPY260529C00732000,2026-05-07 20:06:39+00:00,732.0,11.16,11.14,11.19,-1.8699999,-14.351496,650.0,1369.0,0.15552602294921875,False,REGULAR,USD,SPY,call,2026-05-29,2026-05-05,2026-05-07T20:54:04+00:00,yfinance
SPY260529C00733000,2026-05-07 20:02:44+00:00,733.0,10.88,10.53,10.59,-1.3400002,-10.9656315,37960.0,37587.0,0.15387809020996096,False,REGULAR,USD,SPY,call,2026-05-29,2026-05-05,2026-05-07T20:54:04+00:00,yfinance
SPY260529C00734000,2026-05-07 20:02:57+00:00,734.0,10.04,9.95,10.0,-1.5100002,-13.073595,717.0,1025.0,0.15216912292480472,False,REGULAR,USD,SPY,call,2026-05-29,2026-05-05,2026-05-07T20:54:04+00:00,yfinance
SPY260529C00735000,2026-05-07 20:13:16+00:00,735.0,9.3,9.37,9.43,-1.5500002,-14.285715,1993.0,20290.0,0.1505364488220215,False,REGULAR,USD,SPY,call,2026-05-29,2026-05-05,2026-05-07T20:54:04+00:00,yfinance
SPY260529C00736000,2026-05-07 19:42:23+00:00,736.0,8.32,8.82,8.87,-2.2400007,-21.212128,918.0,1242.0,0.14884274017333982,False,REGULAR,USD,SPY,call,2026-05-29,2026-05-05,2026-05-07T20:54:04+00:00,yfinance
SPY260529C00737000,2026-05-07 19:42:23+00:00,737.0,7.8,8.29,8.34,-2.2600002,-22.46521,478.0,1342.0,0.14731687652587894,False,REGULAR,USD,SPY,call,2026-05-29,2026-05-05,2026-05-07T20:54:04+00:00,yfinance
SPY260529C00738000,2026-05-07 20:02:44+00:00,738.0,7.89,7.77,7.81,-1.31,-14.239131,554.0,922.0,0.14560790924072264,False,REGULAR,USD,SPY,call,2026-05-29,2026-05-05,2026-05-07T20:54:04+00:00,yfinance
SPY260529C00739000,2026-05-07 20:01:04+00:00,739.0,6.77,7.27,7.32,-1.8899999,-21.824478,345.0,1323.0,0.14420411468505856,False,REGULAR,USD,SPY,call,2026-05-29,2026-05-05,2026-05-07T20:54:04+00:00,yfinance
SPY260529C00740000,2026-05-07 20:11:52+00:00,740.0,6.76,6.79,6.84,-1.4499998,-17.661386,38921.0,5795.0,0.14273928558349608,False,REGULAR,USD,SPY,call,2026-05-29,2026-05-05,2026-05-07T20:54:04+00:00,yfinance
SPY260529C00741000,2026-05-07 20:02:44+00:00,741.0,6.53,6.33,6.38,-1.1799998,-15.304797,263.0,704.0,0.14130497375488282,False,REGULAR,USD,SPY,call,2026-05-29,2026-05-05,2026-05-07T20:54:04+00:00,yfinance
SPY260529C00742000,2026-05-07 20:14:45+00:00,742.0,5.92,5.89,5.94,-1.4200001,-19.346048,511.0,3210.0,0.13990117919921874,False,REGULAR,USD,SPY,call,2026-05-29,2026-05-05,2026-05-07T20:54:04+00:00,yfinance
SPY260529C00743000,2026-05-07 20:07:20+00:00,743.0,5.45,5.47,5.51,-1.3200002,-19.497787,362.0,2646.0,0.13840583282470703,False,REGULAR,USD,SPY,call,2026-05-29,2026-05-05,2026-05-07T20:54:04+00:00,yfinance
SPY260529C00744000,2026-05-07 19:47:42+00:00,744.0,4.81,5.06,5.11,-1.4900002,-23.650797,163.0,554.0,0.13712410736083985,False,REGULAR,USD,SPY,call,2026-05-29,2026-05-05,2026-05-07T20:54:04+00:00,yfinance
SPY260529C00745000,2026-05-07 20:13:09+00:00,745.0,4.64,4.68,4.73,-1.3200002,-22.147654,1498.0,7363.0,0.1358728991699219,False,REGULAR,USD,SPY,call,2026-05-29,2026-05-05,2026-05-07T20:54:04+00:00,yfinance
SPY260529C00746000,2026-05-07 19:13:06+00:00,746.0,4.1,4.31,4.36,-1.4900002,-26.654745,704.0,543.0,0.13449962188720704,False,REGULAR,USD,SPY,call,2026-05-29,2026-05-05,2026-05-07T20:54:04+00:00,yfinance
SPY260529C00747000,2026-05-07 20:13:09+00:00,747.0,3.95,3.97,4.01,-1.1000001,-21.78218,486.0,1040.0,0.1331873791503906,False,REGULAR,USD,SPY,call,2026-05-29,2026-05-05,2026-05-07T20:54:04+00:00,yfinance
SPY260529C00748000,2026-05-07 20:09:00+00:00,748.0,3.6,3.64,3.68,-1.3899999,-27.85571,620.0,1424.0,0.13190565368652346,False,REGULAR,USD,SPY,call,2026-05-29,2026-05-05,2026-05-07T20:54:04+00:00,yfinance
SPY260529C00749000,2026-05-07 19:48:51+00:00,749.0,3.17,3.33,3.38,-1.4299998,-31.086954,1560.0,1363.0,0.13086806640624998,False,REGULAR,USD,SPY,call,2026-05-29,2026-05-05,2026-05-07T20:54:04+00:00,yfinance
SPY260529C00750000,2026-05-07 20:14:47+00:00,750.0,3.08,3.05,3.09,-1.0799999,-26.405865,3817.0,7789.0,0.12970841003417968,False,REGULAR,USD,SPY,call,2026-05-29,2026-05-05,2026-05-07T20:54:04+00:00,yfinance
SPY260529C00755000,2026-05-07 20:14:56+00:00,755.0,1.9,1.87,1.91,-0.7800001,-29.104479,2505.0,7664.0,0.12458150817871094,False,REGULAR,USD,SPY,call,2026-05-29,2026-05-05,2026-05-07T20:54:04+00:00,yfinance
SPY260529C00760000,2026-05-07 20:12:17+00:00,760.0,1.12,1.1,1.13,-0.70000005,-38.46154,4968.0,14971.0,0.12085840087890626,False,REGULAR,USD,SPY,call,2026-05-29,2026-05-05,2026-05-07T20:54:04+00:00,yfinance
SPY260529C00765000,2026-05-07 20:02:27+00:00,765.0,0.62,0.62,0.65,-0.48000002,-43.636364,5038.0,5446.0,0.11853908813476563,False,REGULAR,USD,SPY,call,2026-05-29,2026-05-05,2026-05-07T20:54:04+00:00,yfinance
SPY260529C00770000,2026-05-07 20:05:29+00:00,770.0,0.38,0.36,0.38,-0.34000003,-47.222225,4142.0,4600.0,0.11805081176757812,False,REGULAR,USD,SPY,call,2026-05-29,2026-05-05,2026-05-07T20:54:04+00:00,yfinance
SPY260529C00775000,2026-05-07 20:02:40+00:00,775.0,0.22,0.21,0.23,-0.26,-54.166668,1365.0,2313.0,0.11902736450195311,False,REGULAR,USD,SPY,call,2026-05-29,2026-05-05,2026-05-07T20:54:04+00:00,yfinance
SPY260529C00780000,2026-05-07 20:04:27+00:00,780.0,0.16,0.14,0.15,-0.13,-44.827587,1386.0,2095.0,0.1215908154296875,False,REGULAR,USD,SPY,call,2026-05-29,2026-05-05,2026-05-07T20:54:04+00:00,yfinance
SPY260529C00785000,2026-05-07 18:52:05+00:00,785.0,0.1,0.1,0.11,-0.13,-56.52174,847.0,1420.0,0.12622944091796873,False,REGULAR,USD,SPY,call,2026-05-29,2026-05-05,2026-05-07T20:54:04+00:00,yfinance
SPY260529C00790000,2026-05-07 19:46:00+00:00,790.0,0.07,0.07,0.09,-0.12,-63.157894,2128.0,2688.0,0.13233289550781252,False,REGULAR,USD,SPY,call,2026-05-29,2026-05-05,2026-05-07T20:54:04+00:00,yfinance
SPY260529C00795000,2026-05-07 19:46:00+00:00,795.0,0.06,0.06,0.07,-0.08,-57.142857,2256.0,3521.0,0.13770393554687502,False,REGULAR,USD,SPY,call,2026-05-29,2026-05-05,2026-05-07T20:54:04+00:00,yfinance
SPY260529C00800000,2026-05-07 19:37:06+00:00,800.0,0.06,0.05,0.06,-0.06,-50.0,560.0,3678.0,0.14405152832031248,False,REGULAR,USD,SPY,call,2026-05-29,2026-05-05,2026-05-07T20:54:04+00:00,yfinance
SPY260529C00805000,2026-05-07 19:51:42+00:00,805.0,0.05,0.04,0.05,-0.029999997,-37.499996,170.0,544.0,0.149422568359375,False,REGULAR,USD,SPY,call,2026-05-29,2026-05-05,2026-05-07T20:54:04+00:00,yfinance
SPY260529C00810000,2026-05-07 19:22:07+00:00,810.0,0.04,0.03,0.05,-0.030000001,-42.857143,269.0,393.0,0.15821154296875,False,REGULAR,USD,SPY,call,2026-05-29,2026-05-05,2026-05-07T20:54:04+00:00,yfinance
SPY260529C00815000,2026-05-07 19:37:06+00:00,815.0,0.03,0.03,0.04,-0.01,-25.0,196.0,182.0,0.1626060302734375,False,REGULAR,USD,SPY,call,2026-05-29,2026-05-05,2026-05-07T20:54:04+00:00,yfinance
SPY260529C00820000,2026-05-07 19:22:56+00:00,820.0,0.03,0.03,0.04,-0.020000001,-40.000004,120.0,393.0,0.17090672851562502,False,REGULAR,USD,SPY,call,2026-05-29,2026-05-05,2026-05-07T20:54:04+00:00,yfinance
SPY260529C00825000,2026-05-07 19:37:07+00:00,825.0,0.02,0.02,0.03,0.0,0.0,266.0,41.0,0.17383638671875,False,REGULAR,USD,SPY,call,2026-05-29,2026-05-05,2026-05-07T20:54:04+00:00,yfinance
SPY260529C00830000,2026-05-07 19:37:07+00:00,830.0,0.02,0.02,0.03,-0.030000001,-60.0,424.0,143.0,0.18164880859375,False,REGULAR,USD,SPY,call,2026-05-29,2026-05-05,2026-05-07T20:54:04+00:00,yfinance
SPY260529C00835000,2026-05-07 18:42:46+00:00,835.0,0.03,0.02,0.03,0.01,50.0,197.0,64.0,0.18946123046875002,False,REGULAR,USD,SPY,call,2026-05-29,2026-05-05,2026-05-07T20:54:04+00:00,yfinance
SPY260529C00840000,2026-05-07 16:22:54+00:00,840.0,0.03,0.01,0.03,-0.01,-25.0,1.0,251.0,0.19727365234375,False,REGULAR,USD,SPY,call,2026-05-29,2026-05-05,2026-05-07T20:54:04+00:00,yfinance
SPY260529C00845000,2026-05-07 19:08:31+00:00,845.0,0.02,0.01,0.03,-0.01,-33.333336,4.0,778.0,0.20508607421874997,False,REGULAR,USD,SPY,call,2026-05-29,2026-05-05,2026-05-07T20:54:04+00:00,yfinance
SPY260529C00850000,2026-05-06 18:53:05+00:00,850.0,0.02,0.01,0.02,0.0,0.0,402.0,582.0,0.20508607421874997,False,REGULAR,USD,SPY,call,2026-05-29,2026-05-05,2026-05-07T20:54:04+00:00,yfinance
SPY260529C00855000,2026-05-07 19:02:33+00:00,855.0,0.02,0.01,0.02,0.01,100.0,41.0,1525.0,0.21094539062499998,False,REGULAR,USD,SPY,call,2026-05-29,2026-05-05,2026-05-07T20:54:04+00:00,yfinance
SPY260529C00860000,2026-05-07 17:00:28+00:00,860.0,0.02,0.01,0.02,0.0,0.0,512.0,3706.0,0.21875781249999998,False,REGULAR,USD,SPY,call,2026-05-29,2026-05-05,2026-05-07T20:54:04+00:00,yfinance
SPY260529C00865000,2026-05-07 17:00:25+00:00,865.0,0.02,0.01,0.02,0.0,0.0,401.0,618.0,0.22657023437499998,False,REGULAR,USD,SPY,call,2026-05-29,2026-05-05,2026-05-07T20:54:04+00:00,yfinance
SPY260529C00870000,2026-05-06 19:18:13+00:00,870.0,0.02,0.01,0.02,0.0,0.0,926.0,1876.0,0.23242955078125,False,REGULAR,USD,SPY,call,2026-05-29,2026-05-05,2026-05-07T20:54:04+00:00,yfinance
SPY260529C00875000,2026-05-06 18:52:52+00:00,875.0,0.01,0.0,0.02,0.0,0.0,2304.0,2306.0,0.24024197265624997,False,REGULAR,USD,SPY,call,2026-05-29,2026-05-05,2026-05-07T20:54:04+00:00,yfinance
SPY260529C00880000,2026-05-07 18:06:33+00:00,880.0,0.01,0.0,0.02,0.0,0.0,38.0,1613.0,0.2461012890625,False,REGULAR,USD,SPY,call,2026-05-29,2026-05-05,2026-05-07T20:54:04+00:00,yfinance
SPY260529C00885000,2026-05-07 18:16:00+00:00,885.0,0.02,0.0,0.02,0.01,100.0,33.0,943.0,0.25391371093750004,False,REGULAR,USD,SPY,call,2026-05-29,2026-05-05,2026-05-07T20:54:04+00:00,yfinance
SPY260529C00890000,2026-05-07 19:39:57+00:00,890.0,0.01,0.0,0.02,0.0,0.0,55.0,5927.0,0.25977302734375,False,REGULAR,USD,SPY,call,2026-05-29,2026-05-05,2026-05-07T20:54:04+00:00,yfinance
SPY260529C00895000,2026-05-07 18:04:00+00:00,895.0,0.01,0.0,0.02,0.0,0.0,7.0,105.0,0.26758544921875,False,REGULAR,USD,SPY,call,2026-05-29,2026-05-05,2026-05-07T20:54:04+00:00,yfinance
SPY260529C00900000,2026-05-07 18:15:36+00:00,900.0,0.01,0.0,0.01,0.0,0.0,213.0,1554.0,0.257819921875,False,REGULAR,USD,SPY,call,2026-05-29,2026-05-05,2026-05-07T20:54:04+00:00,yfinance
SPY260529P00435000,2026-05-07 20:09:06+00:00,435.0,0.02,0.01,0.02,0.01,100.0,437.0,3372.0,0.64062859375,False,REGULAR,USD,SPY,put,2026-05-29,2026-05-05,2026-05-07T20:54:04+00:00,yfinance
SPY260529P00440000,2026-05-07 17:03:27+00:00,440.0,0.02,0.01,0.02,0.0,0.0,60.0,2699.0,0.6250037500000001,False,REGULAR,USD,SPY,put,2026-05-29,2026-05-05,2026-05-07T20:54:04+00:00,yfinance
SPY260529P00445000,2026-05-07 14:45:26+00:00,445.0,0.01,0.01,0.03,-0.01,-50.0,2.0,1218.0,0.6289099609375001,False,REGULAR,USD,SPY,put,2026-05-29,2026-05-05,2026-05-07T20:54:04+00:00,yfinance
SPY260529P00450000,2026-05-07 19:48:27+00:00,450.0,0.02,0.02,0.03,0.0,0.0,2.0,1398.0,0.6250037500000001,False,REGULAR,USD,SPY,put,2026-05-29,2026-05-05,2026-05-07T20:54:04+00:00,yfinance
SPY260529P00455000,2026-05-05 18:39:17+00:00,455.0,0.02,0.02,0.03,-0.01,-33.333336,67.0,647.0,0.6132851171875001,False,REGULAR,USD,SPY,put,2026-05-29,2026-05-05,2026-05-07T20:54:04+00:00,yfinance
SPY260529P00460000,2026-05-04 15:15:21+00:00,460.0,0.05,0.02,0.03,0.0,0.0,80.0,1020.0,0.6015664843750002,False,REGULAR,USD,SPY,put,2026-05-29,2026-05-05,2026-05-07T20:54:04+00:00,yfinance
SPY260529P00465000,2026-05-06 20:03:51+00:00,465.0,0.03,0.02,0.03,0.0,0.0,162.0,526.0,0.585941640625,False,REGULAR,USD,SPY,put,2026-05-29,2026-05-05,2026-05-07T20:54:04+00:00,yfinance
SPY260529P00470000,2026-05-06 19:41:36+00:00,470.0,0.03,0.02,0.03,0.01,50.0,1.0,101806.0,0.5742230078125,False,REGULAR,USD,SPY,put,2026-05-29,2026-05-05,2026-05-07T20:54:04+00:00,yfinance
SPY260529P00475000,2026-05-07 20:12:35+00:00,475.0,0.03,0.03,0.04,0.0,0.0,120.0,1049.0,0.57812921875,False,REGULAR,USD,SPY,put,2026-05-29,2026-05-05,2026-05-07T20:54:04+00:00,yfinance
SPY260529P00480000,2026-05-07 15:50:09+00:00,480.0,0.03,0.03,0.04,0.0,0.0,153.0,1821.0,0.5644574804687501,False,REGULAR,USD,SPY,put,2026-05-29,2026-05-05,2026-05-07T20:54:04+00:00,yfinance
SPY260529P00485000,2026-05-06 19:22:18+00:00,485.0,0.03,0.03,0.04,0.0,0.0,3.0,75793.0,0.5507857421875001,False,REGULAR,USD,SPY,put,2026-05-29,2026-05-05,2026-05-07T20:54:04+00:00,yfinance
SPY260529P00490000,2026-05-07 17:12:27+00:00,490.0,0.04,0.03,0.04,0.0,0.0,6.0,3698.0,0.5390671093750001,False,REGULAR,USD,SPY,put,2026-05-29,2026-05-05,2026-05-07T20:54:04+00:00,yfinance
SPY260529P00495000,2026-05-05 17:53:05+00:00,495.0,0.03,0.03,0.05,-0.03,-50.0,10.0,1243.0,0.5312546875,False,REGULAR,USD,SPY,put,2026-05-29,2026-05-05,2026-05-07T20:54:04+00:00,yfinance
SPY260529P00500000,2026-05-07 18:42:33+00:00,500.0,0.05,0.04,0.05,0.0,0.0,263.0,9528.0,0.52539537109375,False,REGULAR,USD,SPY,put,2026-05-29,2026-05-05,2026-05-07T20:54:04+00:00,yfinance
SPY260529P00505000,2026-05-06 15:49:30+00:00,505.0,0.04,0.04,0.05,-0.010000002,-20.000002,2.0,997.0,0.5117236328125,False,REGULAR,USD,SPY,put,2026-05-29,2026-05-05,2026-05-07T20:54:04+00:00,yfinance
SPY260529P00510000,2026-05-04 16:31:41+00:00,510.0,0.05,0.04,0.06,-0.06999999,-58.333332,10.0,886.0,0.5039112109375,False,REGULAR,USD,SPY,put,2026-05-29,2026-05-05,2026-05-07T20:54:04+00:00,yfinance
SPY260529P00515000,2026-05-07 19:20:49+00:00,515.0,0.05,0.05,0.06,-0.009999998,-16.666662,24.0,1195.0,0.500005,False,REGULAR,USD,SPY,put,2026-05-29,2026-05-05,2026-05-07T20:54:04+00:00,yfinance
SPY260529P00520000,2026-05-07 19:21:12+00:00,520.0,0.05,0.05,0.06,-0.009999998,-16.666662,21.0,202934.0,0.48828636718750007,False,REGULAR,USD,SPY,put,2026-05-29,2026-05-05,2026-05-07T20:54:04+00:00,yfinance
SPY260529P00525000,2026-05-07 19:21:39+00:00,525.0,0.06,0.05,0.07,-0.010000002,-14.285716,63.0,2205.0,0.48242705078125003,False,REGULAR,USD,SPY,put,2026-05-29,2026-05-05,2026-05-07T20:54:04+00:00,yfinance
SPY260529P00530000,2026-05-06 15:45:28+00:00,530.0,0.08,0.06,0.07,0.0,0.0,461.0,984.0,0.46973186523437505,False,REGULAR,USD,SPY,put,2026-05-29,2026-05-05,2026-05-07T20:54:04+00:00,yfinance
SPY260529P00535000,2026-05-07 18:32:18+00:00,535.0,0.07,0.06,0.08,-0.009999998,-12.499997,17.0,152371.0,0.463872548828125,False,REGULAR,USD,SPY,put,2026-05-29,2026-05-05,2026-05-07T20:54:04+00:00,yfinance
SPY260529P00540000,2026-05-07 15:49:33+00:00,540.0,0.08,0.07,0.08,-0.010000005,-11.111116,2.0,5478.0,0.45117736328125,False,REGULAR,USD,SPY,put,2026-05-29,2026-05-05,2026-05-07T20:54:04+00:00,yfinance
SPY260529P00545000,2026-05-07 19:59:44+00:00,545.0,0.07,0.07,0.09,-0.030000001,-30.0,103.0,21038.0,0.44434149414062496,False,REGULAR,USD,SPY,put,2026-05-29,2026-05-05,2026-05-07T20:54:04+00:00,yfinance
SPY260529P00550000,2026-05-07 19:12:12+00:00,550.0,0.09,0.08,0.09,-0.009999998,-9.999997,59.0,8656.0,0.43164630859375,False,REGULAR,USD,SPY,put,2026-05-29,2026-05-05,2026-05-07T20:54:04+00:00,yfinance
SPY260529P00555000,2026-05-06 19:36:16+00:00,555.0,0.09,0.08,0.1,0.0,0.0,1.0,1276.0,0.42383388671875,False,REGULAR,USD,SPY,put,2026-05-29,2026-05-05,2026-05-07T20:54:04+00:00,yfinance
SPY260529P00560000,2026-05-07 15:16:31+00:00,560.0,0.1,0.09,0.1,-0.009999998,-9.090907,15.0,1576.0,0.411138701171875,False,REGULAR,USD,SPY,put,2026-05-29,2026-05-05,2026-05-07T20:54:04+00:00,yfinance
SPY260529P00565000,2026-05-07 13:41:35+00:00,565.0,0.1,0.1,0.11,-0.019999996,-16.666662,160.0,1206.0,0.40332627929687503,False,REGULAR,USD,SPY,put,2026-05-29,2026-05-05,2026-05-07T20:54:04+00:00,yfinance
SPY260529P00570000,2026-05-07 18:51:04+00:00,570.0,0.13,0.11,0.12,-0.010000005,-7.1428604,4.0,101589.0,0.39453730468750003,False,REGULAR,USD,SPY,put,2026-05-29,2026-05-05,2026-05-07T20:54:04+00:00,yfinance
SPY260529P00575000,2026-05-07 15:17:29+00:00,575.0,0.12,0.12,0.13,-0.009999998,-7.692306,70.0,4264.0,0.3857483300781249,False,REGULAR,USD,SPY,put,2026-05-29,2026-05-05,2026-05-07T20:54:04+00:00,yfinance
SPY260529P00580000,2026-05-07 15:19:06+00:00,580.0,0.13,0.13,0.14,-0.02000001,-13.333339,33.0,1733.0,0.375982802734375,False,REGULAR,USD,SPY,put,2026-05-29,2026-05-05,2026-05-07T20:54:04+00:00,yfinance
SPY260529P00585000,2026-05-07 17:39:53+00:00,585.0,0.16,0.14,0.15,0.00999999,6.66666,125.0,76491.0,0.3667055517578125,False,REGULAR,USD,SPY,put,2026-05-29,2026-05-05,2026-05-07T20:54:04+00:00,yfinance
SPY260529P00588000,2026-05-07 19:25:29+00:00,588.0,0.17,0.14,0.16,-0.010000005,-5.555558,485.0,637.0,0.3618227880859375,False,REGULAR,USD,SPY,put,2026-05-29,2026-05-05,2026-05-07T20:54:04+00:00,yfinance
SPY260529P00589000,2026-05-07 19:12:33+00:00,589.0,0.17,0.15,0.16,-0.010000005,-5.555558,570.0,324.0,0.35938140625,False,REGULAR,USD,SPY,put,2026-05-29,2026-05-05,2026-05-07T20:54:04+00:00,yfinance
SPY260529P00590000,2026-05-07 15:08:41+00:00,590.0,0.15,0.15,0.16,-0.019999996,-11.764703,125.0,6893.0,0.3569400244140625,False,REGULAR,USD,SPY,put,2026-05-29,2026-05-05,2026-05-07T20:54:04+00:00,yfinance
SPY260529P00591000,2026-05-05 18:35:02+00:00,591.0,0.16,0.15,0.17,-0.08,-33.333336,1.0,380.0,0.3569400244140625,False,REGULAR,USD,SPY,put,2026-05-29,2026-05-05,2026-05-07T20:54:04+00:00,yfinance
SPY260529P00592000,2026-05-06 15:40:37+00:00,592.0,0.2,0.15,0.17,0.0,0.0,249.0,520.0,0.3544986425781249,False,REGULAR,USD,SPY,put,2026-05-29,2026-05-05,2026-05-07T20:54:04+00:00,yfinance
SPY260529P00593000,2026-05-04 18:26:39+00:00,593.0,0.37,0.16,0.17,0.0,0.0,22.0,365.0,0.35205726074218746,False,REGULAR,USD,SPY,put,2026-05-29,2026-05-05,2026-05-07T20:54:04+00:00,yfinance
SPY260529P00594000,2026-05-06 13:54:09+00:00,594.0,0.22,0.16,0.17,0.0,0.0,2.0,500.0,0.34961587890624996,False,REGULAR,USD,SPY,put,2026-05-29,2026-05-05,2026-05-07T20:54:04+00:00,yfinance
SPY260529P00595000,2026-05-07 14:25:59+00:00,595.0,0.17,0.16,0.18,-0.019999996,-10.526314,101.0,6700.0,0.34961587890624996,False,REGULAR,USD,SPY,put,2026-05-29,2026-05-05,2026-05-07T20:54:04+00:00,yfinance
SPY260529P00596000,2026-05-07 20:02:40+00:00,596.0,0.17,0.17,0.18,-0.08,-32.0,261.0,387.0,0.34717449707031245,False,REGULAR,USD,SPY,put,2026-05-29,2026-05-05,2026-05-07T20:54:04+00:00,yfinance
SPY260529P00597000,2026-05-06 18:43:29+00:00,597.0,0.19,0.17,0.18,-0.010000005,-5.0000024,216.0,901.0,0.344733115234375,False,REGULAR,USD,SPY,put,2026-05-29,2026-05-05,2026-05-07T20:54:04+00:00,yfinance
SPY260529P00598000,2026-05-07 18:07:51+00:00,598.0,0.19,0.17,0.19,-0.09,-32.142857,96.0,259.0,0.3442448388671875,False,REGULAR,USD,SPY,put,2026-05-29,2026-05-05,2026-05-07T20:54:04+00:00,yfinance
SPY260529P00599000,2026-05-07 14:03:25+00:00,599.0,0.19,0.18,0.19,-0.010000005,-5.0000024,339.0,1619.0,0.34180345703125,False,REGULAR,USD,SPY,put,2026-05-29,2026-05-05,2026-05-07T20:54:04+00:00,yfinance
SPY260529P00600000,2026-05-07 19:55:32+00:00,600.0,0.19,0.18,0.19,-0.010000005,-5.0000024,407.0,49647.0,0.3393620751953125,False,REGULAR,USD,SPY,put,2026-05-29,2026-05-05,2026-05-07T20:54:04+00:00,yfinance
SPY260529P00601000,2026-05-07 18:07:54+00:00,601.0,0.2,0.18,0.2,-0.019999996,-9.090907,268.0,502.0,0.33887379882812496,False,REGULAR,USD,SPY,put,2026-05-29,2026-05-05,2026-05-07T20:54:04+00:00,yfinance
SPY260529P00602000,2026-05-07 19:48:59+00:00,602.0,0.2,0.19,0.2,-0.019999996,-9.090907,2.0,359.0,0.3364324169921875,False,REGULAR,USD,SPY,put,2026-05-29,2026-05-05,2026-05-07T20:54:04+00:00,yfinance
SPY260529P00603000,2026-05-07 14:20:54+00:00,603.0,0.22,0.19,0.2,-0.019999996,-8.333331,156.0,373.0,0.33399103515625,False,REGULAR,USD,SPY,put,2026-05-29,2026-05-05,2026-05-07T20:54:04+00:00,yfinance
SPY260529P00604000,2026-05-07 14:05:00+00:00,604.0,0.21,0.19,0.21,-0.010000005,-4.545457,67.0,341.0,0.33350275878906255,False,REGULAR,USD,SPY,put,2026-05-29,2026-05-05,2026-05-07T20:54:04+00:00,yfinance
SPY260529P00605000,2026-05-07 19:49:47+00:00,605.0,0.22,0.2,0.21,-0.019999996,-8.333331,13.0,2966.0,0.331061376953125,False,REGULAR,USD,SPY,put,2026-05-29,2026-05-05,2026-05-07T20:54:04+00:00,yfinance
SPY260529P00606000,2026-05-06 18:18:50+00:00,606.0,0.23,0.2,0.21,0.0,0.0,1.0,313.0,0.3283758569335937,False,REGULAR,USD,SPY,put,2026-05-29,2026-05-05,2026-05-07T20:54:04+00:00,yfinance
SPY260529P00607000,2026-05-07 14:42:44+00:00,607.0,0.21,0.2,0.22,-0.02000001,-8.695656,2.0,483.0,0.3278875805664062,False,REGULAR,USD,SPY,put,2026-05-29,2026-05-05,2026-05-07T20:54:04+00:00,yfinance
SPY260529P00608000,2026-05-07 17:33:06+00:00,608.0,0.23,0.21,0.22,-0.26,-53.061222,4.0,2854.0,0.32520206054687495,False,REGULAR,USD,SPY,put,2026-05-29,2026-05-05,2026-05-07T20:54:04+00:00,yfinance
SPY260529P00609000,2026-05-07 19:57:07+00:00,609.0,0.22,0.21,0.23,-0.019999996,-8.333331,8.0,503.0,0.32471378417968744,False,REGULAR,USD,SPY,put,2026-05-29,2026-05-05,2026-05-07T20:54:04+00:00,yfinance
SPY260529P00610000,2026-05-07 16:53:39+00:00,610.0,0.23,0.21,0.23,0.0,0.0,44.0,5098.0,0.32227240234374993,False,REGULAR,USD,SPY,put,2026-05-29,2026-05-05,2026-05-07T20:54:04+00:00,yfinance
SPY260529P00611000,2026-05-07 19:44:08+00:00,611.0,0.24,0.22,0.23,-0.010000005,-4.000002,18.0,393.0,0.31958688232421867,False,REGULAR,USD,SPY,put,2026-05-29,2026-05-05,2026-05-07T20:54:04+00:00,yfinance
SPY260529P00612000,2026-05-07 14:39:39+00:00,612.0,0.23,0.22,0.24,-0.049999997,-17.857141,2.0,372.0,0.3188544677734374,False,REGULAR,USD,SPY,put,2026-05-29,2026-05-05,2026-05-07T20:54:04+00:00,yfinance
SPY260529P00613000,2026-05-07 16:24:33+00:00,613.0,0.26,0.23,0.24,-0.02000001,-7.1428604,17.0,665.0,0.31641308593749995,False,REGULAR,USD,SPY,put,2026-05-29,2026-05-05,2026-05-07T20:54:04+00:00,yfinance
SPY260529P00614000,2026-05-07 14:25:59+00:00,614.0,0.24,0.23,0.25,-0.019999996,-7.692306,9.0,491.0,0.3154365332031249,False,REGULAR,USD,SPY,put,2026-05-29,2026-05-05,2026-05-07T20:54:04+00:00,yfinance
SPY260529P00615000,2026-05-07 20:01:26+00:00,615.0,0.25,0.24,0.25,-0.02000001,-7.4074106,56.0,3121.0,0.3129951513671875,False,REGULAR,USD,SPY,put,2026-05-29,2026-05-05,2026-05-07T20:54:04+00:00,yfinance
SPY260529P00616000,2026-05-07 14:46:07+00:00,616.0,0.25,0.24,0.26,-0.060000002,-19.35484,10.0,240.0,0.31201859863281245,False,REGULAR,USD,SPY,put,2026-05-29,2026-05-05,2026-05-07T20:54:04+00:00,yfinance
SPY260529P00617000,2026-05-06 18:42:44+00:00,617.0,0.28,0.25,0.26,0.0,0.0,2.0,346.0,0.309577216796875,False,REGULAR,USD,SPY,put,2026-05-29,2026-05-05,2026-05-07T20:54:04+00:00,yfinance
SPY260529P00618000,2026-05-07 14:41:20+00:00,618.0,0.25,0.25,0.27,-0.06999999,-21.874998,3.0,655.0,0.3086006640625,False,REGULAR,USD,SPY,put,2026-05-29,2026-05-05,2026-05-07T20:54:04+00:00,yfinance
SPY260529P00619000,2026-05-07 14:07:32+00:00,619.0,0.27,0.26,0.27,-0.03999999,-12.903223,6.0,256.0,0.30591514404296877,False,REGULAR,USD,SPY,put,2026-05-29,2026-05-05,2026-05-07T20:54:04+00:00,yfinance
SPY260529P00620000,2026-05-07 20:13:53+00:00,620.0,0.27,0.27,0.28,-0.03999999,-12.903223,983.0,5259.0,0.30493859130859374,False,REGULAR,USD,SPY,put,2026-05-29,2026-05-05,2026-05-07T20:54:04+00:00,yfinance
SPY260529P00621000,2026-05-07 16:25:34+00:00,621.0,0.3,0.27,0.28,0.01000002,3.448283,8.0,569.0,0.30225307128906254,False,REGULAR,USD,SPY,put,2026-05-29,2026-05-05,2026-05-07T20:54:04+00:00,yfinance
SPY260529P00622000,2026-05-06 18:04:10+00:00,622.0,0.31,0.27,0.29,0.0,0.0,1.0,578.0,0.3012765185546875,False,REGULAR,USD,SPY,put,2026-05-29,2026-05-05,2026-05-07T20:54:04+00:00,yfinance
SPY260529P00623000,2026-05-07 16:35:08+00:00,623.0,0.31,0.28,0.29,-0.02000001,-6.060609,1.0,598.0,0.2985909985351562,False,REGULAR,USD,SPY,put,2026-05-29,2026-05-05,2026-05-07T20:54:04+00:00,yfinance
SPY260529P00624000,2026-05-06 19:50:07+00:00,624.0,0.32,0.28,0.3,0.0,0.0,4.0,224.0,0.2973703076171874,False,REGULAR,USD,SPY,put,2026-05-29,2026-05-05,2026-05-07T20:54:04+00:00,yfinance
SPY260529P00625000,2026-05-07 19:24:53+00:00,625.0,0.33,0.29,0.3,0.0,0.0,32.0,5756.0,0.29492892578124996,False,REGULAR,USD,SPY,put,2026-05-29,2026-05-05,2026-05-07T20:54:04+00:00,yfinance
SPY260529P00626000,2026-05-07 15:57:07+00:00,626.0,0.3,0.3,0.31,-0.030000001,-9.090909,1.0,578.0,0.2937082348632812,False,REGULAR,USD,SPY,put,2026-05-29,2026-05-05,2026-05-07T20:54:04+00:00,yfinance
SPY260529P00627000,2026-05-06 18:17:24+00:00,627.0,0.33,0.3,0.32,0.0,0.0,16.0,368.0,0.2924875439453124,False,REGULAR,USD,SPY,put,2026-05-29,2026-05-05,2026-05-07T20:54:04+00:00,yfinance
SPY260529P00628000,2026-05-07 15:57:07+00:00,628.0,0.32,0.31,0.32,-0.030000001,-8.571428,2.0,806.0,0.2898020239257812,False,REGULAR,USD,SPY,put,2026-05-29,2026-05-05,2026-05-07T20:54:04+00:00,yfinance
SPY260529P00629000,2026-05-07 13:41:00+00:00,629.0,0.34,0.31,0.33,-0.02000001,-5.555558,1.0,494.0,0.2885813330078124,False,REGULAR,USD,SPY,put,2026-05-29,2026-05-05,2026-05-07T20:54:04+00:00,yfinance
SPY260529P00630000,2026-05-07 20:02:44+00:00,630.0,0.32,0.32,0.33,-0.04000002,-11.111116,91.0,6810.0,0.2858958129882812,False,REGULAR,USD,SPY,put,2026-05-29,2026-05-05,2026-05-07T20:54:04+00:00,yfinance
SPY260529P00631000,2026-05-07 19:10:06+00:00,631.0,0.37,0.33,0.34,-0.01999998,-5.1282005,14.0,529.0,0.28443098388671867,False,REGULAR,USD,SPY,put,2026-05-29,2026-05-05,2026-05-07T20:54:04+00:00,yfinance
SPY260529P00632000,2026-05-06 18:33:45+00:00,632.0,0.38,0.33,0.35,0.0,0.0,95.0,700.0,0.28321029296874994,False,REGULAR,USD,SPY,put,2026-05-29,2026-05-05,2026-05-07T20:54:04+00:00,yfinance
SPY260529P00633000,2026-05-07 20:13:59+00:00,633.0,0.34,0.34,0.36,-0.099999994,-22.72727,171.0,488.0,0.28174546386718746,False,REGULAR,USD,SPY,put,2026-05-29,2026-05-05,2026-05-07T20:54:04+00:00,yfinance
SPY260529P00634000,2026-05-07 17:56:32+00:00,634.0,0.39,0.35,0.36,-0.01000002,-2.500005,3.0,305.0,0.2790599438476562,False,REGULAR,USD,SPY,put,2026-05-29,2026-05-05,2026-05-07T20:54:04+00:00,yfinance
SPY260529P00635000,2026-05-07 20:01:56+00:00,635.0,0.37,0.36,0.37,-0.03999999,-9.756095,255.0,4238.0,0.2775951147460937,False,REGULAR,USD,SPY,put,2026-05-29,2026-05-05,2026-05-07T20:54:04+00:00,yfinance
SPY260529P00636000,2026-05-07 19:24:53+00:00,636.0,0.42,0.36,0.38,-0.01000002,-2.325586,4.0,754.0,0.2761302856445312,False,REGULAR,USD,SPY,put,2026-05-29,2026-05-05,2026-05-07T20:54:04+00:00,yfinance
SPY260529P00637000,2026-05-07 19:52:03+00:00,637.0,0.39,0.37,0.39,-0.030000001,-7.1428576,39.0,610.0,0.2745433874511719,False,REGULAR,USD,SPY,put,2026-05-29,2026-05-05,2026-05-07T20:54:04+00:00,yfinance
SPY260529P00638000,2026-05-07 19:52:03+00:00,638.0,0.4,0.38,0.39,-0.030000001,-6.976744,257.0,896.0,0.27197993652343744,False,REGULAR,USD,SPY,put,2026-05-29,2026-05-05,2026-05-07T20:54:04+00:00,yfinance
SPY260529P00639000,2026-05-07 16:15:30+00:00,639.0,0.45,0.39,0.4,-0.050000012,-10.000002,84.0,870.0,0.27027096923828126,False,REGULAR,USD,SPY,put,2026-05-29,2026-05-05,2026-05-07T20:54:04+00:00,yfinance
SPY260529P00640000,2026-05-07 20:09:58+00:00,640.0,0.4,0.4,0.41,-0.03999999,-9.090907,293.0,14907.0,0.26868407104492187,False,REGULAR,USD,SPY,put,2026-05-29,2026-05-05,2026-05-07T20:54:04+00:00,yfinance
SPY260529P00641000,2026-05-07 17:55:54+00:00,641.0,0.46,0.41,0.42,0.01000002,2.2222269,7.0,352.0,0.26709717285156254,False,REGULAR,USD,SPY,put,2026-05-29,2026-05-05,2026-05-07T20:54:04+00:00,yfinance
SPY260529P00642000,2026-05-07 16:36:23+00:00,642.0,0.44,0.41,0.43,-0.060000002,-12.0,4.0,458.0,0.26538820556640624,False,REGULAR,USD,SPY,put,2026-05-29,2026-05-05,2026-05-07T20:54:04+00:00,yfinance
SPY260529P00643000,2026-05-07 15:49:33+00:00,643.0,0.47,0.42,0.44,-0.00999999,-2.0833313,5.0,510.0,0.26367923828125,False,REGULAR,USD,SPY,put,2026-05-29,2026-05-05,2026-05-07T20:54:04+00:00,yfinance
SPY260529P00644000,2026-05-07 19:22:57+00:00,644.0,0.49,0.43,0.45,-0.00999999,-1.9999981,10.0,16066.0,0.26197027099609377,False,REGULAR,USD,SPY,put,2026-05-29,2026-05-05,2026-05-07T20:54:04+00:00,yfinance
SPY260529P00645000,2026-05-07 19:35:41+00:00,645.0,0.46,0.44,0.46,-0.03999999,-7.999998,318.0,10961.0,0.2602613037109375,False,REGULAR,USD,SPY,put,2026-05-29,2026-05-05,2026-05-07T20:54:04+00:00,yfinance
SPY260529P00646000,2026-05-07 17:43:14+00:00,646.0,0.51,0.45,0.47,-0.00999999,-1.9230752,19.0,3278.0,0.25830819824218754,False,REGULAR,USD,SPY,put,2026-05-29,2026-05-05,2026-05-07T20:54:04+00:00,yfinance
SPY260529P00647000,2026-05-07 19:38:08+00:00,647.0,0.49,0.46,0.48,-0.050000012,-9.259261,47.0,676.0,0.25659923095703124,False,REGULAR,USD,SPY,put,2026-05-29,2026-05-05,2026-05-07T20:54:04+00:00,yfinance
SPY260529P00648000,2026-05-07 19:38:27+00:00,648.0,0.51,0.48,0.49,-0.01999998,-3.7735815,6.0,962.0,0.25476819458007816,False,REGULAR,USD,SPY,put,2026-05-29,2026-05-05,2026-05-07T20:54:04+00:00,yfinance
SPY260529P00649000,2026-05-07 19:59:43+00:00,649.0,0.5,0.49,0.5,-0.04000002,-7.4074106,104.0,19827.0,0.252937158203125,False,REGULAR,USD,SPY,put,2026-05-29,2026-05-05,2026-05-07T20:54:04+00:00,yfinance
SPY260529P00650000,2026-05-07 19:59:30+00:00,650.0,0.51,0.5,0.52,-0.07999998,-13.5593195,1518.0,26845.0,0.2518385363769531,False,REGULAR,USD,SPY,put,2026-05-29,2026-05-05,2026-05-07T20:54:04+00:00,yfinance
SPY260529P00651000,2026-05-07 18:18:38+00:00,651.0,0.53,0.51,0.53,-0.110000014,-17.187504,29.0,1071.0,0.24988543090820312,False,REGULAR,USD,SPY,put,2026-05-29,2026-05-05,2026-05-07T20:54:04+00:00,yfinance
SPY260529P00652000,2026-05-07 19:48:59+00:00,652.0,0.55,0.52,0.54,-0.03999996,-6.779655,13.0,2078.0,0.24793232543945312,False,REGULAR,USD,SPY,put,2026-05-29,2026-05-05,2026-05-07T20:54:04+00:00,yfinance
SPY260529P00653000,2026-05-07 18:53:34+00:00,653.0,0.59,0.54,0.55,-0.030000031,-4.8387146,78.0,3676.0,0.24597921997070313,False,REGULAR,USD,SPY,put,2026-05-29,2026-05-05,2026-05-07T20:54:04+00:00,yfinance
SPY260529P00654000,2026-05-07 16:36:20+00:00,654.0,0.57,0.55,0.57,-0.07999998,-12.30769,86.0,1329.0,0.2447585290527344,False,REGULAR,USD,SPY,put,2026-05-29,2026-05-05,2026-05-07T20:54:04+00:00,yfinance
SPY260529P00655000,2026-05-07 20:02:44+00:00,655.0,0.55,0.56,0.58,-0.099999964,-15.38461,267.0,5317.0,0.24268335449218748,False,REGULAR,USD,SPY,put,2026-05-29,2026-05-05,2026-05-07T20:54:04+00:00,yfinance
SPY260529P00656000,2026-05-07 18:13:53+00:00,656.0,0.62,0.58,0.6,-0.04000002,-6.060609,19.0,722.0,0.24146266357421875,False,REGULAR,USD,SPY,put,2026-05-29,2026-05-05,2026-05-07T20:54:04+00:00,yfinance
SPY260529P00657000,2026-05-07 16:21:28+00:00,657.0,0.69,0.59,0.61,-0.00999999,-1.42857,139.0,992.0,0.23938748901367185,False,REGULAR,USD,SPY,put,2026-05-29,2026-05-05,2026-05-07T20:54:04+00:00,yfinance
SPY260529P00658000,2026-05-07 18:48:05+00:00,658.0,0.69,0.61,0.63,0.00999999,1.4705868,6.0,1085.0,0.23792265991210934,False,REGULAR,USD,SPY,put,2026-05-29,2026-05-05,2026-05-07T20:54:04+00:00,yfinance
SPY260529P00659000,2026-05-07 17:58:09+00:00,659.0,0.69,0.62,0.64,0.0,0.0,21.0,868.0,0.23584748535156247,False,REGULAR,USD,SPY,put,2026-05-29,2026-05-05,2026-05-07T20:54:04+00:00,yfinance
SPY260529P00660000,2026-05-07 19:54:40+00:00,660.0,0.68,0.64,0.66,-0.060000002,-8.108108,475.0,26928.0,0.23438265625,False,REGULAR,USD,SPY,put,2026-05-29,2026-05-05,2026-05-07T20:54:04+00:00,yfinance
SPY260529P00661000,2026-05-07 20:03:19+00:00,661.0,0.63,0.66,0.68,-0.13,-17.105263,36.0,2195.0,0.23279575805664063,False,REGULAR,USD,SPY,put,2026-05-29,2026-05-05,2026-05-07T20:54:04+00:00,yfinance
SPY260529P00662000,2026-05-07 17:55:57+00:00,662.0,0.76,0.68,0.7,-0.00999999,-1.2987001,23.0,822.0,0.23120885986328127,False,REGULAR,USD,SPY,put,2026-05-29,2026-05-05,2026-05-07T20:54:04+00:00,yfinance
SPY260529P00663000,2026-05-07 17:08:58+00:00,663.0,0.79,0.7,0.72,0.0,0.0,25.0,1056.0,0.22962196166992188,False,REGULAR,USD,SPY,put,2026-05-29,2026-05-05,2026-05-07T20:54:04+00:00,yfinance
SPY260529P00664000,2026-05-07 19:43:36+00:00,664.0,0.77,0.72,0.74,-0.02000004,-2.5316505,138.0,1065.0,0.22791299438476562,False,REGULAR,USD,SPY,put,2026-05-29,2026-05-05,2026-05-07T20:54:04+00:00,yfinance
SPY260529P00665000,2026-05-07 20:01:56+00:00,665.0,0.78,0.74,0.76,-0.08000004,-9.30233,3204.0,15064.0,0.22620402709960938,False,REGULAR,USD,SPY,put,2026-05-29,2026-05-05,2026-05-07T20:54:04+00:00,yfinance
SPY260529P00666000,2026-05-07 20:03:46+00:00,666.0,0.76,0.76,0.78,-0.100000024,-11.627909,62.0,3250.0,0.22449505981445309,False,REGULAR,USD,SPY,put,2026-05-29,2026-05-05,2026-05-07T20:54:04+00:00,yfinance
SPY260529P00667000,2026-05-07 19:43:36+00:00,667.0,0.83,0.78,0.8,-0.060000002,-6.7415733,190.0,1490.0,0.22278609252929685,False,REGULAR,USD,SPY,put,2026-05-29,2026-05-05,2026-05-07T20:54:04+00:00,yfinance
SPY260529P00668000,2026-05-07 17:48:50+00:00,668.0,0.92,0.81,0.83,0.02000004,2.2222269,69.0,1153.0,0.22144333251953124,False,REGULAR,USD,SPY,put,2026-05-29,2026-05-05,2026-05-07T20:54:04+00:00,yfinance
SPY260529P00669000,2026-05-07 17:58:09+00:00,669.0,0.9,0.83,0.85,-0.050000012,-5.263159,65.0,4927.0,0.2196122961425781,False,REGULAR,USD,SPY,put,2026-05-29,2026-05-05,2026-05-07T20:54:04+00:00,yfinance
SPY260529P00670000,2026-05-07 20:13:59+00:00,670.0,0.88,0.86,0.88,-0.060000002,-6.382979,6722.0,24944.0,0.21820850158691402,False,REGULAR,USD,SPY,put,2026-05-29,2026-05-05,2026-05-07T20:54:04+00:00,yfinance
SPY260529P00671000,2026-05-06 20:14:55+00:00,671.0,0.98,0.88,0.91,0.0,0.0,61.0,6226.0,0.21680470703125,False,REGULAR,USD,SPY,put,2026-05-29,2026-05-05,2026-05-07T20:54:04+00:00,yfinance
SPY260529P00672000,2026-05-07 18:07:37+00:00,672.0,0.96,0.91,0.93,-0.050000012,-4.950496,174.0,1207.0,0.21479056701660154,False,REGULAR,USD,SPY,put,2026-05-29,2026-05-05,2026-05-07T20:54:04+00:00,yfinance
SPY260529P00673000,2026-05-07 20:00:48+00:00,673.0,0.99,0.94,0.96,-0.08000004,-7.476639,96.0,1425.0,0.21326470336914063,False,REGULAR,USD,SPY,put,2026-05-29,2026-05-05,2026-05-07T20:54:04+00:00,yfinance
SPY260529P00674000,2026-05-07 20:07:43+00:00,674.0,0.98,0.97,1.0,-0.07999992,-7.547163,30.0,1030.0,0.21210504699707028,False,REGULAR,USD,SPY,put,2026-05-29,2026-05-05,2026-05-07T20:54:04+00:00,yfinance
SPY260529P00675000,2026-05-07 20:13:52+00:00,675.0,1.03,1.0,1.03,-0.08000004,-7.2072105,55584.0,9254.0,0.2104571142578125,False,REGULAR,USD,SPY,put,2026-05-29,2026-05-05,2026-05-07T20:54:04+00:00,yfinance
SPY260529P00676000,2026-05-07 19:20:51+00:00,676.0,1.16,1.04,1.06,0.00999999,0.8695644,26.0,1033.0,0.2087481469726562,False,REGULAR,USD,SPY,put,2026-05-29,2026-05-05,2026-05-07T20:54:04+00:00,yfinance
SPY260529P00677000,2026-05-07 19:43:19+00:00,677.0,1.12,1.07,1.1,-0.07000005,-5.882357,135.0,1667.0,0.2074053869628906,False,REGULAR,USD,SPY,put,2026-05-29,2026-05-05,2026-05-07T20:54:04+00:00,yfinance
SPY260529P00678000,2026-05-07 19:59:29+00:00,678.0,1.12,1.11,1.13,-0.09000003,-7.4380193,22.0,907.0,0.20557435058593748,False,REGULAR,USD,SPY,put,2026-05-29,2026-05-05,2026-05-07T20:54:04+00:00,yfinance
SPY260529P00679000,2026-05-07 18:09:26+00:00,679.0,1.2,1.15,1.17,-0.049999952,-3.9999962,150.0,1323.0,0.20410952148437497,False,REGULAR,USD,SPY,put,2026-05-29,2026-05-05,2026-05-07T20:54:04+00:00,yfinance
SPY260529P00680000,2026-05-07 20:06:04+00:00,680.0,1.2,1.19,1.21,-0.099999905,-7.692301,674.0,35994.0,0.20264469238281246,False,REGULAR,USD,SPY,put,2026-05-29,2026-05-05,2026-05-07T20:54:04+00:00,yfinance
SPY260529P00681000,2026-05-07 17:56:35+00:00,681.0,1.35,1.23,1.26,0.01999998,1.503758,29.0,2006.0,0.20142400146484374,False,REGULAR,USD,SPY,put,2026-05-29,2026-05-05,2026-05-07T20:54:04+00:00,yfinance
SPY260529P00682000,2026-05-07 20:11:50+00:00,682.0,1.29,1.27,1.29,-0.100000024,-7.194246,115.0,1920.0,0.1994098614501953,False,REGULAR,USD,SPY,put,2026-05-29,2026-05-05,2026-05-07T20:54:04+00:00,yfinance
SPY260529P00683000,2026-05-07 20:04:25+00:00,683.0,1.25,1.32,1.35,-0.17999995,-12.587409,10.0,1590.0,0.1984333087158203,False,REGULAR,USD,SPY,put,2026-05-29,2026-05-05,2026-05-07T20:54:04+00:00,yfinance
SPY260529P00684000,2026-05-07 17:54:08+00:00,684.0,1.57,1.37,1.39,0.08000004,5.36913,228.0,1817.0,0.1966633068847656,False,REGULAR,USD,SPY,put,2026-05-29,2026-05-05,2026-05-07T20:54:04+00:00,yfinance
SPY260529P00685000,2026-05-07 20:12:21+00:00,685.0,1.44,1.42,1.44,-0.099999905,-6.4935,2018.0,7672.0,0.19519847778320312,False,REGULAR,USD,SPY,put,2026-05-29,2026-05-05,2026-05-07T20:54:04+00:00,yfinance
SPY260529P00686000,2026-05-07 20:14:38+00:00,686.0,1.48,1.47,1.5,-0.120000005,-7.5,6675.0,10553.0,0.1939777868652344,False,REGULAR,USD,SPY,put,2026-05-29,2026-05-05,2026-05-07T20:54:04+00:00,yfinance
SPY260529P00687000,2026-05-07 20:05:21+00:00,687.0,1.52,1.52,1.55,-0.110000014,-6.7484674,48.0,16078.0,0.19232985412597658,False,REGULAR,USD,SPY,put,2026-05-29,2026-05-05,2026-05-07T20:54:04+00:00,yfinance
SPY260529P00688000,2026-05-07 20:08:28+00:00,688.0,1.6,1.58,1.61,-0.09000003,-5.3254457,192.0,11989.0,0.1909260595703125,False,REGULAR,USD,SPY,put,2026-05-29,2026-05-05,2026-05-07T20:54:04+00:00,yfinance
SPY260529P00689000,2026-05-07 19:46:08+00:00,689.0,1.69,1.64,1.67,-0.01999998,-1.1695895,122.0,1297.0,0.18952226501464847,False,REGULAR,USD,SPY,put,2026-05-29,2026-05-05,2026-05-07T20:54:04+00:00,yfinance
SPY260529P00690000,2026-05-07 20:06:23+00:00,690.0,1.71,1.7,1.73,-0.110000014,-6.0439568,4480.0,20380.0,0.18793536682128903,False,REGULAR,USD,SPY,put,2026-05-29,2026-05-05,2026-05-07T20:54:04+00:00,yfinance
SPY260529P00691000,2026-05-07 20:06:50+00:00,691.0,1.79,1.77,1.8,-0.04000008,-2.1857967,93.0,1695.0,0.18665364135742188,False,REGULAR,USD,SPY,put,2026-05-29,2026-05-05,2026-05-07T20:54:04+00:00,yfinance
SPY260529P00692000,2026-05-07 19:59:14+00:00,692.0,1.87,1.84,1.87,-0.01999998,-1.0582,34.0,1923.0,0.18524984680175777,False,REGULAR,USD,SPY,put,2026-05-29,2026-05-05,2026-05-07T20:54:04+00:00,yfinance
SPY260529P00693000,2026-05-07 20:07:43+00:00,693.0,1.92,1.91,1.94,-0.03000009,-1.5384661,154.0,1409.0,0.18372398315429686,False,REGULAR,USD,SPY,put,2026-05-29,2026-05-05,2026-05-07T20:54:04+00:00,yfinance
SPY260529P00694000,2026-05-07 19:31:04+00:00,694.0,2.15,1.98,2.01,0.10000014,4.878056,268.0,1611.0,0.18219811950683595,False,REGULAR,USD,SPY,put,2026-05-29,2026-05-05,2026-05-07T20:54:04+00:00,yfinance
SPY260529P00695000,2026-05-07 20:14:29+00:00,695.0,2.09,2.06,2.09,-0.07000017,-3.2407486,5882.0,7811.0,0.18079432495117187,False,REGULAR,USD,SPY,put,2026-05-29,2026-05-05,2026-05-07T20:54:04+00:00,yfinance
SPY260529P00696000,2026-05-07 19:46:06+00:00,696.0,2.2,2.14,2.17,0.03999996,1.85185,113.0,2172.0,0.17932949584960936,False,REGULAR,USD,SPY,put,2026-05-29,2026-05-05,2026-05-07T20:54:04+00:00,yfinance
SPY260529P00697000,2026-05-07 20:07:43+00:00,697.0,2.25,2.22,2.26,0.029999971,1.3513501,156.0,3800.0,0.17798673583984376,False,REGULAR,USD,SPY,put,2026-05-29,2026-05-05,2026-05-07T20:54:04+00:00,yfinance
SPY260529P00698000,2026-05-07 19:31:04+00:00,698.0,2.5,2.31,2.34,0.17000008,7.2961407,241.0,1532.0,0.17633880310058597,False,REGULAR,USD,SPY,put,2026-05-29,2026-05-05,2026-05-07T20:54:04+00:00,yfinance
SPY260529P00699000,2026-05-07 20:00:51+00:00,699.0,2.52,2.4,2.44,0.03999996,1.6129017,279.0,2031.0,0.17505707763671874,False,REGULAR,USD,SPY,put,2026-05-29,2026-05-05,2026-05-07T20:54:04+00:00,yfinance
SPY260529P00700000,2026-05-07 20:13:49+00:00,700.0,2.54,2.5,2.53,0.00999999,0.39525655,9776.0,51012.0,0.17347017944335938,False,REGULAR,USD,SPY,put,2026-05-29,2026-05-05,2026-05-07T20:54:04+00:00,yfinance
SPY260529P00701000,2026-05-07 19:31:03+00:00,701.0,2.68,2.59,2.63,0.029999971,1.1320744,239.0,1457.0,0.1720053503417969,False,REGULAR,USD,SPY,put,2026-05-29,2026-05-05,2026-05-07T20:54:04+00:00,yfinance
SPY260529P00702000,2026-05-07 19:53:53+00:00,702.0,2.85,2.7,2.74,0.18999982,7.14285,177.0,665.0,0.1706625903320313,False,REGULAR,USD,SPY,put,2026-05-29,2026-05-05,2026-05-07T20:54:04+00:00,yfinance
SPY260529P00703000,2026-05-07 20:13:16+00:00,703.0,2.89,2.81,2.84,0.13000011,4.7101493,698.0,874.0,0.16901465759277345,False,REGULAR,USD,SPY,put,2026-05-29,2026-05-05,2026-05-07T20:54:04+00:00,yfinance
SPY260529P00704000,2026-05-07 19:58:29+00:00,704.0,3.02,2.92,2.96,0.01999998,0.66666603,444.0,3050.0,0.16767189758300782,False,REGULAR,USD,SPY,put,2026-05-29,2026-05-05,2026-05-07T20:54:04+00:00,yfinance
SPY260529P00705000,2026-05-07 20:13:06+00:00,705.0,3.1,3.04,3.08,0.01999998,0.64935005,6521.0,8884.0,0.16620706848144534,False,REGULAR,USD,SPY,put,2026-05-29,2026-05-05,2026-05-07T20:54:04+00:00,yfinance
SPY260529P00706000,2026-05-07 19:42:23+00:00,706.0,3.3,3.16,3.2,0.07999992,2.4844697,654.0,1375.0,0.16465068756103518,False,REGULAR,USD,SPY,put,2026-05-29,2026-05-05,2026-05-07T20:54:04+00:00,yfinance
SPY260529P00707000,2026-05-07 19:59:10+00:00,707.0,3.34,3.29,3.33,0.109999895,3.4055696,487.0,1221.0,0.16315534118652347,False,REGULAR,USD,SPY,put,2026-05-29,2026-05-05,2026-05-07T20:54:04+00:00,yfinance
SPY260529P00708000,2026-05-07 20:14:52+00:00,708.0,3.44,3.43,3.46,0.08000016,2.3809574,601.0,707.0,0.16156844299316403,False,REGULAR,USD,SPY,put,2026-05-29,2026-05-05,2026-05-07T20:54:04+00:00,yfinance
SPY260529P00709000,2026-05-07 20:11:35+00:00,709.0,3.61,3.57,3.61,0.119999886,3.4383922,840.0,4233.0,0.16025620025634768,False,REGULAR,USD,SPY,put,2026-05-29,2026-05-05,2026-05-07T20:54:04+00:00,yfinance
SPY260529P00710000,2026-05-07 20:13:52+00:00,710.0,3.78,3.71,3.75,0.03999996,1.0695177,59592.0,46828.0,0.15863878479003907,False,REGULAR,USD,SPY,put,2026-05-29,2026-05-05,2026-05-07T20:54:04+00:00,yfinance
SPY260529P00711000,2026-05-07 19:31:04+00:00,711.0,4.16,3.87,3.91,0.38999987,10.344824,223.0,2223.0,0.157234990234375,False,REGULAR,USD,SPY,put,2026-05-29,2026-05-05,2026-05-07T20:54:04+00:00,yfinance
SPY260529P00712000,2026-05-07 19:31:04+00:00,712.0,4.33,4.03,4.07,0.37999988,9.62025,513.0,1359.0,0.15570912658691405,False,REGULAR,USD,SPY,put,2026-05-29,2026-05-05,2026-05-07T20:54:04+00:00,yfinance
SPY260529P00713000,2026-05-07 20:09:06+00:00,713.0,4.27,4.19,4.23,0.19000006,4.656864,472.0,2874.0,0.15406119384765626,False,REGULAR,USD,SPY,put,2026-05-29,2026-05-05,2026-05-07T20:54:04+00:00,yfinance
SPY260529P00714000,2026-05-07 20:04:13+00:00,714.0,4.28,4.37,4.41,-0.07999992,-1.8348606,218.0,3038.0,0.152626882019043,False,REGULAR,USD,SPY,put,2026-05-29,2026-05-05,2026-05-07T20:54:04+00:00,yfinance
SPY260529P00715000,2026-05-07 20:06:40+00:00,715.0,4.58,4.55,4.59,0.119999886,2.6905804,11233.0,10977.0,0.15107050109863285,False,REGULAR,USD,SPY,put,2026-05-29,2026-05-05,2026-05-07T20:54:04+00:00,yfinance
SPY260529P00716000,2026-05-07 20:14:38+00:00,716.0,4.76,4.74,4.79,0.14000034,3.0303106,6984.0,1455.0,0.14966670654296876,False,REGULAR,USD,SPY,put,2026-05-29,2026-05-05,2026-05-07T20:54:04+00:00,yfinance
SPY260529P00717000,2026-05-07 20:03:45+00:00,717.0,4.89,4.94,4.99,-0.010000229,-0.2040863,357.0,951.0,0.14814084289550783,False,REGULAR,USD,SPY,put,2026-05-29,2026-05-05,2026-05-07T20:54:04+00:00,yfinance
SPY260529P00718000,2026-05-07 20:09:29+00:00,718.0,5.24,5.15,5.2,0.18999958,3.7623677,920.0,1313.0,0.14661497924804687,False,REGULAR,USD,SPY,put,2026-05-29,2026-05-05,2026-05-07T20:54:04+00:00,yfinance
SPY260529P00719000,2026-05-07 20:09:06+00:00,719.0,5.45,5.37,5.42,0.28999996,5.6201544,1180.0,413.0,0.14508911560058596,False,REGULAR,USD,SPY,put,2026-05-29,2026-05-05,2026-05-07T20:54:04+00:00,yfinance
SPY260529P00720000,2026-05-07 20:09:17+00:00,720.0,5.67,5.6,5.64,0.11000013,1.9784197,13952.0,5494.0,0.14344118286132812,False,REGULAR,USD,SPY,put,2026-05-29,2026-05-05,2026-05-07T20:54:04+00:00,yfinance
SPY260529P00721000,2026-05-07 20:13:52+00:00,721.0,5.93,5.83,5.88,0.19000006,3.3101056,171.0,1032.0,0.14191531921386719,False,REGULAR,USD,SPY,put,2026-05-29,2026-05-05,2026-05-07T20:54:04+00:00,yfinance
SPY260529P00722000,2026-05-07 20:13:52+00:00,722.0,6.17,6.08,6.13,0.32999992,5.6506834,784.0,1654.0,0.14035893829345703,False,REGULAR,USD,SPY,put,2026-05-29,2026-05-05,2026-05-07T20:54:04+00:00,yfinance
SPY260529P00723000,2026-05-07 19:52:03+00:00,723.0,6.67,6.34,6.39,0.5799999,9.5238085,281.0,1125.0,0.1387720401000977,False,REGULAR,USD,SPY,put,2026-05-29,2026-05-05,2026-05-07T20:54:04+00:00,yfinance
SPY260529P00724000,2026-05-07 20:04:00+00:00,724.0,6.63,6.61,6.66,0.3000002,4.7393394,501.0,1009.0,0.1371851419067383,False,REGULAR,USD,SPY,put,2026-05-29,2026-05-05,2026-05-07T20:54:04+00:00,yfinance
SPY260529P00725000,2026-05-07 20:05:48+00:00,725.0,6.95,6.89,6.94,0.3499999,5.303029,1453.0,3295.0,0.13553720916748052,False,REGULAR,USD,SPY,put,2026-05-29,2026-05-05,2026-05-07T20:54:04+00:00,yfinance
SPY260529P00726000,2026-05-07 20:02:44+00:00,726.0,7.04,7.19,7.24,-0.05000019,-0.7052213,93.0,154.0,0.13401134552001953,False,REGULAR,USD,SPY,put,2026-05-29,2026-05-05,2026-05-07T20:54:04+00:00,yfinance
SPY260529P00727000,2026-05-07 19:43:17+00:00,727.0,7.8,7.5,7.55,0.41000032,5.5480423,595.0,808.0,0.1324091886901856,False,REGULAR,USD,SPY,put,2026-05-29,2026-05-05,2026-05-07T20:54:04+00:00,yfinance
SPY260529P00728000,2026-05-07 19:56:13+00:00,728.0,8.26,7.82,7.88,0.8100004,10.87249,421.0,392.0,0.1308985836791992,False,REGULAR,USD,SPY,put,2026-05-29,2026-05-05,2026-05-07T20:54:04+00:00,yfinance
SPY260529P00729000,2026-05-07 20:02:40+00:00,729.0,8.13,8.16,8.21,0.4000001,5.1746454,591.0,843.0,0.12915909912109375,False,REGULAR,USD,SPY,put,2026-05-29,2026-05-05,2026-05-07T20:54:04+00:00,yfinance
SPY260529P00730000,2026-05-07 20:14:42+00:00,730.0,8.54,8.51,8.57,0.46000004,5.69307,2384.0,1309.0,0.1276332354736328,False,REGULAR,USD,SPY,put,2026-05-29,2026-05-05,2026-05-07T20:54:04+00:00,yfinance
SPY260529P00731000,2026-05-07 20:14:36+00:00,731.0,8.92,8.88,8.94,0.52000046,6.190482,683.0,838.0,0.1260310786437988,False,REGULAR,USD,SPY,put,2026-05-29,2026-05-05,2026-05-07T20:54:04+00:00,yfinance
SPY260529P00732000,2026-05-07 20:10:25+00:00,732.0,9.37,9.26,9.32,0.5500002,6.23583,1428.0,624.0,0.1243373699951172,True,REGULAR,USD,SPY,put,2026-05-29,2026-05-05,2026-05-07T20:54:04+00:00,yfinance
SPY260529P00733000,2026-05-07 20:13:20+00:00,733.0,9.77,9.66,9.72,0.5100002,5.5075617,848.0,1554.0,0.12265891998291016,True,REGULAR,USD,SPY,put,2026-05-29,2026-05-05,2026-05-07T20:54:04+00:00,yfinance
SPY260529P00734000,2026-05-07 19:31:19+00:00,734.0,10.57,10.08,10.14,0.9200001,9.53368,996.0,294.0,0.12101098724365235,True,REGULAR,USD,SPY,put,2026-05-29,2026-05-05,2026-05-07T20:54:04+00:00,yfinance
SPY260529P00735000,2026-05-07 20:07:39+00:00,735.0,10.6,10.52,10.58,0.4800005,4.743088,1258.0,511.0,0.11939357177734375,True,REGULAR,USD,SPY,put,2026-05-29,2026-05-05,2026-05-07T20:54:04+00:00,yfinance
SPY260529P00736000,2026-05-07 20:02:44+00:00,736.0,10.72,10.98,11.04,0.3699999,3.574878,110.0,250.0,0.11777615631103515,True,REGULAR,USD,SPY,put,2026-05-29,2026-05-05,2026-05-07T20:54:04+00:00,yfinance
SPY260529P00737000,2026-05-07 19:40:22+00:00,737.0,11.77,11.45,11.51,0.62000084,5.560546,406.0,295.0,0.11600615447998047,True,REGULAR,USD,SPY,put,2026-05-29,2026-05-05,2026-05-07T20:54:04+00:00,yfinance
SPY260529P00738000,2026-05-07 19:56:09+00:00,738.0,12.62,11.55,12.35,1.1700001,10.218342,58.0,421.0,0.11921046813964843,True,REGULAR,USD,SPY,put,2026-05-29,2026-05-05,2026-05-07T20:54:04+00:00,yfinance
SPY260529P00739000,2026-05-07 16:00:33+00:00,739.0,12.08,11.29,12.92,0.07999992,0.66666603,187.0,77.0,0.11835598449707031,True,REGULAR,USD,SPY,put,2026-05-29,2026-05-05,2026-05-07T20:54:04+00:00,yfinance
SPY260529P00740000,2026-05-07 20:04:49+00:00,740.0,12.59,12.66,13.45,0.39000034,3.1967242,1116.0,543.0,0.11664701721191406,True,REGULAR,USD,SPY,put,2026-05-29,2026-05-05,2026-05-07T20:54:04+00:00,yfinance
SPY260529P00741000,2026-05-07 20:14:56+00:00,741.0,13.49,12.31,14.91,0.48999977,3.769229,33.0,17.0,0.12839616729736325,True,REGULAR,USD,SPY,put,2026-05-29,2026-05-05,2026-05-07T20:54:04+00:00,yfinance
SPY260529P00742000,2026-05-06 14:11:43+00:00,742.0,15.4,12.88,15.49,0.0,0.0,,2.0,0.12708392456054687,True,REGULAR,USD,SPY,put,2026-05-29,2026-05-05,2026-05-07T20:54:04+00:00,yfinance
SPY260529P00743000,2026-05-07 16:59:53+00:00,743.0,15.0,13.47,15.2,1.1999998,8.695651,3.0,15.0,0.11200839172363279,True,REGULAR,USD,SPY,put,2026-05-29,2026-05-05,2026-05-07T20:54:04+00:00,yfinance
SPY260529P00744000,2026-05-07 17:32:47+00:00,744.0,16.15,14.13,16.35,-6.6499996,-29.166664,69.0,4.0,0.1188442608642578,True,REGULAR,USD,SPY,put,2026-05-29,2026-05-05,2026-05-07T20:54:04+00:00,yfinance
SPY260529P00745000,2026-05-07 20:02:27+00:00,745.0,16.0,14.73,17.35,0.8199997,5.4018426,268.0,105.0,0.12329978271484376,True,REGULAR,USD,SPY,put,2026-05-29,2026-05-05,2026-05-07T20:54:04+00:00,yfinance
SPY260529P00746000,2026-05-07 18:18:04+00:00,746.0,16.67,15.39,18.01,-24.4,-59.410763,13.0,1.0,0.12207909179687501,True,REGULAR,USD,SPY,put,2026-05-29,2026-05-05,2026-05-07T20:54:04+00:00,yfinance
SPY260529P00747000,2026-05-07 18:10:55+00:00,747.0,17.81,16.04,18.5,0.43999863,2.5330951,1.0,6.0,0.11759305267333985,True,REGULAR,USD,SPY,put,2026-05-29,2026-05-05,2026-05-07T20:54:04+00:00,yfinance
SPY260529P00748000,2026-05-07 18:18:04+00:00,748.0,18.05,16.74,19.48,-0.45000076,-2.4324365,55.0,3.0,0.12131615997314452,True,REGULAR,USD,SPY,put,2026-05-29,2026-05-05,2026-05-07T20:54:04+00:00,yfinance
SPY260529P00749000,2026-05-06 14:17:19+00:00,749.0,20.22,17.46,20.2,0.0,0.0,,2.0,0.12024805541992187,True,REGULAR,USD,SPY,put,2026-05-29,2026-05-05,2026-05-07T20:54:04+00:00,yfinance
SPY260529P00750000,2026-05-07 19:14:59+00:00,750.0,20.2,18.2,20.95,2.2200012,12.347059,115.0,76.0,0.11942408905029298,True,REGULAR,USD,SPY,put,2026-05-29,2026-05-05,2026-05-07T20:54:04+00:00,yfinance
SPY260529P00755000,2026-05-07 18:18:02+00:00,755.0,23.56,22.21,24.96,1.3500004,6.078345,5.0,2.0,0.11615874084472656,True,REGULAR,USD,SPY,put,2026-05-29,2026-05-05,2026-05-07T20:54:04+00:00,yfinance
SPY260529P00760000,2026-05-07 14:13:29+00:00,760.0,25.75,26.61,29.43,-1.2700005,-4.7002234,3.0,15.0,0.11737943176269532,True,REGULAR,USD,SPY,put,2026-05-29,2026-05-05,2026-05-07T20:54:04+00:00,yfinance
SPY260529P00770000,2026-05-07 18:18:03+00:00,770.0,37.98,36.52,39.34,-38.530003,-50.359432,2.0,0.0,0.14270876831054688,True,REGULAR,USD,SPY,put,2026-05-29,2026-05-05,2026-05-07T20:54:04+00:00,yfinance
SPY260529P00795000,2026-05-05 19:54:31+00:00,795.0,65.16,61.52,64.34,-7.529999,-10.359057,1.0,0.0,0.20716124877929684,True,REGULAR,USD,SPY,put,2026-05-29,2026-05-05,2026-05-07T20:54:04+00:00,yfinance
SPY260529P00800000,2026-05-06 13:59:47+00:00,800.0,70.14,66.52,69.34,-0.27000427,-0.38347432,2.0,1.0,0.21936815795898437,True,REGULAR,USD,SPY,put,2026-05-29,2026-05-05,2026-05-07T20:54:04+00:00,yfinance
SPY260529P00805000,2026-04-01 20:06:39+00:00,805.0,149.84,0.0,0.0,0.0,0.0,1.0,0.0,1.0000000000000003e-05,True,REGULAR,USD,SPY,put,2026-05-29,2026-05-05,2026-05-07T20:54:04+00:00,yfinance
SPY260529P00810000,2026-01-12 20:56:34+00:00,810.0,113.91,123.74,127.21,0.0,0.0,,0.0,1.0434618139648442,True,REGULAR,USD,SPY,put,2026-05-29,2026-05-05,2026-05-07T20:54:04+00:00,yfinance
SPY260529P00855000,2026-04-07 19:45:54+00:00,855.0,195.95,121.52,124.34,0.0,0.0,,0.0,0.34168138793945313,True,REGULAR,USD,SPY,put,2026-05-29,2026-05-05,2026-05-07T20:54:04+00:00,yfinance
SPY260529P00865000,2026-03-23 19:41:05+00:00,865.0,207.29,0.0,0.0,0.0,0.0,,0.0,1.0000000000000003e-05,True,REGULAR,USD,SPY,put,2026-05-29,2026-05-05,2026-05-07T20:54:04+00:00,yfinance
SPY260529P00870000,2026-03-23 18:08:04+00:00,870.0,213.0,0.0,0.0,0.0,0.0,,0.0,1.0000000000000003e-05,True,REGULAR,USD,SPY,put,2026-05-29,2026-05-05,2026-05-07T20:54:04+00:00,yfinance
SPY260529P00885000,2026-03-23 19:38:40+00:00,885.0,227.32,0.0,0.0,0.0,0.0,,0.0,1.0000000000000003e-05,True,REGULAR,USD,SPY,put,2026-05-29,2026-05-05,2026-05-07T20:54:04+00:00,yfinance
SPY260529P00900000,2026-05-06 13:30:03+00:00,900.0,170.96,166.52,169.34,0.0,0.0,1.0,0.0,0.4304256176757813,True,REGULAR,USD,SPY,put,2026-05-29,2026-05-05,2026-05-07T20:54:04+00:00,yfinance
SPY260605C00510000,2026-04-30 18:18:34+00:00,510.0,210.35,222.54,225.36,0.0,0.0,,4.0,0.7406031799316406,True,REGULAR,USD,SPY,call,2026-06-05,2026-05-05,2026-05-07T20:54:04+00:00,yfinance
SPY260605C00515000,2026-05-05 14:35:24+00:00,515.0,210.19,217.56,220.38,0.0,0.0,,1.0,0.7249173016357422,True,REGULAR,USD,SPY,call,2026-06-05,2026-05-05,2026-05-07T20:54:04+00:00,yfinance
SPY260605C00560000,2026-04-30 18:17:37+00:00,560.0,160.12,172.81,175.63,0.0,0.0,,4.0,0.5902750933837893,True,REGULAR,USD,SPY,call,2026-06-05,2026-05-05,2026-05-07T20:54:04+00:00,yfinance
SPY260605C00590000,2026-04-27 13:31:08+00:00,590.0,126.71,143.02,145.84,0.0,0.0,,50.0,0.5037891418457032,True,REGULAR,USD,SPY,call,2026-06-05,2026-05-05,2026-05-07T20:54:04+00:00,yfinance
SPY260605C00594000,2026-04-24 15:07:32+00:00,594.0,121.14,139.05,141.87,0.0,0.0,1.0,1.0,0.542668147583008,True,REGULAR,USD,SPY,call,2026-06-05,2026-05-05,2026-05-07T20:54:04+00:00,yfinance
SPY260605C00598000,2026-04-24 19:04:36+00:00,598.0,119.5,135.08,137.91,0.0,0.0,1.0,1.0,0.5304612384033205,True,REGULAR,USD,SPY,call,2026-06-05,2026-05-05,2026-05-07T20:54:04+00:00,yfinance
SPY260605C00600000,2026-05-07 18:00:56+00:00,600.0,134.16,134.18,134.82,-1.4400024,-1.0619487,1.0,2109.0,0.486882572631836,True,REGULAR,USD,SPY,call,2026-06-05,2026-05-05,2026-05-07T20:54:04+00:00,yfinance
SPY260605C00605000,2026-05-04 14:53:34+00:00,605.0,119.75,128.15,130.97,0.0,0.0,,1.0,0.5087329400634766,True,REGULAR,USD,SPY,call,2026-06-05,2026-05-05,2026-05-07T20:54:04+00:00,yfinance
SPY260605C00611000,2026-05-01 17:53:13+00:00,611.0,114.98,122.21,125.03,0.0,0.0,2.0,2.0,0.4903615417480469,True,REGULAR,USD,SPY,call,2026-06-05,2026-05-05,2026-05-07T20:54:04+00:00,yfinance
SPY260605C00614000,2026-05-04 19:47:20+00:00,614.0,106.91,119.24,122.07,0.0,0.0,4.0,5.0,0.481450498046875,True,REGULAR,USD,SPY,call,2026-06-05,2026-05-05,2026-05-07T20:54:04+00:00,yfinance
SPY260605C00615000,2026-05-01 17:41:54+00:00,615.0,111.0,118.25,121.08,0.0,0.0,1.0,1.0,0.4783377362060547,True,REGULAR,USD,SPY,call,2026-06-05,2026-05-05,2026-05-07T20:54:04+00:00,yfinance
SPY260605C00620000,2026-05-07 16:00:27+00:00,620.0,116.06,113.31,116.13,15.75,15.701326,4.0,1.0,0.46295703063964844,True,REGULAR,USD,SPY,call,2026-06-05,2026-05-05,2026-05-07T20:54:04+00:00,yfinance
SPY260605C00625000,2026-05-07 16:54:23+00:00,625.0,110.08,108.37,111.2,16.57,17.72003,2.0,2.0,0.4480646014404296,True,REGULAR,USD,SPY,call,2026-06-05,2026-05-05,2026-05-07T20:54:04+00:00,yfinance
SPY260605C00628000,2026-05-07 19:28:45+00:00,628.0,105.34,105.41,108.24,17.059998,19.324873,7.0,1.0,0.439031488647461,True,REGULAR,USD,SPY,call,2026-06-05,2026-05-05,2026-05-07T20:54:04+00:00,yfinance
SPY260605C00629000,2026-04-24 15:09:23+00:00,629.0,87.34,104.43,107.25,0.0,0.0,1.0,1.0,0.4359492440795898,True,REGULAR,USD,SPY,call,2026-06-05,2026-05-05,2026-05-07T20:54:04+00:00,yfinance
SPY260605C00630000,2026-05-05 19:50:31+00:00,630.0,104.77,103.44,106.27,7.7199936,7.954656,1.0,2.0,0.4331111376953125,True,REGULAR,USD,SPY,call,2026-06-05,2026-05-05,2026-05-07T20:54:04+00:00,yfinance
SPY260605C00631000,2026-04-29 18:02:24+00:00,631.0,106.41,102.46,105.28,23.150002,27.80447,3.0,2.0,0.4299983758544922,True,REGULAR,USD,SPY,call,2026-06-05,2026-05-05,2026-05-07T20:54:04+00:00,yfinance
SPY260605C00634000,2026-05-01 14:20:37+00:00,634.0,93.88,99.5,102.33,0.0,0.0,1.0,0.0,0.4211483666992188,True,REGULAR,USD,SPY,call,2026-06-05,2026-05-05,2026-05-07T20:54:04+00:00,yfinance
SPY260605C00635000,2026-05-06 14:24:05+00:00,635.0,98.12,98.52,101.34,0.0,0.0,5.0,2.0,0.4180356048583984,True,REGULAR,USD,SPY,call,2026-06-05,2026-05-05,2026-05-07T20:54:04+00:00,yfinance
SPY260605C00636000,2026-05-07 19:41:08+00:00,636.0,98.1,97.53,100.36,10.220001,11.629497,1.0,2.0,0.4151669812011719,True,REGULAR,USD,SPY,call,2026-06-05,2026-05-05,2026-05-07T20:54:04+00:00,yfinance
SPY260605C00640000,2026-05-06 14:16:49+00:00,640.0,92.84,93.6,96.42,0.0,0.0,2.0,2.0,0.4031431756591797,True,REGULAR,USD,SPY,call,2026-06-05,2026-05-05,2026-05-07T20:54:04+00:00,yfinance
SPY260605C00642000,2026-05-06 15:02:51+00:00,642.0,93.42,91.63,94.46,0.0,0.0,1.0,1.0,0.3973448937988281,True,REGULAR,USD,SPY,call,2026-06-05,2026-05-05,2026-05-07T20:54:04+00:00,yfinance
SPY260605C00644000,2026-04-27 13:46:08+00:00,644.0,74.4,89.67,92.5,0.0,0.0,1.0,1.0,0.39148557739257805,True,REGULAR,USD,SPY,call,2026-06-05,2026-05-05,2026-05-07T20:54:04+00:00,yfinance
SPY260605C00645000,2026-05-07 13:37:55+00:00,645.0,92.42,88.69,91.52,1.9700012,2.1780002,2.0,1.0,0.3885559191894531,True,REGULAR,USD,SPY,call,2026-06-05,2026-05-05,2026-05-07T20:54:04+00:00,yfinance
SPY260605C00647000,2026-04-28 17:26:54+00:00,647.0,68.35,86.73,89.56,0.0,0.0,,1.0,0.38269660278320305,True,REGULAR,USD,SPY,call,2026-06-05,2026-05-05,2026-05-07T20:54:04+00:00,yfinance
SPY260605C00648000,2026-04-29 18:35:05+00:00,648.0,66.74,85.75,88.58,0.0,0.0,,1.0,0.3797669445800781,True,REGULAR,USD,SPY,call,2026-06-05,2026-05-05,2026-05-07T20:54:04+00:00,yfinance
SPY260605C00649000,2026-04-24 13:53:26+00:00,649.0,67.2,84.78,87.6,0.0,0.0,8.0,8.0,0.3768067691040039,True,REGULAR,USD,SPY,call,2026-06-05,2026-05-05,2026-05-07T20:54:04+00:00,yfinance
SPY260605C00650000,2026-05-06 17:54:56+00:00,650.0,87.97,83.8,86.63,2.8099976,3.2996683,3.0,23.0,0.3740907318115234,True,REGULAR,USD,SPY,call,2026-06-05,2026-05-05,2026-05-07T20:54:04+00:00,yfinance
SPY260605C00651000,2026-05-06 18:30:06+00:00,651.0,85.29,82.82,85.65,0.0,0.0,2.0,2.0,0.3711000390625,True,REGULAR,USD,SPY,call,2026-06-05,2026-05-05,2026-05-07T20:54:04+00:00,yfinance
SPY260605C00652000,2026-04-24 19:52:17+00:00,652.0,67.74,81.85,84.67,0.0,0.0,1.0,1.0,0.3681398635864258,True,REGULAR,USD,SPY,call,2026-06-05,2026-05-05,2026-05-07T20:54:04+00:00,yfinance
SPY260605C00653000,2026-05-07 13:59:08+00:00,653.0,84.18,80.87,83.7,15.279999,22.177067,4.0,9.0,0.3653933090209961,True,REGULAR,USD,SPY,call,2026-06-05,2026-05-05,2026-05-07T20:54:04+00:00,yfinance
SPY260605C00654000,2026-05-07 13:59:08+00:00,654.0,82.95,79.9,82.72,19.679996,31.104782,5.0,2.0,0.3624026162719727,True,REGULAR,USD,SPY,call,2026-06-05,2026-05-05,2026-05-07T20:54:04+00:00,yfinance
SPY260605C00655000,2026-04-30 18:43:42+00:00,655.0,68.14,78.93,81.75,0.0,0.0,5.0,7.0,0.35962554443359374,True,REGULAR,USD,SPY,call,2026-06-05,2026-05-05,2026-05-07T20:54:04+00:00,yfinance
SPY260605C00656000,2026-04-30 13:40:06+00:00,656.0,61.65,77.95,80.78,0.0,0.0,1.0,0.0,0.35681795532226557,True,REGULAR,USD,SPY,call,2026-06-05,2026-05-05,2026-05-07T20:54:04+00:00,yfinance
SPY260605C00657000,2026-05-07 17:25:33+00:00,657.0,78.46,76.98,79.8,-1.5699997,-1.961764,1.0,2.0,0.35382726257324215,True,REGULAR,USD,SPY,call,2026-06-05,2026-05-05,2026-05-07T20:54:04+00:00,yfinance
SPY260605C00658000,2026-05-05 18:38:26+00:00,658.0,70.29,77.08,77.72,0.0,0.0,,497.0,0.32556826782226556,True,REGULAR,USD,SPY,call,2026-06-05,2026-05-05,2026-05-07T20:54:04+00:00,yfinance
SPY260605C00659000,2026-05-01 19:58:14+00:00,659.0,66.62,75.04,77.86,0.0,0.0,2.0,1.0,0.3482120843505859,True,REGULAR,USD,SPY,call,2026-06-05,2026-05-05,2026-05-07T20:54:04+00:00,yfinance
SPY260605C00660000,2026-05-07 17:06:42+00:00,660.0,75.44,74.07,76.89,7.810005,11.548138,1.0,17.0,0.34537397796630853,True,REGULAR,USD,SPY,call,2026-06-05,2026-05-05,2026-05-07T20:54:04+00:00,yfinance
SPY260605C00661000,2026-04-28 15:06:22+00:00,661.0,56.05,73.1,75.92,0.0,0.0,1.0,2.0,0.3425358715820312,True,REGULAR,USD,SPY,call,2026-06-05,2026-05-05,2026-05-07T20:54:04+00:00,yfinance
SPY260605C00662000,2026-04-29 15:53:45+00:00,662.0,54.37,72.13,74.96,0.0,0.0,,1.0,0.33991138610839844,True,REGULAR,USD,SPY,call,2026-06-05,2026-05-05,2026-05-07T20:54:04+00:00,yfinance
SPY260605C00663000,2026-04-30 15:46:58+00:00,663.0,56.44,71.17,73.99,0.0,0.0,2.0,2.0,0.33704276245117193,True,REGULAR,USD,SPY,call,2026-06-05,2026-05-05,2026-05-07T20:54:04+00:00,yfinance
SPY260605C00664000,2026-05-07 13:34:03+00:00,664.0,74.13,70.2,73.03,17.569996,31.06435,1.0,2.0,0.3343572424316406,True,REGULAR,USD,SPY,call,2026-06-05,2026-05-05,2026-05-07T20:54:04+00:00,yfinance
SPY260605C00665000,2026-05-06 16:49:56+00:00,665.0,70.21,69.24,72.06,0.0,0.0,1.0,11.0,0.33148861877441405,True,REGULAR,USD,SPY,call,2026-06-05,2026-05-05,2026-05-07T20:54:04+00:00,yfinance
SPY260605C00666000,2026-05-01 19:24:44+00:00,666.0,61.03,68.28,71.1,0.0,0.0,3.0,3.0,0.32877258148193356,True,REGULAR,USD,SPY,call,2026-06-05,2026-05-05,2026-05-07T20:54:04+00:00,yfinance
SPY260605C00667000,2026-05-07 17:49:55+00:00,667.0,67.43,67.32,70.14,0.16000366,0.23785293,8.0,13.0,0.32605654418945307,True,REGULAR,USD,SPY,call,2026-06-05,2026-05-05,2026-05-07T20:54:04+00:00,yfinance
SPY260605C00669000,2026-05-06 18:32:37+00:00,669.0,69.22,65.4,68.22,0.0,0.0,1.0,4.0,0.32059395233154286,True,REGULAR,USD,SPY,call,2026-06-05,2026-05-05,2026-05-07T20:54:04+00:00,yfinance
SPY260605C00670000,2026-05-07 19:10:57+00:00,670.0,64.76,64.44,67.26,-2.3499985,-3.5017114,5.0,44.0,0.31781688049316403,True,REGULAR,USD,SPY,call,2026-06-05,2026-05-05,2026-05-07T20:54:04+00:00,yfinance
SPY260605C00671000,2026-04-30 14:09:19+00:00,671.0,46.88,63.48,66.3,0.0,0.0,,1.0,0.3150703259277343,True,REGULAR,USD,SPY,call,2026-06-05,2026-05-05,2026-05-07T20:54:04+00:00,yfinance
SPY260605C00672000,2026-05-06 18:32:37+00:00,672.0,66.33,62.53,65.35,0.0,0.0,1.0,26.0,0.3124458404541015,True,REGULAR,USD,SPY,call,2026-06-05,2026-05-05,2026-05-07T20:54:04+00:00,yfinance
SPY260605C00673000,2026-05-07 18:10:47+00:00,673.0,62.39,61.57,64.39,0.45000076,0.72651076,1.0,6.0,0.30963825134277345,True,REGULAR,USD,SPY,call,2026-06-05,2026-05-05,2026-05-07T20:54:04+00:00,yfinance
SPY260605C00674000,2026-04-30 15:38:04+00:00,674.0,46.66,60.62,63.44,0.0,0.0,1.0,5.0,0.3070137658691406,True,REGULAR,USD,SPY,call,2026-06-05,2026-05-05,2026-05-07T20:54:04+00:00,yfinance
SPY260605C00675000,2026-05-06 18:23:49+00:00,675.0,62.17,59.67,62.49,0.0,0.0,2.0,90.0,0.3043587631225586,True,REGULAR,USD,SPY,call,2026-06-05,2026-05-05,2026-05-07T20:54:04+00:00,yfinance
SPY260605C00676000,2026-05-06 19:39:53+00:00,676.0,62.1,58.72,61.54,0.0,0.0,5.0,7.0,0.30170376037597657,True,REGULAR,USD,SPY,call,2026-06-05,2026-05-05,2026-05-07T20:54:04+00:00,yfinance
SPY260605C00677000,2026-05-06 18:32:29+00:00,677.0,60.18,57.77,60.6,0.0,0.0,1.0,8.0,0.29920134399414056,True,REGULAR,USD,SPY,call,2026-06-05,2026-05-05,2026-05-07T20:54:04+00:00,yfinance
SPY260605C00678000,2026-05-05 19:58:56+00:00,678.0,50.96,56.83,59.65,0.0,0.0,5.0,6.0,0.2964853067016602,True,REGULAR,USD,SPY,call,2026-06-05,2026-05-05,2026-05-07T20:54:04+00:00,yfinance
SPY260605C00679000,2026-05-06 17:44:08+00:00,679.0,57.24,55.89,58.71,0.0,0.0,1.0,4.0,0.2939218557739257,True,REGULAR,USD,SPY,call,2026-06-05,2026-05-05,2026-05-07T20:54:04+00:00,yfinance
SPY260605C00680000,2026-05-07 20:03:38+00:00,680.0,56.76,54.95,56.94,0.62999725,1.1223896,1.0,29.0,0.27591666473388665,True,REGULAR,USD,SPY,call,2026-06-05,2026-05-05,2026-05-07T20:54:04+00:00,yfinance
SPY260605C00681000,2026-05-06 16:18:24+00:00,681.0,55.57,54.01,56.83,0.0,0.0,4.0,6.0,0.28873391937255855,True,REGULAR,USD,SPY,call,2026-06-05,2026-05-05,2026-05-07T20:54:04+00:00,yfinance
SPY260605C00682000,2026-05-04 18:22:57+00:00,682.0,42.68,53.08,55.89,0.0,0.0,2.0,18.0,0.28610943389892574,True,REGULAR,USD,SPY,call,2026-06-05,2026-05-05,2026-05-07T20:54:04+00:00,yfinance
SPY260605C00683000,2026-05-07 16:06:12+00:00,683.0,54.54,52.14,54.95,14.790001,37.20755,1.0,2.0,0.2834544311523437,True,REGULAR,USD,SPY,call,2026-06-05,2026-05-05,2026-05-07T20:54:04+00:00,yfinance
SPY260605C00684000,2026-05-05 13:56:22+00:00,684.0,52.62,51.21,54.02,8.200001,18.460155,2.0,4.0,0.2809520147705078,True,REGULAR,USD,SPY,call,2026-06-05,2026-05-05,2026-05-07T20:54:04+00:00,yfinance
SPY260605C00685000,2026-05-07 17:10:27+00:00,685.0,51.94,50.28,53.09,-2.0800018,-3.850429,2.0,17.0,0.2784495983886719,True,REGULAR,USD,SPY,call,2026-06-05,2026-05-05,2026-05-07T20:54:04+00:00,yfinance
SPY260605C00686000,2026-05-06 18:47:52+00:00,686.0,51.74,49.35,52.16,0.0,0.0,1.0,5.0,0.2758861474609374,True,REGULAR,USD,SPY,call,2026-06-05,2026-05-05,2026-05-07T20:54:04+00:00,yfinance
SPY260605C00687000,2026-05-07 19:32:31+00:00,687.0,48.52,48.43,51.24,6.9000015,16.578571,2.0,4.0,0.2734752828979492,True,REGULAR,USD,SPY,call,2026-06-05,2026-05-05,2026-05-07T20:54:04+00:00,yfinance
SPY260605C00688000,2026-05-06 14:13:59+00:00,688.0,47.26,47.5,50.32,0.0,0.0,1.0,14.0,0.27103390106201175,True,REGULAR,USD,SPY,call,2026-06-05,2026-05-05,2026-05-07T20:54:04+00:00,yfinance
SPY260605C00690000,2026-05-07 19:40:52+00:00,690.0,46.66,45.67,48.48,-2.459999,-5.0081415,4.0,58.0,0.26602906829833983,True,REGULAR,USD,SPY,call,2026-06-05,2026-05-05,2026-05-07T20:54:04+00:00,yfinance
SPY260605C00691000,2026-05-07 16:39:54+00:00,691.0,46.79,44.76,47.57,12.32,35.741222,1.0,49.0,0.26364872100830083,True,REGULAR,USD,SPY,call,2026-06-05,2026-05-05,2026-05-07T20:54:04+00:00,yfinance
SPY260605C00692000,2026-05-07 18:17:57+00:00,692.0,44.51,43.85,46.66,-0.47000122,-1.0449116,1.0,102.0,0.2612378564453125,True,REGULAR,USD,SPY,call,2026-06-05,2026-05-05,2026-05-07T20:54:04+00:00,yfinance
SPY260605C00693000,2026-05-07 18:17:57+00:00,693.0,43.6,42.94,45.75,-2.710003,-5.8518744,8.0,18.0,0.2587659573364258,True,REGULAR,USD,SPY,call,2026-06-05,2026-05-05,2026-05-07T20:54:04+00:00,yfinance
SPY260605C00694000,2026-04-30 14:20:03+00:00,694.0,27.95,42.03,44.84,0.0,0.0,2.0,18.0,0.25629405822753903,True,REGULAR,USD,SPY,call,2026-06-05,2026-05-05,2026-05-07T20:54:04+00:00,yfinance
SPY260605C00695000,2026-05-07 16:59:33+00:00,695.0,42.58,41.13,43.94,0.16000366,0.37718922,22.0,141.0,0.25391371093750004,True,REGULAR,USD,SPY,call,2026-06-05,2026-05-05,2026-05-07T20:54:04+00:00,yfinance
SPY260605C00696000,2026-05-07 16:14:23+00:00,696.0,42.98,40.24,43.05,1.7900009,4.3457174,16.0,35.0,0.25165543273925783,True,REGULAR,USD,SPY,call,2026-06-05,2026-05-05,2026-05-07T20:54:04+00:00,yfinance
SPY260605C00697000,2026-04-30 19:49:55+00:00,697.0,42.95,39.34,42.15,11.570002,36.870625,1.0,19.0,0.2492140509033203,True,REGULAR,USD,SPY,call,2026-06-05,2026-05-05,2026-05-07T20:54:04+00:00,yfinance
SPY260605C00698000,2026-05-07 15:33:25+00:00,698.0,42.55,38.45,41.26,2.829998,7.1248693,1.0,40.0,0.2468642208862305,True,REGULAR,USD,SPY,call,2026-06-05,2026-05-05,2026-05-07T20:54:04+00:00,yfinance
SPY260605C00699000,2026-05-06 19:49:36+00:00,699.0,40.96,37.57,40.38,0.29999924,0.737824,3.0,36.0,0.24463645996093752,True,REGULAR,USD,SPY,call,2026-06-05,2026-05-05,2026-05-07T20:54:04+00:00,yfinance
SPY260605C00700000,2026-05-07 18:23:19+00:00,700.0,37.58,36.69,39.22,-2.4199982,-6.0499954,12.0,397.0,0.2381667980957031,True,REGULAR,USD,SPY,call,2026-06-05,2026-05-05,2026-05-07T20:54:04+00:00,yfinance
SPY260605C00701000,2026-05-07 18:53:37+00:00,701.0,35.87,35.81,38.62,-2.2999992,-6.025673,1.0,47.0,0.24002835174560544,True,REGULAR,USD,SPY,call,2026-06-05,2026-05-05,2026-05-07T20:54:04+00:00,yfinance
SPY260605C00702000,2026-05-06 18:29:53+00:00,702.0,38.69,34.94,37.75,1.6099968,4.341954,1.0,27.0,0.23780059082031246,True,REGULAR,USD,SPY,call,2026-06-05,2026-05-05,2026-05-07T20:54:04+00:00,yfinance
SPY260605C00703000,2026-05-07 13:49:39+00:00,703.0,36.96,34.07,36.88,-0.29000092,-0.77852595,1.0,46.0,0.2355117953491211,True,REGULAR,USD,SPY,call,2026-06-05,2026-05-05,2026-05-07T20:54:04+00:00,yfinance
SPY260605C00704000,2026-05-07 18:53:37+00:00,704.0,33.11,33.21,36.01,-3.1499977,-8.687252,31.0,92.0,0.2331924826049805,True,REGULAR,USD,SPY,call,2026-06-05,2026-05-05,2026-05-07T20:54:04+00:00,yfinance
SPY260605C00705000,2026-05-07 18:23:19+00:00,705.0,33.4,32.35,35.15,-2.079998,-5.862452,11.0,319.0,0.23093420440673829,True,REGULAR,USD,SPY,call,2026-06-05,2026-05-05,2026-05-07T20:54:04+00:00,yfinance
SPY260605C00706000,2026-05-07 15:26:48+00:00,706.0,34.97,31.49,34.3,7.5700016,27.627745,57.0,39.0,0.22876747802734376,True,REGULAR,USD,SPY,call,2026-06-05,2026-05-05,2026-05-07T20:54:04+00:00,yfinance
SPY260605C00707000,2026-05-06 19:42:18+00:00,707.0,33.94,30.64,33.45,0.0,0.0,8.0,125.0,0.22657023437499998,True,REGULAR,USD,SPY,call,2026-06-05,2026-05-05,2026-05-07T20:54:04+00:00,yfinance
SPY260605C00708000,2026-05-05 19:50:31+00:00,708.0,25.26,29.8,32.61,0.0,0.0,4.0,178.0,0.22443402526855466,True,REGULAR,USD,SPY,call,2026-06-05,2026-05-05,2026-05-07T20:54:04+00:00,yfinance
SPY260605C00709000,2026-05-06 13:33:26+00:00,709.0,27.95,28.96,31.77,0.0,0.0,6.0,191.0,0.2222367816162109,True,REGULAR,USD,SPY,call,2026-06-05,2026-05-05,2026-05-07T20:54:04+00:00,yfinance
SPY260605C00710000,2026-05-07 18:33:45+00:00,710.0,29.32,28.13,30.94,-2.1000004,-6.683642,39.0,511.0,0.22010057250976559,True,REGULAR,USD,SPY,call,2026-06-05,2026-05-05,2026-05-07T20:54:04+00:00,yfinance
SPY260605C00711000,2026-05-07 19:34:47+00:00,711.0,27.72,27.31,30.11,-1.1300011,-3.9168148,5.0,236.0,0.21790332885742186,True,REGULAR,USD,SPY,call,2026-06-05,2026-05-05,2026-05-07T20:54:04+00:00,yfinance
SPY260605C00712000,2026-05-07 14:20:58+00:00,712.0,29.9,27.1,28.48,-0.10000038,-0.3333346,57.0,333.0,0.2049334878540039,True,REGULAR,USD,SPY,call,2026-06-05,2026-05-05,2026-05-07T20:54:04+00:00,yfinance
SPY260605C00713000,2026-05-07 14:55:10+00:00,713.0,27.96,25.68,28.38,0.76999855,2.831918,4.0,608.0,0.2124102197265625,True,REGULAR,USD,SPY,call,2026-06-05,2026-05-05,2026-05-07T20:54:04+00:00,yfinance
SPY260605C00714000,2026-05-07 15:58:03+00:00,714.0,25.09,25.54,26.82,-3.4799995,-12.180607,27.0,287.0,0.2003864141845703,True,REGULAR,USD,SPY,call,2026-06-05,2026-05-05,2026-05-07T20:54:04+00:00,yfinance
SPY260605C00715000,2026-05-07 18:33:45+00:00,715.0,24.62,24.07,26.78,-2.6899986,-9.849868,11.0,829.0,0.20835142242431637,True,REGULAR,USD,SPY,call,2026-06-05,2026-05-05,2026-05-07T20:54:04+00:00,yfinance
SPY260605C00716000,2026-05-07 17:51:48+00:00,716.0,23.69,23.28,25.99,-2.0699997,-8.035713,2.0,342.0,0.20633728240966792,True,REGULAR,USD,SPY,call,2026-06-05,2026-05-05,2026-05-07T20:54:04+00:00,yfinance
SPY260605C00717000,2026-05-07 20:10:29+00:00,717.0,23.85,22.51,25.21,-1.8199997,-7.0899873,39.0,513.0,0.20436891830444331,True,REGULAR,USD,SPY,call,2026-06-05,2026-05-05,2026-05-07T20:54:04+00:00,yfinance
SPY260605C00718000,2026-05-07 15:32:21+00:00,718.0,25.74,21.72,24.43,0.32999992,1.298701,3.0,446.0,0.20230900238037108,True,REGULAR,USD,SPY,call,2026-06-05,2026-05-05,2026-05-07T20:54:04+00:00,yfinance
SPY260605C00719000,2026-05-07 17:56:35+00:00,719.0,21.73,20.95,22.86,-2.92,-11.845842,7.0,276.0,0.1901936450195313,True,REGULAR,USD,SPY,call,2026-06-05,2026-05-05,2026-05-07T20:54:04+00:00,yfinance
SPY260605C00720000,2026-05-07 19:42:49+00:00,720.0,20.84,20.55,22.58,-3.0100002,-12.620546,91.0,1975.0,0.194343994140625,True,REGULAR,USD,SPY,call,2026-06-05,2026-05-05,2026-05-07T20:54:04+00:00,yfinance
SPY260605C00721000,2026-05-07 19:34:47+00:00,721.0,19.95,20.24,22.15,-2.8499985,-12.499993,11.0,368.0,0.19641916870117188,True,REGULAR,USD,SPY,call,2026-06-05,2026-05-05,2026-05-07T20:54:04+00:00,yfinance
SPY260605C00722000,2026-05-07 19:16:42+00:00,722.0,19.51,18.73,21.41,-2.789999,-12.511207,11.0,644.0,0.1945270977783203,True,REGULAR,USD,SPY,call,2026-06-05,2026-05-05,2026-05-07T20:54:04+00:00,yfinance
SPY260605C00723000,2026-05-07 16:26:47+00:00,723.0,20.21,18.1,20.64,-1.1800003,-5.516598,4.0,453.0,0.19214675048828128,True,REGULAR,USD,SPY,call,2026-06-05,2026-05-05,2026-05-07T20:54:04+00:00,yfinance
SPY260605C00724000,2026-05-07 15:44:34+00:00,724.0,21.1,17.42,19.92,0.88000107,4.352132,111.0,391.0,0.19031571411132814,True,REGULAR,USD,SPY,call,2026-06-05,2026-05-05,2026-05-07T20:54:04+00:00,yfinance
SPY260605C00725000,2026-05-07 20:02:22+00:00,725.0,17.69,17.4,18.72,-2.0599995,-10.430377,221.0,744.0,0.1825032922363281,True,REGULAR,USD,SPY,call,2026-06-05,2026-05-05,2026-05-07T20:54:04+00:00,yfinance
SPY260605C00726000,2026-05-07 15:10:28+00:00,726.0,16.28,16.02,18.48,-2.9899998,-15.516345,55.0,875.0,0.18631795135498047,True,REGULAR,USD,SPY,call,2026-06-05,2026-05-05,2026-05-07T20:54:04+00:00,yfinance
SPY260605C00727000,2026-05-07 19:42:49+00:00,727.0,16.24,16.02,17.75,-2.0200005,-11.062434,25.0,409.0,0.18402915588378904,True,REGULAR,USD,SPY,call,2026-06-05,2026-05-05,2026-05-07T20:54:04+00:00,yfinance
SPY260605C00728000,2026-05-07 20:02:22+00:00,728.0,15.63,15.37,16.22,-2.3399992,-13.021699,24.0,856.0,0.1720053503417969,True,REGULAR,USD,SPY,call,2026-06-05,2026-05-05,2026-05-07T20:54:04+00:00,yfinance
SPY260605C00729000,2026-05-07 16:08:45+00:00,729.0,14.0,13.94,16.38,-3.1499996,-18.367346,27.0,556.0,0.18021449676513673,True,REGULAR,USD,SPY,call,2026-06-05,2026-05-05,2026-05-07T20:54:04+00:00,yfinance
SPY260605C00730000,2026-05-07 20:08:56+00:00,730.0,14.43,14.45,14.86,-1.7299995,-10.705442,300.0,782.0,0.16814491531372072,True,REGULAR,USD,SPY,call,2026-06-05,2026-05-05,2026-05-07T20:54:04+00:00,yfinance
SPY260605C00731000,2026-05-07 20:14:56+00:00,731.0,13.96,13.43,14.06,-1.8699999,-11.813012,132.0,524.0,0.16458965301513673,True,REGULAR,USD,SPY,call,2026-06-05,2026-05-05,2026-05-07T20:54:04+00:00,yfinance
SPY260605C00732000,2026-05-07 20:02:44+00:00,732.0,13.6,13.27,13.33,-1.3299999,-8.908238,367.0,366.0,0.16175154663085936,False,REGULAR,USD,SPY,call,2026-06-05,2026-05-05,2026-05-07T20:54:04+00:00,yfinance
SPY260605C00733000,2026-05-07 20:08:19+00:00,733.0,12.62,12.66,12.71,-2.0,-13.679891,235.0,2026.0,0.16007309661865232,False,REGULAR,USD,SPY,call,2026-06-05,2026-05-05,2026-05-07T20:54:04+00:00,yfinance
SPY260605C00734000,2026-05-07 18:50:19+00:00,734.0,11.6,12.06,12.11,-2.2399998,-16.184969,368.0,429.0,0.158486198425293,False,REGULAR,USD,SPY,call,2026-06-05,2026-05-05,2026-05-07T20:54:04+00:00,yfinance
SPY260605C00735000,2026-05-07 20:03:05+00:00,735.0,11.63,11.47,11.53,-1.4300003,-10.949466,1031.0,1220.0,0.1570061106872559,False,REGULAR,USD,SPY,call,2026-06-05,2026-05-05,2026-05-07T20:54:04+00:00,yfinance
SPY260605C00736000,2026-05-07 19:44:56+00:00,736.0,10.45,10.9,10.96,-2.0100002,-16.131624,273.0,827.0,0.15549550567626952,False,REGULAR,USD,SPY,call,2026-06-05,2026-05-05,2026-05-07T20:54:04+00:00,yfinance
SPY260605C00737000,2026-05-07 20:00:30+00:00,737.0,9.88,10.35,10.4,-1.9399996,-16.412857,186.0,565.0,0.15393912475585939,False,REGULAR,USD,SPY,call,2026-06-05,2026-05-05,2026-05-07T20:54:04+00:00,yfinance
SPY260605C00738000,2026-05-07 19:41:35+00:00,738.0,9.39,9.81,9.86,-1.8699999,-16.607458,86.0,509.0,0.1524742956542969,False,REGULAR,USD,SPY,call,2026-06-05,2026-05-05,2026-05-07T20:54:04+00:00,yfinance
SPY260605C00739000,2026-05-07 20:01:56+00:00,739.0,8.86,9.28,9.34,-2.04,-18.715597,35.0,480.0,0.15107050109863285,False,REGULAR,USD,SPY,call,2026-06-05,2026-05-05,2026-05-07T20:54:04+00:00,yfinance
SPY260605C00740000,2026-05-07 20:12:58+00:00,740.0,8.75,8.78,8.83,-1.4300003,-14.047153,888.0,21080.0,0.14963618927001954,False,REGULAR,USD,SPY,call,2026-06-05,2026-05-05,2026-05-07T20:54:04+00:00,yfinance
SPY260605C00741000,2026-05-07 19:49:49+00:00,741.0,7.91,8.28,8.34,-1.75,-18.115942,327.0,419.0,0.1482934292602539,False,REGULAR,USD,SPY,call,2026-06-05,2026-05-05,2026-05-07T20:54:04+00:00,yfinance
SPY260605C00742000,2026-05-07 19:00:07+00:00,742.0,7.4,7.81,7.86,-1.6100001,-17.869036,220.0,281.0,0.14688963470458982,False,REGULAR,USD,SPY,call,2026-06-05,2026-05-05,2026-05-07T20:54:04+00:00,yfinance
SPY260605C00743000,2026-05-07 17:54:45+00:00,743.0,6.87,7.35,7.4,-1.8400002,-21.125145,97.0,277.0,0.1455468746948242,False,REGULAR,USD,SPY,call,2026-06-05,2026-05-05,2026-05-07T20:54:04+00:00,yfinance
SPY260605C00744000,2026-05-07 19:47:42+00:00,744.0,6.65,6.91,6.96,-1.7800002,-21.115067,36.0,308.0,0.144265149230957,False,REGULAR,USD,SPY,call,2026-06-05,2026-05-05,2026-05-07T20:54:04+00:00,yfinance
SPY260605C00745000,2026-05-07 19:53:49+00:00,745.0,6.15,6.48,6.53,-1.8799996,-23.4122,567.0,547.0,0.14295290649414064,False,REGULAR,USD,SPY,call,2026-06-05,2026-05-05,2026-05-07T20:54:04+00:00,yfinance
SPY260605C00746000,2026-05-07 18:38:20+00:00,746.0,5.69,6.07,6.13,-1.7399998,-23.41857,217.0,193.0,0.1418237673950195,False,REGULAR,USD,SPY,call,2026-06-05,2026-05-05,2026-05-07T20:54:04+00:00,yfinance
SPY260605C00747000,2026-05-07 20:07:27+00:00,747.0,5.67,5.69,5.73,-1.4200001,-20.028208,138.0,449.0,0.14051152465820313,False,REGULAR,USD,SPY,call,2026-06-05,2026-05-05,2026-05-07T20:54:04+00:00,yfinance
SPY260605C00748000,2026-05-07 19:57:48+00:00,748.0,5.05,5.31,5.36,-1.06,-17.348608,141.0,280.0,0.13941290283203128,False,REGULAR,USD,SPY,call,2026-06-05,2026-05-05,2026-05-07T20:54:04+00:00,yfinance
SPY260605C00749000,2026-05-07 19:28:10+00:00,749.0,4.52,4.95,5.0,-1.4699998,-24.5409,236.0,290.0,0.13825324645996095,False,REGULAR,USD,SPY,call,2026-06-05,2026-05-05,2026-05-07T20:54:04+00:00,yfinance
SPY260605C00750000,2026-05-07 20:14:44+00:00,750.0,4.64,4.61,4.65,-1.2600002,-21.355936,2992.0,2322.0,0.137002038269043,False,REGULAR,USD,SPY,call,2026-06-05,2026-05-05,2026-05-07T20:54:04+00:00,yfinance
SPY260605C00755000,2026-05-07 20:13:37+00:00,755.0,3.15,3.15,3.2,-0.9299998,-22.794115,2147.0,1403.0,0.13214979187011722,False,REGULAR,USD,SPY,call,2026-06-05,2026-05-05,2026-05-07T20:54:04+00:00,yfinance
SPY260605C00760000,2026-05-07 19:55:31+00:00,760.0,1.92,2.08,2.11,-1.0200001,-34.69388,353.0,1375.0,0.12784685638427734,False,REGULAR,USD,SPY,call,2026-06-05,2026-05-05,2026-05-07T20:54:04+00:00,yfinance
SPY260605C00765000,2026-05-07 20:08:37+00:00,765.0,1.32,1.32,1.36,-0.62,-31.958761,591.0,430.0,0.12482564636230468,False,REGULAR,USD,SPY,call,2026-06-05,2026-05-05,2026-05-07T20:54:04+00:00,yfinance
SPY260605C00770000,2026-05-07 20:07:38+00:00,770.0,0.83,0.83,0.86,-0.46999997,-36.153843,294.0,477.0,0.12281150634765625,False,REGULAR,USD,SPY,call,2026-06-05,2026-05-05,2026-05-07T20:54:04+00:00,yfinance
SPY260605C00775000,2026-05-07 20:11:22+00:00,775.0,0.53,0.52,0.55,-0.35000002,-39.77273,454.0,407.0,0.12220116088867189,False,REGULAR,USD,SPY,call,2026-06-05,2026-05-05,2026-05-07T20:54:04+00:00,yfinance
SPY260605C00780000,2026-05-07 19:57:17+00:00,780.0,0.32,0.34,0.36,-0.3,-48.3871,144.0,353.0,0.12281150634765625,False,REGULAR,USD,SPY,call,2026-06-05,2026-05-05,2026-05-07T20:54:04+00:00,yfinance
SPY260605C00785000,2026-05-07 19:26:23+00:00,785.0,0.2,0.23,0.25,-0.21,-51.219513,148.0,305.0,0.12476461181640625,False,REGULAR,USD,SPY,call,2026-06-05,2026-05-05,2026-05-07T20:54:04+00:00,yfinance
SPY260605C00790000,2026-05-07 19:59:30+00:00,790.0,0.16,0.16,0.18,-0.18,-52.941177,374.0,645.0,0.12769427001953126,False,REGULAR,USD,SPY,call,2026-06-05,2026-05-05,2026-05-07T20:54:04+00:00,yfinance
SPY260605C00795000,2026-05-07 16:20:02+00:00,795.0,0.16,0.12,0.14,-0.08,-33.333336,27.0,251.0,0.13160048095703125,False,REGULAR,USD,SPY,call,2026-06-05,2026-05-05,2026-05-07T20:54:04+00:00,yfinance
SPY260605C00800000,2026-05-07 19:53:51+00:00,800.0,0.11,0.1,0.12,-0.09,-45.0,565.0,1415.0,0.13721565917968753,False,REGULAR,USD,SPY,call,2026-06-05,2026-05-05,2026-05-07T20:54:04+00:00,yfinance
SPY260605C00805000,2026-05-07 19:53:21+00:00,805.0,0.1,0.08,0.1,-0.019999996,-16.666662,23.0,62.0,0.1420984228515625,False,REGULAR,USD,SPY,call,2026-06-05,2026-05-05,2026-05-07T20:54:04+00:00,yfinance
SPY260605C00810000,2026-05-06 20:09:35+00:00,810.0,0.14,0.07,0.09,0.0,0.0,71.0,46.0,0.14820187744140628,False,REGULAR,USD,SPY,call,2026-06-05,2026-05-05,2026-05-07T20:54:04+00:00,yfinance
SPY260605C00815000,2026-05-07 15:00:56+00:00,815.0,0.11,0.06,0.08,0.030000001,37.5,26.0,246.0,0.1538170556640625,False,REGULAR,USD,SPY,call,2026-06-05,2026-05-05,2026-05-07T20:54:04+00:00,yfinance
SPY260605C00820000,2026-05-07 19:48:15+00:00,820.0,0.06,0.05,0.07,-0.02,-25.0,47.0,556.0,0.159188095703125,False,REGULAR,USD,SPY,call,2026-06-05,2026-05-05,2026-05-07T20:54:04+00:00,yfinance
SPY260605C00825000,2026-05-06 19:11:19+00:00,825.0,0.07,0.04,0.06,0.0,0.0,310.0,518.0,0.16358258300781253,False,REGULAR,USD,SPY,call,2026-06-05,2026-05-05,2026-05-07T20:54:04+00:00,yfinance
SPY260605C00830000,2026-05-07 17:11:17+00:00,830.0,0.05,0.04,0.05,-0.009999998,-16.666662,3.0,274.0,0.16748879394531252,False,REGULAR,USD,SPY,call,2026-06-05,2026-05-05,2026-05-07T20:54:04+00:00,yfinance
SPY260605C00835000,2026-05-07 17:11:37+00:00,835.0,0.06,0.03,0.05,0.02,50.0,2.0,466.0,0.174812939453125,False,REGULAR,USD,SPY,call,2026-06-05,2026-05-05,2026-05-07T20:54:04+00:00,yfinance
SPY260605C00840000,2026-05-07 15:01:29+00:00,840.0,0.06,0.03,0.04,0.04,200.0,368.0,334.0,0.17774259765625,False,REGULAR,USD,SPY,call,2026-06-05,2026-05-05,2026-05-07T20:54:04+00:00,yfinance
SPY260605C00845000,2026-05-07 17:41:02+00:00,845.0,0.03,0.02,0.04,0.01,50.0,48.0,93.0,0.18457846679687498,False,REGULAR,USD,SPY,call,2026-06-05,2026-05-05,2026-05-07T20:54:04+00:00,yfinance
SPY260605C00850000,2026-05-07 19:23:57+00:00,850.0,0.03,0.02,0.04,0.01,50.0,124.0,100.0,0.1909260595703125,False,REGULAR,USD,SPY,call,2026-06-05,2026-05-05,2026-05-07T20:54:04+00:00,yfinance
SPY260605C00855000,2026-05-07 13:52:28+00:00,855.0,0.03,0.02,0.04,0.01,50.0,54.0,1.0,0.19727365234375,False,REGULAR,USD,SPY,call,2026-06-05,2026-05-05,2026-05-07T20:54:04+00:00,yfinance
SPY260605C00860000,2026-05-06 15:35:38+00:00,860.0,0.04,0.02,0.03,0.02,100.0,5.0,32.0,0.1992267578125,False,REGULAR,USD,SPY,call,2026-06-05,2026-05-05,2026-05-07T20:54:04+00:00,yfinance
SPY260605C00865000,2026-05-07 15:44:50+00:00,865.0,0.03,0.01,0.03,0.01,50.0,1.0,9.0,0.20508607421874997,False,REGULAR,USD,SPY,call,2026-06-05,2026-05-05,2026-05-07T20:54:04+00:00,yfinance
SPY260605C00870000,2026-05-07 15:05:32+00:00,870.0,0.04,0.01,0.03,0.02,100.0,200.0,1.0,0.21094539062499998,False,REGULAR,USD,SPY,call,2026-06-05,2026-05-05,2026-05-07T20:54:04+00:00,yfinance
SPY260605C00880000,2026-05-07 13:52:34+00:00,880.0,0.03,0.02,0.03,0.02,200.0,12.0,916.0,0.22364057617187497,False,REGULAR,USD,SPY,call,2026-06-05,2026-05-05,2026-05-07T20:54:04+00:00,yfinance
SPY260605C00885000,2026-05-07 13:30:04+00:00,885.0,0.03,0.01,0.02,0.02,200.0,8.0,19.0,0.22266402343749997,False,REGULAR,USD,SPY,call,2026-06-05,2026-05-05,2026-05-07T20:54:04+00:00,yfinance
SPY260605P00400000,2026-05-07 17:50:49+00:00,400.0,0.02,0.02,0.03,-0.01,-33.333336,55.0,136.0,0.6718782812500002,False,REGULAR,USD,SPY,put,2026-06-05,2026-05-05,2026-05-07T20:54:04+00:00,yfinance
SPY260605P00405000,2026-05-06 18:58:24+00:00,405.0,0.03,0.02,0.03,0.0,0.0,,581.0,0.6601596484375001,False,REGULAR,USD,SPY,put,2026-06-05,2026-05-05,2026-05-07T20:54:04+00:00,yfinance
SPY260605P00410000,2026-05-06 19:29:48+00:00,410.0,0.03,0.02,0.04,0.0,0.0,462.0,461.0,0.6562534375000001,False,REGULAR,USD,SPY,put,2026-06-05,2026-05-05,2026-05-07T20:54:04+00:00,yfinance
SPY260605P00415000,2026-05-07 14:37:28+00:00,415.0,0.03,0.02,0.04,-0.01,-25.0,30.0,122.0,0.6445348046875,False,REGULAR,USD,SPY,put,2026-06-05,2026-05-05,2026-05-07T20:54:04+00:00,yfinance
SPY260605P00420000,2026-05-06 13:44:21+00:00,420.0,0.04,0.03,0.04,0.0,0.0,,2.0,0.64062859375,False,REGULAR,USD,SPY,put,2026-06-05,2026-05-05,2026-05-07T20:54:04+00:00,yfinance
SPY260605P00425000,2026-05-06 17:15:12+00:00,425.0,0.05,0.03,0.04,0.0,0.0,,256.0,0.6250037500000001,False,REGULAR,USD,SPY,put,2026-06-05,2026-05-05,2026-05-07T20:54:04+00:00,yfinance
SPY260605P00430000,2026-05-06 19:54:50+00:00,430.0,0.04,0.03,0.04,0.0,0.0,,13.0,0.6132851171875001,False,REGULAR,USD,SPY,put,2026-06-05,2026-05-05,2026-05-07T20:54:04+00:00,yfinance
SPY260605P00435000,2026-05-07 15:30:57+00:00,435.0,0.03,0.03,0.05,-0.020000001,-40.000004,3.0,959.0,0.6093789062500001,False,REGULAR,USD,SPY,put,2026-06-05,2026-05-05,2026-05-07T20:54:04+00:00,yfinance
SPY260605P00440000,2026-05-04 17:48:09+00:00,440.0,0.08,0.04,0.05,0.0,0.0,150.0,347.0,0.6015664843750002,False,REGULAR,USD,SPY,put,2026-06-05,2026-05-05,2026-05-07T20:54:04+00:00,yfinance
SPY260605P00445000,2026-05-07 16:07:48+00:00,445.0,0.05,0.04,0.05,0.0,0.0,1.0,9.0,0.5898478515625001,False,REGULAR,USD,SPY,put,2026-06-05,2026-05-05,2026-05-07T20:54:04+00:00,yfinance
SPY260605P00450000,2026-05-07 19:04:52+00:00,450.0,0.05,0.04,0.06,0.0,0.0,1.0,5.0,0.5820354296875,False,REGULAR,USD,SPY,put,2026-06-05,2026-05-05,2026-05-07T20:54:04+00:00,yfinance
SPY260605P00455000,2026-05-05 20:05:27+00:00,455.0,0.07,0.04,0.06,0.0,0.0,1.0,22.0,0.570316796875,False,REGULAR,USD,SPY,put,2026-06-05,2026-05-05,2026-05-07T20:54:04+00:00,yfinance
SPY260605P00460000,2026-05-05 18:41:26+00:00,460.0,0.07,0.05,0.06,0.0,0.0,12.0,12.0,0.5625043750000001,False,REGULAR,USD,SPY,put,2026-06-05,2026-05-05,2026-05-07T20:54:04+00:00,yfinance
SPY260605P00465000,2026-05-06 18:59:28+00:00,465.0,0.06,0.05,0.07,0.0,0.0,62.0,106.0,0.5546919531250001,False,REGULAR,USD,SPY,put,2026-06-05,2026-05-05,2026-05-07T20:54:04+00:00,yfinance
SPY260605P00470000,2026-05-06 13:34:54+00:00,470.0,0.07,0.05,0.07,0.0,0.0,1.0,87.0,0.5429733203125001,False,REGULAR,USD,SPY,put,2026-06-05,2026-05-05,2026-05-07T20:54:04+00:00,yfinance
SPY260605P00475000,2026-05-06 19:28:45+00:00,475.0,0.07,0.06,0.07,0.0,0.0,63.0,169.0,0.5351608984375,False,REGULAR,USD,SPY,put,2026-06-05,2026-05-05,2026-05-07T20:54:04+00:00,yfinance
SPY260605P00480000,2026-05-06 17:36:36+00:00,480.0,0.08,0.06,0.08,0.0,0.0,4.0,8.0,0.5273484765625001,False,REGULAR,USD,SPY,put,2026-06-05,2026-05-05,2026-05-07T20:54:04+00:00,yfinance
SPY260605P00485000,2026-05-05 17:55:35+00:00,485.0,0.1,0.07,0.08,0.0,0.0,1.0,3.0,0.51758294921875,False,REGULAR,USD,SPY,put,2026-06-05,2026-05-05,2026-05-07T20:54:04+00:00,yfinance
SPY260605P00490000,2026-05-05 13:31:06+00:00,490.0,0.12,0.07,0.09,0.0,0.0,1.0,162.0,0.5097705273437501,False,REGULAR,USD,SPY,put,2026-06-05,2026-05-05,2026-05-07T20:54:04+00:00,yfinance
SPY260605P00495000,2026-05-07 17:11:57+00:00,495.0,0.09,0.08,0.09,0.0,0.0,1.0,101.0,0.5009815527343751,False,REGULAR,USD,SPY,put,2026-06-05,2026-05-05,2026-05-07T20:54:04+00:00,yfinance
SPY260605P00500000,2026-05-06 18:55:56+00:00,500.0,0.1,0.09,0.1,0.0,0.0,6.0,655.0,0.49707534179687507,False,REGULAR,USD,SPY,put,2026-06-05,2026-05-05,2026-05-07T20:54:04+00:00,yfinance
SPY260605P00505000,2026-04-30 18:06:55+00:00,505.0,0.19,0.09,0.1,0.0,0.0,2.0,60.0,0.485356708984375,False,REGULAR,USD,SPY,put,2026-06-05,2026-05-05,2026-05-07T20:54:04+00:00,yfinance
SPY260605P00510000,2026-05-04 16:15:19+00:00,510.0,0.1,0.09,0.11,-0.13,-56.52174,1.0,36.0,0.477544287109375,False,REGULAR,USD,SPY,put,2026-06-05,2026-05-05,2026-05-07T20:54:04+00:00,yfinance
SPY260605P00515000,2026-05-06 18:33:04+00:00,515.0,0.12,0.1,0.12,0.0,0.0,1.0,21.0,0.47070841796875,False,REGULAR,USD,SPY,put,2026-06-05,2026-05-05,2026-05-07T20:54:04+00:00,yfinance
SPY260605P00520000,2026-04-30 20:06:22+00:00,520.0,0.22,0.11,0.12,0.0,0.0,,10.0,0.45898978515625005,False,REGULAR,USD,SPY,put,2026-06-05,2026-05-05,2026-05-07T20:54:04+00:00,yfinance
SPY260605P00525000,2026-05-05 15:46:59+00:00,525.0,0.19,0.11,0.13,0.0,0.0,2.0,204.0,0.45117736328125,False,REGULAR,USD,SPY,put,2026-06-05,2026-05-05,2026-05-07T20:54:04+00:00,yfinance
SPY260605P00530000,2026-05-06 16:02:10+00:00,530.0,0.16,0.12,0.14,0.0,0.0,51.0,89.0,0.44287666503906253,False,REGULAR,USD,SPY,put,2026-06-05,2026-05-05,2026-05-07T20:54:04+00:00,yfinance
SPY260605P00535000,2026-05-07 20:05:13+00:00,535.0,0.14,0.13,0.15,-0.010000005,-6.6666694,80.0,434.0,0.43457596679687505,False,REGULAR,USD,SPY,put,2026-06-05,2026-05-05,2026-05-07T20:54:04+00:00,yfinance
SPY260605P00540000,2026-05-01 19:47:56+00:00,540.0,0.25,0.14,0.16,0.0,0.0,4.0,184.0,0.42578699218750005,False,REGULAR,USD,SPY,put,2026-06-05,2026-05-05,2026-05-07T20:54:04+00:00,yfinance
SPY260605P00545000,2026-05-06 13:42:08+00:00,545.0,0.2,0.15,0.17,0.0,0.0,6.0,168.0,0.41699801757812494,False,REGULAR,USD,SPY,put,2026-06-05,2026-05-05,2026-05-07T20:54:04+00:00,yfinance
SPY260605P00550000,2026-05-06 20:09:11+00:00,550.0,0.19,0.16,0.18,0.0,0.0,7.0,175.0,0.40820904296875,False,REGULAR,USD,SPY,put,2026-06-05,2026-05-05,2026-05-07T20:54:04+00:00,yfinance
SPY260605P00555000,2026-05-06 14:13:55+00:00,555.0,0.23,0.18,0.19,0.0,0.0,67.0,196.0,0.39942006835937505,False,REGULAR,USD,SPY,put,2026-06-05,2026-05-05,2026-05-07T20:54:04+00:00,yfinance
SPY260605P00560000,2026-05-05 19:34:26+00:00,560.0,0.2,0.19,0.2,-0.059999987,-23.076918,1.0,249.0,0.39014281738281253,False,REGULAR,USD,SPY,put,2026-06-05,2026-05-05,2026-05-07T20:54:04+00:00,yfinance
SPY260605P00565000,2026-05-07 13:35:13+00:00,565.0,0.22,0.2,0.22,-0.06999999,-24.137928,1.0,134.0,0.38281867187499996,False,REGULAR,USD,SPY,put,2026-06-05,2026-05-05,2026-05-07T20:54:04+00:00,yfinance
SPY260605P00570000,2026-05-07 19:56:12+00:00,570.0,0.23,0.22,0.23,-0.040000007,-14.8148155,1.0,117.0,0.37329728271484375,False,REGULAR,USD,SPY,put,2026-06-05,2026-05-05,2026-05-07T20:54:04+00:00,yfinance
SPY260605P00575000,2026-05-06 18:16:30+00:00,575.0,0.27,0.24,0.25,0.0,0.0,2.0,235.0,0.3657289990234375,False,REGULAR,USD,SPY,put,2026-06-05,2026-05-05,2026-05-07T20:54:04+00:00,yfinance
SPY260605P00580000,2026-05-07 16:07:32+00:00,580.0,0.28,0.26,0.27,-0.00999999,-3.4482727,3.0,172.0,0.35742830078125,False,REGULAR,USD,SPY,put,2026-06-05,2026-05-05,2026-05-07T20:54:04+00:00,yfinance
SPY260605P00585000,2026-05-06 16:09:05+00:00,585.0,0.3,0.28,0.29,-0.030000001,-9.090909,1.0,223.0,0.3491276025390625,False,REGULAR,USD,SPY,put,2026-06-05,2026-05-05,2026-05-07T20:54:04+00:00,yfinance
SPY260605P00588000,2026-05-06 20:10:40+00:00,588.0,0.34,0.29,0.3,0.0,0.0,2.0,25.0,0.3437565625,False,REGULAR,USD,SPY,put,2026-06-05,2026-05-05,2026-05-07T20:54:04+00:00,yfinance
SPY260605P00589000,2026-05-04 15:37:38+00:00,589.0,0.58,0.29,0.31,0.0,0.0,5.0,195.0,0.34278000976562495,False,REGULAR,USD,SPY,put,2026-06-05,2026-05-05,2026-05-07T20:54:04+00:00,yfinance
SPY260605P00590000,2026-05-07 16:25:21+00:00,590.0,0.33,0.3,0.31,-0.00999999,-2.9411736,2.0,101.0,0.3403386279296875,False,REGULAR,USD,SPY,put,2026-06-05,2026-05-05,2026-05-07T20:54:04+00:00,yfinance
SPY260605P00591000,2026-05-04 13:31:38+00:00,591.0,0.5,0.3,0.32,0.0,0.0,11.0,96.0,0.33960621337890623,False,REGULAR,USD,SPY,put,2026-06-05,2026-05-05,2026-05-07T20:54:04+00:00,yfinance
SPY260605P00592000,2026-05-05 13:41:53+00:00,592.0,0.46,0.31,0.32,0.0,0.0,1.0,3.0,0.3371648315429688,False,REGULAR,USD,SPY,put,2026-06-05,2026-05-05,2026-05-07T20:54:04+00:00,yfinance
SPY260605P00593000,2026-04-27 14:20:21+00:00,593.0,0.9,0.31,0.33,0.0,0.0,1.0,2.0,0.3364324169921875,False,REGULAR,USD,SPY,put,2026-06-05,2026-05-05,2026-05-07T20:54:04+00:00,yfinance
SPY260605P00594000,2026-05-04 15:38:05+00:00,594.0,0.35,0.32,0.33,-0.27,-43.54839,2.0,4.0,0.33399103515625,False,REGULAR,USD,SPY,put,2026-06-05,2026-05-05,2026-05-07T20:54:04+00:00,yfinance
SPY260605P00595000,2026-05-07 15:17:31+00:00,595.0,0.33,0.32,0.34,-0.049999982,-13.15789,4.0,99.0,0.33301448242187504,False,REGULAR,USD,SPY,put,2026-06-05,2026-05-05,2026-05-07T20:54:04+00:00,yfinance
SPY260605P00596000,2026-05-04 14:12:42+00:00,596.0,0.5,0.33,0.34,0.0,0.0,1.0,2.0,0.3305731005859375,False,REGULAR,USD,SPY,put,2026-06-05,2026-05-05,2026-05-07T20:54:04+00:00,yfinance
SPY260605P00597000,2026-05-07 15:51:31+00:00,597.0,0.35,0.33,0.35,-0.54999995,-61.111107,82.0,3.0,0.32959654785156245,False,REGULAR,USD,SPY,put,2026-06-05,2026-05-05,2026-05-07T20:54:04+00:00,yfinance
SPY260605P00598000,2026-05-05 13:34:45+00:00,598.0,0.5,0.34,0.35,0.0,0.0,5.0,17.0,0.327155166015625,False,REGULAR,USD,SPY,put,2026-06-05,2026-05-05,2026-05-07T20:54:04+00:00,yfinance
SPY260605P00599000,2026-05-06 19:08:22+00:00,599.0,0.39,0.34,0.36,0.0,0.0,2.0,18.0,0.32617861328125,False,REGULAR,USD,SPY,put,2026-06-05,2026-05-05,2026-05-07T20:54:04+00:00,yfinance
SPY260605P00600000,2026-05-07 20:08:37+00:00,600.0,0.36,0.35,0.37,-0.03999999,-9.999997,52.0,296.0,0.32520206054687495,False,REGULAR,USD,SPY,put,2026-06-05,2026-05-05,2026-05-07T20:54:04+00:00,yfinance
SPY260605P00601000,2026-05-06 18:31:05+00:00,601.0,0.4,0.36,0.37,0.0,0.0,50.0,550.0,0.3227606787109374,False,REGULAR,USD,SPY,put,2026-06-05,2026-05-05,2026-05-07T20:54:04+00:00,yfinance
SPY260605P00602000,2026-05-07 18:48:56+00:00,602.0,0.41,0.36,0.38,0.0,0.0,1.0,22.0,0.3215399877929687,False,REGULAR,USD,SPY,put,2026-06-05,2026-05-05,2026-05-07T20:54:04+00:00,yfinance
SPY260605P00603000,2026-05-05 14:50:18+00:00,603.0,0.55,0.37,0.38,0.0,0.0,,2.0,0.3193427441406249,False,REGULAR,USD,SPY,put,2026-06-05,2026-05-05,2026-05-07T20:54:04+00:00,yfinance
SPY260605P00604000,2026-05-06 18:05:10+00:00,604.0,0.42,0.37,0.39,0.0,0.0,16.0,19.0,0.3181220532226562,False,REGULAR,USD,SPY,put,2026-06-05,2026-05-05,2026-05-07T20:54:04+00:00,yfinance
SPY260605P00605000,2026-05-07 16:45:31+00:00,605.0,0.42,0.38,0.4,0.0,0.0,2.0,79.0,0.31690136230468746,False,REGULAR,USD,SPY,put,2026-06-05,2026-05-05,2026-05-07T20:54:04+00:00,yfinance
SPY260605P00606000,2026-05-01 15:57:34+00:00,606.0,0.65,0.39,0.4,0.0,0.0,5.0,8.0,0.31445998046874996,False,REGULAR,USD,SPY,put,2026-06-05,2026-05-05,2026-05-07T20:54:04+00:00,yfinance
SPY260605P00607000,2026-05-06 17:52:52+00:00,607.0,0.44,0.39,0.41,0.0,0.0,94.0,132.0,0.31323928955078123,False,REGULAR,USD,SPY,put,2026-06-05,2026-05-05,2026-05-07T20:54:04+00:00,yfinance
SPY260605P00608000,2026-05-06 18:25:14+00:00,608.0,0.45,0.4,0.42,0.0,0.0,3.0,4.0,0.31201859863281245,False,REGULAR,USD,SPY,put,2026-06-05,2026-05-05,2026-05-07T20:54:04+00:00,yfinance
SPY260605P00609000,2026-05-06 18:17:20+00:00,609.0,0.45,0.41,0.42,0.0,0.0,83.0,108.0,0.309577216796875,False,REGULAR,USD,SPY,put,2026-06-05,2026-05-05,2026-05-07T20:54:04+00:00,yfinance
SPY260605P00610000,2026-05-07 19:31:56+00:00,610.0,0.45,0.41,0.43,-0.01000002,-2.1739173,33.0,839.0,0.3083565258789062,False,REGULAR,USD,SPY,put,2026-06-05,2026-05-05,2026-05-07T20:54:04+00:00,yfinance
SPY260605P00611000,2026-05-06 16:26:07+00:00,611.0,0.48,0.42,0.44,0.0,0.0,90.0,94.0,0.30689169677734374,False,REGULAR,USD,SPY,put,2026-06-05,2026-05-05,2026-05-07T20:54:04+00:00,yfinance
SPY260605P00612000,2026-05-06 14:50:44+00:00,612.0,0.5,0.43,0.44,0.0,0.0,1.0,21.0,0.30445031494140623,False,REGULAR,USD,SPY,put,2026-06-05,2026-05-05,2026-05-07T20:54:04+00:00,yfinance
SPY260605P00613000,2026-05-06 19:51:54+00:00,613.0,0.48,0.43,0.45,0.0,0.0,10.0,19.0,0.30322962402343745,False,REGULAR,USD,SPY,put,2026-06-05,2026-05-05,2026-05-07T20:54:04+00:00,yfinance
SPY260605P00614000,2026-05-05 15:55:13+00:00,614.0,0.66,0.44,0.46,0.0,0.0,2.0,145.0,0.301764794921875,False,REGULAR,USD,SPY,put,2026-06-05,2026-05-05,2026-05-07T20:54:04+00:00,yfinance
SPY260605P00615000,2026-05-07 18:17:11+00:00,615.0,0.47,0.45,0.47,-0.030000001,-6.0,4.0,149.0,0.3004220349121094,False,REGULAR,USD,SPY,put,2026-06-05,2026-05-05,2026-05-07T20:54:04+00:00,yfinance
SPY260605P00616000,2026-05-07 18:46:55+00:00,616.0,0.5,0.46,0.47,-0.43,-46.236557,10.0,85.0,0.29798065307617183,False,REGULAR,USD,SPY,put,2026-06-05,2026-05-05,2026-05-07T20:54:04+00:00,yfinance
SPY260605P00617000,2026-05-07 18:55:16+00:00,617.0,0.52,0.47,0.48,0.0,0.0,3.0,123.0,0.2966378930664062,False,REGULAR,USD,SPY,put,2026-06-05,2026-05-05,2026-05-07T20:54:04+00:00,yfinance
SPY260605P00618000,2026-05-07 18:55:16+00:00,618.0,0.53,0.47,0.49,-0.17000002,-24.285717,230.0,31.0,0.2951730639648437,False,REGULAR,USD,SPY,put,2026-06-05,2026-05-05,2026-05-07T20:54:04+00:00,yfinance
SPY260605P00619000,2026-05-07 18:35:45+00:00,619.0,0.5,0.48,0.5,-0.04000002,-7.4074106,2.0,8.0,0.29358616577148433,False,REGULAR,USD,SPY,put,2026-06-05,2026-05-05,2026-05-07T20:54:04+00:00,yfinance
SPY260605P00620000,2026-05-07 19:41:08+00:00,620.0,0.52,0.49,0.51,-0.02000004,-3.703711,23.0,180.0,0.2921213366699218,False,REGULAR,USD,SPY,put,2026-06-05,2026-05-05,2026-05-07T20:54:04+00:00,yfinance
SPY260605P00621000,2026-05-07 19:17:59+00:00,621.0,0.55,0.5,0.52,-0.03999996,-6.779655,3.0,108.0,0.29053443847656246,False,REGULAR,USD,SPY,put,2026-06-05,2026-05-05,2026-05-07T20:54:04+00:00,yfinance
SPY260605P00622000,2026-05-07 15:58:07+00:00,622.0,0.53,0.51,0.53,-0.030000031,-5.357148,5.0,9.0,0.2890696093749999,False,REGULAR,USD,SPY,put,2026-06-05,2026-05-05,2026-05-07T20:54:04+00:00,yfinance
SPY260605P00623000,2026-05-07 19:33:14+00:00,623.0,0.57,0.52,0.53,0.0,0.0,13.0,39.0,0.2866282275390625,False,REGULAR,USD,SPY,put,2026-06-05,2026-05-05,2026-05-07T20:54:04+00:00,yfinance
SPY260605P00624000,2026-05-05 19:51:57+00:00,624.0,0.77,0.53,0.54,0.0,0.0,21.0,145.0,0.28504132934570303,False,REGULAR,USD,SPY,put,2026-06-05,2026-05-05,2026-05-07T20:54:04+00:00,yfinance
SPY260605P00625000,2026-05-07 19:34:16+00:00,625.0,0.59,0.54,0.55,-0.02000004,-3.278695,39.0,928.0,0.2834544311523437,False,REGULAR,USD,SPY,put,2026-06-05,2026-05-05,2026-05-07T20:54:04+00:00,yfinance
SPY260605P00626000,2026-05-07 18:46:55+00:00,626.0,0.59,0.55,0.56,-0.01000005,-1.666675,11.0,121.0,0.28186753295898437,False,REGULAR,USD,SPY,put,2026-06-05,2026-05-05,2026-05-07T20:54:04+00:00,yfinance
SPY260605P00627000,2026-05-07 17:22:45+00:00,627.0,0.6,0.56,0.57,-0.00999999,-1.6393427,2.0,103.0,0.2802806347656249,False,REGULAR,USD,SPY,put,2026-06-05,2026-05-05,2026-05-07T20:54:04+00:00,yfinance
SPY260605P00628000,2026-05-07 20:02:41+00:00,628.0,0.57,0.57,0.58,-0.15000004,-20.833338,1.0,289.0,0.27857166748046874,False,REGULAR,USD,SPY,put,2026-06-05,2026-05-05,2026-05-07T20:54:04+00:00,yfinance
SPY260605P00629000,2026-05-06 14:02:05+00:00,629.0,0.71,0.58,0.59,0.0,0.0,1.0,52.0,0.27686270019531245,False,REGULAR,USD,SPY,put,2026-06-05,2026-05-05,2026-05-07T20:54:04+00:00,yfinance
SPY260605P00630000,2026-05-07 20:02:25+00:00,630.0,0.6,0.59,0.6,-0.06999999,-10.44776,68.0,957.0,0.2751537329101562,False,REGULAR,USD,SPY,put,2026-06-05,2026-05-05,2026-05-07T20:54:04+00:00,yfinance
SPY260605P00631000,2026-05-07 20:02:27+00:00,631.0,0.61,0.6,0.62,-0.03999996,-6.1538405,9.0,67.0,0.2742992492675781,False,REGULAR,USD,SPY,put,2026-06-05,2026-05-05,2026-05-07T20:54:04+00:00,yfinance
SPY260605P00632000,2026-05-07 18:10:08+00:00,632.0,0.67,0.61,0.63,-0.050000012,-6.9444456,3.0,37.0,0.27259028198242186,False,REGULAR,USD,SPY,put,2026-06-05,2026-05-05,2026-05-07T20:54:04+00:00,yfinance
SPY260605P00633000,2026-05-07 17:45:38+00:00,633.0,0.7,0.62,0.64,-0.52000004,-42.62295,3.0,21.0,0.27075924560546877,False,REGULAR,USD,SPY,put,2026-06-05,2026-05-05,2026-05-07T20:54:04+00:00,yfinance
SPY260605P00634000,2026-05-07 18:44:19+00:00,634.0,0.68,0.63,0.65,-0.04000002,-5.555558,8.0,228.0,0.2690502783203125,False,REGULAR,USD,SPY,put,2026-06-05,2026-05-05,2026-05-07T20:54:04+00:00,yfinance
SPY260605P00635000,2026-05-07 20:14:58+00:00,635.0,0.66,0.64,0.66,-0.049999952,-7.042247,155.0,478.0,0.26734131103515624,False,REGULAR,USD,SPY,put,2026-06-05,2026-05-05,2026-05-07T20:54:04+00:00,yfinance
SPY260605P00636000,2026-05-07 19:38:50+00:00,636.0,0.69,0.66,0.68,-0.030000031,-4.166671,9.0,370.0,0.2661206201171875,False,REGULAR,USD,SPY,put,2026-06-05,2026-05-05,2026-05-07T20:54:04+00:00,yfinance
SPY260605P00637000,2026-05-07 14:06:16+00:00,637.0,0.7,0.67,0.69,-0.04000002,-5.405408,2.0,151.0,0.2644116528320312,False,REGULAR,USD,SPY,put,2026-06-05,2026-05-05,2026-05-07T20:54:04+00:00,yfinance
SPY260605P00638000,2026-05-07 19:14:49+00:00,638.0,0.74,0.68,0.7,-0.07999998,-9.756095,9.0,31.0,0.26258061645507813,False,REGULAR,USD,SPY,put,2026-06-05,2026-05-05,2026-05-07T20:54:04+00:00,yfinance
SPY260605P00639000,2026-05-07 18:28:59+00:00,639.0,0.73,0.7,0.72,-0.03999996,-5.1948004,3.0,243.0,0.2613599255371094,False,REGULAR,USD,SPY,put,2026-06-05,2026-05-05,2026-05-07T20:54:04+00:00,yfinance
SPY260605P00640000,2026-05-07 19:52:57+00:00,640.0,0.75,0.71,0.73,-0.01999998,-2.5974002,71.0,9242.0,0.25952888916015626,False,REGULAR,USD,SPY,put,2026-06-05,2026-05-05,2026-05-07T20:54:04+00:00,yfinance
SPY260605P00641000,2026-05-06 16:45:52+00:00,641.0,0.84,0.72,0.75,0.0,0.0,9.0,201.0,0.25818612915039063,False,REGULAR,USD,SPY,put,2026-06-05,2026-05-05,2026-05-07T20:54:04+00:00,yfinance
SPY260605P00642000,2026-05-07 13:49:19+00:00,642.0,0.76,0.74,0.76,-0.100000024,-11.627909,5.0,130.0,0.2563550927734375,False,REGULAR,USD,SPY,put,2026-06-05,2026-05-05,2026-05-07T20:54:04+00:00,yfinance
SPY260605P00643000,2026-05-06 13:33:48+00:00,643.0,0.91,0.75,0.78,0.0,0.0,2.0,23.0,0.25501233276367197,False,REGULAR,USD,SPY,put,2026-06-05,2026-05-05,2026-05-07T20:54:04+00:00,yfinance
SPY260605P00644000,2026-05-07 19:40:37+00:00,644.0,0.81,0.77,0.79,-0.06999999,-7.9545445,10.0,126.0,0.2530592272949219,False,REGULAR,USD,SPY,put,2026-06-05,2026-05-05,2026-05-07T20:54:04+00:00,yfinance
SPY260605P00645000,2026-05-07 19:19:17+00:00,645.0,0.88,0.79,0.81,0.0,0.0,11.0,1368.0,0.25171646728515623,False,REGULAR,USD,SPY,put,2026-06-05,2026-05-05,2026-05-07T20:54:04+00:00,yfinance
SPY260605P00646000,2026-05-07 19:40:15+00:00,646.0,0.85,0.8,0.83,-0.13999999,-14.141412,18.0,360.0,0.25025163818359375,False,REGULAR,USD,SPY,put,2026-06-05,2026-05-05,2026-05-07T20:54:04+00:00,yfinance
SPY260605P00647000,2026-05-07 17:01:03+00:00,647.0,0.91,0.82,0.84,-0.41000003,-31.060608,6.0,827.0,0.24829853271484376,False,REGULAR,USD,SPY,put,2026-06-05,2026-05-05,2026-05-07T20:54:04+00:00,yfinance
SPY260605P00648000,2026-05-07 14:50:59+00:00,648.0,0.84,0.84,0.86,-0.36000007,-30.000006,1.0,168.0,0.24683370361328127,False,REGULAR,USD,SPY,put,2026-06-05,2026-05-05,2026-05-07T20:54:04+00:00,yfinance
SPY260605P00649000,2026-05-07 16:16:41+00:00,649.0,1.0,0.86,0.88,-0.049999952,-4.7619004,15.0,34.0,0.24536887451171874,False,REGULAR,USD,SPY,put,2026-06-05,2026-05-05,2026-05-07T20:54:04+00:00,yfinance
SPY260605P00650000,2026-05-07 19:43:33+00:00,650.0,0.88,0.88,0.9,-0.100000024,-10.204083,678.0,1004.0,0.24390404541015626,False,REGULAR,USD,SPY,put,2026-06-05,2026-05-05,2026-05-07T20:54:04+00:00,yfinance
SPY260605P00651000,2026-05-07 19:10:58+00:00,651.0,0.97,0.9,0.92,-0.100000024,-9.345796,55.0,356.0,0.24231714721679687,False,REGULAR,USD,SPY,put,2026-06-05,2026-05-05,2026-05-07T20:54:04+00:00,yfinance
SPY260605P00652000,2026-05-07 19:19:25+00:00,652.0,1.02,0.92,0.94,0.0,0.0,6.0,257.0,0.24073024902343748,False,REGULAR,USD,SPY,put,2026-06-05,2026-05-05,2026-05-07T20:54:04+00:00,yfinance
SPY260605P00653000,2026-05-06 15:50:08+00:00,653.0,0.98,0.94,0.96,-0.13,-11.711712,3.0,769.0,0.2391433508300781,False,REGULAR,USD,SPY,put,2026-06-05,2026-05-05,2026-05-07T20:54:04+00:00,yfinance
SPY260605P00654000,2026-05-07 16:30:38+00:00,654.0,1.0,0.96,0.98,-0.110000014,-9.909911,25.0,171.0,0.2375564526367187,False,REGULAR,USD,SPY,put,2026-06-05,2026-05-05,2026-05-07T20:54:04+00:00,yfinance
SPY260605P00655000,2026-05-07 20:02:44+00:00,655.0,0.96,0.98,1.01,-0.110000074,-10.28038,149.0,1370.0,0.23633576171874998,False,REGULAR,USD,SPY,put,2026-06-05,2026-05-05,2026-05-07T20:54:04+00:00,yfinance
SPY260605P00656000,2026-05-07 16:14:12+00:00,656.0,1.11,1.01,1.03,-0.03999996,-3.4782577,31.0,62.0,0.23462679443359374,False,REGULAR,USD,SPY,put,2026-06-05,2026-05-05,2026-05-07T20:54:04+00:00,yfinance
SPY260605P00657000,2026-05-07 17:36:18+00:00,657.0,1.15,1.03,1.06,-0.01999998,-1.7094002,30.0,54.0,0.233406103515625,False,REGULAR,USD,SPY,put,2026-06-05,2026-05-05,2026-05-07T20:54:04+00:00,yfinance
SPY260605P00658000,2026-05-07 19:14:49+00:00,658.0,1.13,1.06,1.08,-0.00999999,-0.87719214,21.0,305.0,0.2316361016845703,False,REGULAR,USD,SPY,put,2026-06-05,2026-05-05,2026-05-07T20:54:04+00:00,yfinance
SPY260605P00659000,2026-05-07 17:55:00+00:00,659.0,1.21,1.08,1.11,0.060000062,5.2173967,28.0,26.0,0.23035437622070312,False,REGULAR,USD,SPY,put,2026-06-05,2026-05-05,2026-05-07T20:54:04+00:00,yfinance
SPY260605P00660000,2026-05-07 19:58:59+00:00,660.0,1.15,1.11,1.14,-0.029999971,-2.5423706,129.0,981.0,0.22895058166503907,False,REGULAR,USD,SPY,put,2026-06-05,2026-05-05,2026-05-07T20:54:04+00:00,yfinance
SPY260605P00661000,2026-05-07 14:51:33+00:00,661.0,1.11,1.14,1.16,-0.100000024,-8.264464,2.0,114.0,0.22711954528808592,False,REGULAR,USD,SPY,put,2026-06-05,2026-05-05,2026-05-07T20:54:04+00:00,yfinance
SPY260605P00662000,2026-05-07 19:58:00+00:00,662.0,1.2,1.17,1.19,-0.06999993,-5.511806,53.0,172.0,0.22571575073242187,False,REGULAR,USD,SPY,put,2026-06-05,2026-05-05,2026-05-07T20:54:04+00:00,yfinance
SPY260605P00663000,2026-05-07 17:40:10+00:00,663.0,1.29,1.2,1.22,-0.04000008,-3.0075247,36.0,130.0,0.2241898870849609,False,REGULAR,USD,SPY,put,2026-06-05,2026-05-05,2026-05-07T20:54:04+00:00,yfinance
SPY260605P00664000,2026-05-07 14:13:07+00:00,664.0,1.21,1.23,1.26,-0.13,-9.701492,12.0,275.0,0.22309126525878903,False,REGULAR,USD,SPY,put,2026-06-05,2026-05-05,2026-05-07T20:54:04+00:00,yfinance
SPY260605P00665000,2026-05-07 18:51:43+00:00,665.0,1.3,1.26,1.29,-0.060000062,-4.4117694,114.0,756.0,0.22150436706542967,False,REGULAR,USD,SPY,put,2026-06-05,2026-05-05,2026-05-07T20:54:04+00:00,yfinance
SPY260605P00666000,2026-05-06 18:32:23+00:00,666.0,1.38,1.3,1.32,0.0,0.0,4.0,102.0,0.21991746887207028,False,REGULAR,USD,SPY,put,2026-06-05,2026-05-05,2026-05-07T20:54:04+00:00,yfinance
SPY260605P00667000,2026-05-07 19:19:17+00:00,667.0,1.46,1.33,1.36,0.00999999,0.68965447,49.0,128.0,0.2186357434082031,False,REGULAR,USD,SPY,put,2026-06-05,2026-05-05,2026-05-07T20:54:04+00:00,yfinance
SPY260605P00668000,2026-05-07 18:04:26+00:00,668.0,1.45,1.37,1.4,-0.029999971,-2.027025,15.0,221.0,0.21735401794433595,False,REGULAR,USD,SPY,put,2026-06-05,2026-05-05,2026-05-07T20:54:04+00:00,yfinance
SPY260605P00669000,2026-05-07 18:28:59+00:00,669.0,1.47,1.41,1.43,-0.01999998,-1.3422806,6.0,103.0,0.2156450506591797,False,REGULAR,USD,SPY,put,2026-06-05,2026-05-05,2026-05-07T20:54:04+00:00,yfinance
SPY260605P00670000,2026-05-07 19:20:25+00:00,670.0,1.47,1.45,1.47,-0.100000024,-6.3694277,76.0,881.0,0.2142412561035156,False,REGULAR,USD,SPY,put,2026-06-05,2026-05-05,2026-05-07T20:54:04+00:00,yfinance
SPY260605P00671000,2026-05-07 19:25:06+00:00,671.0,1.66,1.49,1.52,0.07999992,5.0632863,39.0,96.0,0.21314263427734376,False,REGULAR,USD,SPY,put,2026-06-05,2026-05-05,2026-05-07T20:54:04+00:00,yfinance
SPY260605P00672000,2026-05-07 17:27:03+00:00,672.0,1.76,1.53,1.56,0.110000014,6.666668,22.0,201.0,0.21167780517578122,False,REGULAR,USD,SPY,put,2026-06-05,2026-05-05,2026-05-07T20:54:04+00:00,yfinance
SPY260605P00673000,2026-05-07 18:10:08+00:00,673.0,1.62,1.57,1.6,-0.09000003,-5.26316,105.0,94.0,0.21015194152832029,False,REGULAR,USD,SPY,put,2026-06-05,2026-05-05,2026-05-07T20:54:04+00:00,yfinance
SPY260605P00674000,2026-05-07 18:44:19+00:00,674.0,1.7,1.62,1.65,-0.01999998,-1.1627896,32.0,158.0,0.20887021606445308,False,REGULAR,USD,SPY,put,2026-06-05,2026-05-05,2026-05-07T20:54:04+00:00,yfinance
SPY260605P00675000,2026-05-07 20:14:58+00:00,675.0,1.67,1.67,1.69,-0.07000005,-4.0229917,424.0,1352.0,0.20728331787109372,False,REGULAR,USD,SPY,put,2026-06-05,2026-05-05,2026-05-07T20:54:04+00:00,yfinance
SPY260605P00676000,2026-05-07 18:40:43+00:00,676.0,1.79,1.71,1.74,-0.03000009,-1.6483566,101.0,108.0,0.2059405578613281,False,REGULAR,USD,SPY,put,2026-06-05,2026-05-05,2026-05-07T20:54:04+00:00,yfinance
SPY260605P00677000,2026-05-07 19:31:03+00:00,677.0,1.9,1.76,1.79,0.059999943,3.2608664,201.0,191.0,0.204536763305664,False,REGULAR,USD,SPY,put,2026-06-05,2026-05-05,2026-05-07T20:54:04+00:00,yfinance
SPY260605P00678000,2026-05-07 18:50:24+00:00,678.0,2.03,1.81,1.85,0.13999999,7.4074063,30.0,97.0,0.20337710693359373,False,REGULAR,USD,SPY,put,2026-06-05,2026-05-05,2026-05-07T20:54:04+00:00,yfinance
SPY260605P00679000,2026-05-07 19:02:24+00:00,679.0,2.0,1.87,1.9,0.0,0.0,35.0,597.0,0.2018512432861328,False,REGULAR,USD,SPY,put,2026-06-05,2026-05-05,2026-05-07T20:54:04+00:00,yfinance
SPY260605P00680000,2026-05-07 19:32:59+00:00,680.0,2.02,1.92,1.96,-0.00999999,-0.49261037,199.0,1186.0,0.2005695178222656,False,REGULAR,USD,SPY,put,2026-06-05,2026-05-05,2026-05-07T20:54:04+00:00,yfinance
SPY260605P00681000,2026-05-07 20:11:47+00:00,681.0,2.01,1.98,2.02,-0.1500001,-6.9444485,5.0,270.0,0.1992267578125,False,REGULAR,USD,SPY,put,2026-06-05,2026-05-05,2026-05-07T20:54:04+00:00,yfinance
SPY260605P00682000,2026-05-07 19:17:59+00:00,682.0,2.21,2.04,2.08,0.049999952,2.3148124,40.0,210.0,0.19782296325683596,False,REGULAR,USD,SPY,put,2026-06-05,2026-05-05,2026-05-07T20:54:04+00:00,yfinance
SPY260605P00683000,2026-05-07 18:13:51+00:00,683.0,2.22,2.11,2.14,0.03999996,1.8348606,32.0,189.0,0.19641916870117188,False,REGULAR,USD,SPY,put,2026-06-05,2026-05-05,2026-05-07T20:54:04+00:00,yfinance
SPY260605P00684000,2026-05-07 18:11:44+00:00,684.0,2.27,2.17,2.21,0.029999971,1.3392844,25.0,645.0,0.1951374432373047,False,REGULAR,USD,SPY,put,2026-06-05,2026-05-05,2026-05-07T20:54:04+00:00,yfinance
SPY260605P00685000,2026-05-07 20:02:43+00:00,685.0,2.2,2.24,2.27,-0.13999987,-5.9829006,391.0,1158.0,0.19361157958984376,False,REGULAR,USD,SPY,put,2026-06-05,2026-05-05,2026-05-07T20:54:04+00:00,yfinance
SPY260605P00686000,2026-05-07 19:16:03+00:00,686.0,2.43,2.31,2.34,0.029999971,1.2499988,8.0,504.0,0.1922077850341797,False,REGULAR,USD,SPY,put,2026-06-05,2026-05-05,2026-05-07T20:54:04+00:00,yfinance
SPY260605P00687000,2026-05-07 19:17:32+00:00,687.0,2.51,2.38,2.42,0.059999943,2.4489772,4.0,308.0,0.19104812866210938,False,REGULAR,USD,SPY,put,2026-06-05,2026-05-05,2026-05-07T20:54:04+00:00,yfinance
SPY260605P00688000,2026-05-07 19:38:27+00:00,688.0,2.56,2.46,2.49,0.089999914,3.643721,204.0,296.0,0.1895527822875977,False,REGULAR,USD,SPY,put,2026-06-05,2026-05-05,2026-05-07T20:54:04+00:00,yfinance
SPY260605P00689000,2026-05-07 19:16:03+00:00,689.0,2.66,2.53,2.57,0.08000016,3.1007817,104.0,483.0,0.18824053955078124,False,REGULAR,USD,SPY,put,2026-06-05,2026-05-05,2026-05-07T20:54:04+00:00,yfinance
SPY260605P00690000,2026-05-07 20:02:24+00:00,690.0,2.64,2.61,2.65,-0.03999996,-1.4925358,780.0,9763.0,0.1868367449951172,False,REGULAR,USD,SPY,put,2026-06-05,2026-05-05,2026-05-07T20:54:04+00:00,yfinance
SPY260605P00691000,2026-05-07 19:47:44+00:00,691.0,2.78,2.7,2.74,0.03999996,1.4598526,140.0,364.0,0.18561605407714843,False,REGULAR,USD,SPY,put,2026-06-05,2026-05-05,2026-05-07T20:54:04+00:00,yfinance
SPY260605P00692000,2026-05-07 19:38:29+00:00,692.0,2.89,2.78,2.82,0.06000018,2.1201477,80.0,369.0,0.1840901904296875,False,REGULAR,USD,SPY,put,2026-06-05,2026-05-05,2026-05-07T20:54:04+00:00,yfinance
SPY260605P00693000,2026-05-07 19:33:38+00:00,693.0,3.05,2.87,2.91,0.14999986,5.1724086,47.0,262.0,0.18274743041992186,False,REGULAR,USD,SPY,put,2026-06-05,2026-05-05,2026-05-07T20:54:04+00:00,yfinance
SPY260605P00694000,2026-05-07 19:14:10+00:00,694.0,3.1,2.97,3.01,0.049999952,1.6393427,67.0,137.0,0.1815267395019531,False,REGULAR,USD,SPY,put,2026-06-05,2026-05-05,2026-05-07T20:54:04+00:00,yfinance
SPY260605P00695000,2026-05-07 20:04:54+00:00,695.0,3.01,3.07,3.11,-0.1400001,-4.4444475,163.0,674.0,0.18021449676513673,False,REGULAR,USD,SPY,put,2026-06-05,2026-05-05,2026-05-07T20:54:04+00:00,yfinance
SPY260605P00696000,2026-05-07 19:46:08+00:00,696.0,3.24,3.17,3.21,0.049999952,1.5673966,53.0,519.0,0.17884121948242188,False,REGULAR,USD,SPY,put,2026-06-05,2026-05-05,2026-05-07T20:54:04+00:00,yfinance
SPY260605P00697000,2026-05-07 19:42:49+00:00,697.0,3.4,3.27,3.31,0.0400002,1.1904821,36.0,502.0,0.17737639038085937,False,REGULAR,USD,SPY,put,2026-06-05,2026-05-05,2026-05-07T20:54:04+00:00,yfinance
SPY260605P00698000,2026-05-07 20:00:23+00:00,698.0,3.47,3.38,3.42,0.06999993,2.0588214,51.0,1064.0,0.176064147644043,False,REGULAR,USD,SPY,put,2026-06-05,2026-05-05,2026-05-07T20:54:04+00:00,yfinance
SPY260605P00699000,2026-05-07 19:25:46+00:00,699.0,3.7,3.49,3.53,0.21000004,6.017193,169.0,196.0,0.1746603530883789,False,REGULAR,USD,SPY,put,2026-06-05,2026-05-05,2026-05-07T20:54:04+00:00,yfinance
SPY260605P00700000,2026-05-07 20:13:58+00:00,700.0,3.68,3.61,3.65,0.09000015,2.506968,20610.0,2912.0,0.1733481103515625,False,REGULAR,USD,SPY,put,2026-06-05,2026-05-05,2026-05-07T20:54:04+00:00,yfinance
SPY260605P00701000,2026-05-07 19:21:52+00:00,701.0,3.92,3.73,3.77,0.11000013,2.8871427,32.0,464.0,0.1719748330688477,False,REGULAR,USD,SPY,put,2026-06-05,2026-05-05,2026-05-07T20:54:04+00:00,yfinance
SPY260605P00702000,2026-05-07 20:14:25+00:00,702.0,3.91,3.86,3.9,0.10000014,2.6246758,3101.0,317.0,0.17069310760498052,False,REGULAR,USD,SPY,put,2026-06-05,2026-05-05,2026-05-07T20:54:04+00:00,yfinance
SPY260605P00703000,2026-05-07 19:45:44+00:00,703.0,4.08,3.99,4.03,0.14999986,3.81679,88.0,583.0,0.16931983032226564,False,REGULAR,USD,SPY,put,2026-06-05,2026-05-05,2026-05-07T20:54:04+00:00,yfinance
SPY260605P00704000,2026-05-07 18:27:53+00:00,704.0,4.25,4.12,4.16,0.119999886,2.9055662,33.0,127.0,0.16785500122070315,False,REGULAR,USD,SPY,put,2026-06-05,2026-05-05,2026-05-07T20:54:04+00:00,yfinance
SPY260605P00705000,2026-05-07 19:59:26+00:00,705.0,4.34,4.26,4.3,0.07000017,1.6393483,155.0,626.0,0.16648172393798832,False,REGULAR,USD,SPY,put,2026-06-05,2026-05-05,2026-05-07T20:54:04+00:00,yfinance
SPY260605P00706000,2026-05-07 19:07:28+00:00,706.0,4.65,4.41,4.45,0.20000029,4.4943886,14.0,496.0,0.1651694812011719,False,REGULAR,USD,SPY,put,2026-06-05,2026-05-05,2026-05-07T20:54:04+00:00,yfinance
SPY260605P00707000,2026-05-07 20:02:44+00:00,707.0,4.4,4.56,4.6,-0.089999676,-2.0044472,40.0,170.0,0.16379620391845706,False,REGULAR,USD,SPY,put,2026-06-05,2026-05-05,2026-05-07T20:54:04+00:00,yfinance
SPY260605P00708000,2026-05-07 19:57:56+00:00,708.0,4.85,4.71,4.76,0.27999973,6.126909,104.0,707.0,0.16245344390869143,False,REGULAR,USD,SPY,put,2026-06-05,2026-05-05,2026-05-07T20:54:04+00:00,yfinance
SPY260605P00709000,2026-05-07 18:44:52+00:00,709.0,5.34,4.87,4.92,0.62000036,13.135602,102.0,510.0,0.16104964935302735,False,REGULAR,USD,SPY,put,2026-06-05,2026-05-05,2026-05-07T20:54:04+00:00,yfinance
SPY260605P00710000,2026-05-07 20:12:43+00:00,710.0,5.09,5.04,5.08,0.1500001,3.0364392,1150.0,1892.0,0.1595237857055664,False,REGULAR,USD,SPY,put,2026-06-05,2026-05-05,2026-05-07T20:54:04+00:00,yfinance
SPY260605P00711000,2026-05-07 19:38:27+00:00,711.0,5.4,5.21,5.26,0.32999992,6.508874,19.0,657.0,0.15821154296875,False,REGULAR,USD,SPY,put,2026-06-05,2026-05-05,2026-05-07T20:54:04+00:00,yfinance
SPY260605P00712000,2026-05-07 19:46:13+00:00,712.0,5.48,5.4,5.44,0.05000019,0.92081386,79.0,407.0,0.15680774841308598,False,REGULAR,USD,SPY,put,2026-06-05,2026-05-05,2026-05-07T20:54:04+00:00,yfinance
SPY260605P00713000,2026-05-07 20:03:28+00:00,713.0,5.47,5.58,5.63,-0.13000011,-2.3214307,106.0,773.0,0.15543447113037112,False,REGULAR,USD,SPY,put,2026-06-05,2026-05-05,2026-05-07T20:54:04+00:00,yfinance
SPY260605P00714000,2026-05-07 20:14:55+00:00,714.0,5.78,5.78,5.82,0.17000008,3.0303044,78.0,375.0,0.15396964202880858,False,REGULAR,USD,SPY,put,2026-06-05,2026-05-05,2026-05-07T20:54:04+00:00,yfinance
SPY260605P00715000,2026-05-07 19:27:14+00:00,715.0,6.41,5.98,6.02,0.40999985,6.8333306,428.0,1205.0,0.15253533020019533,False,REGULAR,USD,SPY,put,2026-06-05,2026-05-05,2026-05-07T20:54:04+00:00,yfinance
SPY260605P00716000,2026-05-07 17:56:34+00:00,716.0,6.61,6.18,6.23,0.6500001,10.906041,13.0,427.0,0.1511315356445313,False,REGULAR,USD,SPY,put,2026-06-05,2026-05-05,2026-05-07T20:54:04+00:00,yfinance
SPY260605P00717000,2026-05-07 19:59:14+00:00,717.0,6.57,6.4,6.45,0.42000008,6.8292694,82.0,803.0,0.14972774108886722,False,REGULAR,USD,SPY,put,2026-06-05,2026-05-05,2026-05-07T20:54:04+00:00,yfinance
SPY260605P00718000,2026-05-07 19:47:42+00:00,718.0,6.87,6.63,6.67,0.28999996,4.4072943,51.0,631.0,0.1482323947143555,False,REGULAR,USD,SPY,put,2026-06-05,2026-05-05,2026-05-07T20:54:04+00:00,yfinance
SPY260605P00719000,2026-05-07 18:50:47+00:00,719.0,7.1,6.86,6.91,0.4699998,7.088986,3427.0,1119.0,0.1468743760681152,False,REGULAR,USD,SPY,put,2026-06-05,2026-05-05,2026-05-07T20:54:04+00:00,yfinance
SPY260605P00720000,2026-05-07 20:13:58+00:00,720.0,7.2,7.1,7.15,0.13999987,1.983001,524.0,1229.0,0.14539428833007811,False,REGULAR,USD,SPY,put,2026-06-05,2026-05-05,2026-05-07T20:54:04+00:00,yfinance
SPY260605P00721000,2026-05-07 19:26:41+00:00,721.0,7.89,7.35,7.41,0.5899997,8.082188,198.0,715.0,0.14405152832031248,False,REGULAR,USD,SPY,put,2026-06-05,2026-05-05,2026-05-07T20:54:04+00:00,yfinance
SPY260605P00722000,2026-05-07 19:26:41+00:00,722.0,8.16,7.61,7.67,0.7399998,9.9730425,127.0,443.0,0.14258669921875,False,REGULAR,USD,SPY,put,2026-06-05,2026-05-05,2026-05-07T20:54:04+00:00,yfinance
SPY260605P00723000,2026-05-07 19:59:27+00:00,723.0,8.1,7.88,7.94,0.3300004,4.247109,344.0,865.0,0.1411066114807129,False,REGULAR,USD,SPY,put,2026-06-05,2026-05-05,2026-05-07T20:54:04+00:00,yfinance
SPY260605P00724000,2026-05-07 19:56:44+00:00,724.0,8.51,8.16,8.22,0.47000027,5.8457747,259.0,1173.0,0.1396265237426758,False,REGULAR,USD,SPY,put,2026-06-05,2026-05-05,2026-05-07T20:54:04+00:00,yfinance
SPY260605P00725000,2026-05-07 20:14:51+00:00,725.0,8.47,8.45,8.51,0.3600006,4.438972,3825.0,951.0,0.13813117736816405,False,REGULAR,USD,SPY,put,2026-06-05,2026-05-05,2026-05-07T20:54:04+00:00,yfinance
SPY260605P00726000,2026-05-07 19:31:41+00:00,726.0,9.2,8.76,8.81,0.55999947,6.481475,143.0,338.0,0.13660531372070314,False,REGULAR,USD,SPY,put,2026-06-05,2026-05-05,2026-05-07T20:54:04+00:00,yfinance
SPY260605P00727000,2026-05-07 20:02:44+00:00,727.0,8.71,9.07,9.13,-0.17000008,-1.9144152,266.0,346.0,0.13517100189208986,False,REGULAR,USD,SPY,put,2026-06-05,2026-05-05,2026-05-07T20:54:04+00:00,yfinance
SPY260605P00728000,2026-05-07 19:43:29+00:00,728.0,9.7,9.4,9.45,0.47999954,5.2060685,331.0,309.0,0.1336146209716797,False,REGULAR,USD,SPY,put,2026-06-05,2026-05-05,2026-05-07T20:54:04+00:00,yfinance
SPY260605P00729000,2026-05-07 19:55:39+00:00,729.0,10.2,9.74,9.8,0.8699999,9.324758,268.0,406.0,0.13224134368896484,False,REGULAR,USD,SPY,put,2026-06-05,2026-05-05,2026-05-07T20:54:04+00:00,yfinance
SPY260605P00730000,2026-05-07 20:06:22+00:00,730.0,10.15,10.09,10.15,0.34999943,3.5714226,730.0,1047.0,0.1307154800415039,False,REGULAR,USD,SPY,put,2026-06-05,2026-05-05,2026-05-07T20:54:04+00:00,yfinance
SPY260605P00731000,2026-05-07 20:03:17+00:00,731.0,10.27,10.45,10.52,0.020000458,0.19512641,496.0,363.0,0.12925065093994142,False,REGULAR,USD,SPY,put,2026-06-05,2026-05-05,2026-05-07T20:54:04+00:00,yfinance
SPY260605P00732000,2026-05-07 20:10:50+00:00,732.0,10.89,10.83,10.9,0.3000002,2.8328629,449.0,929.0,0.1277553045654297,True,REGULAR,USD,SPY,put,2026-06-05,2026-05-05,2026-05-07T20:54:04+00:00,yfinance
SPY260605P00733000,2026-05-07 20:03:28+00:00,733.0,11.06,11.23,11.29,0.06000042,0.5454584,346.0,209.0,0.1261836650085449,True,REGULAR,USD,SPY,put,2026-06-05,2026-05-05,2026-05-07T20:54:04+00:00,yfinance
SPY260605P00734000,2026-05-07 19:59:14+00:00,734.0,11.9,11.64,11.7,0.54999924,4.845808,206.0,449.0,0.1246730599975586,True,REGULAR,USD,SPY,put,2026-06-05,2026-05-05,2026-05-07T20:54:04+00:00,yfinance
SPY260605P00735000,2026-05-07 19:57:45+00:00,735.0,12.49,12.06,12.13,0.75,6.388416,757.0,66.0,0.12320823089599611,True,REGULAR,USD,SPY,put,2026-06-05,2026-05-05,2026-05-07T20:54:04+00:00,yfinance
SPY260605P00736000,2026-05-07 20:14:56+00:00,736.0,12.5,12.5,12.56,0.5,4.1666665,71.0,43.0,0.12156029815673827,True,REGULAR,USD,SPY,put,2026-06-05,2026-05-05,2026-05-07T20:54:04+00:00,yfinance
SPY260605P00737000,2026-05-07 18:04:46+00:00,737.0,13.34,12.96,13.02,0.5100002,3.9750602,682.0,27.0,0.12006495178222655,True,REGULAR,USD,SPY,put,2026-06-05,2026-05-05,2026-05-07T20:54:04+00:00,yfinance
SPY260605P00738000,2026-05-07 16:12:04+00:00,738.0,13.38,13.42,13.49,0.4800005,3.7209342,9.0,133.0,0.11847805358886719,True,REGULAR,USD,SPY,put,2026-06-05,2026-05-05,2026-05-07T20:54:04+00:00,yfinance
SPY260605P00739000,2026-05-07 16:55:21+00:00,739.0,14.02,12.76,14.42,0.6700001,5.018727,15.0,84.0,0.1223842645263672,True,REGULAR,USD,SPY,put,2026-06-05,2026-05-05,2026-05-07T20:54:04+00:00,yfinance
SPY260605P00740000,2026-05-07 19:26:08+00:00,740.0,15.63,13.88,15.54,1.8100004,13.096965,95.0,67.0,0.12854875366210936,True,REGULAR,USD,SPY,put,2026-06-05,2026-05-05,2026-05-07T20:54:04+00:00,yfinance
SPY260605P00741000,2026-05-07 17:03:10+00:00,741.0,15.3,13.77,15.44,0.9899998,6.918237,5.0,23.0,0.11921046813964843,True,REGULAR,USD,SPY,put,2026-06-05,2026-05-05,2026-05-07T20:54:04+00:00,yfinance
SPY260605P00742000,2026-05-07 17:56:34+00:00,742.0,16.22,14.26,16.33,1.6199989,11.095882,23.0,22.0,0.12220116088867189,True,REGULAR,USD,SPY,put,2026-06-05,2026-05-05,2026-05-07T20:54:04+00:00,yfinance
SPY260605P00743000,2026-05-07 14:21:33+00:00,743.0,14.68,15.52,16.62,-1.0799999,-6.8527913,13.0,22.0,0.117196328125,True,REGULAR,USD,SPY,put,2026-06-05,2026-05-05,2026-05-07T20:54:04+00:00,yfinance
SPY260605P00744000,2026-05-07 18:58:18+00:00,744.0,17.28,15.39,18.02,0.9899998,6.0773463,24.0,101.0,0.12664142410278317,True,REGULAR,USD,SPY,put,2026-06-05,2026-05-05,2026-05-07T20:54:04+00:00,yfinance
SPY260605P00745000,2026-05-07 17:56:32+00:00,745.0,18.17,15.98,18.59,1.6000004,9.656007,28.0,21.0,0.12500875,True,REGULAR,USD,SPY,put,2026-06-05,2026-05-05,2026-05-07T20:54:04+00:00,yfinance
SPY260605P00746000,2026-05-07 19:58:37+00:00,746.0,18.59,16.6,18.2,1.0599995,6.0467734,1.0,2.0,0.10962804443359375,True,REGULAR,USD,SPY,put,2026-06-05,2026-05-05,2026-05-07T20:54:04+00:00,yfinance
SPY260605P00747000,2026-05-06 18:50:55+00:00,747.0,19.26,17.2,19.96,1.0,5.4764514,4.0,2.0,0.12421530090332032,True,REGULAR,USD,SPY,put,2026-06-05,2026-05-05,2026-05-07T20:54:04+00:00,yfinance
SPY260605P00748000,2026-05-06 18:58:27+00:00,748.0,18.7,17.88,20.62,0.0,0.0,,7.0,0.12317771362304689,True,REGULAR,USD,SPY,put,2026-06-05,2026-05-05,2026-05-07T20:54:04+00:00,yfinance
SPY260605P00749000,2026-05-06 18:58:42+00:00,749.0,19.35,18.52,21.29,0.0,0.0,,2.0,0.12204857452392578,True,REGULAR,USD,SPY,put,2026-06-05,2026-05-05,2026-05-07T20:54:04+00:00,yfinance
SPY260605P00750000,2026-05-07 17:13:21+00:00,750.0,20.83,19.21,21.98,1.2399998,6.3297586,6.0,17.0,0.12094995269775391,True,REGULAR,USD,SPY,put,2026-06-05,2026-05-05,2026-05-07T20:54:04+00:00,yfinance
SPY260605P00760000,2026-05-07 20:04:13+00:00,760.0,28.0,27.04,29.85,0.55999947,2.0408144,2.0,3.0,0.11332063446044921,True,REGULAR,USD,SPY,put,2026-06-05,2026-05-05,2026-05-07T20:54:04+00:00,yfinance
SPY260605P00780000,2026-05-06 19:59:12+00:00,780.0,45.4,46.52,49.34,0.0,0.0,,,0.14832394653320313,True,REGULAR,USD,SPY,put,2026-06-05,2026-05-05,2026-05-07T20:54:04+00:00,yfinance
SPY260605P00835000,2026-04-28 16:56:31+00:00,835.0,124.77,101.52,104.34,0.0,0.0,,0.0,0.2620923400878906,True,REGULAR,USD,SPY,put,2026-06-05,2026-05-05,2026-05-07T20:54:04+00:00,yfinance
SPY260605P00845000,2026-04-28 16:56:31+00:00,845.0,134.79,111.52,114.34,0.0,0.0,,0.0,0.28089098022460934,True,REGULAR,USD,SPY,put,2026-06-05,2026-05-05,2026-05-07T20:54:04+00:00,yfinance
SPY260612C00635000,2026-05-04 15:06:43+00:00,635.0,90.56,99.08,102.5,0.0,0.0,1.0,3.0,0.4021971401977539,True,REGULAR,USD,SPY,call,2026-06-12,2026-05-05,2026-05-07T20:54:04+00:00,yfinance
SPY260612C00645000,2026-05-06 14:24:05+00:00,645.0,89.23,89.32,92.75,0.0,0.0,,5.0,0.3754945263671875,True,REGULAR,USD,SPY,call,2026-06-12,2026-05-05,2026-05-07T20:54:04+00:00,yfinance
SPY260612C00650000,2026-05-06 14:12:05+00:00,650.0,84.39,84.46,87.9,0.0,0.0,2.0,5.0,0.36237209899902345,True,REGULAR,USD,SPY,call,2026-06-12,2026-05-05,2026-05-07T20:54:04+00:00,yfinance
SPY260612C00655000,2026-05-04 19:33:23+00:00,655.0,68.41,79.68,83.07,0.0,0.0,,2.0,0.34943277526855465,True,REGULAR,USD,SPY,call,2026-06-12,2026-05-05,2026-05-07T20:54:04+00:00,yfinance
SPY260612C00660000,2026-05-06 15:02:51+00:00,660.0,77.67,74.86,78.27,0.75,0.975039,2.0,2.0,0.3367681069946289,True,REGULAR,USD,SPY,call,2026-06-12,2026-05-05,2026-05-07T20:54:04+00:00,yfinance
SPY260612C00665000,2026-05-05 14:13:49+00:00,665.0,63.42,70.07,73.49,0.0,0.0,3.0,4.0,0.32416447326660147,True,REGULAR,USD,SPY,call,2026-06-12,2026-05-05,2026-05-07T20:54:04+00:00,yfinance
SPY260612C00670000,2026-05-07 17:25:33+00:00,670.0,67.03,65.31,68.75,-0.13999939,-0.20842548,1.0,11.0,0.31189652954101554,True,REGULAR,USD,SPY,call,2026-06-12,2026-05-05,2026-05-07T20:54:04+00:00,yfinance
SPY260612C00675000,2026-05-04 15:40:27+00:00,675.0,63.85,60.68,64.05,13.849998,27.699997,1.0,3.0,0.2998727239990234,True,REGULAR,USD,SPY,call,2026-06-12,2026-05-05,2026-05-07T20:54:04+00:00,yfinance
SPY260612C00677000,2026-05-06 15:03:16+00:00,677.0,60.81,58.81,62.18,0.0,0.0,,1.0,0.2950815121459961,True,REGULAR,USD,SPY,call,2026-06-12,2026-05-05,2026-05-07T20:54:04+00:00,yfinance
SPY260612C00679000,2026-05-04 18:47:58+00:00,679.0,46.23,56.97,60.32,0.0,0.0,,4.0,0.29038185211181633,True,REGULAR,USD,SPY,call,2026-06-12,2026-05-05,2026-05-07T20:54:04+00:00,yfinance
SPY260612C00680000,2026-05-07 14:11:57+00:00,680.0,60.02,56.01,59.28,3.6399994,6.456189,2.0,12.0,0.2862925375366211,True,REGULAR,USD,SPY,call,2026-06-12,2026-05-05,2026-05-07T20:54:04+00:00,yfinance
SPY260612C00682000,2026-05-05 14:58:17+00:00,682.0,48.01,54.05,57.54,0.0,0.0,,3.0,0.28330184478759757,True,REGULAR,USD,SPY,call,2026-06-12,2026-05-05,2026-05-07T20:54:04+00:00,yfinance
SPY260612C00684000,2026-05-07 15:10:16+00:00,684.0,57.26,52.29,55.71,0.98999786,1.7593707,2.0,3.0,0.2788158056640625,True,REGULAR,USD,SPY,call,2026-06-12,2026-05-05,2026-05-07T20:54:04+00:00,yfinance
SPY260612C00685000,2026-05-07 16:34:56+00:00,685.0,54.54,51.66,54.79,1.6399994,3.1001878,9.0,5.0,0.2764659756469726,True,REGULAR,USD,SPY,call,2026-06-12,2026-05-05,2026-05-07T20:54:04+00:00,yfinance
SPY260612C00686000,2026-05-05 15:16:26+00:00,686.0,52.11,50.44,53.88,7.1000023,15.774279,2.0,1.0,0.2742076974487304,True,REGULAR,USD,SPY,call,2026-06-12,2026-05-05,2026-05-07T20:54:04+00:00,yfinance
SPY260612C00687000,2026-05-04 18:47:58+00:00,687.0,52.23,49.53,52.97,12.869999,32.698166,1.0,4.0,0.2719494192504882,True,REGULAR,USD,SPY,call,2026-06-12,2026-05-05,2026-05-07T20:54:04+00:00,yfinance
SPY260612C00688000,2026-05-06 14:13:59+00:00,688.0,48.66,48.56,52.06,0.0,0.0,,22.0,0.2696606237792969,True,REGULAR,USD,SPY,call,2026-06-12,2026-05-05,2026-05-07T20:54:04+00:00,yfinance
SPY260612C00690000,2026-05-07 19:57:40+00:00,690.0,47.98,46.78,50.26,0.52000046,1.0956604,1.0,75.0,0.265281395111084,True,REGULAR,USD,SPY,call,2026-06-12,2026-05-05,2026-05-07T20:54:04+00:00,yfinance
SPY260612C00691000,2026-05-06 18:19:18+00:00,691.0,48.61,45.92,49.36,0.0,0.0,1.0,51.0,0.2630383755493164,True,REGULAR,USD,SPY,call,2026-06-12,2026-05-05,2026-05-07T20:54:04+00:00,yfinance
SPY260612C00692000,2026-05-01 16:47:21+00:00,692.0,38.51,45.07,48.46,0.0,0.0,2.0,1.0,0.2607800973510742,True,REGULAR,USD,SPY,call,2026-06-12,2026-05-05,2026-05-07T20:54:04+00:00,yfinance
SPY260612C00693000,2026-05-07 14:23:53+00:00,693.0,48.17,44.24,47.57,10.07,26.430447,2.0,2.0,0.2586133709716797,True,REGULAR,USD,SPY,call,2026-06-12,2026-05-05,2026-05-07T20:54:04+00:00,yfinance
SPY260612C00694000,2026-05-07 17:51:37+00:00,694.0,43.12,43.25,46.68,-2.3300018,-5.126517,2.0,2.0,0.25641612731933594,True,REGULAR,USD,SPY,call,2026-06-12,2026-05-05,2026-05-07T20:54:04+00:00,yfinance
SPY260612C00695000,2026-05-07 19:36:46+00:00,695.0,43.38,42.36,45.8,5.3500023,14.067848,3.0,16.0,0.25431043548583987,True,REGULAR,USD,SPY,call,2026-06-12,2026-05-05,2026-05-07T20:54:04+00:00,yfinance
SPY260612C00696000,2026-05-05 19:34:47+00:00,696.0,37.95,41.48,44.92,0.0,0.0,,9.0,0.2521742263793946,True,REGULAR,USD,SPY,call,2026-06-12,2026-05-05,2026-05-07T20:54:04+00:00,yfinance
SPY260612C00697000,2026-05-07 17:02:40+00:00,697.0,42.19,40.6,44.04,6.449997,18.046997,2.0,12.0,0.2500075,True,REGULAR,USD,SPY,call,2026-06-12,2026-05-05,2026-05-07T20:54:04+00:00,yfinance
SPY260612C00698000,2026-05-07 15:25:57+00:00,698.0,44.12,39.72,43.17,13.579998,44.466263,4.0,2.0,0.24793232543945312,True,REGULAR,USD,SPY,call,2026-06-12,2026-05-05,2026-05-07T20:54:04+00:00,yfinance
SPY260612C00700000,2026-05-07 19:16:59+00:00,700.0,39.03,37.98,41.43,-1.8700027,-4.5721335,5.0,22.0,0.2436599072265625,True,REGULAR,USD,SPY,call,2026-06-12,2026-05-05,2026-05-07T20:54:04+00:00,yfinance
SPY260612C00701000,2026-05-04 14:20:08+00:00,701.0,30.5,37.12,40.57,0.0,0.0,,1.0,0.24161524993896483,True,REGULAR,USD,SPY,call,2026-06-12,2026-05-05,2026-05-07T20:54:04+00:00,yfinance
SPY260612C00702000,2026-05-06 19:58:17+00:00,702.0,40.23,36.26,39.71,0.0,0.0,6.0,6.0,0.2394942994689941,True,REGULAR,USD,SPY,call,2026-06-12,2026-05-05,2026-05-07T20:54:04+00:00,yfinance
SPY260612C00703000,2026-05-06 13:34:24+00:00,703.0,34.59,35.46,38.85,0.0,0.0,1.0,4.0,0.23734283172607418,True,REGULAR,USD,SPY,call,2026-06-12,2026-05-05,2026-05-07T20:54:04+00:00,yfinance
SPY260612C00704000,2026-05-05 18:26:27+00:00,704.0,37.89,34.55,38.0,7.3899994,24.229506,1.0,11.0,0.23526765716552733,True,REGULAR,USD,SPY,call,2026-06-12,2026-05-05,2026-05-07T20:54:04+00:00,yfinance
SPY260612C00705000,2026-05-07 17:11:28+00:00,705.0,35.37,33.81,37.16,1.5599976,4.6140122,4.0,52.0,0.2332840344238281,True,REGULAR,USD,SPY,call,2026-06-12,2026-05-05,2026-05-07T20:54:04+00:00,yfinance
SPY260612C00706000,2026-05-06 19:02:10+00:00,706.0,35.96,32.96,36.32,0.0,0.0,1.0,7.0,0.2312393771362305,True,REGULAR,USD,SPY,call,2026-06-12,2026-05-05,2026-05-07T20:54:04+00:00,yfinance
SPY260612C00707000,2026-05-04 18:00:31+00:00,707.0,24.04,32.12,35.49,0.0,0.0,,12.0,0.2292710130310059,True,REGULAR,USD,SPY,call,2026-06-12,2026-05-05,2026-05-07T20:54:04+00:00,yfinance
SPY260612C00708000,2026-05-06 18:42:53+00:00,708.0,34.12,31.28,34.65,0.0,0.0,,3.0,0.22713480392456054,True,REGULAR,USD,SPY,call,2026-06-12,2026-05-05,2026-05-07T20:54:04+00:00,yfinance
SPY260612C00709000,2026-05-07 19:35:43+00:00,709.0,31.22,30.68,33.83,1.3499985,4.5195794,11.0,13.0,0.22519695709228515,True,REGULAR,USD,SPY,call,2026-06-12,2026-05-05,2026-05-07T20:54:04+00:00,yfinance
SPY260612C00710000,2026-05-07 19:35:43+00:00,710.0,30.43,29.63,32.55,-1.289999,-4.066832,18.0,783.0,0.21768970794677733,True,REGULAR,USD,SPY,call,2026-06-12,2026-05-05,2026-05-07T20:54:04+00:00,yfinance
SPY260612C00711000,2026-05-06 16:20:13+00:00,711.0,30.78,28.81,32.2,0.0,0.0,1.0,17.0,0.22126022888183594,True,REGULAR,USD,SPY,call,2026-06-12,2026-05-05,2026-05-07T20:54:04+00:00,yfinance
SPY260612C00712000,2026-05-06 15:13:46+00:00,712.0,29.88,28.02,31.39,0.0,0.0,1.0,130.0,0.2192460888671875,True,REGULAR,USD,SPY,call,2026-06-12,2026-05-05,2026-05-07T20:54:04+00:00,yfinance
SPY260612C00713000,2026-05-07 14:07:37+00:00,713.0,31.01,27.24,30.59,0.45000076,1.4725156,2.0,40.0,0.21732350067138673,True,REGULAR,USD,SPY,call,2026-06-12,2026-05-05,2026-05-07T20:54:04+00:00,yfinance
SPY260612C00714000,2026-05-07 13:41:13+00:00,714.0,29.81,26.37,29.8,0.01999855,0.06713176,1.0,30.0,0.2154466883850098,True,REGULAR,USD,SPY,call,2026-06-12,2026-05-05,2026-05-07T20:54:04+00:00,yfinance
SPY260612C00715000,2026-05-07 16:06:51+00:00,715.0,27.99,26.12,28.51,-0.25,-0.8852691,10.0,281.0,0.207741076965332,True,REGULAR,USD,SPY,call,2026-06-12,2026-05-05,2026-05-07T20:54:04+00:00,yfinance
SPY260612C00716000,2026-05-07 16:09:19+00:00,716.0,27.5,25.36,27.71,-0.6700001,-2.378417,1.0,161.0,0.20566590240478516,True,REGULAR,USD,SPY,call,2026-06-12,2026-05-05,2026-05-07T20:54:04+00:00,yfinance
SPY260612C00717000,2026-05-07 15:50:26+00:00,717.0,27.83,24.14,27.45,2.1399994,8.330087,2.0,128.0,0.20966366516113277,True,REGULAR,USD,SPY,call,2026-06-12,2026-05-05,2026-05-07T20:54:04+00:00,yfinance
SPY260612C00718000,2026-05-07 19:14:26+00:00,718.0,24.47,23.89,26.1,-1.7300014,-6.6030593,1.0,409.0,0.2011951219177246,True,REGULAR,USD,SPY,call,2026-06-12,2026-05-05,2026-05-07T20:54:04+00:00,yfinance
SPY260612C00719000,2026-05-07 18:12:06+00:00,719.0,23.84,22.66,25.93,-1.2999992,-5.171039,1.0,134.0,0.20603210968017577,True,REGULAR,USD,SPY,call,2026-06-12,2026-05-05,2026-05-07T20:54:04+00:00,yfinance
SPY260612C00720000,2026-05-07 19:24:42+00:00,720.0,22.14,22.44,24.22,-3.5600014,-13.852144,15.0,295.0,0.1934589932250977,True,REGULAR,USD,SPY,call,2026-06-12,2026-05-05,2026-05-07T20:54:04+00:00,yfinance
SPY260612C00721000,2026-05-06 18:19:02+00:00,721.0,23.97,21.74,23.8,0.0,0.0,11.0,192.0,0.19529002960205077,True,REGULAR,USD,SPY,call,2026-06-12,2026-05-05,2026-05-07T20:54:04+00:00,yfinance
SPY260612C00722000,2026-05-07 19:24:24+00:00,722.0,20.84,20.47,22.78,-2.539999,-10.863983,43.0,290.0,0.1903767486572266,True,REGULAR,USD,SPY,call,2026-06-12,2026-05-05,2026-05-07T20:54:04+00:00,yfinance
SPY260612C00723000,2026-05-07 19:22:30+00:00,723.0,20.33,19.69,22.97,-1.8999996,-8.547008,17.0,151.0,0.1987537400817871,True,REGULAR,USD,SPY,call,2026-06-12,2026-05-05,2026-05-07T20:54:04+00:00,yfinance
SPY260612C00724000,2026-05-07 17:33:29+00:00,724.0,19.73,19.02,22.26,-2.7000008,-12.037453,17.0,440.0,0.1970905487060547,True,REGULAR,USD,SPY,call,2026-06-12,2026-05-05,2026-05-07T20:54:04+00:00,yfinance
SPY260612C00725000,2026-05-07 19:56:56+00:00,725.0,19.15,19.68,19.98,-2.58,-11.872987,79.0,648.0,0.17813932220458983,True,REGULAR,USD,SPY,call,2026-06-12,2026-05-05,2026-05-07T20:54:04+00:00,yfinance
SPY260612C00726000,2026-05-07 19:13:58+00:00,726.0,17.93,18.35,20.01,-2.7600002,-13.339779,139.0,177.0,0.1844411390686035,True,REGULAR,USD,SPY,call,2026-06-12,2026-05-05,2026-05-07T20:54:04+00:00,yfinance
SPY260612C00727000,2026-05-07 15:42:21+00:00,727.0,20.75,17.7,19.11,0.7199993,3.5946045,7.0,160.0,0.1804891522216797,True,REGULAR,USD,SPY,call,2026-06-12,2026-05-05,2026-05-07T20:54:04+00:00,yfinance
SPY260612C00728000,2026-05-07 16:38:58+00:00,728.0,18.39,17.07,18.39,0.6399994,3.6056304,181.0,161.0,0.1783987190246582,True,REGULAR,USD,SPY,call,2026-06-12,2026-05-05,2026-05-07T20:54:04+00:00,yfinance
SPY260612C00729000,2026-05-07 20:14:49+00:00,729.0,17.1,16.59,18.1,-1.6900005,-8.994148,222.0,131.0,0.1808553594970703,True,REGULAR,USD,SPY,call,2026-06-12,2026-05-05,2026-05-07T20:54:04+00:00,yfinance
SPY260612C00730000,2026-05-07 19:53:12+00:00,730.0,15.81,15.84,16.57,-2.659999,-14.401727,126.0,631.0,0.16983862396240235,True,REGULAR,USD,SPY,call,2026-06-12,2026-05-05,2026-05-07T20:54:04+00:00,yfinance
SPY260612C00731000,2026-05-07 20:10:26+00:00,731.0,15.83,15.37,16.69,-1.9300003,-10.867119,182.0,243.0,0.17652190673828128,True,REGULAR,USD,SPY,call,2026-06-12,2026-05-05,2026-05-07T20:54:04+00:00,yfinance
SPY260612C00732000,2026-05-07 20:02:05+00:00,732.0,14.75,15.13,15.19,-1.9899998,-11.887692,221.0,266.0,0.1656577575683594,False,REGULAR,USD,SPY,call,2026-06-12,2026-05-05,2026-05-07T20:54:04+00:00,yfinance
SPY260612C00733000,2026-05-07 19:35:09+00:00,733.0,14.02,14.52,14.58,-2.209999,-13.616754,90.0,227.0,0.16425396301269532,False,REGULAR,USD,SPY,call,2026-06-12,2026-05-05,2026-05-07T20:54:04+00:00,yfinance
SPY260612C00734000,2026-05-07 20:00:03+00:00,734.0,13.53,13.91,13.97,-2.2800007,-14.421256,264.0,222.0,0.16274335800170897,False,REGULAR,USD,SPY,call,2026-06-12,2026-05-05,2026-05-07T20:54:04+00:00,yfinance
SPY260612C00735000,2026-05-07 20:14:40+00:00,735.0,13.31,13.32,13.38,-1.5999994,-10.731049,682.0,347.0,0.1613243048095703,False,REGULAR,USD,SPY,call,2026-06-12,2026-05-05,2026-05-07T20:54:04+00:00,yfinance
SPY260612C00736000,2026-05-07 19:36:10+00:00,736.0,12.28,12.74,12.8,-1.8800001,-13.276837,636.0,216.0,0.15990525161743163,False,REGULAR,USD,SPY,call,2026-06-12,2026-05-05,2026-05-07T20:54:04+00:00,yfinance
SPY260612C00737000,2026-05-07 20:02:43+00:00,737.0,12.26,12.17,12.23,-1.71,-12.240515,121.0,142.0,0.15847093978881838,False,REGULAR,USD,SPY,call,2026-06-12,2026-05-05,2026-05-07T20:54:04+00:00,yfinance
SPY260612C00738000,2026-05-07 20:01:34+00:00,738.0,10.97,11.62,11.67,-2.3999996,-17.950634,161.0,173.0,0.1570213693237305,False,REGULAR,USD,SPY,call,2026-06-12,2026-05-05,2026-05-07T20:54:04+00:00,yfinance
SPY260612C00739000,2026-05-07 20:02:43+00:00,739.0,11.17,11.08,11.13,-1.6400003,-12.8025,303.0,164.0,0.1556633506774902,False,REGULAR,USD,SPY,call,2026-06-12,2026-05-05,2026-05-07T20:54:04+00:00,yfinance
SPY260612C00740000,2026-05-07 19:42:23+00:00,740.0,10.07,10.55,10.61,-2.0,-16.57001,1240.0,1197.0,0.1543968838500977,False,REGULAR,USD,SPY,call,2026-06-12,2026-05-05,2026-05-07T20:54:04+00:00,yfinance
SPY260612C00741000,2026-05-07 19:56:45+00:00,741.0,9.61,10.04,10.1,-1.96,-16.940363,247.0,490.0,0.1530998997497559,False,REGULAR,USD,SPY,call,2026-06-12,2026-05-05,2026-05-07T20:54:04+00:00,yfinance
SPY260612C00742000,2026-05-07 20:04:41+00:00,742.0,9.82,9.54,9.6,-1.3800001,-12.32143,155.0,230.0,0.15178765701293945,False,REGULAR,USD,SPY,call,2026-06-12,2026-05-05,2026-05-07T20:54:04+00:00,yfinance
SPY260612C00743000,2026-05-07 20:02:44+00:00,743.0,9.36,9.06,9.12,-0.6199999,-6.212424,184.0,412.0,0.1505517074584961,False,REGULAR,USD,SPY,call,2026-06-12,2026-05-05,2026-05-07T20:54:04+00:00,yfinance
SPY260612C00744000,2026-05-07 20:05:07+00:00,744.0,8.74,8.6,8.65,-1.0700006,-10.907244,64.0,188.0,0.14930049926757813,False,REGULAR,USD,SPY,call,2026-06-12,2026-05-05,2026-05-07T20:54:04+00:00,yfinance
SPY260612C00745000,2026-05-07 19:41:50+00:00,745.0,7.79,8.15,8.2,-1.8500004,-19.190874,132.0,362.0,0.1481103256225586,False,REGULAR,USD,SPY,call,2026-06-12,2026-05-05,2026-05-07T20:54:04+00:00,yfinance
SPY260612C00746000,2026-05-07 19:15:29+00:00,746.0,7.36,7.71,7.76,-1.8799996,-20.346317,29.0,166.0,0.14692015197753905,False,REGULAR,USD,SPY,call,2026-06-12,2026-05-05,2026-05-07T20:54:04+00:00,yfinance
SPY260612C00747000,2026-05-07 19:34:25+00:00,747.0,6.9,7.29,7.34,-1.8200002,-20.871561,114.0,257.0,0.14579101287841795,False,REGULAR,USD,SPY,call,2026-06-12,2026-05-05,2026-05-07T20:54:04+00:00,yfinance
SPY260612C00748000,2026-05-07 19:48:09+00:00,748.0,6.49,6.88,6.94,-1.5500002,-19.278608,85.0,106.0,0.14475342559814453,False,REGULAR,USD,SPY,call,2026-06-12,2026-05-05,2026-05-07T20:54:04+00:00,yfinance
SPY260612C00749000,2026-05-07 19:21:06+00:00,749.0,5.97,6.49,6.55,-1.6200004,-21.343878,49.0,356.0,0.14368532104492188,False,REGULAR,USD,SPY,call,2026-06-12,2026-05-05,2026-05-07T20:54:04+00:00,yfinance
SPY260612C00750000,2026-05-07 20:05:07+00:00,750.0,6.2,6.12,6.17,-1.25,-16.778524,559.0,722.0,0.14258669921875,False,REGULAR,USD,SPY,call,2026-06-12,2026-05-05,2026-05-07T20:54:04+00:00,yfinance
SPY260612C00755000,2026-05-07 19:53:32+00:00,755.0,4.18,4.47,4.51,-1.3200002,-24.000002,1027.0,546.0,0.13770393554687502,False,REGULAR,USD,SPY,call,2026-06-12,2026-05-05,2026-05-07T20:54:04+00:00,yfinance
SPY260612C00760000,2026-05-07 20:11:22+00:00,760.0,3.13,3.17,3.21,-1.02,-24.578312,4038.0,2813.0,0.1336146209716797,False,REGULAR,USD,SPY,call,2026-06-12,2026-05-05,2026-05-07T20:54:04+00:00,yfinance
SPY260612C00765000,2026-05-07 20:10:45+00:00,765.0,2.2,2.18,2.22,-0.79999995,-26.666664,2972.0,2311.0,0.1301051345825195,False,REGULAR,USD,SPY,call,2026-06-12,2026-05-05,2026-05-07T20:54:04+00:00,yfinance
SPY260612C00770000,2026-05-07 20:00:48+00:00,770.0,1.36,1.47,1.51,-0.66999996,-33.00492,388.0,485.0,0.12757220092773439,False,REGULAR,USD,SPY,call,2026-06-12,2026-05-05,2026-05-07T20:54:04+00:00,yfinance
SPY260612C00775000,2026-05-07 20:00:48+00:00,775.0,0.92,0.98,1.01,-0.56,-37.837837,166.0,51.0,0.12568013000488282,False,REGULAR,USD,SPY,call,2026-06-12,2026-05-05,2026-05-07T20:54:04+00:00,yfinance
SPY260612C00780000,2026-05-07 18:54:54+00:00,780.0,0.59,0.66,0.68,-0.40000004,-40.404045,102.0,255.0,0.12488668090820312,False,REGULAR,USD,SPY,call,2026-06-12,2026-05-05,2026-05-07T20:54:04+00:00,yfinance
SPY260612C00785000,2026-05-07 20:00:57+00:00,785.0,0.44,0.45,0.47,-0.28000003,-38.888893,68.0,30.0,0.12537495727539064,False,REGULAR,USD,SPY,call,2026-06-12,2026-05-05,2026-05-07T20:54:04+00:00,yfinance
SPY260612C00790000,2026-05-07 17:56:32+00:00,790.0,0.31,0.32,0.34,-0.06999999,-18.421051,17.0,36.0,0.12696185546875,False,REGULAR,USD,SPY,call,2026-06-12,2026-05-05,2026-05-07T20:54:04+00:00,yfinance
SPY260612C00795000,2026-05-07 20:11:10+00:00,795.0,0.25,0.23,0.25,-0.18,-41.860466,5.0,4.0,0.12903703002929687,False,REGULAR,USD,SPY,call,2026-06-12,2026-05-05,2026-05-07T20:54:04+00:00,yfinance
SPY260612C00800000,2026-05-07 20:14:56+00:00,800.0,0.19,0.18,0.19,-0.099999994,-34.482758,159.0,365.0,0.13172255004882813,False,REGULAR,USD,SPY,call,2026-06-12,2026-05-05,2026-05-07T20:54:04+00:00,yfinance
SPY260612C00805000,2026-05-07 20:02:44+00:00,805.0,0.16,0.14,0.16,-0.07000001,-30.434786,49.0,26.0,0.1362391064453125,False,REGULAR,USD,SPY,call,2026-06-12,2026-05-05,2026-05-07T20:54:04+00:00,yfinance
SPY260612C00810000,2026-05-06 15:50:15+00:00,810.0,0.14,0.12,0.13,0.0,0.0,36.0,31.0,0.139657041015625,False,REGULAR,USD,SPY,call,2026-06-12,2026-05-05,2026-05-07T20:54:04+00:00,yfinance
SPY260612C00815000,2026-05-07 17:00:31+00:00,815.0,0.1,0.1,0.12,-0.050000004,-33.333336,3.0,42.0,0.145516357421875,False,REGULAR,USD,SPY,call,2026-06-12,2026-05-05,2026-05-07T20:54:04+00:00,yfinance
SPY260612C00820000,2026-05-06 19:04:51+00:00,820.0,0.11,0.08,0.1,0.0,0.0,,3.0,0.149422568359375,False,REGULAR,USD,SPY,call,2026-06-12,2026-05-05,2026-05-07T20:54:04+00:00,yfinance
SPY260612C00825000,2026-05-06 19:13:39+00:00,825.0,0.08,0.07,0.09,-0.020000003,-20.000002,45.0,10.0,0.15430533203125002,False,REGULAR,USD,SPY,call,2026-06-12,2026-05-05,2026-05-07T20:54:04+00:00,yfinance
SPY260612C00835000,2026-05-07 18:17:46+00:00,835.0,0.07,0.06,0.07,-0.009999998,-12.499997,4.0,115.0,0.16309430664062502,False,REGULAR,USD,SPY,call,2026-06-12,2026-05-05,2026-05-07T20:54:04+00:00,yfinance
SPY260612C00845000,2026-05-07 15:00:56+00:00,845.0,0.08,0.04,0.06,0.029999997,59.999996,318.0,1.0,0.17285983398437502,False,REGULAR,USD,SPY,call,2026-06-12,2026-05-05,2026-05-07T20:54:04+00:00,yfinance
SPY260612C00850000,2026-05-07 13:30:02+00:00,850.0,0.07,0.04,0.05,0.030000001,75.0,2.0,35.0,0.1757894921875,False,REGULAR,USD,SPY,call,2026-06-12,2026-05-05,2026-05-07T20:54:04+00:00,yfinance
SPY260612C00855000,2026-05-06 16:13:31+00:00,855.0,0.03,0.03,0.05,0.0,0.0,,35.0,0.18164880859375,False,REGULAR,USD,SPY,call,2026-06-12,2026-05-05,2026-05-07T20:54:04+00:00,yfinance
SPY260612C00875000,2026-05-07 19:26:42+00:00,875.0,0.03,0.02,0.04,0.0,0.0,123.0,6.0,0.20117986328124998,False,REGULAR,USD,SPY,call,2026-06-12,2026-05-05,2026-05-07T20:54:04+00:00,yfinance
SPY260612C00880000,2026-05-07 19:19:40+00:00,880.0,0.03,0.02,0.04,0.0,0.0,2.0,31.0,0.20703917968749996,False,REGULAR,USD,SPY,call,2026-06-12,2026-05-05,2026-05-07T20:54:04+00:00,yfinance
SPY260612P00400000,2026-05-06 18:41:32+00:00,400.0,0.05,0.04,0.05,0.0,0.0,4.0,14.0,0.6367223828125,False,REGULAR,USD,SPY,put,2026-06-12,2026-05-05,2026-05-07T20:54:04+00:00,yfinance
SPY260612P00405000,2026-05-06 19:00:51+00:00,405.0,0.05,0.04,0.06,0.0,0.0,120.0,137.0,0.63086306640625,False,REGULAR,USD,SPY,put,2026-06-12,2026-05-05,2026-05-07T20:54:04+00:00,yfinance
SPY260612P00415000,2026-05-05 17:03:40+00:00,415.0,0.07,0.05,0.06,0.0,0.0,,6.0,0.6113320117187502,False,REGULAR,USD,SPY,put,2026-06-12,2026-05-05,2026-05-07T20:54:04+00:00,yfinance
SPY260612P00420000,2026-05-06 19:01:56+00:00,420.0,0.06,0.05,0.07,0.0,0.0,2.0,70.0,0.6035195898437502,False,REGULAR,USD,SPY,put,2026-06-12,2026-05-05,2026-05-07T20:54:04+00:00,yfinance
SPY260612P00425000,2026-05-05 13:34:54+00:00,425.0,0.08,0.05,0.07,0.0,0.0,,17.0,0.5918009570312501,False,REGULAR,USD,SPY,put,2026-06-12,2026-05-05,2026-05-07T20:54:04+00:00,yfinance
SPY260612P00430000,2026-05-06 19:01:45+00:00,430.0,0.07,0.06,0.07,0.0,0.0,,61.0,0.5839885351562499,False,REGULAR,USD,SPY,put,2026-06-12,2026-05-05,2026-05-07T20:54:04+00:00,yfinance
SPY260612P00435000,2026-05-06 14:09:21+00:00,435.0,0.09,0.06,0.08,0.0,0.0,1.0,206.0,0.57617611328125,False,REGULAR,USD,SPY,put,2026-06-12,2026-05-05,2026-05-07T20:54:04+00:00,yfinance
SPY260612P00440000,2026-05-06 16:04:03+00:00,440.0,0.08,0.07,0.08,0.0,0.0,,1.0,0.56836369140625,False,REGULAR,USD,SPY,put,2026-06-12,2026-05-05,2026-05-07T20:54:04+00:00,yfinance
SPY260612P00450000,2026-05-07 19:40:12+00:00,450.0,0.09,0.08,0.09,-0.060000002,-40.0,25.0,31.0,0.5507857421875001,False,REGULAR,USD,SPY,put,2026-06-12,2026-05-05,2026-05-07T20:54:04+00:00,yfinance
SPY260612P00455000,2026-05-06 19:13:14+00:00,455.0,0.09,0.08,0.1,0.0,0.0,,56.0,0.5429733203125001,False,REGULAR,USD,SPY,put,2026-06-12,2026-05-05,2026-05-07T20:54:04+00:00,yfinance
SPY260612P00460000,2026-05-07 16:08:55+00:00,460.0,0.1,0.09,0.1,0.0,0.0,1.0,27.0,0.534184345703125,False,REGULAR,USD,SPY,put,2026-06-12,2026-05-05,2026-05-07T20:54:04+00:00,yfinance
SPY260612P00465000,2026-05-04 15:19:14+00:00,465.0,0.15,0.09,0.11,0.0,0.0,,2.0,0.52539537109375,False,REGULAR,USD,SPY,put,2026-06-12,2026-05-05,2026-05-07T20:54:04+00:00,yfinance
SPY260612P00470000,2026-05-01 19:25:00+00:00,470.0,0.16,0.1,0.11,0.0,0.0,5.0,5.0,0.516606396484375,False,REGULAR,USD,SPY,put,2026-06-12,2026-05-05,2026-05-07T20:54:04+00:00,yfinance
SPY260612P00475000,2026-05-04 15:41:01+00:00,475.0,0.2,0.11,0.12,0.0,0.0,,16.0,0.5097705273437501,False,REGULAR,USD,SPY,put,2026-06-12,2026-05-05,2026-05-07T20:54:04+00:00,yfinance
SPY260612P00480000,2026-05-07 14:14:05+00:00,480.0,0.13,0.11,0.13,-0.08,-38.095238,4.0,51.0,0.5009815527343751,False,REGULAR,USD,SPY,put,2026-06-12,2026-05-05,2026-05-07T20:54:04+00:00,yfinance
SPY260612P00485000,2026-05-06 15:27:04+00:00,485.0,0.15,0.12,0.14,0.0,0.0,3.0,127.0,0.4975636181640626,False,REGULAR,USD,SPY,put,2026-06-12,2026-05-05,2026-05-07T20:54:04+00:00,yfinance
SPY260612P00490000,2026-05-05 13:36:30+00:00,490.0,0.19,0.13,0.14,0.0,0.0,100.0,107.0,0.48633326171875,False,REGULAR,USD,SPY,put,2026-06-12,2026-05-05,2026-05-07T20:54:04+00:00,yfinance
SPY260612P00495000,2026-05-05 20:00:13+00:00,495.0,0.21,0.14,0.15,0.0,0.0,2.0,4.0,0.47852083984375,False,REGULAR,USD,SPY,put,2026-06-12,2026-05-05,2026-05-07T20:54:04+00:00,yfinance
SPY260612P00500000,2026-05-06 14:10:55+00:00,500.0,0.19,0.15,0.16,0.0,0.0,,330.0,0.47070841796875,False,REGULAR,USD,SPY,put,2026-06-12,2026-05-05,2026-05-07T20:54:04+00:00,yfinance
SPY260612P00505000,2026-05-05 20:08:14+00:00,505.0,0.22,0.16,0.17,0.0,0.0,,37.0,0.46289599609375004,False,REGULAR,USD,SPY,put,2026-06-12,2026-05-05,2026-05-07T20:54:04+00:00,yfinance
SPY260612P00510000,2026-05-07 19:15:03+00:00,510.0,0.18,0.17,0.18,-0.00999999,-5.263153,1.0,69.0,0.454107021484375,False,REGULAR,USD,SPY,put,2026-06-12,2026-05-05,2026-05-07T20:54:04+00:00,yfinance
SPY260612P00515000,2026-05-06 18:50:19+00:00,515.0,0.2,0.18,0.19,0.0,0.0,,16.0,0.4458063232421875,False,REGULAR,USD,SPY,put,2026-06-12,2026-05-05,2026-05-07T20:54:04+00:00,yfinance
SPY260612P00520000,2026-05-06 19:52:45+00:00,520.0,0.22,0.19,0.2,0.0,0.0,,23.0,0.437505625,False,REGULAR,USD,SPY,put,2026-06-12,2026-05-05,2026-05-07T20:54:04+00:00,yfinance
SPY260612P00525000,2026-05-07 19:52:04+00:00,525.0,0.22,0.2,0.21,-0.03999999,-15.384612,1.0,1.0,0.428716650390625,False,REGULAR,USD,SPY,put,2026-06-12,2026-05-05,2026-05-07T20:54:04+00:00,yfinance
SPY260612P00530000,2026-05-07 15:22:00+00:00,530.0,0.24,0.21,0.23,0.0,0.0,31.0,22.0,0.42236905761718746,False,REGULAR,USD,SPY,put,2026-06-12,2026-05-05,2026-05-07T20:54:04+00:00,yfinance
SPY260612P00535000,2026-05-06 19:41:31+00:00,535.0,0.25,0.23,0.24,0.0,0.0,45.0,62.0,0.41358008300781246,False,REGULAR,USD,SPY,put,2026-06-12,2026-05-05,2026-05-07T20:54:04+00:00,yfinance
SPY260612P00540000,2026-05-01 19:25:00+00:00,540.0,0.37,0.24,0.25,0.0,0.0,5.0,5.0,0.40479110839843746,False,REGULAR,USD,SPY,put,2026-06-12,2026-05-05,2026-05-07T20:54:04+00:00,yfinance
SPY260612P00545000,2026-05-06 14:51:05+00:00,545.0,0.29,0.26,0.27,0.0,0.0,20.0,221.0,0.397466962890625,False,REGULAR,USD,SPY,put,2026-06-12,2026-05-05,2026-05-07T20:54:04+00:00,yfinance
SPY260612P00550000,2026-05-07 15:58:47+00:00,550.0,0.3,0.27,0.29,-0.00999999,-3.2258034,1.0,66.0,0.39014281738281253,False,REGULAR,USD,SPY,put,2026-06-12,2026-05-05,2026-05-07T20:54:04+00:00,yfinance
SPY260612P00555000,2026-05-04 16:07:19+00:00,555.0,0.52,0.29,0.31,0.0,0.0,9.0,27.0,0.38233039550781245,False,REGULAR,USD,SPY,put,2026-06-12,2026-05-05,2026-05-07T20:54:04+00:00,yfinance
SPY260612P00560000,2026-05-05 19:51:00+00:00,560.0,0.43,0.31,0.33,0.0,0.0,6.0,90.0,0.3745179736328125,False,REGULAR,USD,SPY,put,2026-06-12,2026-05-05,2026-05-07T20:54:04+00:00,yfinance
SPY260612P00565000,2026-05-05 20:01:15+00:00,565.0,0.47,0.33,0.35,0.0,0.0,5.0,45.0,0.366217275390625,False,REGULAR,USD,SPY,put,2026-06-12,2026-05-05,2026-05-07T20:54:04+00:00,yfinance
SPY260612P00570000,2026-05-05 19:50:47+00:00,570.0,0.49,0.36,0.37,0.0,0.0,6.0,148.0,0.3579165771484375,False,REGULAR,USD,SPY,put,2026-06-12,2026-05-05,2026-05-07T20:54:04+00:00,yfinance
SPY260612P00575000,2026-05-07 15:17:32+00:00,575.0,0.39,0.38,0.4,-0.060000002,-13.333334,97.0,15.0,0.3508365698242187,False,REGULAR,USD,SPY,put,2026-06-12,2026-05-05,2026-05-07T20:54:04+00:00,yfinance
SPY260612P00580000,2026-05-06 19:38:30+00:00,580.0,0.45,0.41,0.43,0.0,0.0,13.0,27.0,0.34326828613281246,False,REGULAR,USD,SPY,put,2026-06-12,2026-05-05,2026-05-07T20:54:04+00:00,yfinance
SPY260612P00585000,2026-05-07 17:47:20+00:00,585.0,0.49,0.44,0.46,-0.029999971,-5.7692256,1.0,46.0,0.3354558642578125,False,REGULAR,USD,SPY,put,2026-06-12,2026-05-05,2026-05-07T20:54:04+00:00,yfinance
SPY260612P00590000,2026-05-07 19:57:46+00:00,590.0,0.48,0.47,0.49,-0.03999999,-7.692306,8.0,113.0,0.32739930419921875,False,REGULAR,USD,SPY,put,2026-06-12,2026-05-05,2026-05-07T20:54:04+00:00,yfinance
SPY260612P00595000,2026-05-07 15:03:39+00:00,595.0,0.51,0.51,0.53,-0.050000012,-8.928573,2.0,51.0,0.3200751586914062,False,REGULAR,USD,SPY,put,2026-06-12,2026-05-05,2026-05-07T20:54:04+00:00,yfinance
SPY260612P00600000,2026-05-07 19:31:34+00:00,600.0,0.6,0.55,0.57,-0.01999998,-3.2258034,593.0,76.0,0.31250687499999996,False,REGULAR,USD,SPY,put,2026-06-12,2026-05-05,2026-05-07T20:54:04+00:00,yfinance
SPY260612P00605000,2026-05-07 14:48:20+00:00,605.0,0.59,0.59,0.61,-0.110000014,-15.714289,8.0,92.0,0.3045723840332031,False,REGULAR,USD,SPY,put,2026-06-12,2026-05-05,2026-05-07T20:54:04+00:00,yfinance
SPY260612P00610000,2026-05-07 17:16:37+00:00,610.0,0.68,0.64,0.66,-0.07999998,-10.526314,9.0,33.0,0.2971261694335937,False,REGULAR,USD,SPY,put,2026-06-12,2026-05-05,2026-05-07T20:54:04+00:00,yfinance
SPY260612P00615000,2026-05-07 18:58:35+00:00,615.0,0.75,0.69,0.71,-0.00999999,-1.3157883,2.0,21.0,0.2893137475585937,False,REGULAR,USD,SPY,put,2026-06-12,2026-05-05,2026-05-07T20:54:04+00:00,yfinance
SPY260612P00620000,2026-05-07 19:52:03+00:00,620.0,0.79,0.75,0.77,-0.03999996,-4.8192725,19.0,154.0,0.28174546386718746,False,REGULAR,USD,SPY,put,2026-06-12,2026-05-05,2026-05-07T20:54:04+00:00,yfinance
SPY260612P00625000,2026-05-07 19:39:14+00:00,625.0,0.86,0.81,0.83,-0.050000012,-5.4945064,32.0,531.0,0.2739330419921875,False,REGULAR,USD,SPY,put,2026-06-12,2026-05-05,2026-05-07T20:54:04+00:00,yfinance
SPY260612P00630000,2026-05-07 19:39:14+00:00,630.0,0.93,0.89,0.91,-0.029999971,-3.1249971,41.0,177.0,0.2668530346679688,False,REGULAR,USD,SPY,put,2026-06-12,2026-05-05,2026-05-07T20:54:04+00:00,yfinance
SPY260612P00635000,2026-05-07 19:38:23+00:00,635.0,1.02,0.97,0.99,-0.029999971,-2.8571403,2130.0,2206.0,0.25928475097656256,False,REGULAR,USD,SPY,put,2026-06-12,2026-05-05,2026-05-07T20:54:04+00:00,yfinance
SPY260612P00640000,2026-05-07 19:36:45+00:00,640.0,1.14,1.07,1.09,-0.01999998,-1.7241364,2030.0,2154.0,0.25214370910644535,False,REGULAR,USD,SPY,put,2026-06-12,2026-05-05,2026-05-07T20:54:04+00:00,yfinance
SPY260612P00645000,2026-05-07 20:02:43+00:00,645.0,1.17,1.18,1.2,-0.100000024,-7.8740172,21.0,708.0,0.2449416326904297,False,REGULAR,USD,SPY,put,2026-06-12,2026-05-05,2026-05-07T20:54:04+00:00,yfinance
SPY260612P00650000,2026-05-07 20:00:19+00:00,650.0,1.35,1.3,1.33,-0.059999943,-4.2553153,80.0,312.0,0.23792265991210934,False,REGULAR,USD,SPY,put,2026-06-12,2026-05-05,2026-05-07T20:54:04+00:00,yfinance
SPY260612P00655000,2026-05-07 18:08:14+00:00,655.0,1.55,1.45,1.48,0.0,0.0,140.0,221.0,0.23102575622558597,False,REGULAR,USD,SPY,put,2026-06-12,2026-05-05,2026-05-07T20:54:04+00:00,yfinance
SPY260612P00660000,2026-05-07 19:21:00+00:00,660.0,1.71,1.63,1.66,-0.00999999,-0.5813948,269.0,279.0,0.2243729907226562,False,REGULAR,USD,SPY,put,2026-06-12,2026-05-05,2026-05-07T20:54:04+00:00,yfinance
SPY260612P00665000,2026-05-07 19:15:17+00:00,665.0,1.93,1.84,1.87,-0.05000007,-2.5252562,62.0,214.0,0.2178422943115234,False,REGULAR,USD,SPY,put,2026-06-12,2026-05-05,2026-05-07T20:54:04+00:00,yfinance
SPY260612P00670000,2026-05-07 20:06:41+00:00,670.0,2.08,2.08,2.11,-0.13000011,-5.882358,101.0,15299.0,0.21125056335449216,False,REGULAR,USD,SPY,put,2026-06-12,2026-05-05,2026-05-07T20:54:04+00:00,yfinance
SPY260612P00675000,2026-05-07 20:10:50+00:00,675.0,2.36,2.36,2.39,-0.07000017,-2.8806653,102.0,3227.0,0.20471986694335934,False,REGULAR,USD,SPY,put,2026-06-12,2026-05-05,2026-05-07T20:54:04+00:00,yfinance
SPY260612P00676000,2026-05-07 19:56:24+00:00,676.0,2.53,2.42,2.45,-0.03999996,-1.5564188,13.0,18.0,0.20340762420654296,False,REGULAR,USD,SPY,put,2026-06-12,2026-05-05,2026-05-07T20:54:04+00:00,yfinance
SPY260612P00677000,2026-05-07 20:00:01+00:00,677.0,2.51,2.48,2.52,-0.45000005,-15.202703,9.0,131.0,0.20227848510742186,False,REGULAR,USD,SPY,put,2026-06-12,2026-05-05,2026-05-07T20:54:04+00:00,yfinance
SPY260612P00678000,2026-05-07 17:25:00+00:00,678.0,2.59,2.55,2.58,-0.09000015,-3.3582146,3.0,34.0,0.20084417327880855,False,REGULAR,USD,SPY,put,2026-06-12,2026-05-05,2026-05-07T20:54:04+00:00,yfinance
SPY260612P00679000,2026-05-06 15:22:19+00:00,679.0,2.6,2.61,2.65,-0.22000003,-7.80142,1.0,55.0,0.19959296508789062,False,REGULAR,USD,SPY,put,2026-06-12,2026-05-05,2026-05-07T20:54:04+00:00,yfinance
SPY260612P00680000,2026-05-07 19:54:06+00:00,680.0,2.81,2.68,2.72,0.059999943,2.181816,231.0,366.0,0.19831123962402342,False,REGULAR,USD,SPY,put,2026-06-12,2026-05-05,2026-05-07T20:54:04+00:00,yfinance
SPY260612P00681000,2026-05-07 19:16:03+00:00,681.0,2.88,2.75,2.79,-0.01999998,-0.68965447,13.0,64.0,0.19696847961425779,False,REGULAR,USD,SPY,put,2026-06-12,2026-05-05,2026-05-07T20:54:04+00:00,yfinance
SPY260612P00682000,2026-05-07 19:18:43+00:00,682.0,3.0,2.83,2.87,0.089999914,3.0927804,7.0,64.0,0.1958088232421875,False,REGULAR,USD,SPY,put,2026-06-12,2026-05-05,2026-05-07T20:54:04+00:00,yfinance
SPY260612P00683000,2026-05-07 18:03:11+00:00,683.0,3.04,2.9,2.94,0.03999996,1.3333321,23.0,46.0,0.19440502868652343,False,REGULAR,USD,SPY,put,2026-06-12,2026-05-05,2026-05-07T20:54:04+00:00,yfinance
SPY260612P00684000,2026-05-07 19:16:03+00:00,684.0,3.12,2.98,3.02,0.029999971,0.9708729,33.0,75.0,0.19312330322265625,False,REGULAR,USD,SPY,put,2026-06-12,2026-05-05,2026-05-07T20:54:04+00:00,yfinance
SPY260612P00685000,2026-05-07 20:10:50+00:00,685.0,3.07,3.07,3.11,-0.029999971,-0.967741,123.0,347.0,0.1919941641235352,False,REGULAR,USD,SPY,put,2026-06-12,2026-05-05,2026-05-07T20:54:04+00:00,yfinance
SPY260612P00686000,2026-05-07 19:16:03+00:00,686.0,3.29,3.15,3.19,-1.04,-24.018476,56.0,25.0,0.19062088684082032,False,REGULAR,USD,SPY,put,2026-06-12,2026-05-05,2026-05-07T20:54:04+00:00,yfinance
SPY260612P00687000,2026-05-07 19:16:03+00:00,687.0,3.38,3.24,3.28,0.08000016,2.4242473,252.0,209.0,0.18940019592285157,False,REGULAR,USD,SPY,put,2026-06-12,2026-05-05,2026-05-07T20:54:04+00:00,yfinance
SPY260612P00688000,2026-05-07 19:53:22+00:00,688.0,3.45,3.33,3.37,0.00999999,0.2906974,524.0,82.0,0.18811847045898436,False,REGULAR,USD,SPY,put,2026-06-12,2026-05-05,2026-05-07T20:54:04+00:00,yfinance
SPY260612P00689000,2026-05-07 19:25:34+00:00,689.0,3.72,3.42,3.46,0.25,7.204611,41.0,159.0,0.18677571044921876,False,REGULAR,USD,SPY,put,2026-06-12,2026-05-05,2026-05-07T20:54:04+00:00,yfinance
SPY260612P00690000,2026-05-07 20:13:59+00:00,690.0,3.56,3.52,3.56,-0.059999943,-1.657457,287.0,756.0,0.1855855368041992,False,REGULAR,USD,SPY,put,2026-06-12,2026-05-05,2026-05-07T20:54:04+00:00,yfinance
SPY260612P00691000,2026-05-07 19:15:42+00:00,691.0,3.77,3.62,3.66,0.13999987,3.8567455,1489.0,1736.0,0.18430381134033202,False,REGULAR,USD,SPY,put,2026-06-12,2026-05-05,2026-05-07T20:54:04+00:00,yfinance
SPY260612P00692000,2026-05-07 19:20:10+00:00,692.0,4.0,3.72,3.76,0.19000006,4.9868784,827.0,43.0,0.1829915686035156,False,REGULAR,USD,SPY,put,2026-06-12,2026-05-05,2026-05-07T20:54:04+00:00,yfinance
SPY260612P00693000,2026-05-07 20:13:59+00:00,693.0,3.87,3.82,3.87,-0.14000034,-3.49128,11.0,22.0,0.18177087768554687,False,REGULAR,USD,SPY,put,2026-06-12,2026-05-05,2026-05-07T20:54:04+00:00,yfinance
SPY260612P00694000,2026-05-07 18:44:52+00:00,694.0,4.29,3.93,3.98,0.23000002,5.665025,45.0,155.0,0.1805196694946289,False,REGULAR,USD,SPY,put,2026-06-12,2026-05-05,2026-05-07T20:54:04+00:00,yfinance
SPY260612P00695000,2026-05-07 19:16:03+00:00,695.0,4.25,4.05,4.09,0.21000004,5.198021,100.0,327.0,0.17917690948486326,False,REGULAR,USD,SPY,put,2026-06-12,2026-05-05,2026-05-07T20:54:04+00:00,yfinance
SPY260612P00696000,2026-05-07 17:45:33+00:00,696.0,4.48,4.16,4.21,0.23000002,5.411765,12.0,318.0,0.17795621856689453,False,REGULAR,USD,SPY,put,2026-06-12,2026-05-05,2026-05-07T20:54:04+00:00,yfinance
SPY260612P00697000,2026-05-07 16:50:12+00:00,697.0,4.43,4.28,4.33,0.13999987,3.2634,20.0,199.0,0.17667449310302735,False,REGULAR,USD,SPY,put,2026-06-12,2026-05-05,2026-05-07T20:54:04+00:00,yfinance
SPY260612P00698000,2026-05-07 19:48:50+00:00,698.0,4.56,4.41,4.45,-0.09000015,-1.9354872,132.0,144.0,0.17533173309326172,False,REGULAR,USD,SPY,put,2026-06-12,2026-05-05,2026-05-07T20:54:04+00:00,yfinance
SPY260612P00699000,2026-05-07 17:55:03+00:00,699.0,4.93,4.53,4.58,0.3499999,7.64192,39.0,95.0,0.17408052490234377,False,REGULAR,USD,SPY,put,2026-06-12,2026-05-05,2026-05-07T20:54:04+00:00,yfinance
SPY260612P00700000,2026-05-07 20:09:04+00:00,700.0,4.73,4.67,4.71,0.07999992,1.7204285,915.0,987.0,0.17276828216552736,False,REGULAR,USD,SPY,put,2026-06-12,2026-05-05,2026-05-07T20:54:04+00:00,yfinance
SPY260612P00701000,2026-05-07 17:52:55+00:00,701.0,5.29,4.8,4.85,0.44000006,9.072166,21.0,73.0,0.17151707397460939,False,REGULAR,USD,SPY,put,2026-06-12,2026-05-05,2026-05-07T20:54:04+00:00,yfinance
SPY260612P00702000,2026-05-07 19:03:13+00:00,702.0,5.24,4.94,4.99,0.25999975,5.2208786,6.0,76.0,0.170204831237793,False,REGULAR,USD,SPY,put,2026-06-12,2026-05-05,2026-05-07T20:54:04+00:00,yfinance
SPY260612P00703000,2026-05-07 15:49:38+00:00,703.0,5.33,5.09,5.13,0.26999998,5.335968,137.0,338.0,0.16883155395507815,False,REGULAR,USD,SPY,put,2026-06-12,2026-05-05,2026-05-07T20:54:04+00:00,yfinance
SPY260612P00704000,2026-05-07 17:55:03+00:00,704.0,5.64,5.24,5.28,0.44000006,8.46154,210.0,331.0,0.16754982849121097,False,REGULAR,USD,SPY,put,2026-06-12,2026-05-05,2026-05-07T20:54:04+00:00,yfinance
SPY260612P00705000,2026-05-07 20:01:18+00:00,705.0,5.63,5.39,5.44,0.32000017,6.026368,174.0,248.0,0.16629862030029302,False,REGULAR,USD,SPY,put,2026-06-12,2026-05-05,2026-05-07T20:54:04+00:00,yfinance
SPY260612P00706000,2026-05-07 20:05:16+00:00,706.0,5.5,5.55,5.6,-0.3800001,-6.462587,27.0,52.0,0.16498637756347656,False,REGULAR,USD,SPY,put,2026-06-12,2026-05-05,2026-05-07T20:54:04+00:00,yfinance
SPY260612P00707000,2026-05-07 19:03:13+00:00,707.0,6.04,5.71,5.76,0.32999992,5.779333,13.0,74.0,0.16361310028076176,False,REGULAR,USD,SPY,put,2026-06-12,2026-05-05,2026-05-07T20:54:04+00:00,yfinance
SPY260612P00708000,2026-05-07 19:56:50+00:00,708.0,6.12,5.88,5.93,0.15999985,2.6845613,16.0,90.0,0.1623008575439453,False,REGULAR,USD,SPY,put,2026-06-12,2026-05-05,2026-05-07T20:54:04+00:00,yfinance
SPY260612P00709000,2026-05-07 18:55:41+00:00,709.0,6.38,6.06,6.11,0.32000017,5.2805305,80.0,39.0,0.16103439071655273,False,REGULAR,USD,SPY,put,2026-06-12,2026-05-05,2026-05-07T20:54:04+00:00,yfinance
SPY260612P00710000,2026-05-07 20:12:00+00:00,710.0,6.27,6.24,6.29,0.01999998,0.3199997,698.0,353.0,0.1596916307067871,False,REGULAR,USD,SPY,put,2026-06-12,2026-05-05,2026-05-07T20:54:04+00:00,yfinance
SPY260612P00711000,2026-05-07 16:23:43+00:00,711.0,7.01,6.43,6.48,0.61000013,9.531252,423.0,185.0,0.1583946466064453,False,REGULAR,USD,SPY,put,2026-06-12,2026-05-05,2026-05-07T20:54:04+00:00,yfinance
SPY260612P00712000,2026-05-07 19:19:17+00:00,712.0,7.07,6.62,6.67,0.4500003,6.797588,10.0,109.0,0.1570213693237305,False,REGULAR,USD,SPY,put,2026-06-12,2026-05-05,2026-05-07T20:54:04+00:00,yfinance
SPY260612P00713000,2026-05-07 18:54:36+00:00,713.0,7.24,6.82,6.87,0.4499998,6.6273904,14.0,73.0,0.15567860931396482,False,REGULAR,USD,SPY,put,2026-06-12,2026-05-05,2026-05-07T20:54:04+00:00,yfinance
SPY260612P00714000,2026-05-07 19:41:27+00:00,714.0,7.24,7.02,7.07,0.27999973,4.0229845,63.0,52.0,0.15425955612182618,False,REGULAR,USD,SPY,put,2026-06-12,2026-05-05,2026-05-07T20:54:04+00:00,yfinance
SPY260612P00715000,2026-05-07 19:45:23+00:00,715.0,7.4,7.23,7.29,0.2800002,3.9325874,284.0,15287.0,0.15299308929443362,False,REGULAR,USD,SPY,put,2026-06-12,2026-05-05,2026-05-07T20:54:04+00:00,yfinance
SPY260612P00716000,2026-05-07 18:25:03+00:00,716.0,8.12,7.45,7.51,0.35999966,4.6391706,42.0,58.0,0.15165032928466798,False,REGULAR,USD,SPY,put,2026-06-12,2026-05-05,2026-05-07T20:54:04+00:00,yfinance
SPY260612P00717000,2026-05-07 20:04:13+00:00,717.0,7.54,7.68,7.73,-0.03999996,-0.527704,63.0,206.0,0.1501855001831055,False,REGULAR,USD,SPY,put,2026-06-12,2026-05-05,2026-05-07T20:54:04+00:00,yfinance
SPY260612P00718000,2026-05-07 19:57:55+00:00,718.0,8.16,7.91,7.97,0.30999994,3.949044,20.0,111.0,0.14890377471923827,False,REGULAR,USD,SPY,put,2026-06-12,2026-05-05,2026-05-07T20:54:04+00:00,yfinance
SPY260612P00719000,2026-05-07 20:04:13+00:00,719.0,8.03,8.15,8.21,0.13999987,1.7743963,51.0,88.0,0.14749998016357424,False,REGULAR,USD,SPY,put,2026-06-12,2026-05-05,2026-05-07T20:54:04+00:00,yfinance
SPY260612P00720000,2026-05-07 20:12:44+00:00,720.0,8.48,8.4,8.46,0.13999939,1.6786498,278.0,418.0,0.14611144424438477,False,REGULAR,USD,SPY,put,2026-06-12,2026-05-05,2026-05-07T20:54:04+00:00,yfinance
SPY260612P00721000,2026-05-07 17:15:27+00:00,721.0,9.42,8.66,8.72,0.8199997,9.53488,70.0,132.0,0.1447381669616699,False,REGULAR,USD,SPY,put,2026-06-12,2026-05-05,2026-05-07T20:54:04+00:00,yfinance
SPY260612P00722000,2026-05-07 19:03:54+00:00,722.0,9.37,8.93,8.99,0.72000027,8.323704,42.0,244.0,0.1433801483154297,False,REGULAR,USD,SPY,put,2026-06-12,2026-05-05,2026-05-07T20:54:04+00:00,yfinance
SPY260612P00723000,2026-05-07 19:10:20+00:00,723.0,9.6,9.2,9.27,0.71000004,7.986501,93.0,254.0,0.14203738830566404,False,REGULAR,USD,SPY,put,2026-06-12,2026-05-05,2026-05-07T20:54:04+00:00,yfinance
SPY260612P00724000,2026-05-07 20:01:34+00:00,724.0,10.0,9.49,9.55,0.77000046,8.342367,513.0,211.0,0.14057255920410155,False,REGULAR,USD,SPY,put,2026-06-12,2026-05-05,2026-05-07T20:54:04+00:00,yfinance
SPY260612P00725000,2026-05-07 20:09:40+00:00,725.0,9.88,9.79,9.85,0.40000057,4.2194157,3308.0,201.0,0.13919928192138675,False,REGULAR,USD,SPY,put,2026-06-12,2026-05-05,2026-05-07T20:54:04+00:00,yfinance
SPY260612P00726000,2026-05-07 19:41:06+00:00,726.0,10.4,10.09,10.16,0.5999994,6.122443,91.0,196.0,0.13785652191162112,False,REGULAR,USD,SPY,put,2026-06-12,2026-05-05,2026-05-07T20:54:04+00:00,yfinance
SPY260612P00727000,2026-05-07 19:41:06+00:00,727.0,10.9,10.41,10.47,0.6399994,6.2378106,54.0,176.0,0.13636117553710939,False,REGULAR,USD,SPY,put,2026-06-12,2026-05-05,2026-05-07T20:54:04+00:00,yfinance
SPY260612P00728000,2026-05-07 19:57:31+00:00,728.0,11.12,10.74,10.8,0.60999966,5.8039927,99.0,540.0,0.13498789825439456,False,REGULAR,USD,SPY,put,2026-06-12,2026-05-05,2026-05-07T20:54:04+00:00,yfinance
SPY260612P00729000,2026-05-07 19:10:21+00:00,729.0,11.64,11.08,11.15,0.71000004,6.4958825,55.0,165.0,0.13370617279052732,False,REGULAR,USD,SPY,put,2026-06-12,2026-05-05,2026-05-07T20:54:04+00:00,yfinance
SPY260612P00730000,2026-05-07 20:10:00+00:00,730.0,11.52,11.43,11.5,0.3000002,2.6737983,93.0,131.0,0.13227186096191407,False,REGULAR,USD,SPY,put,2026-06-12,2026-05-05,2026-05-07T20:54:04+00:00,yfinance
SPY260612P00731000,2026-05-07 20:02:44+00:00,731.0,11.53,11.8,11.86,0.18999958,1.6754813,216.0,43.0,0.13083754913330076,False,REGULAR,USD,SPY,put,2026-06-12,2026-05-05,2026-05-07T20:54:04+00:00,yfinance
SPY260612P00732000,2026-05-07 20:10:23+00:00,732.0,12.27,12.17,12.24,0.4800005,4.071251,152.0,229.0,0.12946427185058595,True,REGULAR,USD,SPY,put,2026-06-12,2026-05-05,2026-05-07T20:54:04+00:00,yfinance
SPY260612P00733000,2026-05-07 20:01:56+00:00,733.0,13.05,12.56,12.63,0.6500006,5.2419405,119.0,65.0,0.12806047729492187,True,REGULAR,USD,SPY,put,2026-06-12,2026-05-05,2026-05-07T20:54:04+00:00,yfinance
SPY260612P00734000,2026-05-07 20:02:44+00:00,734.0,12.69,12.97,13.04,0.049999237,0.39556357,282.0,48.0,0.12671771728515624,True,REGULAR,USD,SPY,put,2026-06-12,2026-05-05,2026-05-07T20:54:04+00:00,yfinance
SPY260612P00735000,2026-05-07 20:10:00+00:00,735.0,13.48,13.38,13.45,0.65999985,5.148205,803.0,182.0,0.12525288818359376,True,REGULAR,USD,SPY,put,2026-06-12,2026-05-05,2026-05-07T20:54:04+00:00,yfinance
SPY260612P00736000,2026-05-07 17:56:20+00:00,736.0,14.82,13.81,13.88,0.42000008,2.9166672,85.0,49.0,0.12381857635498048,True,REGULAR,USD,SPY,put,2026-06-12,2026-05-05,2026-05-07T20:54:04+00:00,yfinance
SPY260612P00737000,2026-05-07 16:17:00+00:00,737.0,14.59,14.26,14.33,0.78999996,5.7246375,15.0,83.0,0.12244529907226565,True,REGULAR,USD,SPY,put,2026-06-12,2026-05-05,2026-05-07T20:54:04+00:00,yfinance
SPY260612P00738000,2026-05-07 15:50:55+00:00,738.0,13.8,14.71,14.79,-0.4499998,-3.1578934,55.0,90.0,0.12104150451660156,True,REGULAR,USD,SPY,put,2026-06-12,2026-05-05,2026-05-07T20:54:04+00:00,yfinance
SPY260612P00739000,2026-05-06 15:33:43+00:00,739.0,15.51,15.19,15.26,0.0,0.0,9.0,11.0,0.11954615814208984,True,REGULAR,USD,SPY,put,2026-06-12,2026-05-05,2026-05-07T20:54:04+00:00,yfinance
SPY260612P00740000,2026-05-07 19:51:03+00:00,740.0,15.8,14.59,15.83,0.84000015,5.6149745,19.0,56.0,0.11899684722900389,True,REGULAR,USD,SPY,put,2026-06-12,2026-05-05,2026-05-07T20:54:04+00:00,yfinance
SPY260612P00741000,2026-05-07 20:00:03+00:00,741.0,16.5,14.67,17.68,0.8299999,5.296745,35.0,62.0,0.13269910278320313,True,REGULAR,USD,SPY,put,2026-06-12,2026-05-05,2026-05-07T20:54:04+00:00,yfinance
SPY260612P00742000,2026-05-06 20:00:30+00:00,742.0,16.16,15.52,18.19,0.0,0.0,,16.0,0.13132582550048827,True,REGULAR,USD,SPY,put,2026-06-12,2026-05-05,2026-05-07T20:54:04+00:00,yfinance
SPY260612P00745000,2026-05-07 18:39:42+00:00,745.0,18.96,16.68,20.2,-0.710001,-3.6095626,9.0,2.0,0.13173780868530272,True,REGULAR,USD,SPY,put,2026-06-12,2026-05-05,2026-05-07T20:54:04+00:00,yfinance
SPY260612P00746000,2026-05-06 14:40:21+00:00,746.0,19.19,17.27,20.62,0.0,0.0,,11.0,0.128640305480957,True,REGULAR,USD,SPY,put,2026-06-12,2026-05-05,2026-05-07T20:54:04+00:00,yfinance
SPY260612P00747000,2026-05-07 17:56:32+00:00,747.0,20.38,18.25,21.22,1.8699989,10.102641,2.0,2.0,0.12746539047241212,True,REGULAR,USD,SPY,put,2026-06-12,2026-05-05,2026-05-07T20:54:04+00:00,yfinance
SPY260612P00749000,2026-05-06 19:54:59+00:00,749.0,19.59,19.51,22.47,0.0,0.0,,1.0,0.12520711227416992,True,REGULAR,USD,SPY,put,2026-06-12,2026-05-05,2026-05-07T20:54:04+00:00,yfinance
SPY260612P00750000,2026-05-07 18:27:17+00:00,750.0,22.06,19.78,23.08,1.7799988,8.777114,69.0,5.0,0.12360495544433595,True,REGULAR,USD,SPY,put,2026-06-12,2026-05-05,2026-05-07T20:54:04+00:00,yfinance
SPY260612P00760000,2026-05-07 18:13:27+00:00,760.0,29.4,27.24,30.66,-1.1000004,-3.6065586,1.0,3.0,0.11756253540039063,True,REGULAR,USD,SPY,put,2026-06-12,2026-05-05,2026-05-07T20:54:04+00:00,yfinance
SPY260612P00780000,2026-05-05 14:19:30+00:00,780.0,58.0,46.17,49.58,0.0,0.0,,1.0,0.14093876647949222,True,REGULAR,USD,SPY,put,2026-06-12,2026-05-05,2026-05-07T20:54:04+00:00,yfinance
SPY260618C00245000,2026-05-06 17:54:21+00:00,245.0,490.81,486.82,489.64,2.6099854,0.53461397,10.0,22.0,1.5573752600097652,True,REGULAR,USD,SPY,call,2026-06-18,2026-05-05,2026-05-07T20:54:04+00:00,yfinance
SPY260618C00250000,2026-04-17 13:58:08+00:00,250.0,459.7,481.85,484.67,0.0,0.0,3.0,45.0,1.534670295410156,True,REGULAR,USD,SPY,call,2026-06-18,2026-05-05,2026-05-07T20:54:04+00:00,yfinance
SPY260618C00255000,2026-04-17 13:58:08+00:00,255.0,454.83,476.87,479.69,0.0,0.0,3.0,25.0,1.5107446337890624,True,REGULAR,USD,SPY,call,2026-06-18,2026-05-05,2026-05-07T20:54:04+00:00,yfinance
SPY260618C00260000,2026-04-17 18:19:42+00:00,260.0,451.47,471.89,474.71,0.0,0.0,1.0,11.0,1.487551390380859,True,REGULAR,USD,SPY,call,2026-06-18,2026-05-05,2026-05-07T20:54:04+00:00,yfinance
SPY260618C00265000,2026-03-27 13:37:08+00:00,265.0,377.97,0.0,0.0,0.0,0.0,1.0,0.0,1.0000000000000003e-05,True,REGULAR,USD,SPY,call,2026-06-18,2026-05-05,2026-05-07T20:54:04+00:00,yfinance
SPY260618C00270000,2026-03-27 13:40:14+00:00,270.0,374.85,0.0,0.0,0.0,0.0,1.0,0.0,1.0000000000000003e-05,True,REGULAR,USD,SPY,call,2026-06-18,2026-05-05,2026-05-07T20:54:04+00:00,yfinance
SPY260618C00275000,2026-05-05 16:43:56+00:00,275.0,448.32,456.96,459.78,0.0,0.0,1.0,13.0,1.4211454724121095,True,REGULAR,USD,SPY,call,2026-06-18,2026-05-05,2026-05-07T20:54:04+00:00,yfinance
SPY260618C00280000,2026-04-07 19:03:34+00:00,280.0,376.5,451.99,454.81,0.0,0.0,1.0,11.0,1.4006377624511717,True,REGULAR,USD,SPY,call,2026-06-18,2026-05-05,2026-05-07T20:54:04+00:00,yfinance
SPY260618C00285000,2026-03-27 13:39:52+00:00,285.0,359.65,0.0,0.0,0.0,0.0,1.0,0.0,1.0000000000000003e-05,True,REGULAR,USD,SPY,call,2026-06-18,2026-05-05,2026-05-07T20:54:04+00:00,yfinance
SPY260618C00290000,2026-04-06 13:57:44+00:00,290.0,370.6,0.0,0.0,0.0,0.0,2.0,0.0,1.0000000000000003e-05,True,REGULAR,USD,SPY,call,2026-06-18,2026-05-05,2026-05-07T20:54:04+00:00,yfinance
SPY260618C00295000,2026-05-05 16:43:56+00:00,295.0,428.39,437.06,439.88,0.0,0.0,1.0,392.0,1.3383822143554682,True,REGULAR,USD,SPY,call,2026-06-18,2026-05-05,2026-05-07T20:54:04+00:00,yfinance
SPY260618C00300000,2026-05-01 14:20:25+00:00,300.0,426.17,432.08,434.9,0.0,0.0,2.0,474.0,1.3178745043945312,True,REGULAR,USD,SPY,call,2026-06-18,2026-05-05,2026-05-07T20:54:04+00:00,yfinance
SPY260618C00305000,2026-04-07 19:20:36+00:00,305.0,355.02,427.11,429.93,0.0,0.0,4.0,550.0,1.2987095611572264,True,REGULAR,USD,SPY,call,2026-06-18,2026-05-05,2026-05-07T20:54:04+00:00,yfinance
SPY260618C00310000,2026-04-14 13:45:25+00:00,310.0,381.99,422.13,424.95,0.0,0.0,1.0,96.0,1.2788121997070312,True,REGULAR,USD,SPY,call,2026-06-18,2026-05-05,2026-05-07T20:54:04+00:00,yfinance
SPY260618C00315000,2026-03-24 14:57:20+00:00,315.0,344.65,0.0,0.0,0.0,0.0,1.0,0.0,1.0000000000000003e-05,True,REGULAR,USD,SPY,call,2026-06-18,2026-05-05,2026-05-07T20:54:04+00:00,yfinance
SPY260618C00320000,2026-03-24 13:31:46+00:00,320.0,335.76,0.0,0.0,0.0,0.0,1.0,0.0,1.0000000000000003e-05,True,REGULAR,USD,SPY,call,2026-06-18,2026-05-05,2026-05-07T20:54:04+00:00,yfinance
SPY260618C00325000,2026-03-27 14:14:25+00:00,325.0,318.2,0.0,0.0,0.0,0.0,1.0,0.0,1.0000000000000003e-05,True,REGULAR,USD,SPY,call,2026-06-18,2026-05-05,2026-05-07T20:54:04+00:00,yfinance
SPY260618C00330000,2026-03-26 19:20:30+00:00,330.0,320.24,0.0,0.0,0.0,0.0,3.0,0.0,1.0000000000000003e-05,True,REGULAR,USD,SPY,call,2026-06-18,2026-05-05,2026-05-07T20:54:04+00:00,yfinance
SPY260618C00335000,2026-03-26 13:45:05+00:00,335.0,322.43,0.0,0.0,0.0,0.0,6.0,0.0,1.0000000000000003e-05,True,REGULAR,USD,SPY,call,2026-06-18,2026-05-05,2026-05-07T20:54:04+00:00,yfinance
SPY260618C00340000,2026-03-26 16:49:12+00:00,340.0,312.9,0.0,0.0,0.0,0.0,1.0,0.0,1.0000000000000003e-05,True,REGULAR,USD,SPY,call,2026-06-18,2026-05-05,2026-05-07T20:54:04+00:00,yfinance
SPY260618C00345000,2026-03-26 15:50:12+00:00,345.0,310.67,0.0,0.0,0.0,0.0,1.0,0.0,1.0000000000000003e-05,True,REGULAR,USD,SPY,call,2026-06-18,2026-05-05,2026-05-07T20:54:04+00:00,yfinance
SPY260618C00350000,2026-04-30 16:53:52+00:00,350.0,366.46,382.32,385.14,0.0,0.0,2.0,167.0,1.1311078601074218,True,REGULAR,USD,SPY,call,2026-06-18,2026-05-05,2026-05-07T20:54:04+00:00,yfinance
SPY260618C00355000,2026-05-01 19:51:32+00:00,355.0,368.58,377.35,380.17,0.0,0.0,8.0,385.0,1.1142622412109375,True,REGULAR,USD,SPY,call,2026-06-18,2026-05-05,2026-05-07T20:54:04+00:00,yfinance
SPY260618C00360000,2026-04-28 13:36:40+00:00,360.0,376.56,372.37,375.19,22.799988,6.445044,2.0,131.0,1.0966842041015625,True,REGULAR,USD,SPY,call,2026-06-18,2026-05-05,2026-05-07T20:54:04+00:00,yfinance
SPY260618C00365000,2026-04-30 14:04:52+00:00,365.0,348.9,367.4,370.22,0.0,0.0,19.0,128.0,1.0800827246093752,True,REGULAR,USD,SPY,call,2026-06-18,2026-05-05,2026-05-07T20:54:04+00:00,yfinance
SPY260618C00370000,2026-05-06 15:33:13+00:00,370.0,363.81,362.42,365.24,0.0,0.0,13.0,127.0,1.0628708966064455,True,REGULAR,USD,SPY,call,2026-06-18,2026-05-05,2026-05-07T20:54:04+00:00,yfinance
SPY260618C00375000,2026-04-13 19:35:47+00:00,375.0,312.03,357.45,360.27,0.0,0.0,1.0,201.0,1.0466356262207035,True,REGULAR,USD,SPY,call,2026-06-18,2026-05-05,2026-05-07T20:54:04+00:00,yfinance
SPY260618C00380000,2026-04-13 16:17:33+00:00,380.0,303.02,352.47,355.3,0.0,0.0,4.0,139.0,1.0301562164306641,True,REGULAR,USD,SPY,call,2026-06-18,2026-05-05,2026-05-07T20:54:04+00:00,yfinance
SPY260618C00385000,2026-03-30 13:31:00+00:00,385.0,259.03,0.0,0.0,0.0,0.0,1.0,0.0,1.0000000000000003e-05,True,REGULAR,USD,SPY,call,2026-06-18,2026-05-05,2026-05-07T20:54:04+00:00,yfinance
SPY260618C00390000,2026-05-06 17:39:50+00:00,390.0,343.61,342.53,345.35,0.0,0.0,4.0,180.0,0.99804689453125,True,REGULAR,USD,SPY,call,2026-06-18,2026-05-05,2026-05-07T20:54:04+00:00,yfinance
SPY260618C00395000,2026-03-26 14:40:14+00:00,395.0,264.01,0.0,0.0,0.0,0.0,1.0,0.0,1.0000000000000003e-05,True,REGULAR,USD,SPY,call,2026-06-18,2026-05-05,2026-05-07T20:54:04+00:00,yfinance
SPY260618C00400000,2026-05-07 13:58:16+00:00,400.0,335.89,332.58,335.4,0.23001099,0.068524994,4.0,540.0,0.9661868615722657,True,REGULAR,USD,SPY,call,2026-06-18,2026-05-05,2026-05-07T20:54:04+00:00,yfinance
SPY260618C00405000,2026-05-06 17:05:25+00:00,405.0,327.96,327.6,330.43,0.0,0.0,2.0,181.0,0.9504399487304687,True,REGULAR,USD,SPY,call,2026-06-18,2026-05-05,2026-05-07T20:54:04+00:00,yfinance
SPY260618C00410000,2026-04-21 13:30:02+00:00,410.0,302.0,322.63,325.45,0.0,0.0,3.0,90.0,0.9348151049804687,True,REGULAR,USD,SPY,call,2026-06-18,2026-05-05,2026-05-07T20:54:04+00:00,yfinance
SPY260618C00415000,2026-04-13 16:29:07+00:00,415.0,269.89,317.66,320.48,0.0,0.0,1.0,96.0,0.9196785375976562,True,REGULAR,USD,SPY,call,2026-06-18,2026-05-05,2026-05-07T20:54:04+00:00,yfinance
SPY260618C00420000,2026-04-22 19:40:18+00:00,420.0,293.1,312.68,315.51,0.0,0.0,4.0,109.0,0.9044199011230469,True,REGULAR,USD,SPY,call,2026-06-18,2026-05-05,2026-05-07T20:54:04+00:00,yfinance
SPY260618C00425000,2026-05-05 15:04:39+00:00,425.0,300.52,307.71,310.53,0.0,0.0,3.0,182.0,0.8891612646484374,True,REGULAR,USD,SPY,call,2026-06-18,2026-05-05,2026-05-07T20:54:04+00:00,yfinance
SPY260618C00430000,2026-04-17 16:30:43+00:00,430.0,285.0,302.74,305.56,0.0,0.0,3.0,200.0,0.8745129736328124,True,REGULAR,USD,SPY,call,2026-06-18,2026-05-05,2026-05-07T20:54:04+00:00,yfinance
SPY260618C00435000,2026-04-23 14:17:04+00:00,435.0,278.24,297.77,300.59,0.0,0.0,3.0,103.0,0.8598646826171875,True,REGULAR,USD,SPY,call,2026-06-18,2026-05-05,2026-05-07T20:54:04+00:00,yfinance
SPY260618C00440000,2026-05-06 14:45:37+00:00,440.0,293.23,292.8,295.62,0.0,0.0,6.0,407.0,0.8452163916015624,True,REGULAR,USD,SPY,call,2026-06-18,2026-05-05,2026-05-07T20:54:04+00:00,yfinance
SPY260618C00445000,2026-04-07 18:51:09+00:00,445.0,214.74,287.82,290.65,0.0,0.0,11.0,23.0,0.8305681005859374,True,REGULAR,USD,SPY,call,2026-06-18,2026-05-05,2026-05-07T20:54:04+00:00,yfinance
SPY260618C00450000,2026-05-01 15:58:17+00:00,450.0,275.83,282.85,285.68,0.0,0.0,2.0,206.0,0.8161639477539062,True,REGULAR,USD,SPY,call,2026-06-18,2026-05-05,2026-05-07T20:54:04+00:00,yfinance
SPY260618C00455000,2026-04-23 14:28:21+00:00,455.0,258.75,277.88,280.71,0.0,0.0,1.0,24.0,0.8018818640136718,True,REGULAR,USD,SPY,call,2026-06-18,2026-05-05,2026-05-07T20:54:04+00:00,yfinance
SPY260618C00460000,2026-04-17 19:51:18+00:00,460.0,253.97,272.91,275.74,0.0,0.0,15.0,73.0,0.7877218493652343,True,REGULAR,USD,SPY,call,2026-06-18,2026-05-05,2026-05-07T20:54:04+00:00,yfinance
SPY260618C00465000,2026-05-07 18:37:12+00:00,465.0,269.2,267.94,270.77,19.960007,8.008348,1.0,28.0,0.7736839038085939,True,REGULAR,USD,SPY,call,2026-06-18,2026-05-05,2026-05-07T20:54:04+00:00,yfinance
SPY260618C00470000,2026-04-24 14:07:35+00:00,470.0,244.43,262.97,265.8,0.0,0.0,1.0,89.0,0.7597069927978517,True,REGULAR,USD,SPY,call,2026-06-18,2026-05-05,2026-05-07T20:54:04+00:00,yfinance
SPY260618C00475000,2026-04-09 17:51:23+00:00,475.0,209.96,258.01,260.83,0.0,0.0,5.0,103.0,0.7460962890625,True,REGULAR,USD,SPY,call,2026-06-18,2026-05-05,2026-05-07T20:54:04+00:00,yfinance
SPY260618C00480000,2026-05-06 19:31:02+00:00,480.0,255.92,253.04,255.86,0.0,0.0,1.0,216.0,0.7322414471435545,True,REGULAR,USD,SPY,call,2026-06-18,2026-05-05,2026-05-07T20:54:04+00:00,yfinance
SPY260618C00485000,2026-05-01 17:51:51+00:00,485.0,240.54,248.07,250.89,0.0,0.0,1.0,142.0,0.7185086743164062,True,REGULAR,USD,SPY,call,2026-06-18,2026-05-05,2026-05-07T20:54:04+00:00,yfinance
SPY260618C00490000,2026-04-24 18:17:40+00:00,490.0,226.51,243.1,245.92,0.0,0.0,12.0,339.0,0.7048369360351563,True,REGULAR,USD,SPY,call,2026-06-18,2026-05-05,2026-05-07T20:54:04+00:00,yfinance
SPY260618C00495000,2026-04-29 18:58:17+00:00,495.0,218.3,238.13,240.96,0.0,0.0,1.0,127.0,0.6914093359375001,True,REGULAR,USD,SPY,call,2026-06-18,2026-05-05,2026-05-07T20:54:04+00:00,yfinance
SPY260618C00500000,2026-05-06 19:51:09+00:00,500.0,237.5,233.17,235.99,0.0,0.0,5.0,1133.0,0.6781038049316408,True,REGULAR,USD,SPY,call,2026-06-18,2026-05-05,2026-05-07T20:54:04+00:00,yfinance
SPY260618C00505000,2026-05-06 16:46:05+00:00,505.0,229.29,228.2,231.03,0.0,0.0,1.0,154.0,0.6648593084716798,True,REGULAR,USD,SPY,call,2026-06-18,2026-05-05,2026-05-07T20:54:04+00:00,yfinance
SPY260618C00510000,2026-05-05 16:00:24+00:00,510.0,215.88,223.24,226.06,0.0,0.0,1.0,436.0,0.6516148120117189,True,REGULAR,USD,SPY,call,2026-06-18,2026-05-05,2026-05-07T20:54:04+00:00,yfinance
SPY260618C00515000,2026-05-07 17:19:26+00:00,515.0,219.16,218.27,221.1,14.4900055,7.079692,10.0,552.0,0.6384923846435546,True,REGULAR,USD,SPY,call,2026-06-18,2026-05-05,2026-05-07T20:54:04+00:00,yfinance
SPY260618C00520000,2026-05-07 17:36:35+00:00,520.0,213.77,213.31,216.13,-0.069992065,-0.032731045,2.0,4057.0,0.6253699572753908,True,REGULAR,USD,SPY,call,2026-06-18,2026-05-05,2026-05-07T20:54:04+00:00,yfinance
SPY260618C00525000,2026-04-30 17:46:13+00:00,525.0,195.69,208.35,211.17,0.0,0.0,1.0,342.0,0.6125527026367189,True,REGULAR,USD,SPY,call,2026-06-18,2026-05-05,2026-05-07T20:54:04+00:00,yfinance
SPY260618C00530000,2026-05-06 15:52:48+00:00,530.0,204.29,203.39,206.21,0.0,0.0,2.0,410.0,0.599735447998047,True,REGULAR,USD,SPY,call,2026-06-18,2026-05-05,2026-05-07T20:54:04+00:00,yfinance
SPY260618C00535000,2026-05-07 13:43:30+00:00,535.0,203.67,198.43,201.25,1.449997,0.71703935,6.0,525.0,0.586918193359375,True,REGULAR,USD,SPY,call,2026-06-18,2026-05-05,2026-05-07T20:54:04+00:00,yfinance
SPY260618C00540000,2026-05-07 19:14:24+00:00,540.0,194.11,193.47,196.29,6.1100006,3.2500002,2.0,3490.0,0.5741619732666017,True,REGULAR,USD,SPY,call,2026-06-18,2026-05-05,2026-05-07T20:54:04+00:00,yfinance
SPY260618C00545000,2026-05-05 14:39:16+00:00,545.0,180.92,188.51,191.33,0.0,0.0,1.0,509.0,0.5614057531738281,True,REGULAR,USD,SPY,call,2026-06-18,2026-05-05,2026-05-07T20:54:04+00:00,yfinance
SPY260618C00550000,2026-05-06 14:06:57+00:00,550.0,187.9,183.55,186.37,5.75,3.156739,1.0,12328.0,0.5487105676269532,True,REGULAR,USD,SPY,call,2026-06-18,2026-05-05,2026-05-07T20:54:04+00:00,yfinance
SPY260618C00555000,2026-05-05 19:47:35+00:00,555.0,172.81,178.6,181.42,0.0,0.0,1.0,365.0,0.5363815893554689,True,REGULAR,USD,SPY,call,2026-06-18,2026-05-05,2026-05-07T20:54:04+00:00,yfinance
SPY260618C00560000,2026-05-07 16:23:41+00:00,560.0,175.27,173.65,176.47,0.68000793,0.3894885,2.0,1726.0,0.5240526110839843,True,REGULAR,USD,SPY,call,2026-06-18,2026-05-05,2026-05-07T20:54:04+00:00,yfinance
SPY260618C00565000,2026-05-06 16:39:10+00:00,565.0,169.89,168.69,171.52,0.0,0.0,19.0,608.0,0.5115405291748047,True,REGULAR,USD,SPY,call,2026-06-18,2026-05-05,2026-05-07T20:54:04+00:00,yfinance
SPY260618C00570000,2026-05-07 17:20:13+00:00,570.0,164.3,163.74,166.57,-0.48999023,-0.29734224,12.0,5158.0,0.5418746984863283,True,REGULAR,USD,SPY,call,2026-06-18,2026-05-05,2026-05-07T20:54:04+00:00,yfinance
SPY260618C00575000,2026-05-06 19:22:06+00:00,575.0,160.76,158.8,160.6,0.0,0.0,8.0,3083.0,0.4991505163574219,True,REGULAR,USD,SPY,call,2026-06-18,2026-05-05,2026-05-07T20:54:04+00:00,yfinance
SPY260618C00580000,2026-05-06 19:07:56+00:00,580.0,157.0,153.86,156.68,0.0,0.0,4.0,1858.0,0.5153857055664062,True,REGULAR,USD,SPY,call,2026-06-18,2026-05-05,2026-05-07T20:54:04+00:00,yfinance
SPY260618C00585000,2026-05-06 19:59:06+00:00,585.0,152.75,148.91,151.74,0.0,0.0,4.0,410.0,0.5022632781982423,True,REGULAR,USD,SPY,call,2026-06-18,2026-05-05,2026-05-07T20:54:04+00:00,yfinance
SPY260618C00590000,2026-05-07 19:01:02+00:00,590.0,144.39,143.98,146.8,-2.7100067,-1.8422886,3.0,1750.0,0.4891408508300782,True,REGULAR,USD,SPY,call,2026-06-18,2026-05-05,2026-05-07T20:54:04+00:00,yfinance
SPY260618C00595000,2026-05-07 18:59:55+00:00,595.0,140.13,139.04,141.87,-2.1900024,-1.5387875,2.0,1717.0,0.47626256164550784,True,REGULAR,USD,SPY,call,2026-06-18,2026-05-05,2026-05-07T20:54:04+00:00,yfinance
SPY260618C00600000,2026-05-07 17:21:28+00:00,600.0,134.71,134.11,136.94,-2.3600006,-1.7217484,8.0,5080.0,0.46332323791503904,True,REGULAR,USD,SPY,call,2026-06-18,2026-05-05,2026-05-07T20:54:04+00:00,yfinance
SPY260618C00605000,2026-05-06 19:37:37+00:00,605.0,132.18,129.19,132.01,0.0,0.0,14.0,2708.0,0.45038391418457036,True,REGULAR,USD,SPY,call,2026-06-18,2026-05-05,2026-05-07T20:54:04+00:00,yfinance
SPY260618C00610000,2026-05-07 15:23:39+00:00,610.0,128.98,124.27,127.1,1.5399933,1.2084066,2.0,1534.0,0.43781079772949216,True,REGULAR,USD,SPY,call,2026-06-18,2026-05-05,2026-05-07T20:54:04+00:00,yfinance
SPY260618C00615000,2026-05-07 19:42:02+00:00,615.0,121.24,119.35,122.18,-0.9000015,-0.7368606,13.0,2326.0,0.4249935430908204,True,REGULAR,USD,SPY,call,2026-06-18,2026-05-05,2026-05-07T20:54:04+00:00,yfinance
SPY260618C00620000,2026-05-06 19:58:53+00:00,620.0,118.35,114.45,117.27,0.0,0.0,1.0,4817.0,0.41235939208984373,True,REGULAR,USD,SPY,call,2026-06-18,2026-05-05,2026-05-07T20:54:04+00:00,yfinance
SPY260618C00625000,2026-05-06 14:38:17+00:00,625.0,110.37,109.55,112.38,0.20000458,0.18154179,2.0,1738.0,0.4000304138183594,True,REGULAR,USD,SPY,call,2026-06-18,2026-05-05,2026-05-07T20:54:04+00:00,yfinance
SPY260618C00630000,2026-05-07 20:05:15+00:00,630.0,106.24,104.67,107.49,-1.6300049,-1.5110826,4.0,3154.0,0.38757936645507807,True,REGULAR,USD,SPY,call,2026-06-18,2026-05-05,2026-05-07T20:54:04+00:00,yfinance
SPY260618C00635000,2026-05-07 18:03:00+00:00,635.0,100.12,99.79,102.62,-1.0299988,-1.0182885,2.0,3980.0,0.37543349182128904,True,REGULAR,USD,SPY,call,2026-06-18,2026-05-05,2026-05-07T20:54:04+00:00,yfinance
SPY260618C00640000,2026-05-07 19:18:42+00:00,640.0,95.15,94.94,97.76,-2.3799973,-2.440272,16.0,3185.0,0.36331813446044925,True,REGULAR,USD,SPY,call,2026-06-18,2026-05-05,2026-05-07T20:54:04+00:00,yfinance
SPY260618C00645000,2026-05-07 17:56:32+00:00,645.0,90.5,90.1,92.92,-2.75,-2.9490616,9.0,2648.0,0.3514163980102538,True,REGULAR,USD,SPY,call,2026-06-18,2026-05-05,2026-05-07T20:54:04+00:00,yfinance
SPY260618C00650000,2026-05-07 18:07:49+00:00,650.0,86.67,85.28,88.1,-1.8300018,-2.0677986,1812.0,6566.0,0.33969776519775385,True,REGULAR,USD,SPY,call,2026-06-18,2026-05-05,2026-05-07T20:54:04+00:00,yfinance
SPY260618C00655000,2026-05-07 16:54:04+00:00,655.0,82.33,80.48,83.3,-1.3499985,-1.6132869,5.0,4283.0,0.32807068420410157,True,REGULAR,USD,SPY,call,2026-06-18,2026-05-05,2026-05-07T20:54:04+00:00,yfinance
SPY260618C00660000,2026-05-07 18:31:32+00:00,660.0,76.3,75.71,78.53,-1.6699982,-2.1418471,83.0,13593.0,0.3166877413940429,True,REGULAR,USD,SPY,call,2026-06-18,2026-05-05,2026-05-07T20:54:04+00:00,yfinance
SPY260618C00661000,2026-05-01 16:25:12+00:00,661.0,67.75,74.76,77.58,0.0,0.0,1.0,9.0,0.3144294631958008,True,REGULAR,USD,SPY,call,2026-06-18,2026-05-05,2026-05-07T20:54:04+00:00,yfinance
SPY260618C00662000,2026-05-07 18:59:04+00:00,662.0,74.9,73.81,76.63,11.720001,18.550177,3.0,18.0,0.3121711849975586,True,REGULAR,USD,SPY,call,2026-06-18,2026-05-05,2026-05-07T20:54:04+00:00,yfinance
SPY260618C00663000,2026-05-04 16:55:19+00:00,663.0,60.8,72.86,75.69,0.0,0.0,1.0,0.0,0.3100654931640625,True,REGULAR,USD,SPY,call,2026-06-18,2026-05-05,2026-05-07T20:54:04+00:00,yfinance
SPY260618C00664000,2026-05-06 17:51:42+00:00,664.0,73.34,71.91,74.74,0.0,0.0,2.0,32.0,0.3077766976928711,True,REGULAR,USD,SPY,call,2026-06-18,2026-05-05,2026-05-07T20:54:04+00:00,yfinance
SPY260618C00665000,2026-05-07 18:50:00+00:00,665.0,71.56,70.97,73.79,-2.6500015,-3.5709493,69.0,13925.0,0.3054573849487304,True,REGULAR,USD,SPY,call,2026-06-18,2026-05-05,2026-05-07T20:54:04+00:00,yfinance
SPY260618C00666000,2026-05-06 20:04:10+00:00,666.0,73.36,70.02,72.85,0.0,0.0,,1.0,0.30332117584228513,True,REGULAR,USD,SPY,call,2026-06-18,2026-05-05,2026-05-07T20:54:04+00:00,yfinance
SPY260618C00667000,2026-05-04 19:26:15+00:00,667.0,71.63,69.08,71.91,13.549995,23.32988,1.0,7.0,0.3011239321899414,True,REGULAR,USD,SPY,call,2026-06-18,2026-05-05,2026-05-07T20:54:04+00:00,yfinance
SPY260618C00668000,2026-05-07 14:56:54+00:00,668.0,72.92,68.14,70.97,10.9299965,17.63187,2.0,4.0,0.29895720581054686,True,REGULAR,USD,SPY,call,2026-06-18,2026-05-05,2026-05-07T20:54:04+00:00,yfinance
SPY260618C00669000,2026-05-05 15:54:12+00:00,669.0,61.0,67.2,70.03,0.0,0.0,,2.0,0.2967294448852539,True,REGULAR,USD,SPY,call,2026-06-18,2026-05-05,2026-05-07T20:54:04+00:00,yfinance
SPY260618C00670000,2026-05-07 19:55:54+00:00,670.0,66.77,66.26,69.09,-2.8600006,-4.107426,1868.0,20254.0,0.29453220123291013,True,REGULAR,USD,SPY,call,2026-06-18,2026-05-05,2026-05-07T20:54:04+00:00,yfinance
SPY260618C00671000,2026-04-30 17:05:47+00:00,671.0,65.11,65.33,68.15,12.650002,24.113613,4.0,23.0,0.2922739230346678,True,REGULAR,USD,SPY,call,2026-06-18,2026-05-05,2026-05-07T20:54:04+00:00,yfinance
SPY260618C00672000,2026-04-30 14:07:08+00:00,672.0,67.78,64.4,67.21,19.029999,39.035896,1.0,6.0,0.2900156448364257,True,REGULAR,USD,SPY,call,2026-06-18,2026-05-05,2026-05-07T20:54:04+00:00,yfinance
SPY260618C00673000,2026-05-04 17:14:33+00:00,673.0,52.62,63.47,66.28,0.0,0.0,,,0.28790995300292954,True,REGULAR,USD,SPY,call,2026-06-18,2026-05-05,2026-05-07T20:54:04+00:00,yfinance
SPY260618C00674000,2026-05-07 14:14:48+00:00,674.0,66.25,62.54,65.35,2.2999992,3.5965586,1.0,2.0,0.28577374389648436,True,REGULAR,USD,SPY,call,2026-06-18,2026-05-05,2026-05-07T20:54:04+00:00,yfinance
SPY260618C00675000,2026-05-07 19:56:26+00:00,675.0,61.72,61.61,64.42,-3.1699982,-4.8851876,122.0,19128.0,0.2836070175170897,True,REGULAR,USD,SPY,call,2026-06-18,2026-05-05,2026-05-07T20:54:04+00:00,yfinance
SPY260618C00676000,2026-05-04 19:09:27+00:00,676.0,49.61,60.68,63.5,0.0,0.0,2.0,34.0,0.2815623602294921,True,REGULAR,USD,SPY,call,2026-06-18,2026-05-05,2026-05-07T20:54:04+00:00,yfinance
SPY260618C00677000,2026-05-06 15:42:31+00:00,677.0,61.01,59.76,62.57,0.0,0.0,1.0,4.0,0.27936511657714835,True,REGULAR,USD,SPY,call,2026-06-18,2026-05-05,2026-05-07T20:54:04+00:00,yfinance
SPY260618C00678000,2026-04-29 17:32:46+00:00,678.0,42.93,58.84,61.65,0.0,0.0,,15.0,0.2772899420166015,True,REGULAR,USD,SPY,call,2026-06-18,2026-05-05,2026-05-07T20:54:04+00:00,yfinance
SPY260618C00679000,2026-05-07 17:26:02+00:00,679.0,58.35,57.92,60.73,-2.9500008,-4.812399,5.0,7.0,0.27518425018310544,True,REGULAR,USD,SPY,call,2026-06-18,2026-05-05,2026-05-07T20:54:04+00:00,yfinance
SPY260618C00680000,2026-05-07 19:24:52+00:00,680.0,57.58,57.0,59.81,-2.4199982,-4.0333304,106.0,17060.0,0.27307855834960937,True,REGULAR,USD,SPY,call,2026-06-18,2026-05-05,2026-05-07T20:54:04+00:00,yfinance
SPY260618C00681000,2026-05-06 16:58:13+00:00,681.0,56.69,56.08,58.9,0.0,0.0,15.0,48.0,0.271064418334961,True,REGULAR,USD,SPY,call,2026-06-18,2026-05-05,2026-05-07T20:54:04+00:00,yfinance
SPY260618C00682000,2026-05-07 17:58:40+00:00,682.0,55.55,55.17,57.98,-0.95000076,-1.6814172,1.0,5.0,0.26889769195556634,True,REGULAR,USD,SPY,call,2026-06-18,2026-05-05,2026-05-07T20:54:04+00:00,yfinance
SPY260618C00683000,2026-05-07 14:53:48+00:00,683.0,58.77,54.26,57.07,3.2200012,5.7965817,1.0,36.0,0.2668530346679688,True,REGULAR,USD,SPY,call,2026-06-18,2026-05-05,2026-05-07T20:54:04+00:00,yfinance
SPY260618C00684000,2026-05-07 14:45:17+00:00,684.0,57.7,53.35,56.16,2.9400024,5.368887,1.0,2.0,0.2647778601074219,True,REGULAR,USD,SPY,call,2026-06-18,2026-05-05,2026-05-07T20:54:04+00:00,yfinance
SPY260618C00685000,2026-05-07 19:56:26+00:00,685.0,53.24,52.44,55.26,-2.7599983,-4.9285684,223.0,15787.0,0.2627942373657227,True,REGULAR,USD,SPY,call,2026-06-18,2026-05-05,2026-05-07T20:54:04+00:00,yfinance
SPY260618C00686000,2026-05-06 14:06:21+00:00,686.0,50.31,51.54,54.36,0.0,0.0,6.0,7.0,0.26081061462402344,True,REGULAR,USD,SPY,call,2026-06-18,2026-05-05,2026-05-07T20:54:04+00:00,yfinance
SPY260618C00687000,2026-05-07 17:10:38+00:00,687.0,52.24,50.64,53.46,-0.3999977,-0.7598741,1.0,10.0,0.25879647460937505,True,REGULAR,USD,SPY,call,2026-06-18,2026-05-05,2026-05-07T20:54:04+00:00,yfinance
SPY260618C00688000,2026-05-05 16:27:54+00:00,688.0,53.49,49.75,52.56,9.510002,21.62347,1.0,8.0,0.2567518173217773,True,REGULAR,USD,SPY,call,2026-06-18,2026-05-05,2026-05-07T20:54:04+00:00,yfinance
SPY260618C00689000,2026-05-07 17:21:47+00:00,689.0,49.44,48.85,51.67,-2.0600014,-4.000003,2.0,8.0,0.2547987118530274,True,REGULAR,USD,SPY,call,2026-06-18,2026-05-05,2026-05-07T20:54:04+00:00,yfinance
SPY260618C00690000,2026-05-07 19:07:52+00:00,690.0,48.38,47.96,50.78,-3.1699982,-6.149366,106.0,16495.0,0.2528150891113281,True,REGULAR,USD,SPY,call,2026-06-18,2026-05-05,2026-05-07T20:54:04+00:00,yfinance
SPY260618C00691000,2026-05-06 14:06:02+00:00,691.0,49.94,47.07,49.89,3.1599998,6.7550235,4.0,13.0,0.25083146636962883,True,REGULAR,USD,SPY,call,2026-06-18,2026-05-05,2026-05-07T20:54:04+00:00,yfinance
SPY260618C00692000,2026-05-07 19:21:55+00:00,692.0,46.23,46.19,49.0,-1.2700005,-2.673685,4.0,51.0,0.24878680908203127,True,REGULAR,USD,SPY,call,2026-06-18,2026-05-05,2026-05-07T20:54:04+00:00,yfinance
SPY260618C00693000,2026-05-07 19:09:46+00:00,693.0,46.01,45.31,48.12,5.3099976,13.046677,2.0,46.0,0.2468489622497559,True,REGULAR,USD,SPY,call,2026-06-18,2026-05-05,2026-05-07T20:54:04+00:00,yfinance
SPY260618C00694000,2026-05-07 14:49:36+00:00,694.0,48.58,44.43,47.24,4.9900017,11.447584,1.0,32.0,0.24488059814453128,True,REGULAR,USD,SPY,call,2026-06-18,2026-05-05,2026-05-07T20:54:04+00:00,yfinance
SPY260618C00695000,2026-05-07 19:25:04+00:00,695.0,44.12,43.55,46.36,-2.7800026,-5.9275103,36.0,25224.0,0.24286645812988278,True,REGULAR,USD,SPY,call,2026-06-18,2026-05-05,2026-05-07T20:54:04+00:00,yfinance
SPY260618C00696000,2026-05-07 14:04:38+00:00,696.0,46.19,42.68,45.49,0.19999695,0.43487048,1.0,17.0,0.24095912857055662,True,REGULAR,USD,SPY,call,2026-06-18,2026-05-05,2026-05-07T20:54:04+00:00,yfinance
SPY260618C00697000,2026-05-07 19:16:26+00:00,697.0,42.3,41.81,44.62,-2.2600021,-5.071818,10.0,23.0,0.23902128173828124,True,REGULAR,USD,SPY,call,2026-06-18,2026-05-05,2026-05-07T20:54:04+00:00,yfinance
SPY260618C00698000,2026-05-07 17:02:40+00:00,698.0,42.27,40.94,43.75,-1.9899979,-4.4961543,3.0,21.0,0.23703765899658202,True,REGULAR,USD,SPY,call,2026-06-18,2026-05-05,2026-05-07T20:54:04+00:00,yfinance
SPY260618C00699000,2026-05-07 19:44:02+00:00,699.0,41.06,40.08,42.89,-0.22999954,-0.5570345,86.0,39.0,0.23513032943725587,True,REGULAR,USD,SPY,call,2026-06-18,2026-05-05,2026-05-07T20:54:04+00:00,yfinance
SPY260618C00700000,2026-05-07 19:30:13+00:00,700.0,40.0,39.22,42.03,-2.709999,-6.345116,926.0,30472.0,0.2331924826049805,True,REGULAR,USD,SPY,call,2026-06-18,2026-05-05,2026-05-07T20:54:04+00:00,yfinance
SPY260618C00701000,2026-05-07 19:18:33+00:00,701.0,38.65,38.37,41.18,-2.1399994,-5.246382,13.0,6.0,0.23133092895507812,True,REGULAR,USD,SPY,call,2026-06-18,2026-05-05,2026-05-07T20:54:04+00:00,yfinance
SPY260618C00702000,2026-05-07 17:19:04+00:00,702.0,38.51,37.52,40.33,-2.4300003,-5.9355164,4.0,22.0,0.22943885803222658,True,REGULAR,USD,SPY,call,2026-06-18,2026-05-05,2026-05-07T20:54:04+00:00,yfinance
SPY260618C00703000,2026-05-07 17:19:04+00:00,703.0,37.66,36.68,39.49,1.3400002,3.6894279,3.0,13.0,0.22760782165527343,True,REGULAR,USD,SPY,call,2026-06-18,2026-05-05,2026-05-07T20:54:04+00:00,yfinance
SPY260618C00704000,2026-05-07 20:11:01+00:00,704.0,37.12,35.83,38.65,0.45999908,1.2547711,1.0,27.0,0.22574626800537106,True,REGULAR,USD,SPY,call,2026-06-18,2026-05-05,2026-05-07T20:54:04+00:00,yfinance
SPY260618C00705000,2026-05-07 19:59:02+00:00,705.0,35.91,35.0,37.8,-2.4500008,-6.386863,250.0,15568.0,0.22373212799072262,True,REGULAR,USD,SPY,call,2026-06-18,2026-05-05,2026-05-07T20:54:04+00:00,yfinance
SPY260618C00706000,2026-05-06 16:10:33+00:00,706.0,35.6,34.16,36.98,0.0,0.0,6.0,15.0,0.22200790206909177,True,REGULAR,USD,SPY,call,2026-06-18,2026-05-05,2026-05-07T20:54:04+00:00,yfinance
SPY260618C00707000,2026-05-07 15:58:21+00:00,707.0,36.55,33.34,36.15,8.869999,32.044792,1.0,88.0,0.22013108978271478,True,REGULAR,USD,SPY,call,2026-06-18,2026-05-05,2026-05-07T20:54:04+00:00,yfinance
SPY260618C00708000,2026-05-05 17:53:04+00:00,708.0,28.17,32.52,35.33,0.0,0.0,2.0,41.0,0.2183000534057617,True,REGULAR,USD,SPY,call,2026-06-18,2026-05-05,2026-05-07T20:54:04+00:00,yfinance
SPY260618C00709000,2026-05-07 15:21:31+00:00,709.0,35.83,31.7,34.51,1.6100006,4.7048526,2.0,144.0,0.21643849975585935,True,REGULAR,USD,SPY,call,2026-06-18,2026-05-05,2026-05-07T20:54:04+00:00,yfinance
SPY260618C00710000,2026-05-07 19:46:48+00:00,710.0,31.41,30.93,33.67,-2.8100014,-8.2115755,274.0,33030.0,0.21430229064941403,True,REGULAR,USD,SPY,call,2026-06-18,2026-05-05,2026-05-07T20:54:04+00:00,yfinance
SPY260618C00711000,2026-05-07 18:42:07+00:00,711.0,30.82,30.09,32.9,-0.14999962,-0.48433846,19.0,1770.0,0.21289849609375,True,REGULAR,USD,SPY,call,2026-06-18,2026-05-05,2026-05-07T20:54:04+00:00,yfinance
SPY260618C00712000,2026-05-06 20:12:56+00:00,712.0,32.28,29.33,32.02,-0.25,-0.76852137,1.0,168.0,0.21024349334716796,True,REGULAR,USD,SPY,call,2026-06-18,2026-05-05,2026-05-07T20:54:04+00:00,yfinance
SPY260618C00713000,2026-05-07 16:36:22+00:00,713.0,31.1,28.52,31.2,-0.86999893,-2.721298,13.0,1342.0,0.20818357742309568,True,REGULAR,USD,SPY,call,2026-06-18,2026-05-05,2026-05-07T20:54:04+00:00,yfinance
SPY260618C00714000,2026-05-07 14:04:38+00:00,714.0,31.01,27.7,30.44,1.0100002,3.3666675,4.0,1670.0,0.20671874832153314,True,REGULAR,USD,SPY,call,2026-06-18,2026-05-05,2026-05-07T20:54:04+00:00,yfinance
SPY260618C00715000,2026-05-07 19:53:39+00:00,715.0,27.51,27.07,29.58,-2.83,-9.3276205,102.0,38326.0,0.20414003875732417,True,REGULAR,USD,SPY,call,2026-06-18,2026-05-05,2026-05-07T20:54:04+00:00,yfinance
SPY260618C00716000,2026-05-07 17:59:16+00:00,716.0,27.31,26.15,28.88,-2.540001,-8.509215,1.0,1074.0,0.20319400329589843,True,REGULAR,USD,SPY,call,2026-06-18,2026-05-05,2026-05-07T20:54:04+00:00,yfinance
SPY260618C00717000,2026-05-07 18:23:44+00:00,717.0,26.52,26.52,27.28,-2.459999,-8.48861,5.0,2181.0,0.1926960614013672,True,REGULAR,USD,SPY,call,2026-06-18,2026-05-05,2026-05-07T20:54:04+00:00,yfinance
SPY260618C00718000,2026-05-07 17:27:08+00:00,718.0,24.77,24.87,27.2,-1.3199997,-5.0594087,64.0,792.0,0.19817391189575195,True,REGULAR,USD,SPY,call,2026-06-18,2026-05-05,2026-05-07T20:54:04+00:00,yfinance
SPY260618C00719000,2026-05-07 17:19:55+00:00,719.0,25.04,24.14,26.46,-2.2399998,-8.211143,5.0,383.0,0.1966327896118164,True,REGULAR,USD,SPY,call,2026-06-18,2026-05-05,2026-05-07T20:54:04+00:00,yfinance
SPY260618C00720000,2026-05-07 20:11:01+00:00,720.0,24.42,24.42,24.67,-1.9300003,-7.324479,250.0,17087.0,0.18412070770263672,True,REGULAR,USD,SPY,call,2026-06-18,2026-05-05,2026-05-07T20:54:04+00:00,yfinance
SPY260618C00721000,2026-05-07 17:35:54+00:00,721.0,23.15,23.22,24.44,-2.8500004,-10.961539,19.0,3405.0,0.18776752182006834,True,REGULAR,USD,SPY,call,2026-06-18,2026-05-05,2026-05-07T20:54:04+00:00,yfinance
SPY260618C00722000,2026-05-07 18:25:10+00:00,722.0,22.13,21.76,24.36,-2.6400013,-10.658059,459.0,4617.0,0.19281813049316404,True,REGULAR,USD,SPY,call,2026-06-18,2026-05-05,2026-05-07T20:54:04+00:00,yfinance
SPY260618C00723000,2026-05-07 20:04:16+00:00,723.0,22.72,21.03,23.64,-1.6500015,-6.7706256,6.0,580.0,0.19120071502685548,True,REGULAR,USD,SPY,call,2026-06-18,2026-05-05,2026-05-07T20:54:04+00:00,yfinance
SPY260618C00724000,2026-05-06 19:56:57+00:00,724.0,20.71,21.38,22.58,-3.0900002,-12.983193,2.0,3743.0,0.18607381317138671,True,REGULAR,USD,SPY,call,2026-06-18,2026-05-05,2026-05-07T20:54:04+00:00,yfinance
SPY260618C00725000,2026-05-07 20:14:49+00:00,725.0,20.98,20.88,21.06,-1.8500004,-8.1033745,482.0,34348.0,0.17621673400878907,True,REGULAR,USD,SPY,call,2026-06-18,2026-05-05,2026-05-07T20:54:04+00:00,yfinance
SPY260618C00726000,2026-05-07 20:02:38+00:00,726.0,20.2,20.0,21.14,-2.1899986,-9.781146,50.0,350.0,0.1825032922363281,True,REGULAR,USD,SPY,call,2026-06-18,2026-05-05,2026-05-07T20:54:04+00:00,yfinance
SPY260618C00727000,2026-05-07 18:46:27+00:00,727.0,18.66,19.32,20.39,-2.7999992,-13.047528,8.0,382.0,0.18030604858398439,True,REGULAR,USD,SPY,call,2026-06-18,2026-05-05,2026-05-07T20:54:04+00:00,yfinance
SPY260618C00728000,2026-05-07 19:28:22+00:00,728.0,18.32,17.9,19.85,-2.1000004,-10.284037,83.0,886.0,0.18015346221923828,True,REGULAR,USD,SPY,call,2026-06-18,2026-05-05,2026-05-07T20:54:04+00:00,yfinance
SPY260618C00729000,2026-05-07 19:28:22+00:00,729.0,17.71,17.44,18.97,-2.040001,-10.329119,144.0,575.0,0.17649138946533205,True,REGULAR,USD,SPY,call,2026-06-18,2026-05-05,2026-05-07T20:54:04+00:00,yfinance
SPY260618C00730000,2026-05-07 20:14:49+00:00,730.0,17.6,17.51,17.69,-1.6900005,-8.761019,747.0,19104.0,0.16874000213623053,True,REGULAR,USD,SPY,call,2026-06-18,2026-05-05,2026-05-07T20:54:04+00:00,yfinance
SPY260618C00731000,2026-05-07 19:53:10+00:00,731.0,16.32,16.91,16.98,-2.4300003,-12.960002,1186.0,454.0,0.16663431030273443,True,REGULAR,USD,SPY,call,2026-06-18,2026-05-05,2026-05-07T20:54:04+00:00,yfinance
SPY260618C00732000,2026-05-07 20:12:30+00:00,732.0,16.23,16.28,16.35,-1.8199997,-10.083101,277.0,886.0,0.16523051574707032,False,REGULAR,USD,SPY,call,2026-06-18,2026-05-05,2026-05-07T20:54:04+00:00,yfinance
SPY260618C00733000,2026-05-07 20:13:04+00:00,733.0,15.63,15.66,15.73,-2.0500002,-11.595023,566.0,1867.0,0.1638267211914063,False,REGULAR,USD,SPY,call,2026-06-18,2026-05-05,2026-05-07T20:54:04+00:00,yfinance
SPY260618C00734000,2026-05-07 19:36:11+00:00,734.0,14.62,15.05,15.12,-2.0600004,-12.350122,1775.0,10310.0,0.16243818527221682,False,REGULAR,USD,SPY,call,2026-06-18,2026-05-05,2026-05-07T20:54:04+00:00,yfinance
SPY260618C00735000,2026-05-07 20:05:01+00:00,735.0,14.53,14.46,14.53,-1.8800001,-11.45643,1081.0,17274.0,0.161141201171875,False,REGULAR,USD,SPY,call,2026-06-18,2026-05-05,2026-05-07T20:54:04+00:00,yfinance
SPY260618C00736000,2026-05-07 20:02:44+00:00,736.0,14.15,13.87,13.94,-1.1900005,-7.7575,880.0,832.0,0.15975266525268556,False,REGULAR,USD,SPY,call,2026-06-18,2026-05-05,2026-05-07T20:54:04+00:00,yfinance
SPY260618C00737000,2026-05-07 20:10:15+00:00,737.0,13.27,13.31,13.37,-1.6899996,-11.296788,340.0,732.0,0.15845568115234376,False,REGULAR,USD,SPY,call,2026-06-18,2026-05-05,2026-05-07T20:54:04+00:00,yfinance
SPY260618C00738000,2026-05-07 20:04:43+00:00,738.0,13.08,12.75,12.82,-1.4200001,-9.793103,130.0,610.0,0.1572502488708496,False,REGULAR,USD,SPY,call,2026-06-18,2026-05-05,2026-05-07T20:54:04+00:00,yfinance
SPY260618C00739000,2026-05-07 20:04:08+00:00,739.0,12.3,12.21,12.27,-1.7799997,-12.642043,319.0,792.0,0.1559380061340332,False,REGULAR,USD,SPY,call,2026-06-18,2026-05-05,2026-05-07T20:54:04+00:00,yfinance
SPY260618C00740000,2026-05-07 20:04:10+00:00,740.0,11.8,11.68,11.74,-1.4799995,-11.144575,3279.0,32767.0,0.15471731521606447,False,REGULAR,USD,SPY,call,2026-06-18,2026-05-05,2026-05-07T20:54:04+00:00,yfinance
SPY260618C00741000,2026-05-07 19:41:26+00:00,741.0,10.79,11.16,11.23,-1.8100004,-14.365083,147.0,846.0,0.15358817611694336,False,REGULAR,USD,SPY,call,2026-06-18,2026-05-05,2026-05-07T20:54:04+00:00,yfinance
SPY260618C00742000,2026-05-07 20:12:59+00:00,742.0,10.63,10.66,10.72,-1.3099995,-10.971519,1578.0,2032.0,0.15235222656250003,False,REGULAR,USD,SPY,call,2026-06-18,2026-05-05,2026-05-07T20:54:04+00:00,yfinance
SPY260618C00743000,2026-05-07 19:56:50+00:00,743.0,9.79,10.17,10.23,-1.8400002,-15.821154,363.0,660.0,0.15119257019042973,False,REGULAR,USD,SPY,call,2026-06-18,2026-05-05,2026-05-07T20:54:04+00:00,yfinance
SPY260618C00744000,2026-05-07 19:41:35+00:00,744.0,9.31,9.69,9.76,-1.6999998,-15.440507,378.0,717.0,0.15012446563720705,False,REGULAR,USD,SPY,call,2026-06-18,2026-05-05,2026-05-07T20:54:04+00:00,yfinance
SPY260618C00745000,2026-05-07 20:08:17+00:00,745.0,9.24,9.23,9.3,-1.5700006,-14.523594,717.0,20678.0,0.1490411024475098,False,REGULAR,USD,SPY,call,2026-06-18,2026-05-05,2026-05-07T20:54:04+00:00,yfinance
SPY260618C00746000,2026-05-07 20:07:43+00:00,746.0,8.79,8.79,8.85,-1.2399998,-12.362909,119.0,888.0,0.14795773925781253,False,REGULAR,USD,SPY,call,2026-06-18,2026-05-05,2026-05-07T20:54:04+00:00,yfinance
SPY260618C00747000,2026-05-07 19:28:49+00:00,747.0,7.75,8.35,8.41,-2.0299997,-20.756643,279.0,790.0,0.14682860015869142,False,REGULAR,USD,SPY,call,2026-06-18,2026-05-05,2026-05-07T20:54:04+00:00,yfinance
SPY260618C00748000,2026-05-07 20:02:45+00:00,748.0,8.2,7.93,7.99,-0.9000006,-9.890116,164.0,1100.0,0.14580627151489256,False,REGULAR,USD,SPY,call,2026-06-18,2026-05-05,2026-05-07T20:54:04+00:00,yfinance
SPY260618C00749000,2026-05-07 18:50:56+00:00,749.0,7.1,7.53,7.59,-1.6799998,-19.134396,157.0,928.0,0.14487549468994143,False,REGULAR,USD,SPY,call,2026-06-18,2026-05-05,2026-05-07T20:54:04+00:00,yfinance
SPY260618C00750000,2026-05-07 20:14:22+00:00,750.0,7.15,7.14,7.2,-1.44,-16.763678,4366.0,25680.0,0.14391420059204102,False,REGULAR,USD,SPY,call,2026-06-18,2026-05-05,2026-05-07T20:54:04+00:00,yfinance
SPY260618C00751000,2026-05-07 19:40:35+00:00,751.0,6.49,6.76,6.82,-1.4500003,-18.261969,411.0,1611.0,0.14293764785766605,False,REGULAR,USD,SPY,call,2026-06-18,2026-05-05,2026-05-07T20:54:04+00:00,yfinance
SPY260618C00755000,2026-05-07 20:09:02+00:00,755.0,5.35,5.39,5.45,-1.3200002,-19.790108,2231.0,27848.0,0.13941290283203128,False,REGULAR,USD,SPY,call,2026-06-18,2026-05-05,2026-05-07T20:54:04+00:00,yfinance
SPY260618C00760000,2026-05-07 20:09:02+00:00,760.0,3.94,3.98,4.03,-1.06,-21.199999,2355.0,13801.0,0.1355066918945313,False,REGULAR,USD,SPY,call,2026-06-18,2026-05-05,2026-05-07T20:54:04+00:00,yfinance
SPY260618C00765000,2026-05-07 20:13:28+00:00,765.0,2.86,2.88,2.92,-0.75,-20.775623,3273.0,12235.0,0.1323023782348633,False,REGULAR,USD,SPY,call,2026-06-18,2026-05-05,2026-05-07T20:54:04+00:00,yfinance
SPY260618C00770000,2026-05-07 20:10:23+00:00,770.0,2.06,2.04,2.07,-0.6700001,-24.542128,1008.0,12076.0,0.1295863409423828,False,REGULAR,USD,SPY,call,2026-06-18,2026-05-05,2026-05-07T20:54:04+00:00,yfinance
SPY260618C00775000,2026-05-07 20:10:23+00:00,775.0,1.43,1.42,1.46,-0.65,-31.250002,1011.0,6891.0,0.12781633911132811,False,REGULAR,USD,SPY,call,2026-06-18,2026-05-05,2026-05-07T20:54:04+00:00,yfinance
SPY260618C00780000,2026-05-07 20:13:28+00:00,780.0,1.01,0.99,1.02,-0.49,-32.666668,654.0,8502.0,0.1266566827392578,False,REGULAR,USD,SPY,call,2026-06-18,2026-05-05,2026-05-07T20:54:04+00:00,yfinance
SPY260618C00785000,2026-05-07 18:39:50+00:00,785.0,0.65,0.69,0.71,-0.42000008,-39.252342,320.0,4512.0,0.125985302734375,False,REGULAR,USD,SPY,call,2026-06-18,2026-05-05,2026-05-07T20:54:04+00:00,yfinance
SPY260618C00790000,2026-05-07 20:07:48+00:00,790.0,0.5,0.49,0.51,-0.3,-37.5,252.0,7675.0,0.12653461364746094,False,REGULAR,USD,SPY,call,2026-06-18,2026-05-05,2026-05-07T20:54:04+00:00,yfinance
SPY260618C00795000,2026-05-07 17:38:41+00:00,795.0,0.37,0.36,0.38,-0.19999999,-35.087715,111.0,3481.0,0.12806047729492187,False,REGULAR,USD,SPY,call,2026-06-18,2026-05-05,2026-05-07T20:54:04+00:00,yfinance
SPY260618C00800000,2026-05-07 19:54:29+00:00,800.0,0.27,0.27,0.29,-0.19999999,-42.55319,952.0,20594.0,0.13013565185546871,False,REGULAR,USD,SPY,call,2026-06-18,2026-05-05,2026-05-07T20:54:04+00:00,yfinance
SPY260618C00805000,2026-05-07 20:01:47+00:00,805.0,0.22,0.21,0.23,-0.15,-40.540543,54.0,1085.0,0.13306531005859373,False,REGULAR,USD,SPY,call,2026-06-18,2026-05-05,2026-05-07T20:54:04+00:00,yfinance
SPY260618C00810000,2026-05-07 17:22:22+00:00,810.0,0.18,0.17,0.19,-0.09,-33.333332,474.0,7495.0,0.13648324462890626,False,REGULAR,USD,SPY,call,2026-06-18,2026-05-05,2026-05-07T20:54:04+00:00,yfinance
SPY260618C00815000,2026-05-07 17:12:24+00:00,815.0,0.15,0.14,0.16,-0.059999987,-28.571423,125.0,1973.0,0.1401453173828125,False,REGULAR,USD,SPY,call,2026-06-18,2026-05-05,2026-05-07T20:54:04+00:00,yfinance
SPY260618C00820000,2026-05-07 17:54:14+00:00,820.0,0.12,0.12,0.14,-0.080000006,-40.000004,7505.0,18650.0,0.1445398046875,False,REGULAR,USD,SPY,call,2026-06-18,2026-05-05,2026-05-07T20:54:04+00:00,yfinance
SPY260618C00825000,2026-05-07 18:49:14+00:00,825.0,0.11,0.11,0.12,-0.030000001,-21.428572,8814.0,11457.0,0.14820187744140628,False,REGULAR,USD,SPY,call,2026-06-18,2026-05-05,2026-05-07T20:54:04+00:00,yfinance
SPY260618C00830000,2026-05-07 16:35:31+00:00,830.0,0.13,0.09,0.11,0.009999998,8.333331,37.0,3627.0,0.15284050292968754,False,REGULAR,USD,SPY,call,2026-06-18,2026-05-05,2026-05-07T20:54:04+00:00,yfinance
SPY260618C00835000,2026-05-07 17:00:11+00:00,835.0,0.1,0.08,0.1,-0.009999998,-9.090907,14.0,4993.0,0.15747912841796874,False,REGULAR,USD,SPY,call,2026-06-18,2026-05-05,2026-05-07T20:54:04+00:00,yfinance
SPY260618C00840000,2026-05-07 19:59:18+00:00,840.0,0.08,0.07,0.09,-0.030000001,-27.272728,102.0,8267.0,0.16162947753906248,False,REGULAR,USD,SPY,call,2026-06-18,2026-05-05,2026-05-07T20:54:04+00:00,yfinance
SPY260618C00845000,2026-05-07 16:05:04+00:00,845.0,0.1,0.06,0.08,0.020000003,25.000004,12732.0,12958.0,0.16553568847656253,False,REGULAR,USD,SPY,call,2026-06-18,2026-05-05,2026-05-07T20:54:04+00:00,yfinance
SPY260618C00850000,2026-05-07 18:24:48+00:00,850.0,0.07,0.06,0.07,-0.009999998,-12.499997,17670.0,19528.0,0.16895362304687503,False,REGULAR,USD,SPY,call,2026-06-18,2026-05-05,2026-05-07T20:54:04+00:00,yfinance
SPY260618C00855000,2026-05-07 14:54:18+00:00,855.0,0.07,0.05,0.07,0.0,0.0,6448.0,7817.0,0.174812939453125,False,REGULAR,USD,SPY,call,2026-06-18,2026-05-05,2026-05-07T20:54:04+00:00,yfinance
SPY260618C00860000,2026-05-07 15:32:33+00:00,860.0,0.07,0.04,0.06,0.02,40.0,9229.0,11555.0,0.17774259765625,False,REGULAR,USD,SPY,call,2026-06-18,2026-05-05,2026-05-07T20:54:04+00:00,yfinance
SPY260618C00865000,2026-05-07 18:08:22+00:00,865.0,0.05,0.04,0.06,0.0,0.0,11124.0,15097.0,0.18360191406249998,False,REGULAR,USD,SPY,call,2026-06-18,2026-05-05,2026-05-07T20:54:04+00:00,yfinance
SPY260618C00870000,2026-05-07 17:52:57+00:00,870.0,0.05,0.04,0.05,0.010000002,25.000004,1465.0,15073.0,0.18555501953124998,False,REGULAR,USD,SPY,call,2026-06-18,2026-05-05,2026-05-07T20:54:04+00:00,yfinance
SPY260618C00875000,2026-05-07 19:14:57+00:00,875.0,0.04,0.03,0.04,0.0,0.0,62.0,1153.0,0.186531572265625,False,REGULAR,USD,SPY,call,2026-06-18,2026-05-05,2026-05-07T20:54:04+00:00,yfinance
SPY260618C00880000,2026-05-07 19:14:38+00:00,880.0,0.04,0.03,0.04,0.01,33.333336,141.0,1471.0,0.192390888671875,False,REGULAR,USD,SPY,call,2026-06-18,2026-05-05,2026-05-07T20:54:04+00:00,yfinance
SPY260618C00885000,2026-05-07 16:23:36+00:00,885.0,0.04,0.03,0.04,0.01,33.333336,1020.0,11744.0,0.19727365234375,False,REGULAR,USD,SPY,call,2026-06-18,2026-05-05,2026-05-07T20:54:04+00:00,yfinance
SPY260618C00890000,2026-05-07 19:35:09+00:00,890.0,0.03,0.02,0.03,0.0,0.0,4367.0,5711.0,0.19727365234375,False,REGULAR,USD,SPY,call,2026-06-18,2026-05-05,2026-05-07T20:54:04+00:00,yfinance
SPY260618C00895000,2026-05-07 16:22:23+00:00,895.0,0.04,0.02,0.03,0.01,33.333336,1400.0,4294.0,0.20215641601562498,False,REGULAR,USD,SPY,call,2026-06-18,2026-05-05,2026-05-07T20:54:04+00:00,yfinance
SPY260618C00900000,2026-05-07 17:19:38+00:00,900.0,0.03,0.02,0.03,0.01,50.0,2840.0,3151.0,0.20703917968749996,False,REGULAR,USD,SPY,call,2026-06-18,2026-05-05,2026-05-07T20:54:04+00:00,yfinance
SPY260618C00905000,2026-05-07 17:19:13+00:00,905.0,0.03,0.02,0.03,0.0,0.0,675.0,1567.0,0.21289849609375,False,REGULAR,USD,SPY,call,2026-06-18,2026-05-05,2026-05-07T20:54:04+00:00,yfinance
SPY260618C00910000,2026-05-07 16:52:37+00:00,910.0,0.03,0.01,0.03,0.02,200.0,174.0,1525.0,0.21680470703125,False,REGULAR,USD,SPY,call,2026-06-18,2026-05-05,2026-05-07T20:54:04+00:00,yfinance
SPY260618C00915000,2026-05-07 15:02:25+00:00,915.0,0.03,0.01,0.03,0.02,200.0,2215.0,2877.0,0.22266402343749997,False,REGULAR,USD,SPY,call,2026-06-18,2026-05-05,2026-05-07T20:54:04+00:00,yfinance
SPY260618C00920000,2026-05-07 15:41:03+00:00,920.0,0.03,0.01,0.03,0.01,50.0,2864.0,3166.0,0.22657023437499998,False,REGULAR,USD,SPY,call,2026-06-18,2026-05-05,2026-05-07T20:54:04+00:00,yfinance
SPY260618C00925000,2026-05-07 15:10:47+00:00,925.0,0.03,0.01,0.03,0.01,50.0,3919.0,4449.0,0.23242955078125,False,REGULAR,USD,SPY,call,2026-06-18,2026-05-05,2026-05-07T20:54:04+00:00,yfinance
SPY260618C00930000,2026-05-07 15:04:50+00:00,930.0,0.03,0.01,0.03,0.01,50.0,2346.0,2371.0,0.23633576171874998,False,REGULAR,USD,SPY,call,2026-06-18,2026-05-05,2026-05-07T20:54:04+00:00,yfinance
SPY260618C00935000,2026-05-07 15:23:01+00:00,935.0,0.02,0.01,0.03,0.01,100.0,1214.0,1537.0,0.241218525390625,False,REGULAR,USD,SPY,call,2026-06-18,2026-05-05,2026-05-07T20:54:04+00:00,yfinance
SPY260618C00940000,2026-05-07 16:12:22+00:00,940.0,0.02,0.01,0.02,0.0,0.0,6017.0,6254.0,0.23828886718749998,False,REGULAR,USD,SPY,call,2026-06-18,2026-05-05,2026-05-07T20:54:04+00:00,yfinance
SPY260618C00945000,2026-05-07 15:05:34+00:00,945.0,0.02,0.01,0.02,0.01,100.0,3036.0,3055.0,0.242195078125,False,REGULAR,USD,SPY,call,2026-06-18,2026-05-05,2026-05-07T20:54:04+00:00,yfinance
SPY260618C00950000,2026-05-07 16:51:12+00:00,950.0,0.02,0.01,0.02,0.01,100.0,141.0,357.0,0.2461012890625,False,REGULAR,USD,SPY,call,2026-06-18,2026-05-05,2026-05-07T20:54:04+00:00,yfinance
SPY260618C00955000,2026-05-07 15:10:37+00:00,955.0,0.02,0.01,0.02,0.0,0.0,5.0,205.0,0.25196060546875,False,REGULAR,USD,SPY,call,2026-06-18,2026-05-05,2026-05-07T20:54:04+00:00,yfinance
SPY260618C00960000,2026-05-06 16:55:47+00:00,960.0,0.02,0.0,0.02,0.0,0.0,7.0,1782.0,0.25586681640625003,False,REGULAR,USD,SPY,call,2026-06-18,2026-05-05,2026-05-07T20:54:04+00:00,yfinance
SPY260618C00965000,2026-05-07 15:04:40+00:00,965.0,0.02,0.0,0.02,0.01,100.0,1.0,8868.0,0.25977302734375,False,REGULAR,USD,SPY,call,2026-06-18,2026-05-05,2026-05-07T20:54:04+00:00,yfinance
SPY260618C00970000,2026-05-06 20:06:05+00:00,970.0,0.01,0.0,0.02,0.0,0.0,130.0,5249.0,0.26563234375,False,REGULAR,USD,SPY,call,2026-06-18,2026-05-05,2026-05-07T20:54:04+00:00,yfinance
SPY260618C00975000,2026-05-06 19:18:44+00:00,975.0,0.01,0.01,0.02,0.0,0.0,63.0,3504.0,0.2695385546875,False,REGULAR,USD,SPY,call,2026-06-18,2026-05-05,2026-05-07T20:54:04+00:00,yfinance
SPY260618C00980000,2026-05-06 20:12:38+00:00,980.0,0.01,0.01,0.02,0.0,0.0,248.0,4239.0,0.273444765625,False,REGULAR,USD,SPY,call,2026-06-18,2026-05-05,2026-05-07T20:54:04+00:00,yfinance
SPY260618C00985000,2026-05-06 20:11:03+00:00,985.0,0.02,0.01,0.02,0.0,0.0,28.0,3290.0,0.27735097656249996,False,REGULAR,USD,SPY,call,2026-06-18,2026-05-05,2026-05-07T20:54:04+00:00,yfinance
SPY260618C00990000,2026-05-07 15:41:47+00:00,990.0,0.01,0.01,0.02,-0.01,-50.0,1.0,3443.0,0.28125718749999995,False,REGULAR,USD,SPY,call,2026-06-18,2026-05-05,2026-05-07T20:54:04+00:00,yfinance
SPY260618C00995000,2026-05-07 15:43:06+00:00,995.0,0.01,0.0,0.02,0.0,0.0,2.0,2399.0,0.28516339843749994,False,REGULAR,USD,SPY,call,2026-06-18,2026-05-05,2026-05-07T20:54:04+00:00,yfinance
SPY260618C01000000,2026-04-24 15:51:17+00:00,1000.0,0.01,0.0,0.02,0.0,0.0,1.0,3011.0,0.2910227148437499,False,REGULAR,USD,SPY,call,2026-06-18,2026-05-05,2026-05-07T20:54:04+00:00,yfinance
SPY260618P00245000,2026-05-07 19:39:05+00:00,245.0,0.01,0.0,0.01,0.0,0.0,211.0,42367.0,0.87500125,False,REGULAR,USD,SPY,put,2026-06-18,2026-05-05,2026-05-07T20:54:04+00:00,yfinance
SPY260618P00250000,2026-05-07 17:42:56+00:00,250.0,0.01,0.01,0.02,-0.01,-50.0,72.0,27390.0,0.937500625,False,REGULAR,USD,SPY,put,2026-06-18,2026-05-05,2026-05-07T20:54:04+00:00,yfinance
SPY260618P00255000,2026-05-07 19:14:54+00:00,255.0,0.01,0.0,0.02,-0.01,-50.0,26.0,4022.0,0.8906260937499999,False,REGULAR,USD,SPY,put,2026-06-18,2026-05-05,2026-05-07T20:54:04+00:00,yfinance
SPY260618P00260000,2026-05-05 19:56:47+00:00,260.0,0.01,0.0,0.02,-0.01,-50.0,4.0,5571.0,0.87500125,False,REGULAR,USD,SPY,put,2026-06-18,2026-05-05,2026-05-07T20:54:04+00:00,yfinance
SPY260618P00265000,2026-05-04 14:21:58+00:00,265.0,0.02,0.01,0.02,0.0,0.0,1.0,2949.0,0.8906260937499999,False,REGULAR,USD,SPY,put,2026-06-18,2026-05-05,2026-05-07T20:54:04+00:00,yfinance
SPY260618P00270000,2026-05-07 17:32:23+00:00,270.0,0.02,0.01,0.02,-0.01,-33.333336,11.0,11826.0,0.87500125,False,REGULAR,USD,SPY,put,2026-06-18,2026-05-05,2026-05-07T20:54:04+00:00,yfinance
SPY260618P00275000,2026-05-05 20:02:06+00:00,275.0,0.02,0.01,0.02,0.0,0.0,3916.0,5760.0,0.85937640625,False,REGULAR,USD,SPY,put,2026-06-18,2026-05-05,2026-05-07T20:54:04+00:00,yfinance
SPY260618P00280000,2026-05-05 18:33:03+00:00,280.0,0.02,0.01,0.02,0.0,0.0,458.0,5101.0,0.8437515624999999,False,REGULAR,USD,SPY,put,2026-06-18,2026-05-05,2026-05-07T20:54:04+00:00,yfinance
SPY260618P00285000,2026-05-07 17:31:02+00:00,285.0,0.02,0.01,0.02,0.0,0.0,1.0,5444.0,0.8281267187499999,False,REGULAR,USD,SPY,put,2026-06-18,2026-05-05,2026-05-07T20:54:04+00:00,yfinance
SPY260618P00290000,2026-05-07 17:42:25+00:00,290.0,0.02,0.01,0.02,0.0,0.0,200.0,5333.0,0.8125018749999999,False,REGULAR,USD,SPY,put,2026-06-18,2026-05-05,2026-05-07T20:54:04+00:00,yfinance
SPY260618P00295000,2026-05-07 19:56:50+00:00,295.0,0.02,0.01,0.02,0.0,0.0,552.0,7133.0,0.79687703125,False,REGULAR,USD,SPY,put,2026-06-18,2026-05-05,2026-05-07T20:54:04+00:00,yfinance
SPY260618P00300000,2026-05-07 17:26:02+00:00,300.0,0.02,0.02,0.03,-0.01,-33.333336,32.0,26460.0,0.8125018749999999,False,REGULAR,USD,SPY,put,2026-06-18,2026-05-05,2026-05-07T20:54:04+00:00,yfinance
SPY260618P00305000,2026-05-07 17:26:02+00:00,305.0,0.03,0.02,0.03,0.0,0.0,30.0,5046.0,0.8007832421875,False,REGULAR,USD,SPY,put,2026-06-18,2026-05-05,2026-05-07T20:54:04+00:00,yfinance
SPY260618P00310000,2026-05-05 16:48:08+00:00,310.0,0.03,0.02,0.03,0.0,0.0,6.0,4851.0,0.7851583984375,False,REGULAR,USD,SPY,put,2026-06-18,2026-05-05,2026-05-07T20:54:04+00:00,yfinance
SPY260618P00315000,2026-05-06 15:08:38+00:00,315.0,0.03,0.02,0.03,0.0,0.0,2.0,3137.0,0.773439765625,False,REGULAR,USD,SPY,put,2026-06-18,2026-05-05,2026-05-07T20:54:04+00:00,yfinance
SPY260618P00320000,2026-05-07 18:48:05+00:00,320.0,0.03,0.02,0.03,0.0,0.0,10.0,1333.0,0.7578149218750001,False,REGULAR,USD,SPY,put,2026-06-18,2026-05-05,2026-05-07T20:54:04+00:00,yfinance
SPY260618P00325000,2026-05-06 16:56:08+00:00,325.0,0.03,0.02,0.04,0.0,0.0,892.0,3733.0,0.7539087109375,False,REGULAR,USD,SPY,put,2026-06-18,2026-05-05,2026-05-07T20:54:04+00:00,yfinance
SPY260618P00330000,2026-05-07 18:51:29+00:00,330.0,0.04,0.02,0.04,0.0,0.0,621.0,2185.0,0.7421900781249999,False,REGULAR,USD,SPY,put,2026-06-18,2026-05-05,2026-05-07T20:54:04+00:00,yfinance
SPY260618P00335000,2026-05-05 18:33:48+00:00,335.0,0.04,0.03,0.04,0.0,0.0,602.0,1639.0,0.7382838671874999,False,REGULAR,USD,SPY,put,2026-06-18,2026-05-05,2026-05-07T20:54:04+00:00,yfinance
SPY260618P00340000,2026-05-06 17:47:01+00:00,340.0,0.04,0.03,0.04,0.0,0.0,45.0,3285.0,0.7226590234375,False,REGULAR,USD,SPY,put,2026-06-18,2026-05-05,2026-05-07T20:54:04+00:00,yfinance
SPY260618P00345000,2026-05-06 19:04:47+00:00,345.0,0.04,0.03,0.04,0.0,0.0,1416.0,5541.0,0.710940390625,False,REGULAR,USD,SPY,put,2026-06-18,2026-05-05,2026-05-07T20:54:04+00:00,yfinance
SPY260618P00350000,2026-05-07 19:11:23+00:00,350.0,0.03,0.03,0.05,-0.020000001,-40.000004,313.0,15614.0,0.7070341796875,False,REGULAR,USD,SPY,put,2026-06-18,2026-05-05,2026-05-07T20:54:04+00:00,yfinance
SPY260618P00355000,2026-05-06 14:15:16+00:00,355.0,0.05,0.04,0.05,0.0,0.0,74.0,2853.0,0.6992217578125001,False,REGULAR,USD,SPY,put,2026-06-18,2026-05-05,2026-05-07T20:54:04+00:00,yfinance
SPY260618P00360000,2026-05-07 17:52:28+00:00,360.0,0.05,0.04,0.05,0.0,0.0,71.0,10868.0,0.6875031250000001,False,REGULAR,USD,SPY,put,2026-06-18,2026-05-05,2026-05-07T20:54:04+00:00,yfinance
SPY260618P00365000,2026-05-07 17:52:47+00:00,365.0,0.05,0.04,0.05,0.0,0.0,228.0,1692.0,0.6757844921875001,False,REGULAR,USD,SPY,put,2026-06-18,2026-05-05,2026-05-07T20:54:04+00:00,yfinance
SPY260618P00370000,2026-05-07 19:52:43+00:00,370.0,0.05,0.05,0.06,0.0,0.0,77.0,1493.0,0.6738313867187502,False,REGULAR,USD,SPY,put,2026-06-18,2026-05-05,2026-05-07T20:54:04+00:00,yfinance
SPY260618P00375000,2026-05-07 15:54:48+00:00,375.0,0.05,0.05,0.06,-0.009999998,-16.666662,5.0,2976.0,0.6621127539062501,False,REGULAR,USD,SPY,put,2026-06-18,2026-05-05,2026-05-07T20:54:04+00:00,yfinance
SPY260618P00380000,2026-05-07 15:54:57+00:00,380.0,0.05,0.05,0.06,-0.009999998,-16.666662,10.0,1438.0,0.648441015625,False,REGULAR,USD,SPY,put,2026-06-18,2026-05-05,2026-05-07T20:54:04+00:00,yfinance
SPY260618P00385000,2026-05-07 16:03:00+00:00,385.0,0.06,0.05,0.06,0.0,0.0,7.0,9916.0,0.6367223828125,False,REGULAR,USD,SPY,put,2026-06-18,2026-05-05,2026-05-07T20:54:04+00:00,yfinance
SPY260618P00390000,2026-05-07 14:42:46+00:00,390.0,0.06,0.05,0.07,-0.010000002,-14.285716,3.0,1228.0,0.6289099609375001,False,REGULAR,USD,SPY,put,2026-06-18,2026-05-05,2026-05-07T20:54:04+00:00,yfinance
SPY260618P00395000,2026-05-07 14:01:54+00:00,395.0,0.07,0.06,0.07,0.0,0.0,60.0,2848.0,0.62305064453125,False,REGULAR,USD,SPY,put,2026-06-18,2026-05-05,2026-05-07T20:54:04+00:00,yfinance
SPY260618P00400000,2026-05-07 20:14:06+00:00,400.0,0.07,0.06,0.08,-0.009999998,-12.499997,168.0,19905.0,0.6152382226562501,False,REGULAR,USD,SPY,put,2026-06-18,2026-05-05,2026-05-07T20:54:04+00:00,yfinance
SPY260618P00405000,2026-05-07 14:42:22+00:00,405.0,0.08,0.07,0.08,0.0,0.0,1.0,1122.0,0.6064492480468751,False,REGULAR,USD,SPY,put,2026-06-18,2026-05-05,2026-05-07T20:54:04+00:00,yfinance
SPY260618P00410000,2026-05-07 18:32:42+00:00,410.0,0.08,0.07,0.08,0.0,0.0,30.0,6587.0,0.594730615234375,False,REGULAR,USD,SPY,put,2026-06-18,2026-05-05,2026-05-07T20:54:04+00:00,yfinance
SPY260618P00415000,2026-05-06 13:41:22+00:00,415.0,0.1,0.08,0.09,0.0,0.0,3.0,1231.0,0.5898478515625001,False,REGULAR,USD,SPY,put,2026-06-18,2026-05-05,2026-05-07T20:54:04+00:00,yfinance
SPY260618P00420000,2026-05-06 19:34:46+00:00,420.0,0.09,0.08,0.09,0.0,0.0,26.0,15842.0,0.57812921875,False,REGULAR,USD,SPY,put,2026-06-18,2026-05-05,2026-05-07T20:54:04+00:00,yfinance
SPY260618P00425000,2026-05-07 19:27:52+00:00,425.0,0.1,0.09,0.1,-0.009999998,-9.090907,4.0,25859.0,0.5732464550781251,False,REGULAR,USD,SPY,put,2026-06-18,2026-05-05,2026-05-07T20:54:04+00:00,yfinance
SPY260618P00430000,2026-05-07 16:54:07+00:00,430.0,0.11,0.09,0.11,0.009999998,9.999997,88.0,4922.0,0.5644574804687501,False,REGULAR,USD,SPY,put,2026-06-18,2026-05-05,2026-05-07T20:54:04+00:00,yfinance
SPY260618P00435000,2026-05-07 18:48:47+00:00,435.0,0.12,0.1,0.11,0.009999998,9.090907,1003.0,5231.0,0.5556685058593751,False,REGULAR,USD,SPY,put,2026-06-18,2026-05-05,2026-05-07T20:54:04+00:00,yfinance
SPY260618P00440000,2026-05-07 19:42:02+00:00,440.0,0.12,0.1,0.12,0.0,0.0,21.0,7900.0,0.5468795312500001,False,REGULAR,USD,SPY,put,2026-06-18,2026-05-05,2026-05-07T20:54:04+00:00,yfinance
SPY260618P00445000,2026-05-07 19:42:02+00:00,445.0,0.13,0.11,0.13,0.009999998,8.333331,50.0,4396.0,0.5410202148437502,False,REGULAR,USD,SPY,put,2026-06-18,2026-05-05,2026-05-07T20:54:04+00:00,yfinance
SPY260618P00450000,2026-05-07 19:42:02+00:00,450.0,0.14,0.12,0.13,0.010000005,7.692312,81.0,23114.0,0.532231240234375,False,REGULAR,USD,SPY,put,2026-06-18,2026-05-05,2026-05-07T20:54:04+00:00,yfinance
SPY260618P00455000,2026-05-07 16:00:01+00:00,455.0,0.13,0.13,0.14,-0.010000005,-7.1428604,2.0,2317.0,0.5249070947265625,False,REGULAR,USD,SPY,put,2026-06-18,2026-05-05,2026-05-07T20:54:04+00:00,yfinance
SPY260618P00460000,2026-05-07 19:58:04+00:00,460.0,0.15,0.13,0.15,-0.00999999,-6.2499943,10.0,9383.0,0.51562984375,False,REGULAR,USD,SPY,put,2026-06-18,2026-05-05,2026-05-07T20:54:04+00:00,yfinance
SPY260618P00465000,2026-05-07 17:47:11+00:00,465.0,0.15,0.14,0.16,-0.019999996,-11.764703,9.0,3505.0,0.508793974609375,False,REGULAR,USD,SPY,put,2026-06-18,2026-05-05,2026-05-07T20:54:04+00:00,yfinance
SPY260618P00470000,2026-05-07 19:42:02+00:00,470.0,0.17,0.15,0.17,0.0,0.0,110.0,6724.0,0.5009815527343751,False,REGULAR,USD,SPY,put,2026-06-18,2026-05-05,2026-05-07T20:54:04+00:00,yfinance
SPY260618P00475000,2026-05-07 19:40:12+00:00,475.0,0.18,0.16,0.17,0.0,0.0,27.0,10180.0,0.4931691308593751,False,REGULAR,USD,SPY,put,2026-06-18,2026-05-05,2026-05-07T20:54:04+00:00,yfinance
SPY260618P00480000,2026-05-07 19:56:26+00:00,480.0,0.19,0.17,0.18,0.0,0.0,60.0,113695.0,0.485356708984375,False,REGULAR,USD,SPY,put,2026-06-18,2026-05-05,2026-05-07T20:54:04+00:00,yfinance
SPY260618P00485000,2026-05-07 17:47:23+00:00,485.0,0.2,0.18,0.19,0.0,0.0,12.0,8809.0,0.477544287109375,False,REGULAR,USD,SPY,put,2026-06-18,2026-05-05,2026-05-07T20:54:04+00:00,yfinance
SPY260618P00490000,2026-05-07 19:57:27+00:00,490.0,0.21,0.19,0.21,0.0,0.0,31.0,2576.0,0.4721732470703125,False,REGULAR,USD,SPY,put,2026-06-18,2026-05-05,2026-05-07T20:54:04+00:00,yfinance
SPY260618P00495000,2026-05-07 19:52:57+00:00,495.0,0.21,0.2,0.22,-0.02000001,-8.695656,20.0,2627.0,0.463872548828125,False,REGULAR,USD,SPY,put,2026-06-18,2026-05-05,2026-05-07T20:54:04+00:00,yfinance
SPY260618P00500000,2026-05-07 19:42:02+00:00,500.0,0.23,0.22,0.23,-0.00999999,-4.1666627,88.0,31922.0,0.45508357421875,False,REGULAR,USD,SPY,put,2026-06-18,2026-05-05,2026-05-07T20:54:04+00:00,yfinance
SPY260618P00505000,2026-05-06 19:34:47+00:00,505.0,0.26,0.23,0.24,0.0,0.0,72.0,5825.0,0.4467828759765625,False,REGULAR,USD,SPY,put,2026-06-18,2026-05-05,2026-05-07T20:54:04+00:00,yfinance
SPY260618P00510000,2026-05-07 19:23:31+00:00,510.0,0.28,0.24,0.25,0.0,0.0,200.0,10088.0,0.4379939013671875,False,REGULAR,USD,SPY,put,2026-06-18,2026-05-05,2026-05-07T20:54:04+00:00,yfinance
SPY260618P00515000,2026-05-07 13:52:37+00:00,515.0,0.26,0.26,0.27,-0.030000001,-10.344828,7.0,6108.0,0.43164630859375,False,REGULAR,USD,SPY,put,2026-06-18,2026-05-05,2026-05-07T20:54:04+00:00,yfinance
SPY260618P00520000,2026-05-07 19:28:17+00:00,520.0,0.3,0.27,0.28,0.01000002,3.448283,130.0,13436.0,0.422857333984375,False,REGULAR,USD,SPY,put,2026-06-18,2026-05-05,2026-05-07T20:54:04+00:00,yfinance
SPY260618P00525000,2026-05-07 20:04:14+00:00,525.0,0.3,0.29,0.3,-0.00999999,-3.2258034,8906.0,13497.0,0.4157773266601562,False,REGULAR,USD,SPY,put,2026-06-18,2026-05-05,2026-05-07T20:54:04+00:00,yfinance
SPY260618P00530000,2026-05-07 19:42:03+00:00,530.0,0.33,0.31,0.32,0.0,0.0,35.0,215348.0,0.40845318115234375,False,REGULAR,USD,SPY,put,2026-06-18,2026-05-05,2026-05-07T20:54:04+00:00,yfinance
SPY260618P00535000,2026-05-07 19:42:03+00:00,535.0,0.35,0.33,0.34,-0.01000002,-2.7777834,8.0,8002.0,0.40112903564453123,False,REGULAR,USD,SPY,put,2026-06-18,2026-05-05,2026-05-07T20:54:04+00:00,yfinance
SPY260618P00540000,2026-05-07 19:14:55+00:00,540.0,0.37,0.35,0.36,-0.00999999,-2.6315765,8.0,8089.0,0.39331661376953125,False,REGULAR,USD,SPY,put,2026-06-18,2026-05-05,2026-05-07T20:54:04+00:00,yfinance
SPY260618P00545000,2026-05-07 20:05:13+00:00,545.0,0.37,0.37,0.38,-0.030000001,-7.5,109.0,3811.0,0.38550419189453117,False,REGULAR,USD,SPY,put,2026-06-18,2026-05-05,2026-05-07T20:54:04+00:00,yfinance
SPY260618P00550000,2026-05-07 20:06:06+00:00,550.0,0.4,0.39,0.4,-0.03999999,-9.090907,188.0,51798.0,0.3776917700195312,False,REGULAR,USD,SPY,put,2026-06-18,2026-05-05,2026-05-07T20:54:04+00:00,yfinance
SPY260618P00555000,2026-05-07 19:21:39+00:00,555.0,0.45,0.42,0.43,-0.02000001,-4.255321,24.0,8896.0,0.37085590087890624,False,REGULAR,USD,SPY,put,2026-06-18,2026-05-05,2026-05-07T20:54:04+00:00,yfinance
SPY260618P00560000,2026-05-07 20:03:39+00:00,560.0,0.44,0.44,0.46,-0.03999999,-8.333331,233.0,12688.0,0.36377589355468753,False,REGULAR,USD,SPY,put,2026-06-18,2026-05-05,2026-05-07T20:54:04+00:00,yfinance
SPY260618P00565000,2026-05-07 18:49:11+00:00,565.0,0.51,0.47,0.49,0.0,0.0,21.0,6252.0,0.3562076098632812,False,REGULAR,USD,SPY,put,2026-06-18,2026-05-05,2026-05-07T20:54:04+00:00,yfinance
SPY260618P00570000,2026-05-07 19:25:45+00:00,570.0,0.54,0.5,0.52,-0.01999998,-3.5714252,241.0,19384.0,0.348639326171875,False,REGULAR,USD,SPY,put,2026-06-18,2026-05-05,2026-05-07T20:54:04+00:00,yfinance
SPY260618P00575000,2026-05-07 19:15:50+00:00,575.0,0.58,0.54,0.55,0.0,0.0,33.0,19490.0,0.3409489733886719,False,REGULAR,USD,SPY,put,2026-06-18,2026-05-05,2026-05-07T20:54:04+00:00,yfinance
SPY260618P00580000,2026-05-07 19:46:24+00:00,580.0,0.61,0.57,0.59,-0.00999999,-1.6129017,86.0,123904.0,0.33386896606445315,False,REGULAR,USD,SPY,put,2026-06-18,2026-05-05,2026-05-07T20:54:04+00:00,yfinance
SPY260618P00585000,2026-05-07 20:12:37+00:00,585.0,0.62,0.61,0.63,-0.04000002,-6.060609,110.0,44908.0,0.3265448205566406,False,REGULAR,USD,SPY,put,2026-06-18,2026-05-05,2026-05-07T20:54:04+00:00,yfinance
SPY260618P00590000,2026-05-07 19:44:12+00:00,590.0,0.7,0.66,0.67,-0.030000031,-4.1095934,10047.0,18157.0,0.3189765368652343,False,REGULAR,USD,SPY,put,2026-06-18,2026-05-05,2026-05-07T20:54:04+00:00,yfinance
SPY260618P00595000,2026-05-07 19:47:03+00:00,595.0,0.75,0.71,0.72,-0.029999971,-3.8461504,50.0,45244.0,0.31189652954101554,False,REGULAR,USD,SPY,put,2026-06-18,2026-05-05,2026-05-07T20:54:04+00:00,yfinance
SPY260618P00600000,2026-05-07 20:02:27+00:00,600.0,0.77,0.76,0.78,-0.08000004,-9.411769,6295.0,86658.0,0.3051827294921875,False,REGULAR,USD,SPY,put,2026-06-18,2026-05-05,2026-05-07T20:54:04+00:00,yfinance
SPY260618P00605000,2026-05-07 18:00:03+00:00,605.0,0.86,0.82,0.83,-0.029999971,-3.3707833,761.0,17893.0,0.2974923767089843,False,REGULAR,USD,SPY,put,2026-06-18,2026-05-05,2026-05-07T20:54:04+00:00,yfinance
SPY260618P00610000,2026-05-07 19:58:59+00:00,610.0,0.91,0.88,0.9,-0.03999996,-4.210522,487.0,28253.0,0.2906565075683593,False,REGULAR,USD,SPY,put,2026-06-18,2026-05-05,2026-05-07T20:54:04+00:00,yfinance
SPY260618P00615000,2026-05-07 20:02:44+00:00,615.0,0.94,0.95,0.97,-0.109999955,-10.476187,228.0,24341.0,0.28357650024414055,False,REGULAR,USD,SPY,put,2026-06-18,2026-05-05,2026-05-07T20:54:04+00:00,yfinance
SPY260618P00620000,2026-05-07 20:04:35+00:00,620.0,1.01,1.03,1.05,-0.110000014,-9.82143,1122.0,46493.0,0.2765575274658203,False,REGULAR,USD,SPY,put,2026-06-18,2026-05-05,2026-05-07T20:54:04+00:00,yfinance
SPY260618P00625000,2026-05-07 20:07:16+00:00,625.0,1.14,1.12,1.14,-0.07000005,-5.785128,9981.0,26171.0,0.2696606237792969,False,REGULAR,USD,SPY,put,2026-06-18,2026-05-05,2026-05-07T20:54:04+00:00,yfinance
SPY260618P00630000,2026-05-07 19:29:13+00:00,630.0,1.33,1.22,1.24,0.03000009,2.3076994,488.0,56553.0,0.2627637200927735,False,REGULAR,USD,SPY,put,2026-06-18,2026-05-05,2026-05-07T20:54:04+00:00,yfinance
SPY260618P00635000,2026-05-07 19:44:22+00:00,635.0,1.38,1.33,1.35,-0.060000062,-4.166671,390.0,17858.0,0.25586681640625003,False,REGULAR,USD,SPY,put,2026-06-18,2026-05-05,2026-05-07T20:54:04+00:00,yfinance
SPY260618P00640000,2026-05-07 20:02:44+00:00,640.0,1.43,1.46,1.48,-0.120000005,-7.7419357,1042.0,28126.0,0.2492140509033203,False,REGULAR,USD,SPY,put,2026-06-18,2026-05-05,2026-05-07T20:54:04+00:00,yfinance
SPY260618P00645000,2026-05-07 19:32:58+00:00,645.0,1.68,1.61,1.63,-0.01000011,-0.5917224,380.0,12714.0,0.24268335449218748,False,REGULAR,USD,SPY,put,2026-06-18,2026-05-05,2026-05-07T20:54:04+00:00,yfinance
SPY260618P00650000,2026-05-07 20:02:44+00:00,650.0,1.75,1.78,1.8,-0.13999999,-7.4074063,3770.0,76893.0,0.23627472717285153,False,REGULAR,USD,SPY,put,2026-06-18,2026-05-05,2026-05-07T20:54:04+00:00,yfinance
SPY260618P00655000,2026-05-07 20:01:14+00:00,655.0,2.05,1.98,2.0,-0.049999952,-2.3809502,271.0,16680.0,0.23004920349121094,False,REGULAR,USD,SPY,put,2026-06-18,2026-05-05,2026-05-07T20:54:04+00:00,yfinance
SPY260618P00660000,2026-05-07 20:11:28+00:00,660.0,2.22,2.2,2.22,-0.119999886,-5.1282005,1663.0,67340.0,0.22364057617187497,False,REGULAR,USD,SPY,put,2026-06-18,2026-05-05,2026-05-07T20:54:04+00:00,yfinance
SPY260618P00661000,2026-05-07 19:14:48+00:00,661.0,2.35,2.25,2.28,0.0,0.0,22.0,451.0,0.22266402343749997,False,REGULAR,USD,SPY,put,2026-06-18,2026-05-05,2026-05-07T20:54:04+00:00,yfinance
SPY260618P00662000,2026-05-07 17:24:03+00:00,662.0,2.39,2.3,2.33,0.00999999,0.42016765,9.0,494.0,0.22144333251953124,False,REGULAR,USD,SPY,put,2026-06-18,2026-05-05,2026-05-07T20:54:04+00:00,yfinance
SPY260618P00663000,2026-05-07 17:18:52+00:00,663.0,2.51,2.35,2.38,0.099999905,4.1493735,28.0,569.0,0.220161607055664,False,REGULAR,USD,SPY,put,2026-06-18,2026-05-05,2026-05-07T20:54:04+00:00,yfinance
SPY260618P00664000,2026-05-07 14:19:08+00:00,664.0,2.57,2.4,2.43,0.01999998,0.78431296,10.0,1263.0,0.21881884704589843,False,REGULAR,USD,SPY,put,2026-06-18,2026-05-05,2026-05-07T20:54:04+00:00,yfinance
SPY260618P00665000,2026-05-07 20:10:23+00:00,665.0,2.47,2.46,2.49,-0.109999895,-4.2635617,10455.0,13985.0,0.21772022521972656,False,REGULAR,USD,SPY,put,2026-06-18,2026-05-05,2026-05-07T20:54:04+00:00,yfinance
SPY260618P00666000,2026-05-07 19:14:48+00:00,666.0,2.63,2.51,2.54,0.06000018,2.3346374,59.0,536.0,0.2163469479370117,False,REGULAR,USD,SPY,put,2026-06-18,2026-05-05,2026-05-07T20:54:04+00:00,yfinance
SPY260618P00667000,2026-05-07 19:40:35+00:00,667.0,2.64,2.57,2.6,-0.18999982,-6.713774,166.0,1174.0,0.2151567742919922,False,REGULAR,USD,SPY,put,2026-06-18,2026-05-05,2026-05-07T20:54:04+00:00,yfinance
SPY260618P00668000,2026-05-07 18:45:33+00:00,668.0,2.8,2.63,2.66,0.049999952,1.8181801,148.0,428.0,0.21393608337402342,False,REGULAR,USD,SPY,put,2026-06-18,2026-05-05,2026-05-07T20:54:04+00:00,yfinance
SPY260618P00669000,2026-05-07 19:20:28+00:00,669.0,2.88,2.69,2.72,0.08000016,2.8571486,34.0,1241.0,0.2127153924560547,False,REGULAR,USD,SPY,put,2026-06-18,2026-05-05,2026-05-07T20:54:04+00:00,yfinance
SPY260618P00670000,2026-05-07 20:13:36+00:00,670.0,2.79,2.75,2.78,-0.10000014,-3.4602125,6232.0,28674.0,0.21143366699218746,False,REGULAR,USD,SPY,put,2026-06-18,2026-05-05,2026-05-07T20:54:04+00:00,yfinance
SPY260618P00671000,2026-05-07 20:02:44+00:00,671.0,2.75,2.82,2.85,-0.119999886,-4.181181,50.0,720.0,0.21030452789306642,False,REGULAR,USD,SPY,put,2026-06-18,2026-05-05,2026-05-07T20:54:04+00:00,yfinance
SPY260618P00672000,2026-05-07 19:27:13+00:00,672.0,3.07,2.88,2.92,0.029999971,0.9868412,47.0,455.0,0.20917538879394526,False,REGULAR,USD,SPY,put,2026-06-18,2026-05-05,2026-05-07T20:54:04+00:00,yfinance
SPY260618P00673000,2026-05-07 18:06:08+00:00,673.0,3.05,2.95,2.98,0.00999999,0.32894707,46.0,399.0,0.20777159423828123,False,REGULAR,USD,SPY,put,2026-06-18,2026-05-05,2026-05-07T20:54:04+00:00,yfinance
SPY260618P00674000,2026-05-07 19:07:16+00:00,674.0,3.19,3.02,3.05,0.07000017,2.2435954,63.0,442.0,0.20655090332031245,False,REGULAR,USD,SPY,put,2026-06-18,2026-05-05,2026-05-07T20:54:04+00:00,yfinance
SPY260618P00675000,2026-05-07 20:14:03+00:00,675.0,3.13,3.09,3.12,-0.099999905,-3.0959723,6724.0,26407.0,0.20526917785644527,False,REGULAR,USD,SPY,put,2026-06-18,2026-05-05,2026-05-07T20:54:04+00:00,yfinance
SPY260618P00676000,2026-05-07 19:39:22+00:00,676.0,3.25,3.17,3.2,0.049999952,1.5624985,67.0,1897.0,0.2041705560302734,False,REGULAR,USD,SPY,put,2026-06-18,2026-05-05,2026-05-07T20:54:04+00:00,yfinance
SPY260618P00677000,2026-05-07 20:02:44+00:00,677.0,3.17,3.24,3.28,-0.24000001,-7.038123,85.0,764.0,0.2030414169311523,False,REGULAR,USD,SPY,put,2026-06-18,2026-05-05,2026-05-07T20:54:04+00:00,yfinance
SPY260618P00678000,2026-05-07 18:16:29+00:00,678.0,3.4,3.32,3.36,-0.01999998,-0.58479476,99.0,1449.0,0.2018512432861328,False,REGULAR,USD,SPY,put,2026-06-18,2026-05-05,2026-05-07T20:54:04+00:00,yfinance
SPY260618P00679000,2026-05-07 19:19:48+00:00,679.0,3.6,3.4,3.44,0.099999905,2.85714,79.0,540.0,0.20063055236816402,False,REGULAR,USD,SPY,put,2026-06-18,2026-05-05,2026-05-07T20:54:04+00:00,yfinance
SPY260618P00680000,2026-05-07 20:13:08+00:00,680.0,3.54,3.49,3.52,-0.00999999,-0.28168988,1228.0,66549.0,0.19934882690429687,False,REGULAR,USD,SPY,put,2026-06-18,2026-05-05,2026-05-07T20:54:04+00:00,yfinance
SPY260618P00681000,2026-05-07 19:53:50+00:00,681.0,3.7,3.57,3.61,0.049999952,1.3698617,164.0,434.0,0.1982196878051758,False,REGULAR,USD,SPY,put,2026-06-18,2026-05-05,2026-05-07T20:54:04+00:00,yfinance
SPY260618P00682000,2026-05-07 19:52:03+00:00,682.0,3.87,3.66,3.7,0.19999981,5.449586,256.0,5305.0,0.19702951416015624,False,REGULAR,USD,SPY,put,2026-06-18,2026-05-05,2026-05-07T20:54:04+00:00,yfinance
SPY260618P00683000,2026-05-07 20:00:34+00:00,683.0,3.85,3.75,3.79,-0.01999998,-0.5167954,123.0,2373.0,0.1958088232421875,False,REGULAR,USD,SPY,put,2026-06-18,2026-05-05,2026-05-07T20:54:04+00:00,yfinance
SPY260618P00684000,2026-05-07 20:11:09+00:00,684.0,3.87,3.85,3.88,-0.06000018,-1.5267222,189.0,3456.0,0.1945576150512695,False,REGULAR,USD,SPY,put,2026-06-18,2026-05-05,2026-05-07T20:54:04+00:00,yfinance
SPY260618P00685000,2026-05-07 20:08:17+00:00,685.0,3.96,3.94,3.98,-0.05000019,-1.2468874,1224.0,20160.0,0.19339795867919923,False,REGULAR,USD,SPY,put,2026-06-18,2026-05-05,2026-05-07T20:54:04+00:00,yfinance
SPY260618P00686000,2026-05-07 19:59:54+00:00,686.0,4.13,4.04,4.08,-0.009999752,-0.24153991,128.0,8986.0,0.1922077850341797,False,REGULAR,USD,SPY,put,2026-06-18,2026-05-05,2026-05-07T20:54:04+00:00,yfinance
SPY260618P00687000,2026-05-07 20:01:27+00:00,687.0,4.33,4.14,4.18,0.19999981,4.8426104,282.0,764.0,0.19098709411621095,False,REGULAR,USD,SPY,put,2026-06-18,2026-05-05,2026-05-07T20:54:04+00:00,yfinance
SPY260618P00688000,2026-05-07 19:48:47+00:00,688.0,4.36,4.25,4.28,0.11000013,2.5882385,337.0,9533.0,0.18970536865234378,False,REGULAR,USD,SPY,put,2026-06-18,2026-05-05,2026-05-07T20:54:04+00:00,yfinance
SPY260618P00689000,2026-05-07 20:02:45+00:00,689.0,4.2,4.35,4.39,-0.23000002,-5.191874,227.0,542.0,0.18854571228027345,False,REGULAR,USD,SPY,put,2026-06-18,2026-05-05,2026-05-07T20:54:04+00:00,yfinance
SPY260618P00690000,2026-05-07 20:11:28+00:00,690.0,4.49,4.47,4.5,-0.07000017,-1.5350915,6538.0,31092.0,0.1873250213623047,False,REGULAR,USD,SPY,put,2026-06-18,2026-05-05,2026-05-07T20:54:04+00:00,yfinance
SPY260618P00691000,2026-05-07 18:53:02+00:00,691.0,4.87,4.58,4.62,0.21999979,4.7311783,156.0,1035.0,0.18619588226318357,False,REGULAR,USD,SPY,put,2026-06-18,2026-05-05,2026-05-07T20:54:04+00:00,yfinance
SPY260618P00692000,2026-05-07 19:38:32+00:00,692.0,4.82,4.7,4.74,0.059999943,1.2605029,494.0,1638.0,0.18503622589111324,False,REGULAR,USD,SPY,put,2026-06-18,2026-05-05,2026-05-07T20:54:04+00:00,yfinance
SPY260618P00693000,2026-05-07 19:45:27+00:00,693.0,4.89,4.82,4.86,0.009999752,0.20491295,666.0,10131.0,0.1838155349731445,False,REGULAR,USD,SPY,put,2026-06-18,2026-05-05,2026-05-07T20:54:04+00:00,yfinance
SPY260618P00694000,2026-05-07 18:06:11+00:00,694.0,5.26,4.94,4.98,0.25,4.99002,197.0,1278.0,0.18253380950927733,False,REGULAR,USD,SPY,put,2026-06-18,2026-05-05,2026-05-07T20:54:04+00:00,yfinance
SPY260618P00695000,2026-05-07 20:11:29+00:00,695.0,5.1,5.07,5.11,0.0,0.0,17045.0,16027.0,0.1813588945007324,False,REGULAR,USD,SPY,put,2026-06-18,2026-05-05,2026-05-07T20:54:04+00:00,yfinance
SPY260618P00696000,2026-05-07 19:38:10+00:00,696.0,5.33,5.2,5.24,0.07999992,1.5238081,65.0,1808.0,0.18012294494628905,False,REGULAR,USD,SPY,put,2026-06-18,2026-05-05,2026-05-07T20:54:04+00:00,yfinance
SPY260618P00697000,2026-05-07 20:01:27+00:00,697.0,5.57,5.34,5.38,0.3000002,5.692603,102.0,2967.0,0.17896328857421873,False,REGULAR,USD,SPY,put,2026-06-18,2026-05-05,2026-05-07T20:54:04+00:00,yfinance
SPY260618P00698000,2026-05-07 19:57:56+00:00,698.0,5.62,5.48,5.52,0.10999966,1.9963639,14161.0,10417.0,0.17777311492919923,False,REGULAR,USD,SPY,put,2026-06-18,2026-05-05,2026-05-07T20:54:04+00:00,yfinance
SPY260618P00699000,2026-05-07 20:02:43+00:00,699.0,5.55,5.62,5.66,-0.099999905,-1.7699097,65.0,846.0,0.17652190673828128,False,REGULAR,USD,SPY,put,2026-06-18,2026-05-05,2026-05-07T20:54:04+00:00,yfinance
SPY260618P00700000,2026-05-07 20:14:33+00:00,700.0,5.79,5.77,5.81,0.059999943,1.0471194,15775.0,46581.0,0.17533173309326172,False,REGULAR,USD,SPY,put,2026-06-18,2026-05-05,2026-05-07T20:54:04+00:00,yfinance
SPY260618P00701000,2026-05-07 19:57:55+00:00,701.0,6.08,5.92,5.96,0.23999977,4.109585,58.0,1031.0,0.17408052490234377,False,REGULAR,USD,SPY,put,2026-06-18,2026-05-05,2026-05-07T20:54:04+00:00,yfinance
SPY260618P00702000,2026-05-07 20:02:45+00:00,702.0,5.86,6.08,6.12,-0.25999975,-4.248362,129.0,511.0,0.17290560989379883,False,REGULAR,USD,SPY,put,2026-06-18,2026-05-05,2026-05-07T20:54:04+00:00,yfinance
SPY260618P00703000,2026-05-07 20:01:29+00:00,703.0,6.53,6.24,6.28,0.26000023,4.146734,130.0,542.0,0.1716696603393555,False,REGULAR,USD,SPY,put,2026-06-18,2026-05-05,2026-05-07T20:54:04+00:00,yfinance
SPY260618P00704000,2026-05-07 18:45:07+00:00,704.0,6.88,6.4,6.45,0.5100002,8.006283,40.0,1955.0,0.17051000396728522,False,REGULAR,USD,SPY,put,2026-06-18,2026-05-05,2026-05-07T20:54:04+00:00,yfinance
SPY260618P00705000,2026-05-07 20:14:40+00:00,705.0,6.59,6.57,6.62,0.09000015,1.3846177,8163.0,19267.0,0.1692587957763672,False,REGULAR,USD,SPY,put,2026-06-18,2026-05-05,2026-05-07T20:54:04+00:00,yfinance
SPY260618P00706000,2026-05-07 19:57:56+00:00,706.0,6.93,6.75,6.79,0.15999985,2.3633657,850.0,893.0,0.16797707031250003,False,REGULAR,USD,SPY,put,2026-06-18,2026-05-05,2026-05-07T20:54:04+00:00,yfinance
SPY260618P00707000,2026-05-07 19:57:03+00:00,707.0,7.18,6.93,6.97,0.25999975,3.7572217,389.0,589.0,0.16672586212158208,False,REGULAR,USD,SPY,put,2026-06-18,2026-05-05,2026-05-07T20:54:04+00:00,yfinance
SPY260618P00708000,2026-05-07 20:07:46+00:00,708.0,7.12,7.11,7.16,0.03999996,0.5649712,984.0,759.0,0.16553568847656253,False,REGULAR,USD,SPY,put,2026-06-18,2026-05-05,2026-05-07T20:54:04+00:00,yfinance
SPY260618P00709000,2026-05-07 19:42:23+00:00,709.0,7.51,7.3,7.35,0.3800001,5.3295946,91.0,1950.0,0.16428448028564452,False,REGULAR,USD,SPY,put,2026-06-18,2026-05-05,2026-05-07T20:54:04+00:00,yfinance
SPY260618P00710000,2026-05-07 20:14:50+00:00,710.0,7.51,7.5,7.54,0.14000034,1.8995976,5688.0,24668.0,0.16297223754882814,False,REGULAR,USD,SPY,put,2026-06-18,2026-05-05,2026-05-07T20:54:04+00:00,yfinance
SPY260618P00711000,2026-05-07 19:57:55+00:00,711.0,7.92,7.7,7.74,0.26999998,3.5294116,328.0,1304.0,0.16169051208496094,False,REGULAR,USD,SPY,put,2026-06-18,2026-05-05,2026-05-07T20:54:04+00:00,yfinance
SPY260618P00712000,2026-05-07 20:02:45+00:00,712.0,7.64,7.91,7.95,-0.26000023,-3.291142,320.0,1278.0,0.1604698211669922,False,REGULAR,USD,SPY,put,2026-06-18,2026-05-05,2026-05-07T20:54:04+00:00,yfinance
SPY260618P00713000,2026-05-07 19:54:41+00:00,713.0,8.57,8.12,8.16,0.5099993,6.327534,229.0,2319.0,0.1591575784301758,False,REGULAR,USD,SPY,put,2026-06-18,2026-05-05,2026-05-07T20:54:04+00:00,yfinance
SPY260618P00714000,2026-05-07 19:57:55+00:00,714.0,8.58,8.34,8.38,0.2699995,3.2490914,233.0,2153.0,0.1579063702392578,False,REGULAR,USD,SPY,put,2026-06-18,2026-05-05,2026-05-07T20:54:04+00:00,yfinance
SPY260618P00715000,2026-05-07 20:14:40+00:00,715.0,8.59,8.57,8.61,0.26000023,3.1212513,12822.0,29888.0,0.15667042068481446,False,REGULAR,USD,SPY,put,2026-06-18,2026-05-05,2026-05-07T20:54:04+00:00,yfinance
SPY260618P00716000,2026-05-07 20:01:07+00:00,716.0,9.13,8.8,8.84,0.40000057,4.581908,497.0,1620.0,0.15535817794799806,False,REGULAR,USD,SPY,put,2026-06-18,2026-05-05,2026-05-07T20:54:04+00:00,yfinance
SPY260618P00717000,2026-05-07 20:07:43+00:00,717.0,9.07,9.04,9.08,0.27999973,3.185435,225.0,1854.0,0.1540917111206055,False,REGULAR,USD,SPY,put,2026-06-18,2026-05-05,2026-05-07T20:54:04+00:00,yfinance
SPY260618P00718000,2026-05-07 19:57:56+00:00,718.0,9.55,9.28,9.33,0.5,5.524862,445.0,3317.0,0.15284050292968754,False,REGULAR,USD,SPY,put,2026-06-18,2026-05-05,2026-05-07T20:54:04+00:00,yfinance
SPY260618P00719000,2026-05-07 19:57:55+00:00,719.0,9.82,9.54,9.59,0.59000015,6.3922014,109.0,1565.0,0.15160455337524414,False,REGULAR,USD,SPY,put,2026-06-18,2026-05-05,2026-05-07T20:54:04+00:00,yfinance
SPY260618P00720000,2026-05-07 20:12:40+00:00,720.0,9.84,9.8,9.85,0.26000023,2.71399,6403.0,11707.0,0.15029231063842774,False,REGULAR,USD,SPY,put,2026-06-18,2026-05-05,2026-05-07T20:54:04+00:00,yfinance
SPY260618P00721000,2026-05-07 19:13:35+00:00,721.0,10.34,10.07,10.12,0.52999973,5.4026475,124.0,943.0,0.14899532653808595,False,REGULAR,USD,SPY,put,2026-06-18,2026-05-05,2026-05-07T20:54:04+00:00,yfinance
SPY260618P00722000,2026-05-07 19:52:36+00:00,722.0,10.67,10.35,10.4,0.4300003,4.1992216,321.0,1137.0,0.14771360107421877,False,REGULAR,USD,SPY,put,2026-06-18,2026-05-05,2026-05-07T20:54:04+00:00,yfinance
SPY260618P00723000,2026-05-07 20:00:52+00:00,723.0,11.06,10.64,10.69,0.5800009,5.53436,156.0,3244.0,0.14646239288330076,False,REGULAR,USD,SPY,put,2026-06-18,2026-05-05,2026-05-07T20:54:04+00:00,yfinance
SPY260618P00724000,2026-05-07 20:13:48+00:00,724.0,11.05,10.94,10.99,0.26000023,2.4096408,306.0,881.0,0.1452111846923828,False,REGULAR,USD,SPY,put,2026-06-18,2026-05-05,2026-05-07T20:54:04+00:00,yfinance
SPY260618P00725000,2026-05-07 20:14:42+00:00,725.0,11.25,11.25,11.3,0.28999996,2.6459851,2256.0,9282.0,0.1439599765014648,False,REGULAR,USD,SPY,put,2026-06-18,2026-05-05,2026-05-07T20:54:04+00:00,yfinance
SPY260618P00726000,2026-05-07 19:35:08+00:00,726.0,12.05,11.56,11.61,0.8699999,7.7817516,197.0,800.0,0.14261721649169923,False,REGULAR,USD,SPY,put,2026-06-18,2026-05-05,2026-05-07T20:54:04+00:00,yfinance
SPY260618P00727000,2026-05-07 20:11:02+00:00,727.0,11.92,11.89,11.94,0.27999973,2.405496,654.0,968.0,0.14136600830078128,False,REGULAR,USD,SPY,put,2026-06-18,2026-05-05,2026-05-07T20:54:04+00:00,yfinance
SPY260618P00728000,2026-05-07 20:03:34+00:00,728.0,12.08,12.23,12.28,0.2699995,2.2861938,899.0,589.0,0.14011480010986327,False,REGULAR,USD,SPY,put,2026-06-18,2026-05-05,2026-05-07T20:54:04+00:00,yfinance
SPY260618P00729000,2026-05-07 20:02:43+00:00,729.0,12.41,12.58,12.63,0.22000027,1.8047602,375.0,735.0,0.13887885055541993,False,REGULAR,USD,SPY,put,2026-06-18,2026-05-05,2026-05-07T20:54:04+00:00,yfinance
SPY260618P00730000,2026-05-07 20:13:58+00:00,730.0,13.06,12.93,12.99,0.6100006,4.8996034,2937.0,7389.0,0.13761238372802737,False,REGULAR,USD,SPY,put,2026-06-18,2026-05-05,2026-05-07T20:54:04+00:00,yfinance
SPY260618P00731000,2026-05-07 20:14:37+00:00,731.0,13.34,13.3,13.36,0.21000004,1.599391,752.0,925.0,0.1363459169006348,False,REGULAR,USD,SPY,put,2026-06-18,2026-05-05,2026-05-07T20:54:04+00:00,yfinance
SPY260618P00732000,2026-05-07 20:14:47+00:00,732.0,13.65,13.68,13.74,0.22999954,1.7138565,1641.0,792.0,0.13507945007324224,True,REGULAR,USD,SPY,put,2026-06-18,2026-05-05,2026-05-07T20:54:04+00:00,yfinance
SPY260618P00733000,2026-05-07 20:14:55+00:00,733.0,14.1,14.08,14.13,0.2300005,1.6582588,1143.0,3271.0,0.13376720733642578,True,REGULAR,USD,SPY,put,2026-06-18,2026-05-05,2026-05-07T20:54:04+00:00,yfinance
SPY260618P00734000,2026-05-07 20:09:29+00:00,734.0,14.58,14.48,14.54,0.5799999,4.1428566,815.0,443.0,0.13254651641845705,True,REGULAR,USD,SPY,put,2026-06-18,2026-05-05,2026-05-07T20:54:04+00:00,yfinance
SPY260618P00735000,2026-05-07 20:13:18+00:00,735.0,15.05,14.9,14.96,0.7300005,5.097769,2211.0,1653.0,0.13132582550048827,True,REGULAR,USD,SPY,put,2026-06-18,2026-05-05,2026-05-07T20:54:04+00:00,yfinance
SPY260618P00736000,2026-05-07 20:02:05+00:00,736.0,15.71,15.33,15.39,0.75,5.013369,974.0,105.0,0.1300441000366211,True,REGULAR,USD,SPY,put,2026-06-18,2026-05-05,2026-05-07T20:54:04+00:00,yfinance
SPY260618P00737000,2026-05-07 20:03:18+00:00,737.0,15.54,15.77,15.83,0.23999977,1.5686259,289.0,318.0,0.1287623745727539,True,REGULAR,USD,SPY,put,2026-06-18,2026-05-05,2026-05-07T20:54:04+00:00,yfinance
SPY260618P00738000,2026-05-07 19:29:36+00:00,738.0,16.7,16.23,16.29,1.1400003,7.32648,177.0,458.0,0.12752642501831057,True,REGULAR,USD,SPY,put,2026-06-18,2026-05-05,2026-05-07T20:54:04+00:00,yfinance
SPY260618P00739000,2026-05-07 17:29:02+00:00,739.0,17.48,16.62,16.9,1.5,9.386734,54.0,23.0,0.12769427001953126,True,REGULAR,USD,SPY,put,2026-06-18,2026-05-05,2026-05-07T20:54:04+00:00,yfinance
SPY260618P00740000,2026-05-07 20:14:36+00:00,740.0,17.22,17.09,17.3,0.69999886,4.2372813,579.0,730.0,0.1255885781860352,True,REGULAR,USD,SPY,put,2026-06-18,2026-05-05,2026-05-07T20:54:04+00:00,yfinance
SPY260618P00741000,2026-05-07 18:06:36+00:00,741.0,17.92,17.16,18.03,0.7900009,4.611798,20.0,4.0,0.12674823455810547,True,REGULAR,USD,SPY,put,2026-06-18,2026-05-05,2026-05-07T20:54:04+00:00,yfinance
SPY260618P00742000,2026-05-07 17:32:47+00:00,742.0,18.93,17.62,18.82,1.3099995,7.4347296,3.0,26.0,0.12841142593383786,True,REGULAR,USD,SPY,put,2026-06-18,2026-05-05,2026-05-07T20:54:04+00:00,yfinance
SPY260618P00743000,2026-05-06 19:12:51+00:00,743.0,18.13,18.11,19.38,0.0,0.0,73.0,41.0,0.12757220092773439,True,REGULAR,USD,SPY,put,2026-06-18,2026-05-05,2026-05-07T20:54:04+00:00,yfinance
SPY260618P00744000,2026-05-07 19:19:36+00:00,744.0,20.39,18.58,19.76,1.2399998,6.475195,18.0,6.0,0.1246730599975586,True,REGULAR,USD,SPY,put,2026-06-18,2026-05-05,2026-05-07T20:54:04+00:00,yfinance
SPY260618P00745000,2026-05-07 20:09:30+00:00,745.0,19.97,19.25,20.02,0.61999893,3.2041287,34.0,189.0,0.12024805541992187,True,REGULAR,USD,SPY,put,2026-06-18,2026-05-05,2026-05-07T20:54:04+00:00,yfinance
SPY260618P00746000,2026-05-07 17:45:37+00:00,746.0,21.24,19.59,20.95,-4.3199997,-16.901407,10.0,38.0,0.12296409271240236,True,REGULAR,USD,SPY,put,2026-06-18,2026-05-05,2026-05-07T20:54:04+00:00,yfinance
SPY260618P00747000,2026-05-07 15:59:37+00:00,747.0,20.23,20.07,21.22,-0.6700001,-3.2057421,20.0,26.0,0.11824917404174803,True,REGULAR,USD,SPY,put,2026-06-18,2026-05-05,2026-05-07T20:54:04+00:00,yfinance
SPY260618P00750000,2026-05-07 19:31:27+00:00,750.0,23.6,21.5,23.89,1.8500004,8.505749,158.0,264.0,0.12426107681274415,True,REGULAR,USD,SPY,put,2026-06-18,2026-05-05,2026-05-07T20:54:04+00:00,yfinance
SPY260618P00751000,2026-05-07 20:09:42+00:00,751.0,23.6,22.14,24.88,0.88000107,3.8732443,13.0,24.0,0.12731280410766604,True,REGULAR,USD,SPY,put,2026-06-18,2026-05-05,2026-05-07T20:54:04+00:00,yfinance
SPY260618P00755000,2026-05-07 19:55:54+00:00,755.0,27.0,24.86,27.59,1.6599998,6.550907,87.0,456.0,0.12348288635253907,True,REGULAR,USD,SPY,put,2026-06-18,2026-05-05,2026-05-07T20:54:04+00:00,yfinance
SPY260618P00760000,2026-05-07 17:53:23+00:00,760.0,30.84,28.5,31.3,1.9500008,6.749743,61.0,477.0,0.11914943359374999,True,REGULAR,USD,SPY,put,2026-06-18,2026-05-05,2026-05-07T20:54:04+00:00,yfinance
SPY260618P00765000,2026-05-07 19:22:35+00:00,765.0,34.75,33.5,35.35,2.0800018,6.366703,49.0,105.0,0.11567046447753906,True,REGULAR,USD,SPY,put,2026-06-18,2026-05-05,2026-05-07T20:54:04+00:00,yfinance
SPY260618P00770000,2026-05-07 18:13:09+00:00,770.0,39.63,36.9,39.72,2.7600021,7.485767,38.0,130.0,0.11386994537353515,True,REGULAR,USD,SPY,put,2026-06-18,2026-05-05,2026-05-07T20:54:04+00:00,yfinance
SPY260618P00775000,2026-05-07 17:21:13+00:00,775.0,44.43,41.54,44.37,2.9799995,7.189383,4.0,1.0,0.11518218811035157,True,REGULAR,USD,SPY,put,2026-06-18,2026-05-05,2026-05-07T20:54:04+00:00,yfinance
SPY260618P00780000,2026-05-07 17:57:17+00:00,780.0,48.79,46.52,49.34,3.2600021,7.160119,6.0,7.0,0.12397116271972657,True,REGULAR,USD,SPY,put,2026-06-18,2026-05-05,2026-05-07T20:54:04+00:00,yfinance
SPY260618P00785000,2026-03-25 19:56:09+00:00,785.0,128.54,0.0,0.0,0.0,0.0,1.0,0.0,1.0000000000000003e-05,True,REGULAR,USD,SPY,put,2026-06-18,2026-05-05,2026-05-07T20:54:04+00:00,yfinance
SPY260618P00790000,2026-02-05 16:14:16+00:00,790.0,113.78,127.7,131.07,0.0,0.0,1.0,0.0,0.9395452822875977,True,REGULAR,USD,SPY,put,2026-06-18,2026-05-05,2026-05-07T20:54:04+00:00,yfinance
SPY260618P00795000,2026-04-21 19:56:56+00:00,795.0,90.98,61.52,64.34,0.0,0.0,2.0,0.0,0.1516808465576172,True,REGULAR,USD,SPY,put,2026-06-18,2026-05-05,2026-05-07T20:54:04+00:00,yfinance
SPY260618P00800000,2026-05-07 17:18:47+00:00,800.0,69.55,66.52,69.34,4.100006,6.2643337,6.0,54.0,0.16053085571289064,True,REGULAR,USD,SPY,put,2026-06-18,2026-05-05,2026-05-07T20:54:04+00:00,yfinance
SPY260618P00805000,2026-04-24 19:50:47+00:00,805.0,91.45,71.52,74.34,0.0,0.0,15.0,0.0,0.16931983032226564,True,REGULAR,USD,SPY,put,2026-06-18,2026-05-05,2026-05-07T20:54:04+00:00,yfinance
SPY260618P00810000,2026-03-24 19:53:30+00:00,810.0,158.41,0.0,0.0,0.0,0.0,11.0,0.0,1.0000000000000003e-05,True,REGULAR,USD,SPY,put,2026-06-18,2026-05-05,2026-05-07T20:54:04+00:00,yfinance
SPY260618P00820000,2025-09-10 17:48:44+00:00,820.0,170.13,164.34,167.67,0.0,0.0,,0.0,1.1044661476135256,True,REGULAR,USD,SPY,put,2026-06-18,2026-05-05,2026-05-07T20:54:04+00:00,yfinance
SPY260618P00830000,2026-03-19 13:31:45+00:00,830.0,175.55,118.2,121.0,0.0,0.0,,0.0,0.5391739198303225,True,REGULAR,USD,SPY,put,2026-06-18,2026-05-05,2026-05-07T20:54:04+00:00,yfinance
SPY260618P00840000,2026-05-06 19:07:56+00:00,840.0,110.24,106.52,109.34,3.9199982,3.686981,15.0,20.0,0.2269364416503906,True,REGULAR,USD,SPY,put,2026-06-18,2026-05-05,2026-05-07T20:54:04+00:00,yfinance
SPY260618P00845000,2024-09-25 19:07:39+00:00,845.0,274.94,264.0,268.74,0.0,0.0,,0.0,1.934524863510132,True,REGULAR,USD,SPY,put,2026-06-18,2026-05-05,2026-05-07T20:54:04+00:00,yfinance
SPY260618P00850000,2026-03-04 20:23:46+00:00,850.0,164.35,0.0,0.0,0.0,0.0,2.0,0.0,1.0000000000000003e-05,True,REGULAR,USD,SPY,put,2026-06-18,2026-05-05,2026-05-07T20:54:04+00:00,yfinance
SPY260618P00860000,2025-05-29 15:18:40+00:00,860.0,269.78,243.6,247.42,0.0,0.0,,0.0,1.619142529296875,True,REGULAR,USD,SPY,put,2026-06-18,2026-05-05,2026-05-07T20:54:04+00:00,yfinance
SPY260618P00865000,2025-11-13 20:58:14+00:00,865.0,193.6,171.15,174.5,0.0,0.0,1.0,0.0,0.8371598315429687,True,REGULAR,USD,SPY,put,2026-06-18,2026-05-05,2026-05-07T20:54:04+00:00,yfinance
SPY260618P00870000,2026-03-19 13:32:00+00:00,870.0,215.16,158.2,161.01,0.0,0.0,2.0,0.0,0.6373022109985352,True,REGULAR,USD,SPY,put,2026-06-18,2026-05-05,2026-05-07T20:54:04+00:00,yfinance
SPY260618P00890000,2026-04-07 15:55:12+00:00,890.0,235.79,156.52,159.34,0.0,0.0,1.0,0.0,0.3011544494628906,True,REGULAR,USD,SPY,put,2026-06-18,2026-05-05,2026-05-07T20:54:04+00:00,yfinance
SPY260618P00900000,2026-03-04 20:24:12+00:00,900.0,214.35,0.0,0.0,0.0,0.0,,0.0,1.0000000000000003e-05,True,REGULAR,USD,SPY,put,2026-06-18,2026-05-05,2026-05-07T20:54:04+00:00,yfinance
SPY260618P00905000,2026-03-30 19:10:12+00:00,905.0,274.63,0.0,0.0,0.0,0.0,,0.0,1.0000000000000003e-05,True,REGULAR,USD,SPY,put,2026-06-18,2026-05-05,2026-05-07T20:54:04+00:00,yfinance
SPY260618P00915000,2026-03-19 13:32:01+00:00,915.0,260.13,203.2,206.01,0.0,0.0,,0.0,0.7358119680786133,True,REGULAR,USD,SPY,put,2026-06-18,2026-05-05,2026-05-07T20:54:04+00:00,yfinance
SPY260618P00955000,2026-03-19 13:31:45+00:00,955.0,300.51,243.2,246.01,0.0,0.0,,0.0,0.8153399813842773,True,REGULAR,USD,SPY,put,2026-06-18,2026-05-05,2026-05-07T20:54:04+00:00,yfinance
SPY260618P00995000,2026-05-04 19:52:12+00:00,995.0,279.12,261.52,264.34,0.0,0.0,1.0,0.0,0.4359187268066406,True,REGULAR,USD,SPY,put,2026-06-18,2026-05-05,2026-05-07T20:54:04+00:00,yfinance
SPY260618P01000000,2026-05-07 14:24:44+00:00,1000.0,265.26,266.52,269.34,-4.9100037,-1.8173755,10.0,0.0,0.4417780432128906,True,REGULAR,USD,SPY,put,2026-06-18,2026-05-05,2026-05-07T20:54:04+00:00,yfinance
