date,vix_fred,dgs10,dgs2,fedfunds,cpi,unemployment,dollar_index
2010-01-01,,,,0.11,217.488,9.8,
2010-01-04,20.04,3.85,1.09,,,,92.3566
2010-01-05,19.35,3.77,1.01,,,,92.2236
2010-01-06,19.16,3.85,1.01,,,,92.0941
2010-01-07,19.06,3.85,1.03,,,,92.3684
2010-01-08,18.13,3.83,0.96,,,,92.1485
2010-01-11,17.55,3.85,0.95,,,,91.5997
2010-01-12,18.25,3.74,0.92,,,,91.7005
2010-01-13,17.85,3.8,0.97,,,,91.7272
2010-01-14,17.63,3.76,0.94,,,,91.5864
2010-01-15,17.91,3.7,0.89,,,,91.7668
2010-01-18,,,,,,,
2010-01-19,17.58,3.73,0.93,,,,91.9611
2010-01-20,18.68,3.68,0.92,,,,92.6766
2010-01-21,22.27,3.62,0.87,,,,92.6627
2010-01-22,27.31,3.62,0.84,,,,92.943
2010-01-25,25.41,3.66,0.86,,,,92.9099
2010-01-26,24.55,3.65,0.87,,,,93.3298
2010-01-27,23.14,3.66,0.9,,,,93.2835
2010-01-28,23.73,3.68,0.87,,,,93.2635
2010-01-29,24.62,3.63,0.82,,,,93.7638
2010-02-01,22.59,3.68,0.86,0.13,217.281,9.8,93.7321
2010-02-02,21.48,3.67,0.86,,,,93.4136
2010-02-03,21.6,3.73,0.88,,,,93.6268
2010-02-04,26.08,3.62,0.8,,,,94.1401
2010-02-05,26.11,3.59,0.77,,,,94.6218
2010-02-08,26.51,3.62,0.79,,,,
2010-02-09,26.0,3.67,0.84,,,,
2010-02-10,25.4,3.72,0.91,,,,
2010-02-11,23.96,3.73,0.91,,,,
2010-02-12,22.73,3.69,0.84,,,,93.9976
2010-02-15,,,,,,,
2010-02-16,22.25,3.66,0.82,,,,93.482
2010-02-17,21.72,3.74,0.87,,,,93.7171
2010-02-18,20.63,3.79,0.9,,,,93.8752
2010-02-19,20.02,3.78,0.95,,,,93.9569
2010-02-22,19.94,3.8,0.91,,,,93.7402
2010-02-23,21.37,3.69,0.87,,,,93.9794
2010-02-24,20.27,3.7,0.87,,,,93.9775
2010-02-25,20.1,3.64,0.82,,,,94.3797
2010-02-26,19.5,3.61,0.81,,,,93.6602
2010-03-01,19.26,3.61,0.8,0.16,217.353,9.9,93.7979
2010-03-02,19.06,3.62,0.8,,,,93.488
2010-03-03,18.83,3.63,0.82,,,,92.9861
2010-03-04,18.72,3.61,0.86,,,,93.4079
2010-03-05,17.42,3.69,0.91,,,,93.2623
2010-03-08,17.79,3.72,0.9,,,,93.2446
2010-03-09,17.92,3.71,0.89,,,,93.1941
2010-03-10,18.57,3.73,0.92,,,,93.0426
2010-03-11,18.06,3.73,0.97,,,,93.0533
2010-03-12,17.58,3.71,0.97,,,,92.6616
2010-03-15,18.0,3.71,0.96,,,,92.9642
2010-03-16,17.69,3.66,0.93,,,,92.595
2010-03-17,16.91,3.65,0.95,,,,92.4446
2010-03-18,16.62,3.68,0.98,,,,92.7451
2010-03-19,16.97,3.7,1.02,,,,93.0407
2010-03-22,16.87,3.67,1.01,,,,93.1333
2010-03-23,16.35,3.69,1.02,,,,93.006
2010-03-24,17.55,3.84,1.08,,,,93.6468
2010-03-25,18.4,3.91,1.1,,,,93.5885
2010-03-26,17.77,3.86,1.04,,,,93.6873
2010-03-29,17.59,3.88,1.04,,,,93.2959
2010-03-30,17.13,3.88,1.06,,,,93.2627
2010-03-31,17.59,3.84,1.02,,,,92.8987
2010-04-01,17.47,3.89,1.05,0.2,217.403,9.9,92.6661
2010-04-02,,3.96,1.11,,,,92.9057
2010-04-05,17.02,4.01,1.18,,,,92.6644
2010-04-06,16.23,3.98,1.14,,,,92.7373
2010-04-07,16.62,3.89,1.06,,,,92.7452
2010-04-08,16.48,3.91,1.09,,,,92.7211
2010-04-09,16.14,3.9,1.08,,,,92.4772
2010-04-12,15.58,3.87,1.07,,,,92.243
2010-04-13,16.2,3.84,1.07,,,,92.2689
2010-04-14,15.59,3.88,1.07,,,,91.9297
2010-04-15,15.89,3.86,1.04,,,,92.2029
2010-04-16,18.36,3.79,0.98,,,,92.5253
2010-04-19,17.34,3.83,1.01,,,,92.8577
2010-04-20,15.73,3.82,1.05,,,,92.4338
2010-04-21,16.32,3.77,1.03,,,,92.4482
2010-04-22,16.47,3.8,1.07,,,,92.7277
2010-04-23,16.62,3.84,1.1,,,,92.6622
2010-04-26,17.47,3.83,1.09,,,,92.5187
2010-04-27,22.81,3.71,1.03,,,,93.0956
2010-04-28,21.08,3.8,1.03,,,,93.4856
2010-04-29,18.44,3.76,1.01,,,,92.9013
2010-04-30,22.05,3.69,0.97,,,,92.8423
2010-05-01,,,,0.2,217.29,9.6,
2010-05-03,20.19,3.72,1.0,,,,93.235
2010-05-04,23.84,3.63,0.96,,,,93.8137
2010-05-05,24.91,3.58,0.88,,,,94.3968
2010-05-06,32.8,3.41,0.75,,,,95.3032
2010-05-07,40.95,3.45,0.83,,,,95.2952
2010-05-10,28.84,3.57,0.87,,,,94.3096
2010-05-11,28.32,3.56,0.85,,,,94.4305
2010-05-12,25.52,3.56,0.89,,,,94.5515
2010-05-13,26.68,3.55,0.87,,,,94.5071
2010-05-14,31.24,3.44,0.79,,,,95.3746
2010-05-17,30.84,3.47,0.81,,,,95.9795
2010-05-18,33.55,3.38,0.76,,,,95.6212
2010-05-19,35.32,3.36,0.8,,,,96.5083
2010-05-20,45.79,3.25,0.76,,,,96.9483
2010-05-21,40.1,3.2,0.76,,,,96.2911
2010-05-24,38.32,3.23,0.77,,,,96.6433
2010-05-25,34.61,3.18,0.81,,,,97.5487
2010-05-26,35.02,3.21,0.82,,,,97.1879
2010-05-27,29.68,3.34,0.87,,,,96.3611
2010-05-28,32.07,3.31,0.76,,,,96.3062
2010-05-31,,,,,,,
2010-06-01,35.54,3.29,0.78,0.18,217.199,9.4,96.6123
2010-06-02,30.17,3.35,0.82,,,,96.615
2010-06-03,29.46,3.39,0.82,,,,96.461
2010-06-04,35.48,3.2,0.72,,,,97.1688
2010-06-07,36.57,3.17,0.74,,,,97.503
2010-06-08,33.7,3.18,0.74,,,,97.3425
2010-06-09,33.73,3.2,0.74,,,,96.8938
2010-06-10,30.57,3.33,0.79,,,,96.4877
2010-06-11,28.79,3.24,0.75,,,,96.5616
2010-06-14,28.58,3.28,0.77,,,,95.8082
2010-06-15,25.87,3.32,0.79,,,,95.7049
2010-06-16,25.92,3.27,0.75,,,,95.5668
2010-06-17,25.05,3.21,0.72,,,,95.4973
2010-06-18,23.95,3.24,0.74,,,,95.2981
2010-06-21,24.88,3.26,0.74,,,,94.8505
2010-06-22,27.05,3.18,0.71,,,,95.1165
2010-06-23,26.91,3.13,0.66,,,,95.4853
2010-06-24,29.74,3.14,0.67,,,,95.6194
2010-06-25,28.53,3.12,0.65,,,,95.4582
2010-06-28,29.0,3.05,0.62,,,,95.2696
2010-06-29,34.13,2.97,0.61,,,,96.0199
2010-06-30,34.54,2.97,0.61,,,,95.9934
2010-07-01,32.86,2.96,0.63,0.18,217.605,9.4,95.8018
2010-07-02,30.12,3.0,0.63,,,,95.6345
2010-07-05,,,,,,,
2010-07-06,29.65,2.95,0.62,,,,95.1069
2010-07-07,26.84,3.0,0.63,,,,95.1795
2010-07-08,25.71,3.04,0.63,,,,94.7734
2010-07-09,24.98,3.07,0.63,,,,94.683
2010-07-12,24.43,3.08,0.65,,,,94.9598
2010-07-13,24.56,3.15,0.67,,,,94.3856
2010-07-14,24.89,3.07,0.62,,,,94.3247
2010-07-15,25.14,3.0,0.61,,,,94.1988
2010-07-16,26.25,2.96,0.61,,,,94.5061
2010-07-19,25.97,2.99,0.61,,,,94.602
2010-07-20,23.93,2.98,0.61,,,,94.542
2010-07-21,25.64,2.9,0.58,,,,94.4496
2010-07-22,24.63,2.96,0.6,,,,94.1135
2010-07-23,23.47,3.02,0.6,,,,94.1431
2010-07-26,22.73,3.03,0.62,,,,93.7556
2010-07-27,23.19,3.08,0.65,,,,93.7583
2010-07-28,24.25,3.03,0.61,,,,93.7506
2010-07-29,24.13,3.03,0.59,,,,93.6004
2010-07-30,23.5,2.94,0.55,,,,93.2793
2010-08-01,,,,0.19,217.923,9.5,
2010-08-02,22.01,2.99,0.56,,,,92.7916
2010-08-03,22.63,2.94,0.53,,,,92.6258
2010-08-04,22.21,2.98,0.56,,,,92.731
2010-08-05,22.1,2.94,0.53,,,,92.6401
2010-08-06,21.74,2.86,0.5,,,,92.5915
2010-08-09,22.14,2.86,0.54,,,,92.6726
2010-08-10,22.37,2.79,0.52,,,,93.2197
2010-08-11,25.39,2.72,0.54,,,,93.7778
2010-08-12,25.73,2.74,0.55,,,,93.8905
2010-08-13,26.24,2.68,0.54,,,,94.0457
2010-08-16,26.1,2.58,0.51,,,,93.7902
2010-08-17,24.33,2.64,0.52,,,,93.4239
2010-08-18,24.59,2.64,0.51,,,,93.3719
2010-08-19,26.44,2.58,0.49,,,,93.7141
2010-08-20,25.49,2.62,0.49,,,,94.2087
2010-08-23,25.66,2.6,0.49,,,,94.3295
2010-08-24,27.46,2.5,0.5,,,,94.4362
2010-08-25,26.7,2.54,0.53,,,,94.7372
2010-08-26,27.37,2.5,0.51,,,,94.3523
2010-08-27,24.45,2.66,0.56,,,,94.3462
2010-08-30,27.21,2.54,0.5,,,,94.5922
2010-08-31,26.05,2.47,0.47,,,,94.7204
2010-09-01,23.89,2.58,0.5,0.19,218.275,9.5,94.1148
2010-09-02,23.19,2.63,0.5,,,,94.0852
2010-09-03,21.31,2.72,0.52,,,,93.6952
2010-09-06,,,,,,,
2010-09-07,23.8,2.61,0.49,,,,94.042
2010-09-08,23.25,2.66,0.52,,,,93.7785
2010-09-09,22.81,2.77,0.57,,,,93.7033
2010-09-10,21.99,2.81,0.58,,,,93.6768
2010-09-13,21.21,2.74,0.53,,,,93.0767
2010-09-14,21.56,2.68,0.5,,,,92.6182
2010-09-15,22.1,2.74,0.5,,,,92.9313
2010-09-16,21.72,2.77,0.48,,,,92.9108
2010-09-17,22.01,2.75,0.48,,,,92.9418
2010-09-20,21.5,2.72,0.47,,,,92.7496
2010-09-21,22.35,2.61,0.43,,,,92.6684
2010-09-22,22.51,2.56,0.44,,,,92.0647
2010-09-23,23.87,2.56,0.45,,,,92.0233
2010-09-24,21.71,2.62,0.45,,,,91.5996
2010-09-27,22.54,2.54,0.44,,,,91.4803
2010-09-28,22.6,2.48,0.37,,,,91.3493
2010-09-29,23.25,2.52,0.44,,,,91.1632
2010-09-30,23.7,2.53,0.42,,,,91.3415
2010-10-01,22.5,2.54,0.42,0.19,219.035,9.4,90.836
2010-10-04,23.53,2.5,0.41,,,,91.0015
2010-10-05,21.76,2.5,0.41,,,,90.5622
2010-10-06,21.49,2.41,0.38,,,,90.1411
2010-10-07,21.56,2.41,0.36,,,,90.286
2010-10-08,20.71,2.41,0.35,,,,90.1133
2010-10-11,18.96,,,,,,
2010-10-12,18.93,2.44,0.37,,,,90.2203
2010-10-13,19.07,2.46,0.37,,,,89.7779
2010-10-14,19.88,2.52,0.38,,,,89.5228
2010-10-15,19.03,2.59,0.37,,,,89.6815
2010-10-18,19.09,2.52,0.38,,,,89.8484
2010-10-19,20.63,2.5,0.37,,,,90.5499
2010-10-20,19.79,2.51,0.35,,,,90.1446
2010-10-21,19.27,2.57,0.37,,,,90.138
2010-10-22,18.78,2.59,0.35,,,,90.4063
2010-10-25,19.85,2.59,0.37,,,,89.9328
2010-10-26,20.22,2.67,0.4,,,,90.2818
2010-10-27,20.71,2.75,0.4,,,,90.8038
2010-10-28,20.88,2.69,0.37,,,,90.2407
2010-10-29,21.2,2.63,0.34,,,,90.0935
2010-11-01,21.83,2.66,0.34,0.19,219.59,9.8,90.0307
2010-11-02,21.57,2.63,0.34,,,,89.6847
2010-11-03,19.56,2.67,0.34,,,,89.7079
2010-11-04,18.52,2.53,0.33,,,,88.9831
2010-11-05,18.26,2.58,0.38,,,,89.2441
2010-11-08,18.29,2.6,0.41,,,,89.5711
2010-11-09,19.08,2.72,0.46,,,,89.558
2010-11-10,18.47,2.65,0.44,,,,89.9056
2010-11-11,18.64,,,,,,
2010-11-12,20.61,2.76,0.51,,,,90.1701
2010-11-15,20.2,2.92,0.53,,,,90.4331
2010-11-16,22.58,2.85,0.51,,,,91.1102
2010-11-17,21.76,2.89,0.5,,,,90.9282
2010-11-18,18.75,2.9,0.52,,,,90.649
2010-11-19,18.04,2.88,0.52,,,,90.6986
2010-11-22,18.37,2.8,0.49,,,,90.7023
2010-11-23,20.63,2.77,0.45,,,,91.4318
2010-11-24,19.56,2.93,0.53,,,,91.2179
2010-11-25,,,,,,,
2010-11-26,22.22,2.87,0.51,,,,91.8152
2010-11-29,21.53,2.84,0.52,,,,92.1997
2010-11-30,23.54,2.81,0.45,,,,92.1494
2010-12-01,21.36,2.97,0.53,0.18,220.472,9.3,91.6799
2010-12-02,19.39,3.01,0.55,,,,91.2651
2010-12-03,18.01,3.03,0.49,,,,90.8788
2010-12-06,18.02,2.95,0.42,,,,91.0167
2010-12-07,17.99,3.15,0.54,,,,90.9732
2010-12-08,17.74,3.26,0.63,,,,91.3376
2010-12-09,17.25,3.23,0.64,,,,91.3923
2010-12-10,17.61,3.32,0.64,,,,91.2831
2010-12-13,17.55,3.29,0.61,,,,90.8837
2010-12-14,17.61,3.49,0.66,,,,90.764
2010-12-15,17.94,3.53,0.68,,,,91.094
2010-12-16,17.39,3.47,0.66,,,,91.3773
2010-12-17,16.11,3.33,0.61,,,,91.5555
2010-12-20,16.41,3.36,0.62,,,,91.6398
2010-12-21,16.49,3.35,0.63,,,,91.519
2010-12-22,15.45,3.36,0.65,,,,91.429
2010-12-23,16.47,3.41,0.67,,,,91.3013
2010-12-24,,,,,,,
2010-12-27,17.67,3.36,0.71,,,,91.1963
2010-12-28,17.52,3.5,0.75,,,,90.9848
2010-12-29,17.28,3.35,0.64,,,,90.7669
2010-12-30,17.52,3.38,0.66,,,,90.5146
2010-12-31,17.75,3.3,0.61,,,,
2011-01-01,,,,0.17,221.187,9.1,
2011-01-03,17.61,3.36,0.61,,,,89.9524
2011-01-04,17.38,3.36,0.63,,,,90.3277
2011-01-05,17.02,3.5,0.71,,,,90.5715
2011-01-06,17.4,3.44,0.68,,,,90.9125
2011-01-07,17.14,3.34,0.6,,,,91.0001
2011-01-10,17.54,3.32,0.59,,,,91.03
2011-01-11,16.89,3.37,0.6,,,,90.8431
2011-01-12,16.24,3.4,0.61,,,,90.4111
2011-01-13,16.39,3.34,0.59,,,,89.9019
2011-01-14,15.46,3.35,0.59,,,,90.0461
2011-01-17,,,,,,,
2011-01-18,15.87,3.39,0.6,,,,89.821
2011-01-19,17.31,3.37,0.6,,,,89.6948
2011-01-20,17.99,3.47,0.65,,,,90.1316
2011-01-21,18.47,3.44,0.63,,,,89.7204
2011-01-24,17.65,3.43,0.65,,,,89.5375
2011-01-25,17.59,3.35,0.62,,,,89.7279
2011-01-26,16.64,3.45,0.62,,,,89.5091
2011-01-27,16.15,3.42,0.59,,,,89.5728
2011-01-28,20.04,3.36,0.54,,,,89.8189
2011-01-31,19.53,3.42,0.58,,,,89.694
2011-02-01,17.63,3.48,0.61,0.16,221.898,9.0,89.1436
2011-02-02,17.3,3.52,0.67,,,,89.0737
2011-02-03,16.69,3.58,0.71,,,,89.2522
2011-02-04,15.93,3.68,0.77,,,,89.391
2011-02-07,16.28,3.68,0.78,,,,89.3556
2011-02-08,15.81,3.75,0.86,,,,89.1241
2011-02-09,15.87,3.65,0.81,,,,89.4166
2011-02-10,16.09,3.7,0.85,,,,89.6266
2011-02-11,15.69,3.64,0.85,,,,89.8784
2011-02-14,15.95,3.62,0.87,,,,89.8543
2011-02-15,16.37,3.61,0.84,,,,89.8871
2011-02-16,16.72,3.62,0.86,,,,89.7059
2011-02-17,16.59,3.58,0.8,,,,89.4102
2011-02-18,16.43,3.59,0.78,,,,89.1974
2011-02-21,,,,,,,
2011-02-22,20.8,3.46,0.74,,,,89.4617
2011-02-23,22.13,3.49,0.74,,,,89.4186
2011-02-24,21.32,3.46,0.73,,,,89.2346
2011-02-25,19.22,3.42,0.72,,,,89.1664
2011-02-28,18.35,3.42,0.69,,,,88.9391
2011-03-01,21.01,3.41,0.66,0.14,223.046,9.0,88.831
2011-03-02,20.7,3.46,0.69,,,,88.7317
2011-03-03,18.6,3.58,0.79,,,,88.637
2011-03-04,19.06,3.49,0.68,,,,88.4898
2011-03-07,20.66,3.51,0.7,,,,88.5207
2011-03-08,19.82,3.56,0.73,,,,88.6454
2011-03-09,20.22,3.48,0.7,,,,88.5328
2011-03-10,21.88,3.37,0.65,,,,88.8698
2011-03-11,20.08,3.4,0.64,,,,88.691
2011-03-14,21.13,3.36,0.61,,,,88.5191
2011-03-15,24.32,3.33,0.63,,,,88.7845
2011-03-16,29.4,3.22,0.58,,,,88.9785
2011-03-17,26.37,3.25,0.6,,,,88.6549
2011-03-18,24.44,3.28,0.61,,,,88.5221
2011-03-21,20.61,3.34,0.67,,,,88.2032
2011-03-22,20.21,3.34,0.68,,,,88.0665
2011-03-23,19.17,3.36,0.69,,,,88.3328
2011-03-24,18.0,3.42,0.72,,,,88.0592
2011-03-25,17.91,3.46,0.79,,,,88.1716
2011-03-28,19.44,3.47,0.81,,,,88.3058
2011-03-29,18.16,3.5,0.81,,,,88.3991
2011-03-30,17.71,3.47,0.8,,,,88.2298
2011-03-31,17.74,3.47,0.8,,,,88.0299
2011-04-01,17.4,3.46,0.8,0.1,224.093,9.1,87.7993
2011-04-04,17.5,3.45,0.77,,,,87.8406
2011-04-05,17.25,3.5,0.84,,,,87.7483
2011-04-06,16.9,3.56,0.85,,,,87.4913
2011-04-07,17.11,3.58,0.81,,,,87.532
2011-04-08,17.87,3.59,0.83,,,,87.1493
2011-04-11,16.59,3.59,0.85,,,,87.094
2011-04-12,17.09,3.52,0.77,,,,87.2943
2011-04-13,16.92,3.49,0.75,,,,87.2093
2011-04-14,16.27,3.51,0.77,,,,87.0802
2011-04-15,15.32,3.43,0.71,,,,87.005
2011-04-18,16.96,3.4,0.69,,,,87.5081
2011-04-19,15.83,3.39,0.68,,,,87.0791
2011-04-20,15.07,3.43,0.69,,,,86.5642
2011-04-21,14.69,3.42,0.68,,,,86.2256
2011-04-22,,,,,,,86.3742
2011-04-25,15.77,3.39,0.67,,,,86.4026
2011-04-26,15.62,3.34,0.65,,,,86.2576
2011-04-27,15.35,3.39,0.65,,,,86.2519
2011-04-28,14.62,3.34,0.62,,,,85.8419
2011-04-29,14.75,3.32,0.61,,,,85.5999
2011-05-01,,,,0.09,224.806,9.0,
2011-05-02,15.99,3.31,0.61,,,,85.5199
2011-05-03,16.7,3.28,0.61,,,,85.6352
2011-05-04,17.08,3.25,0.6,,,,85.8917
2011-05-05,18.2,3.18,0.58,,,,86.508
2011-05-06,18.4,3.19,0.57,,,,86.4575
2011-05-09,17.16,3.17,0.57,,,,86.8346
2011-05-10,15.91,3.23,0.59,,,,86.6518
2011-05-11,16.95,3.19,0.56,,,,86.7195
2011-05-12,16.03,3.22,0.57,,,,87.0767
2011-05-13,17.07,3.18,0.57,,,,87.4176
2011-05-16,18.24,3.15,0.54,,,,87.3311
2011-05-17,17.55,3.12,0.55,,,,87.6307
2011-05-18,16.23,3.18,0.58,,,,87.295
2011-05-19,15.52,3.17,0.55,,,,87.2638
2011-05-20,17.43,3.15,0.55,,,,87.3044
2011-05-23,18.27,3.13,0.55,,,,87.8941
2011-05-24,17.82,3.12,0.56,,,,87.662
2011-05-25,17.07,3.13,0.54,,,,87.6136
2011-05-26,16.09,3.07,0.48,,,,87.5588
2011-05-27,15.98,3.07,0.48,,,,86.9525
2011-05-30,,,,,,,
2011-05-31,15.45,3.05,0.45,,,,86.656
2011-06-01,18.3,2.96,0.44,0.09,224.806,9.1,86.5964
2011-06-02,18.09,3.04,0.45,,,,86.8435
2011-06-03,17.95,2.99,0.42,,,,86.4234
2011-06-06,18.49,3.01,0.43,,,,86.4669
2011-06-07,18.07,3.01,0.39,,,,86.3627
2011-06-08,18.79,2.98,0.39,,,,86.5714
2011-06-09,17.77,3.01,0.43,,,,86.5913
2011-06-10,18.86,2.99,0.41,,,,87.042
2011-06-13,19.61,3.0,0.4,,,,87.0579
2011-06-14,18.26,3.11,0.45,,,,86.6771
2011-06-15,21.32,2.98,0.38,,,,87.3342
2011-06-16,22.73,2.93,0.38,,,,87.6917
2011-06-17,21.85,2.94,0.38,,,,87.2179
2011-06-20,19.99,2.97,0.38,,,,87.1908
2011-06-21,18.86,2.99,0.4,,,,86.857
2011-06-22,18.52,3.01,0.39,,,,86.8067
2011-06-23,19.29,2.93,0.35,,,,87.455
2011-06-24,21.1,2.88,0.35,,,,87.5014
2011-06-27,20.56,2.95,0.41,,,,87.5225
2011-06-28,19.17,3.05,0.48,,,,87.2178
2011-06-29,17.27,3.14,0.47,,,,86.8014
2011-06-30,16.52,3.18,0.45,,,,86.4786
2011-07-01,15.87,3.22,0.5,0.07,225.395,9.0,86.3613
2011-07-04,,,,,,,
2011-07-05,16.06,3.16,0.44,,,,86.4253
2011-07-06,16.34,3.12,0.43,,,,86.6825
2011-07-07,15.95,3.17,0.49,,,,86.4825
2011-07-08,15.95,3.03,0.4,,,,86.615
2011-07-11,18.39,2.94,0.37,,,,87.1013
2011-07-12,19.87,2.92,0.37,,,,87.1701
2011-07-13,19.91,2.92,0.37,,,,86.5697
2011-07-14,20.8,2.98,0.38,,,,86.5234
2011-07-15,19.53,2.94,0.37,,,,86.5169
2011-07-18,20.95,2.94,0.37,,,,86.9549
2011-07-19,19.21,2.91,0.39,,,,86.4386
2011-07-20,19.09,2.96,0.4,,,,86.2794
2011-07-21,17.56,3.03,0.4,,,,85.8378
2011-07-22,17.52,2.99,0.4,,,,85.8623
2011-07-25,19.35,3.03,0.42,,,,85.8006
2011-07-26,20.23,2.99,0.41,,,,85.4692
2011-07-27,22.98,3.01,0.44,,,,85.7126
2011-07-28,23.74,2.98,0.42,,,,85.8245
2011-07-29,25.25,2.82,0.36,,,,85.7282
2011-08-01,23.66,2.77,0.38,0.1,226.106,9.0,86.0391
2011-08-02,24.79,2.66,0.33,,,,86.0533
2011-08-03,23.38,2.64,0.33,,,,86.0706
2011-08-04,31.66,2.47,0.27,,,,86.9299
2011-08-05,32.0,2.58,0.28,,,,87.1084
2011-08-08,48.0,2.4,0.27,,,,87.1873
2011-08-09,35.06,2.2,0.19,,,,87.3919
2011-08-10,42.99,2.17,0.19,,,,87.3792
2011-08-11,39.0,2.34,0.19,,,,87.3215
2011-08-12,36.36,2.24,0.2,,,,87.177
2011-08-15,31.87,2.29,0.19,,,,86.7515
2011-08-16,32.85,2.23,0.2,,,,86.7115
2011-08-17,31.58,2.17,0.19,,,,86.5518
2011-08-18,42.67,2.08,0.2,,,,87.1271
2011-08-19,43.05,2.07,0.2,,,,86.8286
2011-08-22,42.44,2.1,0.22,,,,87.0753
2011-08-23,36.27,2.15,0.22,,,,86.9001
2011-08-24,35.9,2.29,0.23,,,,87.1316
2011-08-25,39.76,2.23,0.22,,,,87.2306
2011-08-26,35.59,2.19,0.2,,,,87.0751
2011-08-29,32.28,2.28,0.2,,,,86.8433
2011-08-30,32.89,2.19,0.2,,,,87.001
2011-08-31,31.62,2.23,0.2,,,,86.7739
2011-09-01,31.82,2.15,0.19,0.08,226.597,9.0,86.8512
2011-09-02,33.92,2.02,0.2,,,,87.1797
2011-09-05,,,,,,,
2011-09-06,37.0,1.98,0.21,,,,88.1645
2011-09-07,33.38,2.05,0.21,,,,87.9699
2011-09-08,34.32,2.0,0.19,,,,88.1162
2011-09-09,38.52,1.93,0.17,,,,88.9514
2011-09-12,38.59,1.94,0.21,,,,89.2192
2011-09-13,36.91,2.0,0.21,,,,89.2653
2011-09-14,34.6,2.03,0.19,,,,89.419
2011-09-15,31.97,2.09,0.21,,,,89.0647
2011-09-16,30.98,2.08,0.18,,,,89.1108
2011-09-19,32.73,1.97,0.16,,,,89.9336
2011-09-20,32.86,1.95,0.18,,,,89.8777
2011-09-21,37.32,1.88,0.21,,,,90.3453
2011-09-22,41.35,1.72,0.2,,,,92.075
2011-09-23,41.25,1.84,0.23,,,,91.6904
2011-09-26,39.02,1.91,0.25,,,,91.7724
2011-09-27,37.71,2.0,0.25,,,,90.8985
2011-09-28,41.08,2.03,0.27,,,,91.0227
2011-09-29,38.84,1.99,0.27,,,,91.3033
2011-09-30,42.96,1.92,0.25,,,,91.9998
2011-10-01,,,,0.07,226.75,8.8,
2011-10-03,45.45,1.8,0.24,,,,92.5128
2011-10-04,40.82,1.81,0.25,,,,92.9508
2011-10-05,37.81,1.92,0.25,,,,92.3008
2011-10-06,36.27,2.01,0.29,,,,91.9661
2011-10-07,36.2,2.1,0.3,,,,91.2469
2011-10-10,33.02,,,,,,
2011-10-11,32.86,2.18,0.32,,,,90.9162
2011-10-12,31.26,2.24,0.29,,,,90.3378
2011-10-13,30.7,2.19,0.29,,,,90.6603
2011-10-14,28.24,2.26,0.28,,,,90.2116
2011-10-17,33.39,2.18,0.28,,,,90.266
2011-10-18,31.56,2.19,0.28,,,,90.5907
2011-10-19,34.44,2.18,0.28,,,,90.3317
2011-10-20,34.78,2.2,0.28,,,,91.1026
2011-10-21,31.32,2.23,0.3,,,,90.279
2011-10-24,29.26,2.25,0.3,,,,89.8558
2011-10-25,32.22,2.14,0.26,,,,89.9525
2011-10-26,29.86,2.23,0.28,,,,90.0836
2011-10-27,25.46,2.42,0.31,,,,88.7882
2011-10-28,24.53,2.34,0.28,,,,88.6382
2011-10-31,29.96,2.17,0.25,,,,89.2053
2011-11-01,34.77,2.01,0.23,0.08,227.169,8.6,90.7296
2011-11-02,32.74,2.03,0.23,,,,90.244
2011-11-03,30.5,2.09,0.24,,,,90.2961
2011-11-04,30.16,2.06,0.22,,,,90.3154
2011-11-07,29.85,2.04,0.25,,,,90.3832
2011-11-08,27.48,2.1,0.25,,,,90.172
2011-11-09,36.16,2.0,0.24,,,,90.6991
2011-11-10,32.81,2.04,0.24,,,,90.8588
2011-11-11,30.04,,,,,,
2011-11-14,31.13,2.04,0.24,,,,90.7215
2011-11-15,31.22,2.06,0.26,,,,91.1081
2011-11-16,33.51,2.01,0.26,,,,91.1237
2011-11-17,34.51,1.96,0.27,,,,91.1822
2011-11-18,32.0,2.01,0.29,,,,91.3676
2011-11-21,32.91,1.97,0.27,,,,91.9978
2011-11-22,31.97,1.94,0.26,,,,92.0193
2011-11-23,33.98,1.89,0.26,,,,92.7463
2011-11-24,,,,,,,
2011-11-25,34.47,1.97,0.28,,,,93.1455
2011-11-28,32.13,1.97,0.26,,,,92.4983
2011-11-29,30.64,2.0,0.27,,,,92.2163
2011-11-30,27.8,2.08,0.25,,,,91.4728
2011-12-01,27.41,2.11,0.27,0.07,227.223,8.5,91.227
2011-12-02,27.52,2.05,0.25,,,,91.3532
2011-12-05,27.84,2.04,0.27,,,,91.1087
2011-12-06,28.13,2.08,0.25,,,,91.2817
2011-12-07,28.67,2.02,0.24,,,,91.2331
2011-12-08,30.59,1.99,0.22,,,,91.668
2011-12-09,26.38,2.07,0.22,,,,91.6122
2011-12-12,25.67,2.03,0.24,,,,92.3375
2011-12-13,25.41,1.96,0.24,,,,92.5456
2011-12-14,26.04,1.92,0.25,,,,93.2176
2011-12-15,25.11,1.92,0.26,,,,92.8858
2011-12-16,24.29,1.86,0.24,,,,92.8252
2011-12-19,24.92,1.82,0.24,,,,92.8685
2011-12-20,23.22,1.94,0.26,,,,92.432
2011-12-21,21.43,1.98,0.28,,,,92.5262
2011-12-22,21.16,1.97,0.28,,,,92.3883
2011-12-23,20.73,2.03,0.28,,,,92.3897
2011-12-26,,,,,,,
2011-12-27,21.91,2.02,0.3,,,,92.4137
2011-12-28,23.52,1.93,0.28,,,,92.8374
2011-12-29,22.65,1.91,0.28,,,,92.7398
2011-12-30,23.4,1.89,0.25,,,,92.4262
2012-01-01,,,,0.08,227.842,8.3,
2012-01-02,,,,,,,
2012-01-03,22.97,1.97,0.27,,,,91.7551
2012-01-04,22.22,2.0,0.25,,,,92.0345
2012-01-05,21.48,2.02,0.27,,,,92.5773
2012-01-06,20.63,1.98,0.25,,,,92.7183
2012-01-09,21.07,1.98,0.26,,,,92.7418
2012-01-10,20.69,2.0,0.24,,,,92.2461
2012-01-11,21.05,1.93,0.24,,,,92.554
2012-01-12,20.47,1.94,0.22,,,,92.2274
2012-01-13,20.91,1.89,0.24,,,,92.5385
2012-01-16,,,,,,,
2012-01-17,22.2,1.87,0.21,,,,92.0142
2012-01-18,20.89,1.92,0.24,,,,91.6943
2012-01-19,19.87,2.01,0.26,,,,91.3316
2012-01-20,18.28,2.05,0.26,,,,91.3661
2012-01-23,18.67,2.09,0.26,,,,90.986
2012-01-24,18.91,2.08,0.24,,,,91.181
2012-01-25,18.31,2.01,0.22,,,,91.277
2012-01-26,18.57,1.96,0.22,,,,90.3962
2012-01-27,18.53,1.93,0.22,,,,90.2559
2012-01-30,19.4,1.87,0.22,,,,90.4762
2012-01-31,19.44,1.83,0.22,,,,90.5538
2012-02-01,18.55,1.87,0.23,0.1,228.329,8.3,90.0963
2012-02-02,17.98,1.86,0.23,,,,89.8765
2012-02-03,17.1,1.97,0.23,,,,89.8491
2012-02-06,17.76,1.93,0.24,,,,89.7907
2012-02-07,17.65,2.0,0.25,,,,89.5968
2012-02-08,18.16,2.01,0.27,,,,89.6555
2012-02-09,18.63,2.04,0.27,,,,89.6246
2012-02-10,20.79,1.96,0.27,,,,90.1024
2012-02-13,19.04,1.99,0.29,,,,89.8895
2012-02-14,19.54,1.92,0.29,,,,90.1919
2012-02-15,21.14,1.93,0.29,,,,90.1932
2012-02-16,19.22,1.99,0.29,,,,90.3109
2012-02-17,17.78,2.01,0.29,,,,90.23
2012-02-20,,,,,,,
2012-02-21,18.19,2.05,0.31,,,,90.0117
2012-02-22,18.19,2.01,0.29,,,,90.2472
2012-02-23,16.8,1.99,0.31,,,,90.1108
2012-02-24,17.31,1.98,0.31,,,,89.9104
2012-02-27,18.19,1.92,0.3,,,,89.9635
2012-02-28,17.96,1.94,0.3,,,,89.8103
2012-02-29,18.43,1.98,0.3,,,,89.7487
2012-03-01,17.26,2.03,0.3,0.13,228.807,8.2,89.7817
2012-03-02,17.29,1.99,0.28,,,,90.135
2012-03-05,18.05,2.0,0.31,,,,90.2748
2012-03-06,20.87,1.96,0.3,,,,90.8237
2012-03-07,19.07,1.98,0.3,,,,90.6837
2012-03-08,17.95,2.03,0.32,,,,90.2598
2012-03-09,17.11,2.04,0.33,,,,90.4341
2012-03-12,15.64,2.04,0.33,,,,90.6643
2012-03-13,14.8,2.14,0.35,,,,90.5363
2012-03-14,15.31,2.29,0.4,,,,90.9325
2012-03-15,15.42,2.29,0.37,,,,90.7866
2012-03-16,14.47,2.31,0.37,,,,90.5245
2012-03-19,15.04,2.39,0.39,,,,90.292
2012-03-20,15.58,2.38,0.41,,,,90.6065
2012-03-21,15.13,2.31,0.39,,,,90.6761
2012-03-22,15.57,2.29,0.37,,,,90.8225
2012-03-23,14.82,2.25,0.37,,,,90.6156
2012-03-26,14.26,2.26,0.36,,,,90.3266
2012-03-27,15.59,2.2,0.33,,,,90.2796
2012-03-28,15.47,2.21,0.34,,,,90.603
2012-03-29,15.48,2.18,0.33,,,,90.7285
2012-03-30,15.5,2.23,0.33,,,,90.4593
2012-04-01,,,,0.14,229.187,8.2,
2012-04-02,15.64,2.22,0.33,,,,90.247
2012-04-03,15.66,2.3,0.36,,,,90.1921
2012-04-04,16.44,2.25,0.35,,,,90.8284
2012-04-05,16.7,2.19,0.35,,,,90.8781
2012-04-06,,2.07,0.32,,,,90.9375
2012-04-09,18.81,2.06,0.32,,,,90.9624
2012-04-10,20.39,2.01,0.28,,,,91.2728
2012-04-11,20.02,2.05,0.3,,,,91.1768
2012-04-12,17.2,2.08,0.29,,,,90.7694
2012-04-13,19.55,2.02,0.27,,,,91.0558
2012-04-16,19.55,2.0,0.27,,,,91.2355
2012-04-17,18.46,2.03,0.27,,,,90.7661
2012-04-18,18.64,2.0,0.27,,,,90.9326
2012-04-19,18.36,1.98,0.27,,,,91.0833
2012-04-20,17.44,1.99,0.29,,,,90.8066
2012-04-23,18.97,1.96,0.27,,,,91.079
2012-04-24,18.1,2.0,0.27,,,,90.8153
2012-04-25,16.82,2.01,0.26,,,,90.756
2012-04-26,16.24,1.98,0.26,,,,90.6428
2012-04-27,16.32,1.96,0.26,,,,90.3269
2012-04-30,17.15,1.95,0.27,,,,90.3634
2012-05-01,16.6,1.98,0.27,0.16,228.713,8.2,90.3227
2012-05-02,16.88,1.96,0.27,,,,90.6144
2012-05-03,17.56,1.96,0.28,,,,90.6839
2012-05-04,19.16,1.91,0.27,,,,91.0497
2012-05-07,18.94,1.92,0.27,,,,91.0747
2012-05-08,19.05,1.88,0.27,,,,91.4107
2012-05-09,20.08,1.87,0.27,,,,91.7632
2012-05-10,18.83,1.89,0.27,,,,91.7077
2012-05-11,19.89,1.84,0.27,,,,91.7306
2012-05-14,21.87,1.78,0.29,,,,92.2491
2012-05-15,21.97,1.76,0.29,,,,92.5235
2012-05-16,22.27,1.76,0.3,,,,92.903
2012-05-17,24.49,1.7,0.32,,,,92.9632
2012-05-18,25.1,1.71,0.32,,,,93.1395
2012-05-21,22.01,1.75,0.3,,,,93.0945
2012-05-22,22.48,1.79,0.3,,,,93.1113
2012-05-23,22.33,1.73,0.28,,,,93.8855
2012-05-24,21.54,1.77,0.29,,,,93.8027
2012-05-25,21.76,1.75,0.3,,,,93.9488
2012-05-28,,,,,,,
2012-05-29,21.03,1.74,0.3,,,,93.875
2012-05-30,24.14,1.63,0.27,,,,94.302
2012-05-31,24.06,1.59,0.27,,,,94.6856
2012-06-01,26.66,1.47,0.25,0.16,228.524,8.2,94.6979
2012-06-04,26.12,1.53,0.25,,,,94.5184
2012-06-05,24.68,1.57,0.25,,,,94.6184
2012-06-06,22.16,1.66,0.26,,,,94.0362
2012-06-07,21.72,1.66,0.27,,,,93.774
2012-06-08,21.23,1.65,0.28,,,,94.2024
2012-06-11,23.56,1.6,0.27,,,,94.0369
2012-06-12,22.09,1.67,0.3,,,,94.0693
2012-06-13,24.27,1.61,0.3,,,,93.8309
2012-06-14,21.68,1.64,0.3,,,,93.8152
2012-06-15,21.11,1.6,0.29,,,,93.5203
2012-06-18,18.32,1.59,0.29,,,,93.6431
2012-06-19,18.38,1.64,0.3,,,,93.0524
2012-06-20,17.24,1.65,0.32,,,,93.1602
2012-06-21,20.08,1.63,0.32,,,,93.6378
2012-06-22,18.11,1.69,0.31,,,,93.9205
2012-06-25,20.38,1.63,0.31,,,,94.1757
2012-06-26,19.72,1.66,0.31,,,,93.9859
2012-06-27,19.45,1.65,0.31,,,,93.8728
2012-06-28,19.71,1.6,0.31,,,,94.0203
2012-06-29,17.08,1.67,0.33,,,,92.9096
2012-07-01,,,,0.16,228.59,8.2,
2012-07-02,16.8,1.61,0.3,,,,92.951
2012-07-03,16.66,1.65,0.3,,,,92.6508
2012-07-04,,,,,,,
2012-07-05,17.5,1.62,0.28,,,,93.2211
2012-07-06,17.1,1.57,0.27,,,,93.7087
2012-07-09,17.98,1.53,0.27,,,,93.6974
2012-07-10,18.72,1.53,0.27,,,,93.5552
2012-07-11,17.95,1.54,0.27,,,,93.5981
2012-07-12,18.33,1.5,0.25,,,,93.9298
2012-07-13,16.74,1.52,0.25,,,,93.5515
2012-07-16,17.11,1.5,0.24,,,,93.3746
2012-07-17,16.48,1.53,0.25,,,,93.3479
2012-07-18,16.16,1.52,0.22,,,,93.0973
2012-07-19,15.45,1.54,0.22,,,,93.0438
2012-07-20,16.27,1.49,0.22,,,,93.3653
2012-07-23,18.62,1.47,0.22,,,,93.9297
2012-07-24,20.47,1.44,0.22,,,,94.2635
2012-07-25,19.34,1.43,0.22,,,,94.0564
2012-07-26,17.53,1.45,0.23,,,,93.3595
2012-07-27,16.7,1.58,0.25,,,,92.9333
2012-07-30,18.03,1.53,0.23,,,,93.0524
2012-07-31,18.93,1.51,0.23,,,,92.8422
2012-08-01,18.96,1.56,0.24,0.13,229.918,8.1,92.8905
2012-08-02,17.57,1.51,0.24,,,,93.4269
2012-08-03,15.64,1.6,0.24,,,,92.6048
2012-08-06,15.95,1.59,0.24,,,,92.4339
2012-08-07,15.99,1.66,0.27,,,,92.5128
2012-08-08,15.32,1.68,0.29,,,,92.5407
2012-08-09,15.28,1.69,0.29,,,,92.6057
2012-08-10,14.74,1.65,0.27,,,,92.5129
2012-08-13,13.7,1.65,0.27,,,,92.5955
2012-08-14,14.85,1.73,0.27,,,,92.6152
2012-08-15,14.63,1.8,0.27,,,,92.6838
2012-08-16,14.29,1.83,0.29,,,,92.5737
2012-08-17,13.45,1.81,0.29,,,,92.711
2012-08-20,14.02,1.82,0.29,,,,92.6263
2012-08-21,15.02,1.8,0.31,,,,92.3053
2012-08-22,15.11,1.71,0.26,,,,92.4362
2012-08-23,15.96,1.68,0.26,,,,92.1057
2012-08-24,15.18,1.68,0.28,,,,92.2785
2012-08-27,16.35,1.65,0.28,,,,92.3135
2012-08-28,16.49,1.64,0.27,,,,92.2033
2012-08-29,17.06,1.66,0.27,,,,92.3823
2012-08-30,17.83,1.63,0.27,,,,92.6239
2012-08-31,17.47,1.57,0.22,,,,92.1677
2012-09-01,,,,0.14,231.015,7.8,
2012-09-03,,,,,,,
2012-09-04,17.98,1.59,0.23,,,,92.1582
2012-09-05,17.74,1.6,0.25,,,,92.1262
2012-09-06,15.6,1.68,0.27,,,,91.8973
2012-09-07,14.38,1.67,0.25,,,,91.3469
2012-09-10,16.28,1.68,0.25,,,,91.3102
2012-09-11,16.41,1.7,0.25,,,,91.0575
2012-09-12,15.8,1.77,0.25,,,,91.0477
2012-09-13,14.05,1.75,0.24,,,,90.9632
2012-09-14,14.51,1.88,0.27,,,,90.1436
2012-09-17,14.59,1.85,0.25,,,,90.2837
2012-09-18,14.18,1.82,0.25,,,,90.5029
2012-09-19,13.88,1.79,0.27,,,,90.4646
2012-09-20,14.07,1.8,0.27,,,,90.7631
2012-09-21,13.98,1.77,0.27,,,,90.5342
2012-09-24,14.15,1.74,0.27,,,,90.8263
2012-09-25,15.43,1.7,0.27,,,,90.6074
2012-09-26,16.81,1.64,0.26,,,,91.0028
2012-09-27,14.84,1.66,0.25,,,,90.7538
2012-09-28,15.73,1.65,0.23,,,,90.8342
2012-10-01,16.32,1.64,0.25,0.16,231.638,7.8,90.7011
2012-10-02,15.71,1.64,0.23,,,,90.644
2012-10-03,15.43,1.64,0.23,,,,90.8726
2012-10-04,14.55,1.7,0.23,,,,90.4932
2012-10-05,14.33,1.75,0.27,,,,90.2851
2012-10-08,15.11,,,,,,
2012-10-09,16.37,1.74,0.25,,,,90.8703
2012-10-10,16.29,1.72,0.27,,,,90.883
2012-10-11,15.59,1.7,0.28,,,,90.7437
2012-10-12,16.14,1.69,0.27,,,,90.6833
2012-10-15,15.27,1.7,0.27,,,,90.6409
2012-10-16,15.22,1.75,0.27,,,,90.5583
2012-10-17,15.07,1.83,0.3,,,,90.2309
2012-10-18,15.03,1.86,0.29,,,,90.3804
2012-10-19,17.06,1.79,0.3,,,,90.8107
2012-10-22,16.62,1.83,0.32,,,,90.7911
2012-10-23,18.83,1.79,0.29,,,,91.0945
2012-10-24,18.33,1.8,0.29,,,,91.1275
2012-10-25,18.12,1.86,0.31,,,,91.02
2012-10-26,17.81,1.78,0.3,,,,91.1411
2012-10-29,,1.74,0.3,,,,
2012-10-30,,,,,,,
2012-10-31,18.6,1.72,0.3,,,,91.1609
2012-11-01,16.69,1.75,0.3,0.16,231.249,7.7,91.1217
2012-11-02,17.59,1.75,0.28,,,,91.281
2012-11-05,18.42,1.72,0.28,,,,91.4778
2012-11-06,17.58,1.78,0.3,,,,91.2908
2012-11-07,19.08,1.68,0.27,,,,91.4514
2012-11-08,18.49,1.62,0.27,,,,91.5375
2012-11-09,18.61,1.61,0.27,,,,91.6871
2012-11-12,16.68,,,,,,
2012-11-13,16.65,1.59,0.27,,,,91.7356
2012-11-14,17.92,1.59,0.25,,,,91.7942
2012-11-15,17.99,1.58,0.24,,,,91.8837
2012-11-16,16.41,1.58,0.24,,,,92.0095
2012-11-19,15.24,1.61,0.25,,,,91.5653
2012-11-20,15.08,1.66,0.27,,,,91.556
2012-11-21,15.31,1.69,0.27,,,,91.6645
2012-11-22,,,,,,,
2012-11-23,15.14,1.7,0.29,,,,91.2616
2012-11-26,15.5,1.66,0.27,,,,91.2789
2012-11-27,15.92,1.64,0.27,,,,91.2608
2012-11-28,15.51,1.63,0.27,,,,91.33
2012-11-29,15.06,1.62,0.25,,,,91.2104
2012-11-30,15.87,1.62,0.25,,,,91.1038
2012-12-01,,,,0.16,231.221,7.9,
2012-12-03,16.64,1.63,0.25,,,,91.0084
2012-12-04,17.12,1.62,0.25,,,,90.9748
2012-12-05,16.46,1.6,0.25,,,,90.9423
2012-12-06,16.58,1.59,0.25,,,,91.0629
2012-12-07,15.9,1.64,0.25,,,,91.0437
2012-12-10,16.05,1.63,0.24,,,,90.9631
2012-12-11,15.57,1.66,0.24,,,,90.8403
2012-12-12,15.95,1.72,0.25,,,,90.7708
2012-12-13,16.56,1.74,0.27,,,,90.776
2012-12-14,17.0,1.72,0.24,,,,90.7156
2012-12-17,16.34,1.78,0.25,,,,90.6193
2012-12-18,15.57,1.84,0.28,,,,90.5161
2012-12-19,17.36,1.82,0.28,,,,90.4896
2012-12-20,17.67,1.81,0.28,,,,90.6002
2012-12-21,17.84,1.77,0.26,,,,90.9597
2012-12-24,17.84,1.79,0.26,,,,91.0354
2012-12-25,,,,,,,
2012-12-26,19.48,1.77,0.26,,,,91.0606
2012-12-27,19.47,1.74,0.26,,,,91.1037
2012-12-28,22.72,1.73,0.27,,,,91.0419
2012-12-31,18.02,1.78,0.25,,,,91.0834
2013-01-01,,,,0.14,231.679,8.0,
2013-01-02,14.68,1.86,0.27,,,,90.6941
2013-01-03,14.56,1.92,0.27,,,,90.8097
2013-01-04,13.83,1.93,0.27,,,,91.1025
2013-01-07,13.79,1.92,0.27,,,,90.9852
2013-01-08,13.62,1.89,0.25,,,,91.057
2013-01-09,13.81,1.88,0.24,,,,91.0088
2013-01-10,13.49,1.91,0.26,,,,90.6425
2013-01-11,13.36,1.89,0.26,,,,90.5352
2013-01-14,13.52,1.89,0.26,,,,90.4935
2013-01-15,13.55,1.86,0.26,,,,90.5191
2013-01-16,13.42,1.84,0.26,,,,90.596
2013-01-17,13.57,1.89,0.28,,,,90.5401
2013-01-18,12.46,1.87,0.26,,,,90.8697
2013-01-21,,,,,,,
2013-01-22,12.43,1.86,0.26,,,,90.7892
2013-01-23,12.46,1.86,0.26,,,,90.8376
2013-01-24,12.69,1.88,0.23,,,,90.9112
2013-01-25,12.89,1.98,0.28,,,,91.0868
2013-01-28,13.57,2.0,0.29,,,,91.2354
2013-01-29,13.31,2.03,0.3,,,,90.9406
2013-01-30,14.32,2.03,0.27,,,,90.8836
2013-01-31,14.28,2.02,0.27,,,,90.798
2013-02-01,12.9,2.04,0.27,0.15,232.937,7.7,90.6923
2013-02-04,14.67,2.0,0.25,,,,90.9774
2013-02-05,13.72,2.04,0.27,,,,90.881
2013-02-06,13.41,2.0,0.27,,,,91.0176
2013-02-07,13.5,1.99,0.25,,,,91.2912
2013-02-08,13.02,1.99,0.25,,,,91.3056
2013-02-11,12.94,1.99,0.27,,,,91.4451
2013-02-12,12.64,2.02,0.29,,,,91.2779
2013-02-13,12.98,2.05,0.29,,,,91.2709
2013-02-14,12.66,2.0,0.27,,,,91.366
2013-02-15,12.46,2.01,0.29,,,,91.4551
2013-02-18,,,,,,,
2013-02-19,12.31,2.03,0.29,,,,91.5073
2013-02-20,14.68,2.02,0.27,,,,91.6689
2013-02-21,15.22,1.99,0.26,,,,92.0394
2013-02-22,14.17,1.97,0.27,,,,92.1197
2013-02-25,18.99,1.88,0.25,,,,92.1975
2013-02-26,16.87,1.88,0.25,,,,92.4247
2013-02-27,14.73,1.91,0.27,,,,92.234
2013-02-28,15.51,1.89,0.25,,,,92.295
2013-03-01,15.36,1.86,0.25,0.14,232.282,7.5,92.6177
2013-03-04,14.01,1.88,0.24,,,,92.6316
2013-03-05,13.48,1.9,0.25,,,,92.4965
2013-03-06,13.53,1.95,0.25,,,,
2013-03-07,13.06,2.0,0.25,,,,92.5462
2013-03-08,12.59,2.06,0.27,,,,92.6252
2013-03-11,11.56,2.07,0.27,,,,92.5351
2013-03-12,12.27,2.03,0.27,,,,92.3853
2013-03-13,11.83,2.04,0.27,,,,92.4709
2013-03-14,11.3,2.04,0.27,,,,92.4695
2013-03-15,11.3,2.01,0.25,,,,92.128
2013-03-18,13.36,1.96,0.26,,,,92.3377
2013-03-19,14.39,1.92,0.24,,,,92.526
2013-03-20,12.67,1.96,0.26,,,,92.4141
2013-03-21,13.99,1.95,0.27,,,,92.3322
2013-03-22,13.57,1.93,0.26,,,,92.2051
2013-03-25,13.74,1.93,0.24,,,,92.3081
2013-03-26,12.77,1.92,0.25,,,,92.232
2013-03-27,13.15,1.87,0.25,,,,92.446
2013-03-28,12.7,1.87,0.25,,,,92.2544
2013-03-29,,,,,,,92.302
2013-04-01,13.58,1.86,0.23,0.15,231.797,7.6,92.1687
2013-04-02,12.78,1.88,0.25,,,,92.1432
2013-04-03,14.21,1.83,0.24,,,,92.104
2013-04-04,13.89,1.78,0.22,,,,92.3896
2013-04-05,13.92,1.72,0.24,,,,92.1043
2013-04-08,13.19,1.76,0.24,,,,92.2317
2013-04-09,12.84,1.78,0.24,,,,91.9669
2013-04-10,12.36,1.84,0.24,,,,91.9598
2013-04-11,12.24,1.82,0.24,,,,91.6972
2013-04-12,12.06,1.75,0.22,,,,91.7967
2013-04-15,17.27,1.72,0.22,,,,91.9457
2013-04-16,13.96,1.75,0.24,,,,91.8451
2013-04-17,16.51,1.73,0.24,,,,92.1372
2013-04-18,17.56,1.72,0.24,,,,92.176
2013-04-19,14.97,1.73,0.24,,,,92.2166
2013-04-22,14.39,1.72,0.24,,,,92.3591
2013-04-23,13.48,1.74,0.23,,,,92.3836
2013-04-24,13.61,1.73,0.23,,,,92.4581
2013-04-25,13.62,1.74,0.23,,,,92.0394
2013-04-26,13.61,1.7,0.22,,,,91.9012
2013-04-29,13.71,1.7,0.2,,,,91.6539
2013-04-30,13.52,1.7,0.22,,,,91.3741
2013-05-01,14.49,1.66,0.2,0.11,231.893,7.5,91.4331
2013-05-02,13.59,1.66,0.2,,,,91.6174
2013-05-03,12.85,1.78,0.22,,,,91.5087
2013-05-06,12.66,1.8,0.22,,,,91.6387
2013-05-07,12.83,1.82,0.22,,,,91.5201
2013-05-08,12.66,1.81,0.22,,,,91.1848
2013-05-09,13.13,1.81,0.22,,,,91.3036
2013-05-10,12.59,1.9,0.26,,,,92.2527
2013-05-13,12.55,1.92,0.24,,,,92.2711
2013-05-14,12.77,1.96,0.26,,,,92.3697
2013-05-15,12.81,1.94,0.26,,,,92.7691
2013-05-16,13.07,1.87,0.23,,,,92.6602
2013-05-17,12.45,1.95,0.26,,,,93.1617
2013-05-20,13.02,1.97,0.26,,,,93.0359
2013-05-21,13.37,1.94,0.26,,,,92.9662
2013-05-22,13.82,2.03,0.26,,,,93.3104
2013-05-23,14.07,2.02,0.26,,,,93.2113
2013-05-24,13.99,2.01,0.26,,,,93.2768
2013-05-27,,,,,,,
2013-05-28,14.48,2.15,0.29,,,,93.5853
2013-05-29,14.83,2.13,0.3,,,,93.531
2013-05-30,14.53,2.13,0.31,,,,93.4219
2013-05-31,16.3,2.16,0.3,,,,93.6076
2013-06-01,,,,0.09,232.445,7.5,
2013-06-03,16.28,2.13,0.3,,,,93.163
2013-06-04,16.27,2.14,0.32,,,,93.3067
2013-06-05,17.5,2.1,0.3,,,,93.275
2013-06-06,16.63,2.08,0.3,,,,92.809
2013-06-07,15.14,2.17,0.32,,,,92.6056
2013-06-10,15.44,2.22,0.32,,,,92.973
2013-06-11,17.07,2.2,0.34,,,,92.7996
2013-06-12,18.59,2.25,0.34,,,,92.4775
2013-06-13,16.41,2.19,0.32,,,,92.3449
2013-06-14,17.15,2.14,0.29,,,,92.1886
2013-06-17,16.8,2.19,0.27,,,,92.3332
2013-06-18,16.61,2.2,0.27,,,,92.5432
2013-06-19,16.64,2.33,0.31,,,,92.4755
2013-06-20,20.49,2.41,0.33,,,,94.125
2013-06-21,18.9,2.52,0.38,,,,94.4243
2013-06-24,20.11,2.57,0.42,,,,94.5714
2013-06-25,18.47,2.6,0.43,,,,94.3285
2013-06-26,17.21,2.55,0.39,,,,94.3807
2013-06-27,16.86,2.49,0.36,,,,94.2429
2013-06-28,16.86,2.52,0.36,,,,94.3047
2013-07-01,16.37,2.5,0.34,0.09,232.9,7.3,94.0998
2013-07-02,16.44,2.48,0.34,,,,94.4051
2013-07-03,16.2,2.52,0.36,,,,94.4767
2013-07-04,,,,,,,
2013-07-05,14.89,2.73,0.4,,,,95.0639
2013-07-08,14.78,2.65,0.37,,,,94.9954
2013-07-09,14.35,2.65,0.37,,,,94.9467
2013-07-10,14.21,2.7,0.38,,,,94.7595
2013-07-11,14.01,2.6,0.34,,,,93.949
2013-07-12,13.84,2.61,0.37,,,,94.0029
2013-07-15,13.79,2.57,0.34,,,,93.9729
2013-07-16,14.42,2.55,0.34,,,,93.5232
2013-07-17,13.78,2.52,0.32,,,,93.5498
2013-07-18,13.77,2.56,0.32,,,,93.681
2013-07-19,12.54,2.5,0.32,,,,93.4759
2013-07-22,12.29,2.5,0.32,,,,93.2253
2013-07-23,12.66,2.53,0.33,,,,93.1631
2013-07-24,13.18,2.61,0.34,,,,93.3124
2013-07-25,12.97,2.61,0.32,,,,93.2862
2013-07-26,12.72,2.58,0.31,,,,93.1695
2013-07-29,13.39,2.61,0.33,,,,93.1663
2013-07-30,13.39,2.63,0.33,,,,93.3976
2013-07-31,13.45,2.6,0.31,,,,93.5703
2013-08-01,12.94,2.74,0.35,0.08,233.456,7.2,93.7972
2013-08-02,11.98,2.63,0.3,,,,93.5789
2013-08-05,11.84,2.67,0.32,,,,93.507
2013-08-06,12.72,2.67,0.32,,,,93.3199
2013-08-07,12.98,2.61,0.32,,,,93.2652
2013-08-08,12.73,2.58,0.3,,,,92.8483
2013-08-09,13.41,2.57,0.32,,,,92.8394
2013-08-12,12.81,2.61,0.32,,,,92.9178
2013-08-13,12.31,2.71,0.34,,,,93.476
2013-08-14,13.04,2.71,0.34,,,,93.382
2013-08-15,14.73,2.77,0.36,,,,93.5059
2013-08-16,14.37,2.84,0.36,,,,93.4255
2013-08-19,15.1,2.88,0.36,,,,93.6623
2013-08-20,14.91,2.82,0.36,,,,93.5536
2013-08-21,15.94,2.87,0.38,,,,94.0362
2013-08-22,14.76,2.9,0.42,,,,94.2804
2013-08-23,13.98,2.82,0.4,,,,93.9466
2013-08-26,14.99,2.79,0.41,,,,94.1853
2013-08-27,16.77,2.72,0.38,,,,94.3934
2013-08-28,16.49,2.78,0.4,,,,94.4127
2013-08-29,16.81,2.75,0.39,,,,94.6398
2013-08-30,17.01,2.78,0.39,,,,94.7541
2013-09-01,,,,0.08,233.544,7.2,
2013-09-02,,,,,,,
2013-09-03,16.61,2.86,0.43,,,,94.9574
2013-09-04,15.88,2.9,0.46,,,,94.5739
2013-09-05,15.77,2.98,0.52,,,,94.8891
2013-09-06,15.85,2.94,0.46,,,,94.2487
2013-09-09,15.63,2.9,0.45,,,,94.0009
2013-09-10,14.53,2.96,0.5,,,,93.938
2013-09-11,13.82,2.93,0.47,,,,93.7112
2013-09-12,14.29,2.92,0.45,,,,93.5903
2013-09-13,14.16,2.9,0.45,,,,93.6666
2013-09-16,14.38,2.88,0.41,,,,93.2875
2013-09-17,14.53,2.86,0.39,,,,93.2231
2013-09-18,13.59,2.69,0.34,,,,93.2569
2013-09-19,13.16,2.76,0.34,,,,92.4082
2013-09-20,13.12,2.75,0.34,,,,92.6049
2013-09-23,14.31,2.72,0.35,,,,92.613
2013-09-24,14.08,2.67,0.35,,,,92.7691
2013-09-25,14.01,2.63,0.36,,,,92.7675
2013-09-26,14.06,2.66,0.34,,,,93.0096
2013-09-27,15.46,2.64,0.34,,,,92.9747
2013-09-30,16.6,2.64,0.33,,,,92.9207
2013-10-01,15.54,2.66,0.33,0.09,233.669,7.2,92.9515
2013-10-02,16.6,2.63,0.31,,,,92.772
2013-10-03,17.67,2.62,0.33,,,,92.7461
2013-10-04,16.74,2.66,0.33,,,,92.6469
2013-10-07,19.41,2.65,0.37,,,,92.6725
2013-10-08,20.34,2.66,0.4,,,,92.7558
2013-10-09,19.6,2.68,0.37,,,,93.0829
2013-10-10,16.48,2.71,0.35,,,,92.8579
2013-10-11,15.72,2.7,0.35,,,,92.854
2013-10-14,16.07,,,,,,
2013-10-15,18.66,2.75,0.37,,,,92.7642
2013-10-16,14.71,2.69,0.34,,,,92.6819
2013-10-17,13.48,2.61,0.33,,,,92.0246
2013-10-18,13.04,2.6,0.33,,,,91.9989
2013-10-21,13.16,2.63,0.33,,,,92.2498
2013-10-22,13.33,2.54,0.31,,,,91.9563
2013-10-23,13.42,2.51,0.31,,,,92.0947
2013-10-24,13.2,2.53,0.33,,,,92.1867
2013-10-25,13.09,2.53,0.32,,,,92.1623
2013-10-28,13.31,2.54,0.32,,,,92.1872
2013-10-29,13.41,2.53,0.31,,,,92.301
2013-10-30,13.65,2.55,0.33,,,,92.3057
2013-10-31,13.75,2.57,0.31,,,,92.731
2013-11-01,13.28,2.65,0.33,0.08,234.1,6.9,93.155
2013-11-04,12.93,2.63,0.32,,,,92.9359
2013-11-05,13.27,2.69,0.32,,,,93.2112
2013-11-06,12.67,2.67,0.3,,,,93.0943
2013-11-07,13.91,2.63,0.29,,,,93.4003
2013-11-08,12.9,2.77,0.32,,,,93.6619
2013-11-11,12.53,,,,,,
2013-11-12,12.82,2.8,0.34,,,,93.7651
2013-11-13,12.52,2.75,0.32,,,,93.4848
2013-11-14,12.37,2.69,0.29,,,,93.4328
2013-11-15,12.19,2.71,0.31,,,,93.2854
2013-11-18,13.1,2.67,0.31,,,,92.9824
2013-11-19,13.39,2.71,0.29,,,,93.0649
2013-11-20,13.4,2.8,0.28,,,,93.2501
2013-11-21,12.66,2.79,0.29,,,,93.5638
2013-11-22,12.26,2.75,0.31,,,,93.4198
2013-11-25,12.79,2.74,0.3,,,,93.5539
2013-11-26,12.81,2.71,0.29,,,,93.5226
2013-11-27,12.98,2.74,0.28,,,,93.6864
2013-11-28,,,,,,,
2013-11-29,13.7,2.75,0.28,,,,93.6291
2013-12-01,,,,0.09,234.719,6.7,
2013-12-02,14.23,2.81,0.3,,,,93.8856
2013-12-03,14.55,2.79,0.28,,,,93.8251
2013-12-04,14.7,2.84,0.3,,,,93.8997
2013-12-05,15.08,2.88,0.3,,,,93.4954
2013-12-06,13.79,2.88,0.3,,,,93.4045
2013-12-09,13.49,2.86,0.3,,,,93.1444
2013-12-10,13.91,2.81,0.3,,,,
2013-12-11,15.42,2.86,0.31,,,,93.0842
2013-12-12,15.54,2.89,0.34,,,,93.4292
2013-12-13,15.76,2.88,0.34,,,,93.3568
2013-12-16,16.03,2.89,0.34,,,,93.2175
2013-12-17,16.21,2.85,0.34,,,,93.302
2013-12-18,13.8,2.89,0.32,,,,93.4207
2013-12-19,14.15,2.94,0.35,,,,93.7368
2013-12-20,13.79,2.89,0.37,,,,93.7211
2013-12-23,13.04,2.94,0.38,,,,93.572
2013-12-24,12.48,2.99,0.38,,,,93.6734
2013-12-25,,,,,,,
2013-12-26,12.33,3.0,0.42,,,,93.766
2013-12-27,12.46,3.02,0.4,,,,93.7018
2013-12-30,13.56,2.99,0.39,,,,93.4866
2013-12-31,13.72,3.04,0.38,,,,93.5576
2014-01-01,,,,0.07,235.288,6.6,
2014-01-02,14.23,3.0,0.39,,,,93.8192
2014-01-03,13.76,3.01,0.41,,,,93.853
2014-01-06,13.55,2.98,0.4,,,,93.9109
2014-01-07,12.92,2.96,0.4,,,,94.0398
2014-01-08,12.87,3.01,0.43,,,,94.2181
2014-01-09,12.89,2.97,0.44,,,,94.3299
2014-01-10,12.14,2.88,0.39,,,,94.0045
2014-01-13,13.28,2.84,0.39,,,,93.899
2014-01-14,12.28,2.88,0.39,,,,94.0303
2014-01-15,12.28,2.9,0.41,,,,94.341
2014-01-16,12.53,2.86,0.41,,,,94.5507
2014-01-17,12.44,2.84,0.4,,,,94.5846
2014-01-20,,,,,,,
2014-01-21,12.87,2.85,0.4,,,,94.679
2014-01-22,12.84,2.87,0.44,,,,94.8479
2014-01-23,13.77,2.79,0.39,,,,94.8415
2014-01-24,18.14,2.75,0.37,,,,94.8555
2014-01-27,17.42,2.78,0.37,,,,94.9059
2014-01-28,15.8,2.77,0.38,,,,94.88
2014-01-29,17.35,2.69,0.36,,,,94.8621
2014-01-30,17.29,2.72,0.36,,,,95.1294
2014-01-31,18.41,2.67,0.34,,,,95.1774
2014-02-01,,,,0.07,235.547,6.7,
2014-02-03,21.44,2.61,0.3,,,,95.2469
2014-02-04,19.11,2.64,0.31,,,,95.0438
2014-02-05,19.95,2.7,0.32,,,,95.0285
2014-02-06,17.23,2.73,0.33,,,,94.7177
2014-02-07,15.29,2.71,0.3,,,,94.7457
2014-02-10,15.26,2.7,0.32,,,,94.7189
2014-02-11,14.51,2.75,0.35,,,,94.6377
2014-02-12,14.3,2.8,0.35,,,,94.6209
2014-02-13,14.14,2.73,0.32,,,,
2014-02-14,13.57,2.75,0.32,,,,94.2711
2014-02-17,,,,,,,
2014-02-18,13.87,2.71,0.31,,,,94.1934
2014-02-19,15.5,2.73,0.33,,,,94.38
2014-02-20,14.79,2.76,0.34,,,,94.6571
2014-02-21,14.68,2.73,0.33,,,,
2014-02-24,14.23,2.75,0.35,,,,94.4042
2014-02-25,13.67,2.7,0.34,,,,94.4735
2014-02-26,14.35,2.67,0.33,,,,94.7754
2014-02-27,14.04,2.65,0.33,,,,94.6722
2014-02-28,14.0,2.66,0.33,,,,94.3879
2014-03-01,,,,0.08,236.028,6.7,
2014-03-03,16.0,2.6,0.32,,,,
2014-03-04,14.1,2.7,0.33,,,,94.6568
2014-03-05,13.89,2.7,0.33,,,,94.4679
2014-03-06,14.21,2.74,0.37,,,,93.9858
2014-03-07,14.11,2.8,0.38,,,,94.2532
2014-03-10,14.2,2.79,0.37,,,,94.3731
2014-03-11,14.8,2.77,0.37,,,,94.387
2014-03-12,14.47,2.73,0.37,,,,94.462
2014-03-13,16.22,2.66,0.34,,,,94.1872
2014-03-14,17.82,2.65,0.36,,,,94.243
2014-03-17,15.64,2.7,0.38,,,,
2014-03-18,14.52,2.68,0.36,,,,94.2631
2014-03-19,15.12,2.78,0.47,,,,94.3752
2014-03-20,14.52,2.79,0.45,,,,94.9986
2014-03-21,15.0,2.75,0.45,,,,94.8547
2014-03-24,15.09,2.74,0.47,,,,94.759
2014-03-25,14.02,2.75,0.47,,,,94.6379
2014-03-26,14.93,2.71,0.45,,,,94.5281
2014-03-27,14.62,2.69,0.45,,,,94.3315
2014-03-28,14.41,2.73,0.45,,,,94.3683
2014-03-31,13.88,2.73,0.44,,,,94.2432
2014-04-01,13.1,2.77,0.44,0.09,236.468,6.2,94.1244
2014-04-02,13.09,2.82,0.47,,,,94.3103
2014-04-03,13.37,2.8,0.46,,,,94.512
2014-04-04,13.96,2.74,0.43,,,,94.2191
2014-04-07,15.57,2.71,0.41,,,,94.0881
2014-04-08,14.89,2.69,0.4,,,,93.6579
2014-04-09,13.82,2.71,0.37,,,,93.6716
2014-04-10,15.89,2.65,0.37,,,,93.5123
2014-04-11,17.03,2.63,0.37,,,,93.6395
2014-04-14,16.11,2.65,0.37,,,,93.8046
2014-04-15,15.61,2.64,0.39,,,,93.9486
2014-04-16,14.18,2.65,0.39,,,,93.9461
2014-04-17,13.36,2.73,0.43,,,,93.8936
2014-04-18,,,,,,,93.9629
2014-04-21,13.25,2.73,0.42,,,,94.0337
2014-04-22,13.19,2.73,0.45,,,,94.0802
2014-04-23,13.27,2.7,0.43,,,,94.149
2014-04-24,13.32,2.7,0.43,,,,94.1294
2014-04-25,14.06,2.68,0.43,,,,94.1623
2014-04-28,13.97,2.7,0.44,,,,94.1374
2014-04-29,13.71,2.71,0.44,,,,94.0295
2014-04-30,13.41,2.67,0.42,,,,93.8896
2014-05-01,13.25,2.63,0.41,0.09,236.918,6.3,93.8707
2014-05-02,12.91,2.6,0.42,,,,93.8182
2014-05-05,13.29,2.63,0.43,,,,93.7334
2014-05-06,13.8,2.61,0.43,,,,93.4324
2014-05-07,13.4,2.62,0.41,,,,93.4337
2014-05-08,13.43,2.61,0.4,,,,93.3686
2014-05-09,12.92,2.62,0.4,,,,93.6614
2014-05-12,12.23,2.66,0.41,,,,93.6537
2014-05-13,12.13,2.61,0.39,,,,93.6755
2014-05-14,12.17,2.54,0.39,,,,93.5968
2014-05-15,13.17,2.5,0.38,,,,93.7065
2014-05-16,12.44,2.52,0.38,,,,93.6073
2014-05-19,12.42,2.54,0.36,,,,93.502
2014-05-20,12.96,2.52,0.35,,,,93.6699
2014-05-21,11.91,2.54,0.37,,,,93.7629
2014-05-22,12.03,2.56,0.37,,,,93.6944
2014-05-23,11.36,2.54,0.37,,,,93.7042
2014-05-26,,,,,,,
2014-05-27,11.51,2.52,0.39,,,,93.8418
2014-05-28,11.68,2.44,0.37,,,,93.8793
2014-05-29,11.57,2.45,0.37,,,,93.6973
2014-05-30,11.4,2.48,0.37,,,,93.7606
2014-06-01,,,,0.1,237.231,6.1,
2014-06-02,11.58,2.54,0.39,,,,94.0006
2014-06-03,11.87,2.6,0.41,,,,94.0536
2014-06-04,12.08,2.61,0.41,,,,94.1239
2014-06-05,11.68,2.59,0.4,,,,93.9732
2014-06-06,10.73,2.6,0.41,,,,93.9069
2014-06-09,11.15,2.62,0.43,,,,93.9628
2014-06-10,10.99,2.64,0.45,,,,94.0638
2014-06-11,11.6,2.65,0.44,,,,93.9744
2014-06-12,12.56,2.58,0.42,,,,93.8155
2014-06-13,12.18,2.6,0.45,,,,93.9168
2014-06-16,12.65,2.61,0.49,,,,93.8639
2014-06-17,12.06,2.66,0.51,,,,94.0829
2014-06-18,10.61,2.61,0.48,,,,94.0525
2014-06-19,10.62,2.64,0.48,,,,93.752
2014-06-20,10.85,2.63,0.5,,,,93.7591
2014-06-23,10.98,2.63,0.48,,,,93.628
2014-06-24,12.13,2.59,0.49,,,,93.7093
2014-06-25,11.59,2.57,0.48,,,,93.5851
2014-06-26,11.63,2.53,0.46,,,,93.5471
2014-06-27,11.26,2.54,0.45,,,,93.3983
2014-06-30,11.57,2.53,0.47,,,,93.2058
2014-07-01,11.15,2.58,0.47,0.09,237.498,6.2,93.1365
2014-07-02,10.82,2.64,0.49,,,,93.2478
2014-07-03,10.32,2.65,0.52,,,,93.3149
2014-07-04,,,,,,,
2014-07-07,11.33,2.63,0.52,,,,93.3803
2014-07-08,11.98,2.58,0.51,,,,93.323
2014-07-09,11.65,2.57,0.51,,,,93.228
2014-07-10,12.59,2.55,0.46,,,,93.3152
2014-07-11,12.08,2.53,0.48,,,,93.4171
2014-07-14,11.82,2.55,0.48,,,,93.4101
2014-07-15,11.96,2.56,0.49,,,,93.5796
2014-07-16,11.0,2.55,0.5,,,,93.5991
2014-07-17,14.54,2.47,0.47,,,,93.6586
2014-07-18,12.06,2.5,0.51,,,,93.6608
2014-07-21,12.81,2.49,0.51,,,,93.6069
2014-07-22,12.24,2.48,0.49,,,,93.6306
2014-07-23,11.52,2.48,0.5,,,,93.5951
2014-07-24,11.84,2.52,0.53,,,,93.6836
2014-07-25,12.69,2.48,0.53,,,,93.8294
2014-07-28,12.56,2.5,0.54,,,,93.83
2014-07-29,13.28,2.47,0.54,,,,94.0443
2014-07-30,13.33,2.57,0.56,,,,94.3473
2014-07-31,16.95,2.58,0.53,,,,94.4467
2014-08-01,17.03,2.52,0.47,0.09,237.46,6.1,94.4754
2014-08-04,15.12,2.51,0.47,,,,94.448
2014-08-05,16.87,2.49,0.47,,,,94.6754
2014-08-06,16.37,2.49,0.48,,,,94.6092
2014-08-07,16.66,2.43,0.44,,,,94.6364
2014-08-08,15.77,2.44,0.45,,,,94.6027
2014-08-11,14.23,2.44,0.47,,,,94.4767
2014-08-12,14.13,2.46,0.45,,,,94.5211
2014-08-13,12.9,2.43,0.43,,,,94.4681
2014-08-14,12.42,2.4,0.42,,,,94.3508
2014-08-15,13.15,2.34,0.42,,,,94.2941
2014-08-18,12.32,2.39,0.44,,,,94.2519
2014-08-19,12.21,2.4,0.46,,,,94.4356
2014-08-20,11.78,2.43,0.49,,,,94.5937
2014-08-21,11.76,2.41,0.49,,,,94.673
2014-08-22,11.47,2.4,0.53,,,,94.8012
2014-08-25,11.7,2.39,0.53,,,,94.9159
2014-08-26,11.63,2.39,0.52,,,,94.8617
2014-08-27,11.78,2.37,0.51,,,,94.6863
2014-08-28,12.05,2.34,0.5,,,,94.6947
2014-08-29,11.98,2.35,0.48,,,,94.7251
2014-09-01,,,,0.09,237.477,5.9,
2014-09-02,12.25,2.42,0.53,,,,95.063
2014-09-03,12.36,2.41,0.52,,,,94.8709
2014-09-04,12.64,2.45,0.54,,,,95.2641
2014-09-05,12.09,2.46,0.52,,,,95.2203
2014-09-08,12.66,2.48,0.54,,,,95.4167
2014-09-09,13.5,2.5,0.56,,,,95.8811
2014-09-10,12.88,2.54,0.58,,,,95.8641
2014-09-11,12.8,2.54,0.58,,,,95.9184
2014-09-12,13.31,2.62,0.58,,,,96.0748
2014-09-15,14.12,2.6,0.58,,,,96.1195
2014-09-16,12.73,2.6,0.55,,,,95.8483
2014-09-17,12.65,2.62,0.59,,,,95.9106
2014-09-18,12.03,2.63,0.59,,,,96.1284
2014-09-19,12.11,2.59,0.59,,,,96.3417
2014-09-22,13.69,2.57,0.58,,,,96.4625
2014-09-23,14.93,2.54,0.57,,,,96.5112
2014-09-24,13.27,2.57,0.59,,,,96.6574
2014-09-25,15.64,2.52,0.56,,,,96.8988
2014-09-26,14.85,2.54,0.59,,,,97.208
2014-09-29,15.98,2.5,0.58,,,,97.3523
2014-09-30,16.31,2.52,0.58,,,,97.5261
2014-10-01,16.71,2.42,0.53,0.09,237.43,5.7,97.5387
2014-10-02,16.16,2.44,0.53,,,,97.3062
2014-10-03,14.55,2.45,0.57,,,,97.9846
2014-10-06,15.46,2.43,0.54,,,,97.5513
2014-10-07,17.2,2.36,0.52,,,,97.4459
2014-10-08,15.11,2.35,0.46,,,,97.4945
2014-10-09,18.76,2.34,0.46,,,,97.1711
2014-10-10,21.24,2.31,0.45,,,,97.4144
2014-10-13,24.64,,,,,,
2014-10-14,22.79,2.21,0.39,,,,97.3943
2014-10-15,26.25,2.15,0.34,,,,97.3532
2014-10-16,25.2,2.17,0.35,,,,97.2869
2014-10-17,21.99,2.22,0.39,,,,97.3067
2014-10-20,18.57,2.2,0.37,,,,97.2874
2014-10-21,16.08,2.23,0.38,,,,97.2488
2014-10-22,17.87,2.25,0.41,,,,97.459
2014-10-23,16.53,2.29,0.41,,,,97.6047
2014-10-24,16.11,2.29,0.41,,,,97.4772
2014-10-27,16.04,2.27,0.41,,,,97.5423
2014-10-28,14.39,2.3,0.42,,,,97.2173
2014-10-29,15.15,2.34,0.48,,,,97.0145
2014-10-30,14.52,2.32,0.48,,,,97.456
2014-10-31,14.03,2.35,0.5,,,,98.1163
2014-11-01,,,,0.09,236.983,5.8,
2014-11-03,14.73,2.36,0.52,,,,98.5336
2014-11-04,14.89,2.35,0.52,,,,98.5576
2014-11-05,14.17,2.36,0.52,,,,98.8086
2014-11-06,13.67,2.39,0.54,,,,99.1325
2014-11-07,13.12,2.32,0.51,,,,99.0236
2014-11-10,12.67,2.38,0.55,,,,98.9305
2014-11-11,12.92,,,,,,
2014-11-12,13.02,2.37,0.55,,,,98.8897
2014-11-13,13.79,2.35,0.53,,,,99.1045
2014-11-14,13.31,2.32,0.54,,,,99.0917
2014-11-17,13.99,2.34,0.54,,,,99.2188
2014-11-18,13.86,2.32,0.53,,,,99.0185
2014-11-19,13.96,2.36,0.54,,,,99.2424
2014-11-20,13.58,2.34,0.53,,,,99.2554
2014-11-21,12.9,2.31,0.53,,,,99.2894
2014-11-24,12.62,2.3,0.53,,,,99.4227
2014-11-25,12.25,2.27,0.51,,,,99.2837
2014-11-26,12.07,2.24,0.53,,,,99.1893
2014-11-27,,,,,,,
2014-11-28,13.33,2.18,0.47,,,,100.0719
2014-12-01,14.29,2.22,0.49,0.12,236.252,5.6,99.8964
2014-12-02,12.85,2.28,0.55,,,,100.4478
2014-12-03,12.47,2.29,0.57,,,,100.5696
2014-12-04,12.38,2.25,0.55,,,,100.3931
2014-12-05,11.82,2.31,0.65,,,,101.0989
2014-12-08,14.21,2.26,0.64,,,,101.31
2014-12-09,14.89,2.22,0.64,,,,100.8095
2014-12-10,18.53,2.18,0.59,,,,101.0212
2014-12-11,20.08,2.19,0.62,,,,101.4448
2014-12-12,21.08,2.1,0.56,,,,101.3735
2014-12-15,20.42,2.12,0.6,,,,101.674
2014-12-16,23.57,2.07,0.58,,,,101.526
2014-12-17,19.44,2.14,0.62,,,,101.5527
2014-12-18,16.81,2.22,0.67,,,,101.7531
2014-12-19,16.49,2.17,0.67,,,,102.0483
2014-12-22,15.25,2.17,0.71,,,,101.9942
2014-12-23,14.8,2.26,0.73,,,,102.348
2014-12-24,14.37,2.27,0.73,,,,102.3028
2014-12-25,,,,,,,
2014-12-26,14.5,2.25,0.73,,,,
2014-12-29,15.06,2.22,0.72,,,,102.3767
2014-12-30,15.92,2.2,0.69,,,,102.1019
2014-12-31,19.2,2.17,0.67,,,,102.2843
2015-01-01,,,,0.11,234.747,5.7,
2015-01-02,17.79,2.12,0.66,,,,102.9027
2015-01-05,19.92,2.04,0.68,,,,103.4976
2015-01-06,21.12,1.97,0.65,,,,103.2938
2015-01-07,19.31,1.96,0.62,,,,103.6316
2015-01-08,17.01,2.03,0.62,,,,103.2799
2015-01-09,17.55,1.98,0.59,,,,103.1213
2015-01-12,19.6,1.92,0.56,,,,103.2372
2015-01-13,20.56,1.91,0.54,,,,103.27
2015-01-14,21.48,1.86,0.51,,,,103.0903
2015-01-15,22.39,1.77,0.44,,,,103.0829
2015-01-16,20.95,1.83,0.49,,,,103.2189
2015-01-19,,,,,,,
2015-01-20,19.89,1.82,0.53,,,,103.5233
2015-01-21,18.85,1.87,0.53,,,,103.7858
2015-01-22,16.4,1.9,0.53,,,,103.9271
2015-01-23,16.66,1.81,0.52,,,,104.3676
2015-01-26,15.52,1.83,0.54,,,,104.4818
2015-01-27,17.22,1.83,0.54,,,,104.1646
2015-01-28,20.44,1.73,0.5,,,,104.4737
2015-01-29,18.76,1.77,0.51,,,,105.2763
2015-01-30,20.97,1.68,0.47,,,,105.5884
2015-02-01,,,,0.11,235.342,5.5,
2015-02-02,19.43,1.68,0.49,,,,105.2058
2015-02-03,17.33,1.79,0.52,,,,104.6063
2015-02-04,18.33,1.81,0.52,,,,104.785
2015-02-05,16.85,1.83,0.52,,,,104.4915
2015-02-06,17.29,1.95,0.65,,,,105.1283
2015-02-09,18.55,1.96,0.65,,,,104.9889
2015-02-10,17.23,2.01,0.67,,,,105.2897
2015-02-11,16.96,2.0,0.67,,,,105.7901
2015-02-12,15.34,1.99,0.61,,,,104.9385
2015-02-13,14.69,2.02,0.66,,,,104.8452
2015-02-16,,,,,,,
2015-02-17,15.8,2.14,0.7,,,,
2015-02-18,15.45,2.07,0.62,,,,105.2514
2015-02-19,15.29,2.11,0.67,,,,105.1407
2015-02-20,14.3,2.13,0.67,,,,105.3387
2015-02-23,14.56,2.06,0.64,,,,105.5359
2015-02-24,13.69,1.99,0.6,,,,105.5472
2015-02-25,13.84,1.96,0.61,,,,105.0503
2015-02-26,13.91,2.03,0.66,,,,105.5021
2015-02-27,13.34,2.0,0.63,,,,105.5981
2015-03-01,,,,0.11,235.976,5.4,
2015-03-02,13.04,2.08,0.66,,,,105.8151
2015-03-03,13.86,2.12,0.68,,,,105.5562
2015-03-04,14.23,2.12,0.66,,,,106.1333
2015-03-05,14.04,2.11,0.65,,,,
2015-03-06,15.2,2.24,0.73,,,,107.4337
2015-03-09,15.06,2.2,0.7,,,,107.5199
2015-03-10,16.69,2.14,0.7,,,,108.1165
2015-03-11,16.87,2.11,0.7,,,,108.5235
2015-03-12,15.42,2.1,0.67,,,,108.1741
2015-03-13,16.0,2.13,0.68,,,,108.9174
2015-03-16,15.61,2.1,0.66,,,,108.6422
2015-03-17,15.66,2.06,0.7,,,,108.5805
2015-03-18,13.97,1.93,0.57,,,,108.408
2015-03-19,14.07,1.98,0.63,,,,108.1826
2015-03-20,13.02,1.93,0.6,,,,107.1671
2015-03-23,13.41,1.92,0.6,,,,106.5022
2015-03-24,13.62,1.88,0.58,,,,106.4401
2015-03-25,15.44,1.93,0.59,,,,106.2636
2015-03-26,15.8,2.01,0.61,,,,106.5582
2015-03-27,15.07,1.95,0.58,,,,106.8916
2015-03-30,14.51,1.96,0.58,,,,107.3941
2015-03-31,15.29,1.94,0.56,,,,107.4396
2015-04-01,15.11,1.87,0.55,0.12,236.222,5.4,107.06
2015-04-02,14.67,1.92,0.55,,,,106.6738
2015-04-03,,1.85,0.49,,,,105.8861
2015-04-06,14.74,1.92,0.51,,,,105.7876
2015-04-07,14.78,1.89,0.52,,,,106.4488
2015-04-08,13.98,1.92,0.54,,,,106.4231
2015-04-09,13.09,1.97,0.56,,,,107.0335
2015-04-10,12.58,1.96,0.57,,,,107.4526
2015-04-13,13.94,1.94,0.54,,,,107.7508
2015-04-14,13.67,1.9,0.53,,,,107.0547
2015-04-15,12.84,1.91,0.51,,,,107.1855
2015-04-16,12.6,1.9,0.5,,,,106.2761
2015-04-17,13.89,1.87,0.51,,,,106.329
2015-04-20,13.3,1.9,0.55,,,,106.4902
2015-04-21,13.25,1.92,0.55,,,,106.5582
2015-04-22,12.71,1.99,0.57,,,,106.5815
2015-04-23,12.48,1.96,0.55,,,,106.1658
2015-04-24,12.29,1.93,0.54,,,,105.905
2015-04-27,13.12,1.94,0.54,,,,105.6891
2015-04-28,12.41,2.0,0.56,,,,105.1234
2015-04-29,13.39,2.06,0.56,,,,104.5634
2015-04-30,14.55,2.05,0.58,,,,105.312
2015-05-01,12.7,2.12,0.6,0.12,237.001,5.6,105.6382
2015-05-04,12.85,2.16,0.6,,,,105.6679
2015-05-05,14.31,2.19,0.62,,,,105.2396
2015-05-06,15.15,2.25,0.65,,,,104.6935
2015-05-07,15.13,2.18,0.63,,,,105.1941
2015-05-08,12.86,2.16,0.59,,,,104.8424
2015-05-11,13.85,2.28,0.62,,,,105.3075
2015-05-12,13.86,2.28,0.61,,,,104.8924
2015-05-13,13.76,2.27,0.59,,,,104.3608
2015-05-14,12.74,2.23,0.56,,,,104.2359
2015-05-15,12.38,2.14,0.55,,,,104.0202
2015-05-18,12.73,2.23,0.58,,,,104.6068
2015-05-19,12.85,2.27,0.63,,,,105.3448
2015-05-20,12.88,2.26,0.6,,,,105.5605
2015-05-21,12.11,2.19,0.6,,,,105.3808
2015-05-22,12.13,2.21,0.64,,,,105.8487
2015-05-25,,,,,,,
2015-05-26,14.06,2.14,0.64,,,,106.7294
2015-05-27,13.27,2.14,0.64,,,,106.908
2015-05-28,13.31,2.13,0.62,,,,106.92
2015-05-29,13.84,2.12,0.61,,,,106.7388
2015-06-01,13.97,2.19,0.64,0.13,237.657,5.3,107.2238
2015-06-02,14.24,2.27,0.64,,,,106.4507
2015-06-03,13.66,2.38,0.69,,,,106.1443
2015-06-04,14.71,2.31,0.66,,,,106.4725
2015-06-05,14.21,2.41,0.73,,,,107.1336
2015-06-08,15.29,2.39,0.7,,,,106.7693
2015-06-09,14.47,2.42,0.72,,,,106.2238
2015-06-10,13.22,2.5,0.75,,,,105.8037
2015-06-11,12.85,2.39,0.73,,,,106.0934
2015-06-12,13.78,2.39,0.74,,,,105.9015
2015-06-15,15.39,2.36,0.72,,,,105.9989
2015-06-16,14.81,2.32,0.71,,,,106.0473
2015-06-17,14.5,2.32,0.67,,,,106.058
2015-06-18,13.19,2.35,0.66,,,,105.102
2015-06-19,13.96,2.26,0.65,,,,105.4496
2015-06-22,12.74,2.37,0.68,,,,105.3846
2015-06-23,12.11,2.42,0.7,,,,105.9678
2015-06-24,13.26,2.38,0.68,,,,106.2522
2015-06-25,14.01,2.4,0.68,,,,106.1515
2015-06-26,14.02,2.49,0.72,,,,106.4116
2015-06-29,18.85,2.33,0.64,,,,106.3785
2015-06-30,18.23,2.35,0.64,,,,106.5191
2015-07-01,16.09,2.43,0.69,0.13,238.034,5.2,107.0101
2015-07-02,16.79,2.4,0.64,,,,106.9106
2015-07-03,,,,,,,
2015-07-06,17.01,2.3,0.6,,,,107.1343
2015-07-07,16.09,2.27,0.58,,,,107.785
2015-07-08,19.66,2.22,0.55,,,,107.4734
2015-07-09,19.97,2.32,0.6,,,,107.5595
2015-07-10,16.83,2.42,0.65,,,,107.213
2015-07-13,13.9,2.44,0.69,,,,107.5849
2015-07-14,13.37,2.41,0.66,,,,107.4843
2015-07-15,13.23,2.36,0.64,,,,108.0149
2015-07-16,12.11,2.36,0.67,,,,108.1726
2015-07-17,11.95,2.34,0.68,,,,108.5374
2015-07-20,12.25,2.38,0.71,,,,108.6944
2015-07-21,12.22,2.35,0.71,,,,108.3893
2015-07-22,12.12,2.33,0.75,,,,108.7817
2015-07-23,12.64,2.28,0.71,,,,108.7565
2015-07-24,13.74,2.27,0.7,,,,109.0174
2015-07-27,15.6,2.23,0.68,,,,108.6924
2015-07-28,13.44,2.26,0.69,,,,108.6881
2015-07-29,12.5,2.29,0.7,,,,108.604
2015-07-30,12.13,2.28,0.72,,,,109.4328
2015-07-31,12.12,2.2,0.67,,,,108.7819
2015-08-01,,,,0.14,238.033,5.1,
2015-08-03,12.56,2.16,0.68,,,,109.214
2015-08-04,13.0,2.23,0.74,,,,109.2244
2015-08-05,12.51,2.28,0.73,,,,109.842
2015-08-06,13.77,2.23,0.71,,,,109.722
2015-08-07,13.39,2.18,0.73,,,,109.4376
2015-08-10,12.23,2.24,0.73,,,,109.1931
2015-08-11,13.71,2.15,0.68,,,,109.9464
2015-08-12,13.61,2.14,0.67,,,,109.4655
2015-08-13,13.49,2.19,0.72,,,,109.9025
2015-08-14,12.83,2.2,0.73,,,,109.9174
2015-08-17,13.02,2.16,0.72,,,,110.1435
2015-08-18,13.79,2.2,0.74,,,,110.2504
2015-08-19,15.25,2.12,0.67,,,,110.4333
2015-08-20,19.14,2.09,0.69,,,,110.1077
2015-08-21,28.03,2.05,0.64,,,,110.1443
2015-08-24,40.74,2.01,0.59,,,,109.9306
2015-08-25,36.02,2.12,0.67,,,,110.3394
2015-08-26,30.32,2.18,0.67,,,,110.5807
2015-08-27,26.1,2.18,0.68,,,,110.4834
2015-08-28,26.05,2.19,0.72,,,,110.6714
2015-08-31,28.43,2.21,0.74,,,,110.5621
2015-09-01,31.4,2.17,0.7,0.14,237.498,5.0,110.4506
2015-09-02,26.09,2.2,0.72,,,,110.7979
2015-09-03,25.61,2.18,0.71,,,,110.8566
2015-09-04,27.8,2.13,0.71,,,,111.1018
2015-09-07,,,,,,,
2015-09-08,24.9,2.2,0.74,,,,110.7942
2015-09-09,26.23,2.21,0.75,,,,110.9225
2015-09-10,24.37,2.23,0.75,,,,110.6331
2015-09-11,23.2,2.2,0.71,,,,110.6109
2015-09-14,24.25,2.18,0.73,,,,110.5005
2015-09-15,22.54,2.28,0.82,,,,110.6394
2015-09-16,21.35,2.3,0.82,,,,110.1021
2015-09-17,21.14,2.21,0.7,,,,110.1212
2015-09-18,22.28,2.13,0.69,,,,109.8165
2015-09-21,20.14,2.2,0.72,,,,110.6414
2015-09-22,22.44,2.14,0.69,,,,111.1967
2015-09-23,22.13,2.16,0.7,,,,111.6287
2015-09-24,23.47,2.13,0.67,,,,111.4454
2015-09-25,23.62,2.17,0.7,,,,111.3725
2015-09-28,27.63,2.1,0.67,,,,111.3914
2015-09-29,26.83,2.05,0.64,,,,111.5219
2015-09-30,24.5,2.06,0.64,,,,111.3311
2015-10-01,22.55,2.05,0.64,0.12,237.733,5.0,111.0439
2015-10-02,20.94,1.99,0.58,,,,110.7006
2015-10-05,19.54,2.07,0.61,,,,110.4445
2015-10-06,19.4,2.05,0.61,,,,110.1371
2015-10-07,18.4,2.08,0.65,,,,109.8162
2015-10-08,17.42,2.12,0.65,,,,109.6452
2015-10-09,17.08,2.12,0.65,,,,109.0782
2015-10-12,16.17,,,,,,
2015-10-13,17.67,2.06,0.64,,,,109.4119
2015-10-14,18.03,1.99,0.57,,,,109.1244
2015-10-15,16.05,2.04,0.61,,,,108.6671
2015-10-16,15.05,2.04,0.61,,,,108.9956
2015-10-19,14.98,2.04,0.61,,,,109.3858
2015-10-20,15.75,2.08,0.66,,,,109.3368
2015-10-21,16.7,2.04,0.64,,,,109.7746
2015-10-22,14.45,2.04,0.61,,,,110.0342
2015-10-23,14.46,2.09,0.66,,,,110.4329
2015-10-26,15.29,2.07,0.66,,,,110.2089
2015-10-27,15.43,2.05,0.65,,,,110.4875
2015-10-28,14.33,2.1,0.73,,,,110.2334
2015-10-29,14.61,2.19,0.75,,,,110.8083
2015-10-30,15.07,2.16,0.75,,,,110.2079
2015-11-01,,,,0.12,238.017,5.1,
2015-11-02,14.15,2.2,0.77,,,,110.2188
2015-11-03,14.54,2.23,0.8,,,,110.244
2015-11-04,15.51,2.25,0.84,,,,110.7139
2015-11-05,15.05,2.26,0.85,,,,110.8302
2015-11-06,14.33,2.34,0.9,,,,111.7603
2015-11-09,16.52,2.36,0.89,,,,111.9112
2015-11-10,15.29,2.32,0.87,,,,111.9919
2015-11-11,16.06,,,,,,
2015-11-12,18.37,2.32,0.89,,,,111.7965
2015-11-13,20.08,2.28,0.86,,,,112.0264
2015-11-16,18.16,2.27,0.88,,,,112.2199
2015-11-17,18.84,2.25,0.86,,,,112.3141
2015-11-18,16.85,2.27,0.9,,,,112.3663
2015-11-19,16.99,2.24,0.91,,,,111.5749
2015-11-20,15.47,2.26,0.93,,,,111.7799
2015-11-23,15.62,2.25,0.94,,,,112.1125
2015-11-24,15.93,2.24,0.93,,,,111.7638
2015-11-25,15.19,2.23,0.93,,,,111.8936
2015-11-26,,,,,,,
2015-11-27,15.12,2.22,0.92,,,,112.2824
2015-11-30,16.13,2.21,0.94,,,,112.34
2015-12-01,14.67,2.15,0.91,0.24,237.761,5.0,112.1134
2015-12-02,15.91,2.18,0.94,,,,112.3715
2015-12-03,18.11,2.33,0.96,,,,111.6407
2015-12-04,14.81,2.28,0.96,,,,111.5463
2015-12-07,15.84,2.23,0.94,,,,112.3056
2015-12-08,17.6,2.24,0.94,,,,112.5485
2015-12-09,19.61,2.22,0.93,,,,112.1918
2015-12-10,19.34,2.24,0.95,,,,112.2672
2015-12-11,24.39,2.13,0.88,,,,112.7147
2015-12-14,22.73,2.23,0.97,,,,112.7521
2015-12-15,20.95,2.28,0.98,,,,112.8609
2015-12-16,17.86,2.3,1.02,,,,112.9864
2015-12-17,18.94,2.24,1.0,,,,113.8177
2015-12-18,20.7,2.19,0.97,,,,113.2837
2015-12-21,18.7,2.2,0.96,,,,113.4144
2015-12-22,16.6,2.24,0.99,,,,113.211
2015-12-23,15.57,2.27,1.01,,,,113.1847
2015-12-24,15.74,2.25,1.03,,,,113.0496
2015-12-25,,,,,,,
2015-12-28,16.91,2.24,1.05,,,,113.0461
2015-12-29,16.08,2.32,1.09,,,,113.1664
2015-12-30,17.29,2.31,1.08,,,,113.4707
2015-12-31,18.21,2.27,1.06,,,,113.3429
2016-01-01,,,,0.34,237.652,4.8,
2016-01-04,20.7,2.24,1.02,,,,114.1595
2016-01-05,19.34,2.25,1.04,,,,114.2649
2016-01-06,20.59,2.18,0.99,,,,114.6177
2016-01-07,24.99,2.16,0.96,,,,114.6516
2016-01-08,27.01,2.13,0.94,,,,115.0095
2016-01-11,24.3,2.17,0.94,,,,115.0139
2016-01-12,22.47,2.12,0.93,,,,115.3128
2016-01-13,25.22,2.08,0.91,,,,115.1425
2016-01-14,23.95,2.1,0.9,,,,115.3846
2016-01-15,27.02,2.03,0.85,,,,115.7404
2016-01-18,,,,,,,
2016-01-19,26.05,2.06,0.88,,,,115.8155
2016-01-20,27.59,2.01,0.85,,,,116.3498
2016-01-21,26.69,2.02,0.84,,,,115.9833
2016-01-22,22.34,2.07,0.88,,,,
2016-01-25,24.15,2.03,0.88,,,,
2016-01-26,22.5,2.01,0.85,,,,
2016-01-27,23.11,2.02,0.84,,,,115.5087
2016-01-28,22.42,2.0,0.83,,,,115.2224
2016-01-29,20.2,1.94,0.76,,,,115.5731
2016-02-01,19.98,1.97,0.81,0.38,237.336,4.9,115.3331
2016-02-02,21.98,1.87,0.75,,,,115.553
2016-02-03,21.65,1.88,0.72,,,,114.6144
2016-02-04,21.84,1.87,0.7,,,,113.6012
2016-02-05,23.38,1.86,0.74,,,,114.2935
2016-02-08,26.0,1.75,0.66,,,,114.4351
2016-02-09,26.54,1.74,0.69,,,,114.127
2016-02-10,26.29,1.71,0.71,,,,114.2877
2016-02-11,28.14,1.63,0.64,,,,114.1845
2016-02-12,25.4,1.74,0.71,,,,114.2992
2016-02-15,,,,,,,
2016-02-16,24.11,1.78,0.74,,,,114.4905
2016-02-17,22.31,1.81,0.74,,,,113.8634
2016-02-18,21.64,1.75,0.71,,,,113.8897
2016-02-19,20.53,1.76,0.76,,,,113.9558
2016-02-22,19.38,1.77,0.78,,,,113.8232
2016-02-23,20.98,1.74,0.76,,,,114.177
2016-02-24,20.72,1.75,0.75,,,,114.1716
2016-02-25,19.11,1.71,0.72,,,,113.9222
2016-02-26,19.81,1.76,0.8,,,,114.3708
2016-02-29,20.55,1.74,0.78,,,,114.2418
2016-03-01,17.7,1.83,0.85,0.36,238.08,5.0,113.9265
2016-03-02,17.09,1.84,0.85,,,,113.7965
2016-03-03,16.7,1.83,0.85,,,,113.2482
2016-03-04,16.86,1.88,0.88,,,,112.6387
2016-03-07,17.35,1.91,0.91,,,,112.6219
2016-03-08,18.67,1.83,0.88,,,,112.8465
2016-03-09,18.34,1.9,0.9,,,,112.4268
2016-03-10,18.05,1.93,0.93,,,,112.4191
2016-03-11,16.5,1.98,0.97,,,,111.741
2016-03-14,16.92,1.97,0.97,,,,112.1688
2016-03-15,16.84,1.97,0.98,,,,112.5545
2016-03-16,14.99,1.94,0.87,,,,112.7759
2016-03-17,14.44,1.91,0.87,,,,110.445
2016-03-18,14.02,1.88,0.84,,,,110.4002
2016-03-21,13.79,1.92,0.87,,,,110.737
2016-03-22,14.17,1.94,0.91,,,,110.7877
2016-03-23,14.94,1.88,0.87,,,,111.5473
2016-03-24,14.74,1.91,0.89,,,,111.816
2016-03-25,,,,,,,111.7698
2016-03-28,15.24,1.89,0.89,,,,111.3578
2016-03-29,13.82,1.81,0.78,,,,111.3736
2016-03-30,13.56,1.83,0.76,,,,110.2301
2016-03-31,13.95,1.78,0.73,,,,109.9191
2016-04-01,13.1,1.79,0.76,0.37,238.992,5.1,110.2977
2016-04-04,14.12,1.78,0.75,,,,110.3987
2016-04-05,15.42,1.73,0.72,,,,110.9478
2016-04-06,14.09,1.76,0.73,,,,110.5347
2016-04-07,16.16,1.7,0.7,,,,110.8876
2016-04-08,15.36,1.72,0.7,,,,110.4213
2016-04-11,16.26,1.73,0.7,,,,109.9758
2016-04-12,14.85,1.79,0.74,,,,109.816
2016-04-13,13.84,1.77,0.75,,,,110.1436
2016-04-14,13.72,1.8,0.77,,,,110.1691
2016-04-15,13.62,1.76,0.74,,,,110.1933
2016-04-18,13.35,1.78,0.75,,,,109.9892
2016-04-19,13.24,1.79,0.77,,,,109.2782
2016-04-20,13.28,1.85,0.8,,,,109.3926
2016-04-21,13.95,1.88,0.82,,,,109.8533
2016-04-22,13.22,1.89,0.84,,,,110.2331
2016-04-25,14.08,1.91,0.85,,,,110.1865
2016-04-26,13.96,1.94,0.86,,,,109.7496
2016-04-27,13.77,1.87,0.83,,,,109.8483
2016-04-28,15.22,1.84,0.78,,,,109.2148
2016-04-29,15.7,1.83,0.77,,,,108.8274
2016-05-01,,,,0.37,239.557,4.8,
2016-05-02,14.68,1.88,0.8,,,,108.671
2016-05-03,15.6,1.81,0.75,,,,109.3613
2016-05-04,16.05,1.79,0.75,,,,109.9952
2016-05-05,15.91,1.76,0.72,,,,110.2417
2016-05-06,14.72,1.79,0.74,,,,110.3801
2016-05-09,14.57,1.77,0.72,,,,110.9466
2016-05-10,13.63,1.77,0.72,,,,110.8225
2016-05-11,14.69,1.73,0.74,,,,110.2806
2016-05-12,14.41,1.75,0.76,,,,110.6935
2016-05-13,15.04,1.71,0.76,,,,111.2521
2016-05-16,14.68,1.75,0.79,,,,111.1217
2016-05-17,15.57,1.76,0.82,,,,111.0867
2016-05-18,15.95,1.87,0.9,,,,111.4995
2016-05-19,16.33,1.85,0.89,,,,112.2331
2016-05-20,15.2,1.85,0.89,,,,112.1822
2016-05-23,15.82,1.84,0.91,,,,112.284
2016-05-24,14.42,1.86,0.92,,,,112.2912
2016-05-25,13.9,1.87,0.92,,,,112.2001
2016-05-26,13.43,1.83,0.87,,,,111.8979
2016-05-27,13.12,1.85,0.9,,,,112.0822
2016-05-30,,,,,,,
2016-05-31,14.19,1.84,0.87,,,,112.4276
2016-06-01,14.2,1.85,0.91,0.38,240.222,4.9,112.462
2016-06-02,13.63,1.81,0.89,,,,112.4564
2016-06-03,13.47,1.71,0.78,,,,111.4451
2016-06-06,13.65,1.73,0.8,,,,111.2295
2016-06-07,14.05,1.72,0.78,,,,110.8378
2016-06-08,14.08,1.71,0.78,,,,110.1916
2016-06-09,14.64,1.68,0.77,,,,110.6168
2016-06-10,17.03,1.64,0.73,,,,111.1027
2016-06-13,20.97,1.62,0.73,,,,111.5036
2016-06-14,20.5,1.62,0.74,,,,111.9826
2016-06-15,20.14,1.6,0.69,,,,111.7671
2016-06-16,19.37,1.57,0.7,,,,112.2347
2016-06-17,19.41,1.62,0.7,,,,111.5332
2016-06-20,18.37,1.67,0.74,,,,110.8693
2016-06-21,18.48,1.71,0.76,,,,111.0077
2016-06-22,21.17,1.69,0.75,,,,110.7681
2016-06-23,17.25,1.74,0.78,,,,110.262
2016-06-24,25.76,1.57,0.64,,,,112.1355
2016-06-27,23.85,1.46,0.61,,,,113.1301
2016-06-28,18.75,1.46,0.61,,,,112.7545
2016-06-29,16.64,1.5,0.62,,,,111.8597
2016-06-30,15.63,1.49,0.58,,,,112.1618
2016-07-01,14.77,1.46,0.59,0.39,240.101,4.8,111.6509
2016-07-04,,,,,,,
2016-07-05,15.58,1.37,0.56,,,,112.4231
2016-07-06,14.96,1.38,0.58,,,,112.5438
2016-07-07,14.76,1.4,0.58,,,,112.5775
2016-07-08,13.2,1.37,0.61,,,,112.3963
2016-07-11,13.54,1.43,0.66,,,,112.5254
2016-07-12,13.55,1.53,0.69,,,,112.1102
2016-07-13,13.04,1.48,0.68,,,,112.0266
2016-07-14,12.82,1.53,0.68,,,,111.7692
2016-07-15,12.67,1.6,0.71,,,,112.2833
2016-07-18,12.44,1.59,0.68,,,,112.2463
2016-07-19,11.97,1.56,0.7,,,,112.638
2016-07-20,11.77,1.59,0.73,,,,112.6743
2016-07-21,12.74,1.57,0.7,,,,112.6239
2016-07-22,12.02,1.57,0.71,,,,112.989
2016-07-25,12.87,1.58,0.72,,,,113.1784
2016-07-26,13.05,1.57,0.75,,,,113.0593
2016-07-27,12.83,1.52,0.73,,,,113.217
2016-07-28,12.72,1.52,0.72,,,,112.7393
2016-07-29,11.87,1.46,0.67,,,,111.874
2016-08-01,12.44,1.51,0.67,0.4,240.545,4.9,111.9757
2016-08-02,13.37,1.55,0.67,,,,111.7124
2016-08-03,12.86,1.55,0.67,,,,111.9419
2016-08-04,12.42,1.51,0.64,,,,111.9149
2016-08-05,11.39,1.59,0.72,,,,112.3589
2016-08-08,11.5,1.59,0.74,,,,112.1456
2016-08-09,11.66,1.55,0.71,,,,111.722
2016-08-10,12.05,1.5,0.69,,,,111.3238
2016-08-11,11.68,1.57,0.76,,,,111.1954
2016-08-12,11.55,1.51,0.71,,,,111.1787
2016-08-15,11.81,1.55,0.72,,,,110.9212
2016-08-16,12.64,1.57,0.76,,,,110.4295
2016-08-17,12.19,1.56,0.74,,,,110.9459
2016-08-18,11.43,1.53,0.71,,,,110.3134
2016-08-19,11.34,1.58,0.76,,,,110.8163
2016-08-22,12.27,1.55,0.76,,,,110.9997
2016-08-23,12.38,1.55,0.74,,,,110.9414
2016-08-24,13.45,1.56,0.76,,,,111.2958
2016-08-25,13.63,1.58,0.78,,,,111.1726
2016-08-26,13.65,1.62,0.84,,,,111.2035
2016-08-29,12.94,1.57,0.81,,,,111.8775
2016-08-30,13.12,1.57,0.8,,,,112.2928
2016-08-31,13.42,1.58,0.8,,,,112.4036
2016-09-01,13.48,1.57,0.78,0.4,241.176,5.0,112.1733
2016-09-02,11.98,1.6,0.8,,,,112.0009
2016-09-05,,,,,,,
2016-09-06,12.02,1.55,0.74,,,,110.9613
2016-09-07,11.94,1.54,0.74,,,,110.9717
2016-09-08,12.51,1.61,0.78,,,,111.2609
2016-09-09,17.5,1.67,0.79,,,,111.9879
2016-09-12,15.16,1.68,0.79,,,,112.1516
2016-09-13,17.85,1.73,0.8,,,,112.5207
2016-09-14,18.14,1.7,0.77,,,,112.4678
2016-09-15,16.3,1.71,0.74,,,,112.4753
2016-09-16,15.37,1.7,0.77,,,,113.1765
2016-09-19,15.53,1.7,0.79,,,,112.903
2016-09-20,15.92,1.69,0.79,,,,113.1848
2016-09-21,13.3,1.66,0.79,,,,112.9842
2016-09-22,12.02,1.63,0.79,,,,112.2592
2016-09-23,12.29,1.62,0.77,,,,112.7166
2016-09-26,14.5,1.59,0.76,,,,112.7112
2016-09-27,13.1,1.56,0.75,,,,112.5515
2016-09-28,12.39,1.57,0.75,,,,112.6283
2016-09-29,14.02,1.56,0.73,,,,112.2879
2016-09-30,13.29,1.6,0.77,,,,112.2795
2016-10-01,,,,0.4,241.741,4.9,
2016-10-03,13.57,1.63,0.8,,,,112.5077
2016-10-04,13.63,1.69,0.82,,,,112.6579
2016-10-05,12.99,1.72,0.85,,,,112.7946
2016-10-06,12.84,1.75,0.86,,,,113.0066
2016-10-07,13.48,1.73,0.83,,,,113.2915
2016-10-10,13.38,,,,,,
2016-10-11,15.36,1.77,0.87,,,,113.4461
2016-10-12,15.91,1.79,0.87,,,,113.7442
2016-10-13,16.69,1.75,0.85,,,,113.6238
2016-10-14,16.12,1.8,0.84,,,,113.7119
2016-10-17,16.21,1.77,0.81,,,,113.5488
2016-10-18,15.28,1.75,0.82,,,,113.1393
2016-10-19,14.41,1.76,0.81,,,,113.0547
2016-10-20,13.75,1.76,0.84,,,,113.4033
2016-10-21,13.34,1.74,0.84,,,,113.9015
2016-10-24,13.02,1.77,0.84,,,,113.8571
2016-10-25,13.46,1.77,0.86,,,,113.6801
2016-10-26,14.24,1.79,0.86,,,,113.8131
2016-10-27,15.36,1.85,0.87,,,,114.1998
2016-10-28,16.19,1.86,0.86,,,,114.0931
2016-10-31,17.06,1.84,0.86,,,,114.0188
2016-11-01,18.56,1.83,0.83,0.41,242.026,4.7,113.9915
2016-11-02,19.32,1.81,0.81,,,,113.9206
2016-11-03,22.08,1.82,0.81,,,,113.7664
2016-11-04,22.51,1.79,0.8,,,,113.5828
2016-11-07,18.71,1.83,0.82,,,,113.5443
2016-11-08,18.74,1.88,0.87,,,,113.3017
2016-11-09,14.38,2.07,0.9,,,,114.6956
2016-11-10,14.74,2.15,0.92,,,,115.9375
2016-11-11,14.17,,,,,,
2016-11-14,14.48,2.23,1.0,,,,117.2245
2016-11-15,13.37,2.23,1.02,,,,116.7724
2016-11-16,13.72,2.22,1.0,,,,116.8062
2016-11-17,13.35,2.29,1.04,,,,116.8952
2016-11-18,12.85,2.34,1.07,,,,117.5936
2016-11-21,12.42,2.33,1.08,,,,117.4762
2016-11-22,12.41,2.31,1.07,,,,117.4508
2016-11-23,12.43,2.36,1.12,,,,118.0356
2016-11-24,,,,,,,
2016-11-25,12.34,2.36,1.12,,,,118.02
2016-11-28,13.15,2.32,1.11,,,,117.7278
2016-11-29,12.9,2.3,1.09,,,,117.644
2016-11-30,13.33,2.37,1.11,,,,117.7636
2016-12-01,14.07,2.45,1.14,0.54,242.637,4.7,117.6642
2016-12-02,14.12,2.4,1.11,,,,117.3116
2016-12-05,12.14,2.39,1.13,,,,117.1008
2016-12-06,11.79,2.39,1.12,,,,116.9225
2016-12-07,12.22,2.34,1.1,,,,116.672
2016-12-08,12.64,2.4,1.12,,,,117.0327
2016-12-09,11.75,2.47,1.15,,,,117.2834
2016-12-12,12.64,2.49,1.15,,,,116.9161
2016-12-13,12.72,2.48,1.17,,,,116.8029
2016-12-14,13.19,2.54,1.27,,,,116.7332
2016-12-15,12.79,2.6,1.29,,,,118.8072
2016-12-16,12.2,2.6,1.28,,,,118.3584
2016-12-19,11.71,2.54,1.24,,,,118.3875
2016-12-20,11.45,2.57,1.25,,,,118.63
2016-12-21,11.27,2.55,1.21,,,,118.581
2016-12-22,11.43,2.55,1.22,,,,118.8209
2016-12-23,11.44,2.55,1.22,,,,118.7856
2016-12-26,,,,,,,
2016-12-27,11.99,2.57,1.28,,,,118.9506
2016-12-28,12.95,2.51,1.26,,,,119.2305
2016-12-29,13.37,2.49,1.22,,,,118.6637
2016-12-30,14.04,2.45,1.2,,,,118.3466
2017-01-01,,,,0.65,243.618,4.7,
2017-01-02,,,,,,,
2017-01-03,12.85,2.45,1.22,,,,119.0903
2017-01-04,11.85,2.46,1.24,,,,118.8803
2017-01-05,11.67,2.37,1.17,,,,117.9999
2017-01-06,11.32,2.42,1.22,,,,118.3495
2017-01-09,11.56,2.38,1.21,,,,118.4111
2017-01-10,11.49,2.38,1.19,,,,118.5386
2017-01-11,11.26,2.38,1.2,,,,119.0219
2017-01-12,11.54,2.36,1.18,,,,117.8001
2017-01-13,11.23,2.4,1.21,,,,117.9884
2017-01-16,,,,,,,
2017-01-17,11.87,2.33,1.17,,,,117.2656
2017-01-18,12.48,2.42,1.23,,,,117.7242
2017-01-19,12.78,2.47,1.25,,,,118.3182
2017-01-20,11.54,2.48,1.2,,,,
2017-01-23,11.77,2.41,1.16,,,,117.2479
2017-01-24,11.07,2.47,1.21,,,,117.0516
2017-01-25,10.81,2.53,1.23,,,,116.9355
2017-01-26,10.63,2.51,1.21,,,,117.2766
2017-01-27,10.58,2.49,1.22,,,,117.0735
2017-01-30,11.88,2.49,1.22,,,,116.7325
2017-01-31,11.99,2.45,1.19,,,,116.2241
2017-02-01,11.81,2.48,1.22,0.66,244.006,4.6,116.3914
2017-02-02,11.93,2.48,1.21,,,,115.903
2017-02-03,10.97,2.49,1.21,,,,115.6259
2017-02-06,11.37,2.42,1.16,,,,116.0504
2017-02-07,11.29,2.4,1.16,,,,116.4082
2017-02-08,11.45,2.34,1.15,,,,116.1382
2017-02-09,10.88,2.4,1.2,,,,116.306
2017-02-10,10.85,2.41,1.2,,,,116.148
2017-02-13,11.07,2.43,1.2,,,,116.3427
2017-02-14,10.74,2.47,1.25,,,,116.3949
2017-02-15,11.97,2.51,1.27,,,,116.2162
2017-02-16,11.76,2.45,1.22,,,,116.0067
2017-02-17,11.49,2.42,1.21,,,,116.4035
2017-02-20,,,,,,,
2017-02-21,11.57,2.43,1.22,,,,116.5921
2017-02-22,11.74,2.42,1.22,,,,116.2136
2017-02-23,11.71,2.38,1.18,,,,115.6527
2017-02-24,11.47,2.31,1.12,,,,115.8143
2017-02-27,12.09,2.36,1.2,,,,115.6764
2017-02-28,12.92,2.36,1.22,,,,116.0032
2017-03-01,12.54,2.46,1.29,0.79,243.892,4.4,116.438
2017-03-02,11.81,2.49,1.32,,,,116.8429
2017-03-03,10.96,2.49,1.32,,,,116.6438
2017-03-06,11.24,2.49,1.31,,,,116.4313
2017-03-07,11.45,2.52,1.32,,,,116.4303
2017-03-08,11.86,2.57,1.36,,,,116.875
2017-03-09,12.3,2.6,1.37,,,,116.9959
2017-03-10,11.66,2.58,1.36,,,,116.616
2017-03-13,11.35,2.62,1.4,,,,116.4004
2017-03-14,12.3,2.6,1.4,,,,116.5646
2017-03-15,11.63,2.51,1.33,,,,116.3584
2017-03-16,11.21,2.53,1.35,,,,115.4456
2017-03-17,11.28,2.5,1.33,,,,115.2783
2017-03-20,11.34,2.47,1.3,,,,115.0426
2017-03-21,12.47,2.43,1.27,,,,114.8119
2017-03-22,12.81,2.4,1.27,,,,114.7937
2017-03-23,13.12,2.41,1.26,,,,114.7899
2017-03-24,12.96,2.4,1.26,,,,114.6372
2017-03-27,12.5,2.38,1.27,,,,114.2347
2017-03-28,11.53,2.42,1.3,,,,114.419
2017-03-29,11.42,2.39,1.26,,,,114.7167
2017-03-30,11.54,2.42,1.28,,,,114.5245
2017-03-31,12.37,2.4,1.27,,,,114.7938
2017-04-01,,,,0.9,244.193,4.4,
2017-04-03,12.38,2.35,1.24,,,,114.8734
2017-04-04,11.79,2.36,1.25,,,,115.0038
2017-04-05,12.89,2.34,1.24,,,,114.9494
2017-04-06,12.39,2.34,1.24,,,,115.0181
2017-04-07,12.87,2.38,1.29,,,,115.0547
2017-04-10,14.05,2.37,1.29,,,,115.11
2017-04-11,15.07,2.32,1.24,,,,115.009
2017-04-12,15.77,2.28,1.24,,,,114.9162
2017-04-13,15.96,2.24,1.21,,,,114.5059
2017-04-14,,,,,,,114.5368
2017-04-17,14.66,2.26,1.21,,,,114.3283
2017-04-18,14.42,2.18,1.18,,,,114.2575
2017-04-19,14.93,2.21,1.19,,,,114.7923
2017-04-20,14.15,2.24,1.21,,,,114.6205
2017-04-21,14.63,2.24,1.2,,,,114.8128
2017-04-24,10.84,2.28,1.25,,,,114.3659
2017-04-25,10.76,2.35,1.29,,,,114.5111
2017-04-26,10.85,2.32,1.28,,,,114.9479
2017-04-27,10.36,2.3,1.25,,,,114.9946
2017-04-28,10.82,2.29,1.28,,,,114.7877
2017-05-01,10.11,2.33,1.28,0.91,244.004,4.4,114.5921
2017-05-02,10.59,2.29,1.27,,,,114.6792
2017-05-03,10.68,2.33,1.3,,,,114.6637
2017-05-04,10.46,2.36,1.32,,,,114.9076
2017-05-05,10.57,2.36,1.32,,,,114.7725
2017-05-08,9.77,2.39,1.33,,,,115.0895
2017-05-09,9.96,2.42,1.37,,,,115.3933
2017-05-10,10.21,2.41,1.35,,,,115.1145
2017-05-11,10.6,2.39,1.35,,,,115.0669
2017-05-12,10.4,2.33,1.29,,,,114.7479
2017-05-15,10.42,2.34,1.31,,,,114.3504
2017-05-16,10.65,2.33,1.29,,,,113.9923
2017-05-17,15.59,2.22,1.26,,,,113.7506
2017-05-18,14.66,2.23,1.27,,,,114.2683
2017-05-19,12.04,2.23,1.28,,,,113.7001
2017-05-22,10.93,2.25,1.29,,,,113.5442
2017-05-23,10.72,2.29,1.31,,,,113.6862
2017-05-24,10.02,2.26,1.29,,,,113.675
2017-05-25,9.99,2.25,1.3,,,,113.3719
2017-05-26,9.81,2.25,1.3,,,,113.4839
2017-05-29,,,,,,,
2017-05-30,10.38,2.21,1.28,,,,113.5552
2017-05-31,10.41,2.21,1.28,,,,113.2956
2017-06-01,9.89,2.21,1.28,1.04,244.163,4.3,113.3017
2017-06-02,9.75,2.15,1.28,,,,113.1908
2017-06-05,10.07,2.18,1.32,,,,112.9755
2017-06-06,10.45,2.14,1.3,,,,112.7095
2017-06-07,10.39,2.18,1.32,,,,112.8191
2017-06-08,10.16,2.19,1.33,,,,112.8351
2017-06-09,10.7,2.21,1.35,,,,112.9562
2017-06-12,11.46,2.21,1.35,,,,112.9837
2017-06-13,10.42,2.21,1.38,,,,112.6271
2017-06-14,10.64,2.15,1.35,,,,112.0734
2017-06-15,10.9,2.16,1.35,,,,112.8708
2017-06-16,10.38,2.16,1.32,,,,112.6155
2017-06-19,10.37,2.19,1.36,,,,112.7576
2017-06-20,10.86,2.16,1.36,,,,113.2698
2017-06-21,10.75,2.16,1.36,,,,113.3327
2017-06-22,10.48,2.15,1.34,,,,113.1654
2017-06-23,10.02,2.15,1.34,,,,112.8665
2017-06-26,9.9,2.14,1.36,,,,112.7633
2017-06-27,11.06,2.21,1.38,,,,112.55
2017-06-28,10.03,2.22,1.34,,,,112.0747
2017-06-29,11.44,2.27,1.38,,,,111.998
2017-06-30,11.18,2.31,1.38,,,,111.9896
2017-07-01,,,,1.15,244.243,4.3,
2017-07-03,11.22,2.35,1.41,,,,112.4268
2017-07-04,,,,,,,
2017-07-05,11.07,2.33,1.41,,,,112.6534
2017-07-06,12.54,2.37,1.4,,,,112.4199
2017-07-07,11.19,2.39,1.4,,,,112.3137
2017-07-10,11.11,2.38,1.4,,,,112.1587
2017-07-11,10.89,2.37,1.37,,,,112.1434
2017-07-12,10.3,2.33,1.35,,,,111.5904
2017-07-13,9.9,2.35,1.37,,,,111.5365
2017-07-14,9.51,2.33,1.35,,,,110.9075
2017-07-17,9.82,2.31,1.36,,,,110.9304
2017-07-18,9.89,2.27,1.36,,,,110.4356
2017-07-19,9.79,2.27,1.37,,,,110.4339
2017-07-20,9.58,2.27,1.37,,,,110.2512
2017-07-21,9.36,2.24,1.36,,,,110.191
2017-07-24,9.43,2.26,1.37,,,,110.2004
2017-07-25,9.43,2.33,1.4,,,,110.2835
2017-07-26,9.6,2.29,1.36,,,,110.3811
2017-07-27,10.11,2.32,1.36,,,,110.216
2017-07-28,10.29,2.3,1.34,,,,109.92
2017-07-31,10.26,2.3,1.34,,,,109.8177
2017-08-01,10.09,2.26,1.34,1.16,245.183,4.4,109.8495
2017-08-02,10.28,2.27,1.36,,,,109.7503
2017-08-03,10.44,2.24,1.34,,,,109.8332
2017-08-04,10.03,2.27,1.36,,,,110.2808
2017-08-07,9.93,2.26,1.36,,,,110.373
2017-08-08,10.96,2.29,1.36,,,,110.396
2017-08-09,11.11,2.24,1.33,,,,110.3671
2017-08-10,16.04,2.2,1.33,,,,110.1886
2017-08-11,15.51,2.19,1.3,,,,110.0422
2017-08-14,12.33,2.22,1.33,,,,110.095
2017-08-15,12.04,2.27,1.35,,,,110.4846
2017-08-16,11.74,2.23,1.33,,,,110.4394
2017-08-17,15.55,2.19,1.32,,,,110.1673
2017-08-18,14.26,2.19,1.33,,,,110.041
2017-08-21,13.19,2.18,1.32,,,,109.7349
2017-08-22,11.35,2.22,1.33,,,,109.8386
2017-08-23,12.25,2.17,1.32,,,,109.8095
2017-08-24,12.23,2.19,1.33,,,,109.7524
2017-08-25,11.28,2.17,1.35,,,,109.3415
2017-08-28,11.32,2.16,1.33,,,,109.1815
2017-08-29,11.7,2.13,1.33,,,,109.0946
2017-08-30,11.22,2.15,1.33,,,,109.4052
2017-08-31,10.59,2.12,1.33,,,,109.3686
2017-09-01,10.13,2.16,1.35,1.15,246.435,4.3,109.0504
2017-09-04,,,,,,,
2017-09-05,12.23,2.07,1.3,,,,108.8664
2017-09-06,11.63,2.1,1.3,,,,108.4897
2017-09-07,11.55,2.05,1.27,,,,107.9224
2017-09-08,12.12,2.06,1.27,,,,107.808
2017-09-11,10.73,2.14,1.32,,,,108.153
2017-09-12,10.58,2.17,1.33,,,,108.3239
2017-09-13,10.5,2.2,1.35,,,,108.6628
2017-09-14,10.44,2.2,1.37,,,,108.618
2017-09-15,10.17,2.2,1.39,,,,108.3147
2017-09-18,10.15,2.23,1.4,,,,108.6401
2017-09-19,10.18,2.24,1.4,,,,108.6142
2017-09-20,9.78,2.28,1.45,,,,108.4329
2017-09-21,9.67,2.27,1.45,,,,108.9267
2017-09-22,9.59,2.26,1.46,,,,108.7542
2017-09-25,10.21,2.22,1.44,,,,109.3302
2017-09-26,10.17,2.24,1.45,,,,109.7769
2017-09-27,9.87,2.31,1.47,,,,110.0722
2017-09-28,9.55,2.31,1.45,,,,110.2415
2017-09-29,9.51,2.33,1.47,,,,110.0867
2017-10-01,,,,1.15,246.626,4.2,
2017-10-02,9.45,2.34,1.49,,,,110.3686
2017-10-03,9.51,2.33,1.47,,,,110.3281
2017-10-04,9.63,2.33,1.47,,,,110.2425
2017-10-05,9.19,2.35,1.49,,,,110.5823
2017-10-06,9.65,2.37,1.54,,,,110.7841
2017-10-09,10.33,,,,,,
2017-10-10,10.08,2.35,1.51,,,,110.3034
2017-10-11,9.85,2.35,1.51,,,,110.3037
2017-10-12,9.91,2.33,1.51,,,,110.3152
2017-10-13,9.61,2.28,1.51,,,,110.2669
2017-10-16,9.91,2.3,1.54,,,,110.5432
2017-10-17,10.31,2.3,1.54,,,,110.9141
2017-10-18,10.07,2.34,1.59,,,,110.7214
2017-10-19,10.05,2.33,1.58,,,,110.4577
2017-10-20,9.97,2.39,1.6,,,,111.0375
2017-10-23,11.07,2.38,1.58,,,,111.2134
2017-10-24,11.16,2.42,1.6,,,,111.4027
2017-10-25,11.23,2.44,1.61,,,,111.3904
2017-10-26,11.3,2.46,1.63,,,,111.6418
2017-10-27,9.8,2.42,1.59,,,,112.1495
2017-10-30,10.5,2.37,1.58,,,,111.901
2017-10-31,10.18,2.38,1.6,,,,111.8052
2017-11-01,10.2,2.37,1.61,1.16,247.284,4.2,111.7942
2017-11-02,9.93,2.35,1.61,,,,111.5474
2017-11-03,9.14,2.34,1.63,,,,111.9383
2017-11-06,9.4,2.32,1.61,,,,111.7197
2017-11-07,9.89,2.32,1.63,,,,111.9446
2017-11-08,9.78,2.32,1.65,,,,111.6935
2017-11-09,10.5,2.33,1.63,,,,111.5626
2017-11-10,11.29,2.4,1.67,,,,
2017-11-13,11.5,2.4,1.7,,,,111.7833
2017-11-14,11.59,2.38,1.68,,,,111.5097
2017-11-15,13.13,2.33,1.68,,,,111.4809
2017-11-16,11.76,2.37,1.72,,,,111.2568
2017-11-17,11.43,2.35,1.73,,,,111.0016
2017-11-20,10.65,2.37,1.77,,,,111.2599
2017-11-21,9.73,2.36,1.77,,,,110.9828
2017-11-22,9.88,2.32,1.74,,,,110.5632
2017-11-23,,,,,,,
2017-11-24,9.67,2.34,1.75,,,,110.0253
2017-11-27,9.87,2.32,1.74,,,,110.1136
2017-11-28,10.03,2.34,1.75,,,,110.3018
2017-11-29,10.7,2.37,1.78,,,,110.3265
2017-11-30,11.28,2.42,1.78,,,,110.4648
2017-12-01,11.43,2.37,1.78,1.3,247.805,4.1,110.1413
2017-12-04,11.68,2.37,1.8,,,,110.397
2017-12-05,11.33,2.36,1.83,,,,110.4905
2017-12-06,11.02,2.33,1.78,,,,110.8711
2017-12-07,10.16,2.37,1.8,,,,111.0178
2017-12-08,9.58,2.38,1.8,,,,111.2273
2017-12-11,9.34,2.39,1.82,,,,111.0827
2017-12-12,9.92,2.4,1.83,,,,111.5214
2017-12-13,10.18,2.36,1.79,,,,111.2759
2017-12-14,10.49,2.35,1.82,,,,111.0893
2017-12-15,9.42,2.35,1.84,,,,111.1286
2017-12-18,9.53,2.39,1.84,,,,110.9086
2017-12-19,10.03,2.46,1.87,,,,111.1255
2017-12-20,9.72,2.49,1.87,,,,110.8361
2017-12-21,9.62,2.48,1.89,,,,110.8786
2017-12-22,9.9,2.48,1.91,,,,111.0997
2017-12-25,,,,,,,
2017-12-26,10.25,2.47,1.92,,,,110.9758
2017-12-27,10.47,2.42,1.89,,,,110.8553
2017-12-28,10.18,2.43,1.91,,,,110.5154
2017-12-29,11.04,2.4,1.89,,,,110.0783
2018-01-01,,,,1.41,248.859,4.0,
2018-01-02,9.77,2.46,1.92,,,,109.6445
2018-01-03,9.15,2.44,1.94,,,,109.6751
2018-01-04,9.22,2.46,1.96,,,,109.4777
2018-01-05,9.22,2.47,1.96,,,,109.3496
2018-01-08,9.52,2.49,1.96,,,,109.5681
2018-01-09,10.08,2.55,1.98,,,,109.9025
2018-01-10,9.82,2.55,1.98,,,,109.628
2018-01-11,9.88,2.54,1.98,,,,109.4888
2018-01-12,10.16,2.55,1.99,,,,108.901
2018-01-15,,,,,,,
2018-01-16,11.66,2.54,2.03,,,,108.3218
2018-01-17,11.91,2.57,2.05,,,,108.1526
2018-01-18,12.22,2.62,2.05,,,,108.0655
2018-01-19,11.27,2.64,2.06,,,,107.9455
2018-01-22,11.03,2.66,2.08,,,,108.107
2018-01-23,11.1,2.63,2.06,,,,107.9979
2018-01-24,11.47,2.65,2.08,,,,107.0802
2018-01-25,11.58,2.63,2.08,,,,106.5052
2018-01-26,11.08,2.66,2.13,,,,106.6911
2018-01-29,13.84,2.7,2.11,,,,107.1142
2018-01-30,14.79,2.73,2.13,,,,107.1064
2018-01-31,13.54,2.72,2.14,,,,106.7696
2018-02-01,13.47,2.78,2.16,1.42,249.529,4.1,106.4877
2018-02-02,17.31,2.84,2.15,,,,107.1151
2018-02-05,37.32,2.77,2.08,,,,107.33
2018-02-06,29.98,2.79,2.1,,,,107.5204
2018-02-07,27.73,2.84,2.15,,,,107.7175
2018-02-08,33.46,2.85,2.13,,,,108.3025
2018-02-09,29.06,2.83,2.05,,,,108.2582
2018-02-12,25.61,2.86,2.09,,,,108.0332
2018-02-13,24.97,2.83,2.1,,,,107.7574
2018-02-14,19.26,2.91,2.17,,,,107.4691
2018-02-15,19.13,2.9,2.19,,,,106.9867
2018-02-16,19.46,2.87,2.21,,,,107.0359
2018-02-19,,,,,,,
2018-02-20,20.6,2.88,2.25,,,,107.6249
2018-02-21,20.02,2.94,2.26,,,,107.8679
2018-02-22,18.72,2.92,2.25,,,,107.8668
2018-02-23,16.49,2.88,2.25,,,,107.6804
2018-02-26,15.8,2.86,2.22,,,,107.7347
2018-02-27,18.59,2.9,2.27,,,,108.1731
2018-02-28,19.85,2.87,2.25,,,,108.3903
2018-03-01,22.47,2.81,2.22,1.51,249.577,4.0,108.5358
2018-03-02,19.59,2.86,2.25,,,,
2018-03-05,18.73,2.88,2.24,,,,108.3614
2018-03-06,18.36,2.88,2.25,,,,107.7969
2018-03-07,17.76,2.89,2.25,,,,108.0911
2018-03-08,16.54,2.86,2.25,,,,108.2671
2018-03-09,14.64,2.9,2.27,,,,107.923
2018-03-12,15.78,2.87,2.27,,,,107.9438
2018-03-13,16.35,2.84,2.26,,,,107.7384
2018-03-14,17.23,2.81,2.26,,,,107.8623
2018-03-15,16.59,2.82,2.29,,,,108.2032
2018-03-16,15.8,2.85,2.31,,,,108.4332
2018-03-19,19.02,2.85,2.31,,,,108.3145
2018-03-20,18.2,2.89,2.34,,,,108.4953
2018-03-21,17.86,2.89,2.31,,,,
2018-03-22,23.34,2.83,2.29,,,,107.9935
2018-03-23,24.87,2.82,2.28,,,,107.7495
2018-03-26,21.03,2.85,2.33,,,,107.1819
2018-03-27,22.5,2.78,2.26,,,,107.3359
2018-03-28,22.87,2.77,2.28,,,,107.5733
2018-03-29,19.97,2.74,2.27,,,,107.665
2018-03-30,,,,,,,107.4784
2018-04-01,,,,1.69,250.227,4.0,
2018-04-02,23.62,2.73,2.25,,,,107.7033
2018-04-03,21.1,2.79,2.28,,,,107.5624
2018-04-04,20.06,2.79,2.28,,,,107.6361
2018-04-05,18.94,2.83,2.3,,,,107.7281
2018-04-06,21.49,2.77,2.27,,,,107.7886
2018-04-09,21.77,2.78,2.29,,,,107.5316
2018-04-10,20.47,2.8,2.32,,,,107.3659
2018-04-11,20.24,2.79,2.32,,,,107.1224
2018-04-12,18.49,2.83,2.34,,,,107.2905
2018-04-13,17.41,2.82,2.37,,,,107.2368
2018-04-16,16.56,2.83,2.39,,,,107.0595
2018-04-17,15.25,2.82,2.41,,,,107.0344
2018-04-18,15.6,2.87,2.42,,,,107.1096
2018-04-19,15.96,2.92,2.44,,,,107.5197
2018-04-20,16.88,2.96,2.46,,,,108.1787
2018-04-23,16.34,2.98,2.49,,,,108.9332
2018-04-24,18.02,3.0,2.48,,,,108.7906
2018-04-25,17.84,3.03,2.49,,,,109.3447
2018-04-26,16.24,3.0,2.49,,,,109.3646
2018-04-27,15.41,2.96,2.49,,,,109.1735
2018-04-30,15.93,2.95,2.49,,,,109.3363
2018-05-01,15.49,2.97,2.5,1.7,250.792,3.8,109.7445
2018-05-02,15.97,2.97,2.49,,,,110.1625
2018-05-03,15.9,2.94,2.49,,,,110.1803
2018-05-04,14.77,2.95,2.51,,,,110.25
2018-05-07,14.75,2.95,2.49,,,,110.5721
2018-05-08,14.71,2.97,2.51,,,,111.063
2018-05-09,13.42,3.0,2.54,,,,110.8818
2018-05-10,13.23,2.97,2.54,,,,110.405
2018-05-11,12.65,2.97,2.54,,,,110.2847
2018-05-14,12.93,3.0,2.55,,,,110.408
2018-05-15,14.63,3.08,2.58,,,,111.2292
2018-05-16,13.42,3.09,2.58,,,,111.3068
2018-05-17,13.43,3.11,2.57,,,,111.3547
2018-05-18,13.42,3.06,2.55,,,,111.7171
2018-05-21,13.08,3.06,2.58,,,,111.6394
2018-05-22,13.22,3.06,2.59,,,,111.1945
2018-05-23,12.58,3.01,2.53,,,,111.6933
2018-05-24,12.53,2.98,2.5,,,,111.4885
2018-05-25,13.22,2.93,2.48,,,,111.5843
2018-05-28,,,,,,,
2018-05-29,17.02,2.77,2.32,,,,112.2127
2018-05-30,14.94,2.84,2.42,,,,111.6731
2018-05-31,15.43,2.83,2.4,,,,111.9894
2018-06-01,13.46,2.89,2.47,1.82,251.018,4.0,111.8265
2018-06-04,12.74,2.94,2.52,,,,111.8247
2018-06-05,12.4,2.92,2.49,,,,112.264
2018-06-06,11.64,2.97,2.52,,,,111.7525
2018-06-07,12.13,2.93,2.5,,,,112.0725
2018-06-08,12.18,2.93,2.5,,,,112.1066
2018-06-11,12.35,2.96,2.52,,,,112.1106
2018-06-12,12.34,2.96,2.54,,,,112.2138
2018-06-13,12.94,2.98,2.59,,,,112.2577
2018-06-14,12.12,2.94,2.59,,,,112.8593
2018-06-15,11.98,2.93,2.55,,,,113.3379
2018-06-18,12.31,2.92,2.56,,,,113.4899
2018-06-19,13.35,2.89,2.54,,,,113.639
2018-06-20,12.79,2.93,2.56,,,,113.4784
2018-06-21,14.64,2.9,2.56,,,,113.6109
2018-06-22,13.77,2.9,2.56,,,,113.3047
2018-06-25,17.33,2.87,2.54,,,,113.286
2018-06-26,15.92,2.88,2.53,,,,113.3016
2018-06-27,17.91,2.83,2.52,,,,113.8971
2018-06-28,16.85,2.84,2.52,,,,113.8405
2018-06-29,16.09,2.85,2.52,,,,113.2586
2018-07-01,,,,1.91,251.214,3.8,
2018-07-02,15.6,2.87,2.57,,,,114.1673
2018-07-03,16.14,2.83,2.53,,,,113.3222
2018-07-04,,,,,,,
2018-07-05,14.97,2.84,2.55,,,,112.9759
2018-07-06,13.37,2.82,2.53,,,,112.6428
2018-07-09,12.69,2.86,2.57,,,,112.6425
2018-07-10,12.64,2.87,2.59,,,,112.5794
2018-07-11,13.63,2.85,2.58,,,,112.8582
2018-07-12,12.58,2.85,2.6,,,,112.779
2018-07-13,12.18,2.83,2.59,,,,113.0705
2018-07-16,12.83,2.85,2.59,,,,112.8437
2018-07-17,12.06,2.86,2.62,,,,113.1504
2018-07-18,12.1,2.88,2.6,,,,113.3348
2018-07-19,12.87,2.84,2.6,,,,113.9463
2018-07-20,12.86,2.89,2.6,,,,113.3213
2018-07-23,12.62,2.96,2.64,,,,113.4246
2018-07-24,12.41,2.95,2.63,,,,113.2045
2018-07-25,12.29,2.94,2.66,,,,112.9221
2018-07-26,12.14,2.98,2.69,,,,112.9179
2018-07-27,13.03,2.96,2.67,,,,112.8125
2018-07-30,14.26,2.98,2.66,,,,112.6044
2018-07-31,12.83,2.96,2.67,,,,112.7299
2018-08-01,13.15,3.0,2.67,1.91,251.663,3.8,112.8899
2018-08-02,12.19,2.98,2.66,,,,113.1679
2018-08-03,11.64,2.95,2.63,,,,113.012
2018-08-06,11.27,2.94,2.64,,,,113.229
2018-08-07,10.93,2.98,2.68,,,,112.9759
2018-08-08,10.85,2.96,2.68,,,,113.1411
2018-08-09,11.27,2.93,2.64,,,,113.3806
2018-08-10,13.16,2.87,2.61,,,,114.3005
2018-08-13,14.78,2.88,2.61,,,,114.851
2018-08-14,13.31,2.89,2.63,,,,114.658
2018-08-15,14.64,2.86,2.61,,,,115.1526
2018-08-16,13.45,2.87,2.63,,,,114.6416
2018-08-17,12.64,2.87,2.61,,,,114.5339
2018-08-20,12.49,2.82,2.6,,,,114.3504
2018-08-21,12.86,2.85,2.61,,,,113.8604
2018-08-22,12.25,2.82,2.6,,,,113.663
2018-08-23,12.41,2.82,2.61,,,,114.0932
2018-08-24,11.99,2.82,2.63,,,,113.5985
2018-08-27,12.16,2.85,2.67,,,,113.2721
2018-08-28,12.5,2.88,2.67,,,,113.3444
2018-08-29,12.25,2.89,2.67,,,,113.6461
2018-08-30,13.53,2.86,2.64,,,,114.0899
2018-08-31,12.86,2.86,2.62,,,,114.2755
2018-09-01,,,,1.95,252.182,3.7,
2018-09-03,,,,,,,
2018-09-04,13.16,2.9,2.66,,,,114.8584
2018-09-05,13.91,2.9,2.66,,,,114.7477
2018-09-06,14.65,2.88,2.64,,,,114.6479
2018-09-07,14.88,2.94,2.71,,,,114.5816
2018-09-10,14.16,2.94,2.73,,,,114.6802
2018-09-11,13.22,2.98,2.76,,,,114.7051
2018-09-12,13.14,2.97,2.74,,,,114.2192
2018-09-13,12.37,2.97,2.76,,,,113.9268
2018-09-14,12.07,2.99,2.78,,,,114.0657
2018-09-17,13.68,2.99,2.78,,,,113.9158
2018-09-18,12.79,3.05,2.81,,,,113.7739
2018-09-19,11.75,3.08,2.81,,,,113.6532
2018-09-20,11.8,3.07,2.81,,,,113.4989
2018-09-21,11.68,3.07,2.81,,,,113.5099
2018-09-24,12.2,3.08,2.83,,,,113.5301
2018-09-25,12.42,3.1,2.83,,,,113.7202
2018-09-26,12.89,3.06,2.83,,,,113.6739
2018-09-27,12.41,3.06,2.83,,,,113.9784
2018-09-28,12.12,3.05,2.81,,,,113.8077
2018-10-01,12.0,3.09,2.82,2.19,252.772,3.8,113.8235
2018-10-02,12.05,3.05,2.82,,,,113.8954
2018-10-03,11.61,3.15,2.85,,,,114.1569
2018-10-04,14.22,3.19,2.87,,,,114.6867
2018-10-05,14.82,3.23,2.88,,,,114.561
2018-10-08,15.69,,,,,,
2018-10-09,15.95,3.21,2.88,,,,114.6583
2018-10-10,22.96,3.22,2.88,,,,114.6072
2018-10-11,24.98,3.14,2.85,,,,114.4074
2018-10-12,21.31,3.15,2.85,,,,114.3691
2018-10-15,21.3,3.16,2.85,,,,114.045
2018-10-16,17.62,3.16,2.87,,,,113.8963
2018-10-17,17.4,3.19,2.89,,,,114.1755
2018-10-18,20.06,3.17,2.87,,,,114.8164
2018-10-19,19.89,3.2,2.92,,,,114.8567
2018-10-22,19.64,3.2,2.92,,,,115.1782
2018-10-23,20.71,3.17,2.89,,,,115.1651
2018-10-24,25.23,3.1,2.84,,,,115.3755
2018-10-25,24.22,3.14,2.86,,,,115.4831
2018-10-26,24.16,3.08,2.81,,,,115.473
2018-10-29,24.7,3.08,2.81,,,,115.8936
2018-10-30,23.35,3.12,2.84,,,,116.2357
2018-10-31,21.23,3.15,2.87,,,,116.5281
2018-11-01,19.34,3.14,2.84,2.2,252.594,3.8,115.8657
2018-11-02,19.51,3.22,2.91,,,,115.643
2018-11-05,19.96,3.2,2.91,,,,115.703
2018-11-06,19.91,3.22,2.93,,,,115.5622
2018-11-07,16.36,3.22,2.96,,,,115.2519
2018-11-08,16.72,3.24,2.98,,,,115.6478
2018-11-09,17.36,3.19,2.94,,,,116.4778
2018-11-12,20.45,,,,,,
2018-11-13,20.02,3.14,2.89,,,,116.6694
2018-11-14,21.25,3.12,2.86,,,,116.498
2018-11-15,19.98,3.11,2.86,,,,116.3861
2018-11-16,18.14,3.08,2.81,,,,115.9258
2018-11-19,20.1,3.06,2.79,,,,115.9859
2018-11-20,22.48,3.06,2.79,,,,116.2367
2018-11-21,20.8,3.06,2.81,,,,116.092
2018-11-22,,,,,,,
2018-11-23,21.52,3.05,2.81,,,,116.4713
2018-11-26,18.9,3.07,2.84,,,,116.6208
2018-11-27,19.02,3.06,2.83,,,,116.9001
2018-11-28,18.49,3.06,2.81,,,,116.8343
2018-11-29,18.79,3.03,2.81,,,,116.1961
2018-11-30,18.07,3.01,2.8,,,,116.413
2018-12-01,,,,2.27,252.767,3.9,
2018-12-03,16.44,2.98,2.83,,,,115.9057
2018-12-04,20.74,2.91,2.8,,,,116.0028
2018-12-05,,,,,,,
2018-12-06,21.19,2.87,2.75,,,,116.3991
2018-12-07,23.23,2.85,2.72,,,,116.0847
2018-12-10,22.64,2.85,2.72,,,,116.6746
2018-12-11,21.76,2.89,2.78,,,,116.7564
2018-12-12,21.46,2.91,2.77,,,,116.2214
2018-12-13,20.65,2.91,2.75,,,,116.3974
2018-12-14,21.63,2.89,2.73,,,,116.79
2018-12-17,24.52,2.86,2.7,,,,116.4532
2018-12-18,25.58,2.82,2.65,,,,116.4127
2018-12-19,25.58,2.77,2.63,,,,116.0676
2018-12-20,28.38,2.79,2.67,,,,116.0183
2018-12-21,30.11,2.79,2.63,,,,116.2227
2018-12-24,36.07,2.74,2.55,,,,116.2182
2018-12-25,,,,,,,
2018-12-26,30.41,2.81,2.61,,,,116.1162
2018-12-27,29.96,2.77,2.56,,,,115.9927
2018-12-28,28.34,2.72,2.52,,,,115.7232
2018-12-31,25.42,2.69,2.48,,,,115.5674
2019-01-01,,,,2.4,252.561,4.0,
2019-01-02,23.22,2.66,2.5,,,,115.7689
2019-01-03,25.45,2.56,2.39,,,,115.4622
2019-01-04,21.38,2.67,2.5,,,,114.9821
2019-01-07,21.4,2.7,2.53,,,,114.5628
2019-01-08,20.47,2.73,2.58,,,,114.7281
2019-01-09,19.98,2.74,2.56,,,,114.1406
2019-01-10,19.5,2.74,2.56,,,,114.0496
2019-01-11,18.19,2.71,2.55,,,,114.0404
2019-01-14,19.07,2.71,2.53,,,,
2019-01-15,18.6,2.72,2.53,,,,114.3402
2019-01-16,19.04,2.73,2.55,,,,114.137
2019-01-17,18.06,2.75,2.56,,,,114.4115
2019-01-18,17.8,2.79,2.62,,,,114.558
2019-01-21,,,,,,,
2019-01-22,20.8,2.74,2.58,,,,114.7541
2019-01-23,19.52,2.76,2.58,,,,114.5759
2019-01-24,18.89,2.72,2.56,,,,114.617
2019-01-25,17.42,2.76,2.6,,,,114.0197
2019-01-28,18.87,2.75,2.6,,,,114.0522
2019-01-29,19.13,2.72,2.56,,,,114.026
2019-01-30,17.66,2.7,2.52,,,,114.0731
2019-01-31,16.57,2.63,2.45,,,,113.5504
2019-02-01,16.14,2.7,2.52,2.4,253.319,3.8,113.7548
2019-02-04,15.73,2.73,2.53,,,,113.8766
2019-02-05,15.57,2.71,2.53,,,,114.0431
2019-02-06,15.38,2.7,2.52,,,,114.2305
2019-02-07,16.37,2.65,2.48,,,,114.4339
2019-02-08,15.72,2.63,2.45,,,,114.5003
2019-02-11,15.97,2.65,2.48,,,,115.031
2019-02-12,15.43,2.68,2.5,,,,114.7297
2019-02-13,15.65,2.71,2.53,,,,114.9407
2019-02-14,16.22,2.66,2.5,,,,115.1007
2019-02-15,14.91,2.66,2.52,,,,114.9923
2019-02-18,,,,,,,
2019-02-19,14.88,2.65,2.5,,,,114.57
2019-02-20,14.02,2.65,2.5,,,,
2019-02-21,14.46,2.69,2.53,,,,114.5091
2019-02-22,13.51,2.65,2.48,,,,114.2716
2019-02-25,14.85,2.67,2.51,,,,114.1457
2019-02-26,15.17,2.64,2.48,,,,114.0687
2019-02-27,14.7,2.69,2.5,,,,114.0363
2019-02-28,14.78,2.73,2.52,,,,114.1991
2019-03-01,13.57,2.76,2.55,2.41,254.277,3.8,114.537
2019-03-04,14.63,2.72,2.55,,,,114.6925
2019-03-05,14.74,2.72,2.55,,,,114.804
2019-03-06,15.74,2.69,2.52,,,,114.9714
2019-03-07,16.59,2.64,2.47,,,,115.4919
2019-03-08,16.05,2.62,2.45,,,,115.3599
2019-03-11,14.33,2.64,2.47,,,,115.2967
2019-03-12,13.77,2.61,2.45,,,,114.939
2019-03-13,13.41,2.61,2.45,,,,114.7372
2019-03-14,13.5,2.63,2.46,,,,114.79
2019-03-15,12.88,2.59,2.43,,,,114.5815
2019-03-18,13.1,2.6,2.45,,,,114.4375
2019-03-19,13.56,2.61,2.46,,,,114.2324
2019-03-20,13.91,2.54,2.4,,,,114.1509
2019-03-21,13.63,2.54,2.41,,,,114.1684
2019-03-22,16.48,2.44,2.31,,,,114.6856
2019-03-25,16.33,2.43,2.26,,,,114.4171
2019-03-26,14.68,2.41,2.24,,,,114.6414
2019-03-27,15.15,2.39,2.22,,,,115.1243
2019-03-28,14.43,2.39,2.23,,,,115.2581
2019-03-29,13.71,2.41,2.27,,,,115.1371
2019-04-01,13.4,2.49,2.33,2.42,255.233,3.7,114.9362
2019-04-02,13.36,2.48,2.3,,,,115.1173
2019-04-03,13.74,2.52,2.33,,,,114.7211
2019-04-04,13.58,2.51,2.33,,,,114.9697
2019-04-05,12.82,2.5,2.35,,,,114.9726
2019-04-08,13.18,2.52,2.36,,,,114.6893
2019-04-09,14.28,2.51,2.35,,,,114.5321
2019-04-10,13.3,2.48,2.31,,,,114.4269
2019-04-11,13.02,2.51,2.35,,,,114.6303
2019-04-12,12.01,2.56,2.4,,,,114.3531
2019-04-15,12.32,2.55,2.4,,,,114.495
2019-04-16,12.18,2.6,2.41,,,,114.6756
2019-04-17,12.6,2.59,2.4,,,,114.5141
2019-04-18,12.09,2.57,2.38,,,,114.7073
2019-04-19,,,,,,,114.6977
2019-04-22,12.42,2.59,2.38,,,,114.7694
2019-04-23,12.28,2.57,2.36,,,,115.1578
2019-04-24,13.14,2.53,2.32,,,,115.4187
2019-04-25,13.25,2.54,2.33,,,,115.7709
2019-04-26,12.73,2.51,2.28,,,,115.4767
2019-04-29,13.11,2.54,2.3,,,,115.5227
2019-04-30,13.12,2.51,2.27,,,,115.3281
2019-05-01,14.8,2.52,2.31,2.39,255.296,3.6,115.0022
2019-05-02,14.42,2.55,2.35,,,,115.5617
2019-05-03,12.87,2.54,2.33,,,,115.2646
2019-05-06,15.44,2.51,2.31,,,,115.3811
2019-05-07,19.32,2.45,2.28,,,,115.6116
2019-05-08,19.4,2.49,2.3,,,,115.5171
2019-05-09,19.1,2.45,2.26,,,,115.8421
2019-05-10,16.04,2.47,2.26,,,,115.5334
2019-05-13,20.55,2.4,2.18,,,,115.915
2019-05-14,18.06,2.42,2.2,,,,115.9425
2019-05-15,16.44,2.37,2.16,,,,115.8565
2019-05-16,15.29,2.4,2.2,,,,116.0346
2019-05-17,15.96,2.39,2.2,,,,116.448
2019-05-20,16.31,2.41,2.21,,,,116.3119
2019-05-21,14.95,2.43,2.26,,,,116.2844
2019-05-22,14.75,2.39,2.23,,,,116.2412
2019-05-23,16.92,2.31,2.12,,,,116.2368
2019-05-24,15.85,2.32,2.16,,,,116.0806
2019-05-27,,,,,,,
2019-05-28,17.5,2.26,2.12,,,,116.3174
2019-05-29,17.9,2.25,2.09,,,,116.5535
2019-05-30,17.3,2.22,2.06,,,,116.3989
2019-05-31,18.71,2.14,1.95,,,,116.7273
2019-06-01,,,,2.38,255.213,3.6,
2019-06-03,18.86,2.07,1.82,,,,116.4764
2019-06-04,16.97,2.12,1.88,,,,116.091
2019-06-05,16.09,2.12,1.83,,,,116.03
2019-06-06,15.93,2.12,1.88,,,,115.9771
2019-06-07,16.3,2.09,1.85,,,,115.7368
2019-06-10,15.94,2.15,1.9,,,,115.5001
2019-06-11,15.99,2.15,1.93,,,,115.3794
2019-06-12,15.91,2.13,1.88,,,,115.438
2019-06-13,15.82,2.1,1.83,,,,115.6275
2019-06-14,15.28,2.09,1.84,,,,115.9057
2019-06-17,15.35,2.09,1.86,,,,115.9684
2019-06-18,15.15,2.06,1.86,,,,115.8797
2019-06-19,14.33,2.03,1.74,,,,115.7889
2019-06-20,14.75,2.01,1.72,,,,114.8046
2019-06-21,15.4,2.07,1.77,,,,114.8377
2019-06-24,15.26,2.02,1.72,,,,114.6559
2019-06-25,16.28,2.0,1.71,,,,114.6363
2019-06-26,16.21,2.05,1.77,,,,114.5608
2019-06-27,15.82,2.01,1.74,,,,114.665
2019-06-28,15.08,2.0,1.75,,,,114.5821
2019-07-01,14.06,2.03,1.78,2.4,255.802,3.7,114.7239
2019-07-02,12.93,1.98,1.77,,,,114.8258
2019-07-03,12.57,1.96,1.77,,,,114.8135
2019-07-04,,,,,,,
2019-07-05,13.28,2.04,1.87,,,,115.1132
2019-07-08,13.96,2.05,1.88,,,,115.0254
2019-07-09,14.09,2.07,1.92,,,,115.1017
2019-07-10,13.03,2.07,1.82,,,,115.0879
2019-07-11,12.93,2.13,1.85,,,,114.8361
2019-07-12,12.39,2.12,1.84,,,,114.7685
2019-07-15,12.68,2.09,1.83,,,,114.6819
2019-07-16,12.86,2.13,1.87,,,,115.0111
2019-07-17,13.97,2.06,1.83,,,,114.8819
2019-07-18,13.53,2.04,1.77,,,,114.8744
2019-07-19,14.45,2.05,1.8,,,,114.8695
2019-07-22,13.53,2.05,1.8,,,,115.0018
2019-07-23,12.61,2.08,1.83,,,,115.2995
2019-07-24,12.07,2.05,1.83,,,,115.2436
2019-07-25,12.74,2.08,1.86,,,,115.2982
2019-07-26,12.16,2.08,1.86,,,,115.5449
2019-07-29,12.83,2.06,1.85,,,,115.5885
2019-07-30,13.94,2.06,1.85,,,,115.6211
2019-07-31,16.12,2.02,1.89,,,,115.4946
2019-08-01,17.87,1.9,1.73,2.13,256.036,3.6,116.0499
2019-08-02,17.61,1.86,1.72,,,,116.1864
2019-08-05,24.59,1.75,1.59,,,,116.5851
2019-08-06,20.17,1.73,1.6,,,,116.6904
2019-08-07,19.49,1.71,1.59,,,,116.7987
2019-08-08,16.91,1.72,1.62,,,,116.474
2019-08-09,17.97,1.74,1.63,,,,116.4419
2019-08-12,21.09,1.65,1.58,,,,116.7548
2019-08-13,17.52,1.68,1.66,,,,116.7267
2019-08-14,22.1,1.59,1.58,,,,117.0913
2019-08-15,21.18,1.52,1.48,,,,117.2239
2019-08-16,18.47,1.55,1.48,,,,117.0786
2019-08-19,16.88,1.6,1.53,,,,117.3886
2019-08-20,17.5,1.55,1.5,,,,117.3726
2019-08-21,15.8,1.59,1.56,,,,117.1764
2019-08-22,16.68,1.62,1.61,,,,117.3558
2019-08-23,19.87,1.52,1.51,,,,117.3009
2019-08-26,19.32,1.54,1.54,,,,117.6658
2019-08-27,20.31,1.49,1.53,,,,117.75
2019-08-28,19.35,1.47,1.5,,,,117.8767
2019-08-29,17.88,1.5,1.53,,,,118.0625
2019-08-30,18.98,1.5,1.5,,,,118.1575
2019-09-01,,,,2.04,256.43,3.5,
2019-09-02,,,,,,,
2019-09-03,19.66,1.47,1.47,,,,118.3113
2019-09-04,17.33,1.47,1.43,,,,117.6729
2019-09-05,16.27,1.57,1.55,,,,117.4776
2019-09-06,15.0,1.55,1.53,,,,117.1292
2019-09-09,15.27,1.63,1.58,,,,117.0601
2019-09-10,15.2,1.72,1.67,,,,117.0887
2019-09-11,14.61,1.75,1.68,,,,117.3125
2019-09-12,14.22,1.79,1.72,,,,116.8375
2019-09-13,13.74,1.9,1.79,,,,116.7677
2019-09-16,14.67,1.84,1.74,,,,117.0251
2019-09-17,14.44,1.81,1.72,,,,116.9826
2019-09-18,13.95,1.8,1.77,,,,116.9766
2019-09-19,14.05,1.79,1.74,,,,117.0861
2019-09-20,15.32,1.74,1.69,,,,117.1819
2019-09-23,14.91,1.72,1.68,,,,117.2986
2019-09-24,17.05,1.64,1.6,,,,117.2227
2019-09-25,15.96,1.73,1.68,,,,117.6527
2019-09-26,16.07,1.7,1.66,,,,117.7267
2019-09-27,17.22,1.69,1.63,,,,117.7218
2019-09-30,16.24,1.68,1.63,,,,117.9461
2019-10-01,18.56,1.65,1.56,1.83,257.155,3.6,117.9595
2019-10-02,20.56,1.6,1.48,,,,117.9671
2019-10-03,19.12,1.54,1.39,,,,117.6608
2019-10-04,17.04,1.52,1.4,,,,117.5288
2019-10-07,17.86,1.56,1.46,,,,117.5533
2019-10-08,20.28,1.54,1.42,,,,117.7407
2019-10-09,18.64,1.59,1.47,,,,117.6835
2019-10-10,17.57,1.67,1.53,,,,117.2801
2019-10-11,15.58,1.76,1.63,,,,116.8239
2019-10-14,14.57,,,,,,
2019-10-15,13.54,1.77,1.61,,,,116.8111
2019-10-16,13.68,1.75,1.58,,,,116.6425
2019-10-17,13.79,1.76,1.6,,,,116.2615
2019-10-18,14.25,1.76,1.58,,,,116.1344
2019-10-21,14.0,1.8,1.62,,,,116.0436
2019-10-22,14.46,1.78,1.6,,,,115.9851
2019-10-23,14.01,1.77,1.58,,,,116.0586
2019-10-24,13.71,1.77,1.58,,,,116.1278
2019-10-25,12.65,1.8,1.63,,,,116.0774
2019-10-28,13.11,1.85,1.64,,,,116.0222
2019-10-29,13.2,1.84,1.64,,,,115.9797
2019-10-30,12.33,1.78,1.61,,,,116.1636
2019-10-31,13.22,1.69,1.52,,,,115.9125
2019-11-01,12.3,1.73,1.56,1.55,257.879,3.6,115.7312
2019-11-04,12.83,1.79,1.6,,,,115.8624
2019-11-05,13.1,1.86,1.63,,,,116.1138
2019-11-06,12.62,1.81,1.61,,,,116.1004
2019-11-07,12.73,1.92,1.68,,,,116.1172
2019-11-08,12.07,1.94,1.68,,,,116.3436
2019-11-11,12.69,,,,,,
2019-11-12,12.68,1.92,1.66,,,,116.5837
2019-11-13,13.0,1.88,1.63,,,,116.8397
2019-11-14,13.05,1.82,1.58,,,,116.8022
2019-11-15,12.05,1.84,1.61,,,,116.4401
2019-11-18,12.46,1.81,1.6,,,,116.3625
2019-11-19,12.86,1.79,1.6,,,,116.5391
2019-11-20,12.78,1.73,1.56,,,,116.828
2019-11-21,13.13,1.77,1.6,,,,116.7435
2019-11-22,12.34,1.77,1.61,,,,116.9137
2019-11-25,11.87,1.76,1.61,,,,117.0098
2019-11-26,11.54,1.74,1.58,,,,117.0513
2019-11-27,11.75,1.77,1.63,,,,117.1273
2019-11-28,,,,,,,
2019-11-29,12.62,1.78,1.61,,,,117.1204
2019-12-01,,,,1.55,258.63,3.6,
2019-12-02,14.91,1.83,1.61,,,,116.9647
2019-12-03,15.96,1.72,1.53,,,,116.8898
2019-12-04,14.8,1.77,1.58,,,,116.692
2019-12-05,14.52,1.8,1.58,,,,116.3838
2019-12-06,13.62,1.84,1.61,,,,116.5381
2019-12-09,15.86,1.83,1.63,,,,116.3283
2019-12-10,15.68,1.85,1.65,,,,116.2542
2019-12-11,14.99,1.79,1.61,,,,116.1478
2019-12-12,13.94,1.9,1.66,,,,115.8741
2019-12-13,12.63,1.82,1.61,,,,115.6967
2019-12-16,12.14,1.89,1.65,,,,115.555
2019-12-17,12.29,1.89,1.63,,,,115.5553
2019-12-18,12.58,1.92,1.63,,,,115.6618
2019-12-19,12.5,1.92,1.62,,,,115.5988
2019-12-20,12.51,1.92,1.63,,,,115.7598
2019-12-23,12.61,1.93,1.64,,,,115.8059
2019-12-24,12.67,1.9,1.62,,,,
2019-12-25,,,,,,,
2019-12-26,12.65,1.9,1.64,,,,115.634
2019-12-27,13.43,1.88,1.59,,,,115.22
2019-12-30,14.82,1.9,1.58,,,,114.9631
2019-12-31,13.78,1.92,1.58,,,,114.669
2020-01-01,,,,1.55,259.127,3.6,
2020-01-02,12.47,1.88,1.58,,,,114.9745
2020-01-03,14.02,1.8,1.53,,,,114.9867
2020-01-06,13.85,1.81,1.54,,,,114.9557
2020-01-07,13.79,1.83,1.54,,,,115.1477
2020-01-08,13.45,1.87,1.58,,,,115.1328
2020-01-09,12.54,1.85,1.58,,,,115.2331
2020-01-10,12.56,1.83,1.56,,,,115.0677
2020-01-13,12.32,1.85,1.58,,,,115.0342
2020-01-14,12.39,1.82,1.58,,,,115.0239
2020-01-15,12.42,1.79,1.56,,,,114.9528
2020-01-16,12.32,1.81,1.58,,,,115.0006
2020-01-17,12.1,1.84,1.58,,,,115.0656
2020-01-20,,,,,,,
2020-01-21,12.85,1.78,1.53,,,,115.1876
2020-01-22,12.91,1.77,1.53,,,,115.2273
2020-01-23,12.98,1.74,1.51,,,,115.5545
2020-01-24,14.56,1.7,1.49,,,,115.5556
2020-01-27,18.23,1.61,1.44,,,,115.8004
2020-01-28,16.28,1.65,1.45,,,,115.7239
2020-01-29,16.39,1.6,1.42,,,,115.7003
2020-01-30,15.49,1.57,1.41,,,,115.8077
2020-01-31,18.84,1.51,1.33,,,,115.7345
2020-02-01,,,,1.58,259.25,3.5,
2020-02-03,17.97,1.54,1.36,,,,116.1172
2020-02-04,16.05,1.61,1.41,,,,115.9291
2020-02-05,15.15,1.66,1.44,,,,116.009
2020-02-06,14.96,1.65,1.44,,,,116.1518
2020-02-07,15.47,1.59,1.41,,,,116.5086
2020-02-10,15.04,1.56,1.37,,,,116.5711
2020-02-11,15.18,1.59,1.41,,,,116.3585
2020-02-12,13.74,1.62,1.44,,,,116.2794
2020-02-13,14.15,1.61,1.44,,,,116.3999
2020-02-14,13.68,1.59,1.42,,,,116.4223
2020-02-17,,,,,,,
2020-02-18,14.83,1.55,1.41,,,,116.6039
2020-02-19,14.38,1.56,1.42,,,,116.7829
2020-02-20,15.56,1.52,1.39,,,,117.2454
2020-02-21,17.08,1.46,1.34,,,,117.0473
2020-02-24,25.03,1.38,1.26,,,,117.4018
2020-02-25,27.85,1.33,1.2,,,,117.2425
2020-02-26,27.56,1.33,1.16,,,,117.405
2020-02-27,39.16,1.3,1.11,,,,117.3678
2020-02-28,40.11,1.13,0.86,,,,117.6568
2020-03-01,,,,0.65,258.076,4.4,
2020-03-02,33.42,1.1,0.84,,,,116.8144
2020-03-03,36.82,1.02,0.71,,,,116.4958
2020-03-04,31.99,1.02,0.67,,,,116.7802
2020-03-05,39.62,0.92,0.59,,,,116.7901
2020-03-06,41.94,0.74,0.49,,,,116.7106
2020-03-09,54.46,0.54,0.38,,,,117.1871
2020-03-10,47.3,0.76,0.5,,,,117.9027
2020-03-11,53.9,0.82,0.5,,,,118.2505
2020-03-12,75.47,0.88,0.5,,,,120.4883
2020-03-13,57.83,0.94,0.49,,,,120.4388
2020-03-16,82.69,0.73,0.36,,,,120.9352
2020-03-17,75.91,1.02,0.47,,,,122.4816
2020-03-18,76.45,1.18,0.54,,,,124.1623
2020-03-19,72.0,1.12,0.44,,,,125.0587
2020-03-20,66.04,0.92,0.37,,,,124.9362
2020-03-23,61.59,0.76,0.28,,,,126.1262
2020-03-24,61.67,0.84,0.38,,,,125.5001
2020-03-25,63.95,0.88,0.34,,,,124.7916
2020-03-26,61.0,0.83,0.3,,,,122.4308
2020-03-27,65.54,0.72,0.25,,,,122.4007
2020-03-30,57.08,0.7,0.23,,,,123.2883
2020-03-31,53.54,0.7,0.23,,,,122.5301
2020-04-01,57.06,0.62,0.23,0.05,256.032,14.8,123.7933
2020-04-02,50.91,0.63,0.23,,,,123.5916
2020-04-03,46.8,0.62,0.23,,,,124.4152
2020-04-06,45.24,0.67,0.27,,,,124.16
2020-04-07,46.7,0.75,0.28,,,,123.0956
2020-04-08,43.35,0.77,0.27,,,,123.2216
2020-04-09,41.67,0.73,0.23,,,,122.476
2020-04-10,,,,,,,122.1592
2020-04-13,41.17,0.76,0.25,,,,122.5203
2020-04-14,37.76,0.76,0.23,,,,122.1121
2020-04-15,40.84,0.63,0.2,,,,123.0752
2020-04-16,40.11,0.61,0.2,,,,123.4615
2020-04-17,38.15,0.65,0.2,,,,122.871
2020-04-20,43.83,0.63,0.2,,,,123.1033
2020-04-21,45.41,0.58,0.2,,,,123.9116
2020-04-22,41.98,0.63,0.22,,,,123.9256
2020-04-23,41.38,0.61,0.22,,,,123.7542
2020-04-24,35.93,0.6,0.22,,,,124.1615
2020-04-27,33.29,0.67,0.24,,,,123.8843
2020-04-28,33.57,0.62,0.2,,,,123.3693
2020-04-29,31.23,0.63,0.2,,,,122.7782
2020-04-30,34.15,0.64,0.2,,,,122.327
2020-05-01,37.19,0.64,0.2,0.05,255.802,13.2,123.1492
2020-05-04,35.97,0.64,0.19,,,,123.2117
2020-05-05,33.61,0.66,0.19,,,,122.803
2020-05-06,34.12,0.72,0.17,,,,123.609
2020-05-07,31.44,0.63,0.13,,,,123.1249
2020-05-08,27.98,0.69,0.16,,,,122.5379
2020-05-11,27.57,0.73,0.17,,,,123.2333
2020-05-12,33.04,0.69,0.17,,,,123.0592
2020-05-13,35.28,0.64,0.16,,,,123.5408
2020-05-14,32.61,0.63,0.16,,,,123.6429
2020-05-15,31.89,0.64,0.16,,,,123.5991
2020-05-18,29.3,0.73,0.18,,,,122.7968
2020-05-19,30.53,0.7,0.17,,,,122.5655
2020-05-20,27.99,0.68,0.16,,,,122.1007
2020-05-21,29.53,0.68,0.17,,,,122.0914
2020-05-22,28.16,0.66,0.17,,,,122.3211
2020-05-25,,,,,,,
2020-05-26,28.01,0.69,0.18,,,,121.3864
2020-05-27,27.62,0.68,0.19,,,,121.5677
2020-05-28,28.59,0.7,0.17,,,,121.0138
2020-05-29,27.51,0.65,0.16,,,,120.9458
2020-06-01,28.23,0.66,0.14,0.08,257.042,11.0,120.2686
2020-06-02,26.84,0.68,0.17,,,,119.6854
2020-06-03,25.66,0.77,0.19,,,,119.2556
2020-06-04,25.81,0.82,0.19,,,,119.3014
2020-06-05,24.52,0.91,0.22,,,,118.8138
2020-06-08,25.81,0.88,0.22,,,,118.6621
2020-06-09,27.57,0.84,0.2,,,,118.5893
2020-06-10,27.57,0.75,0.17,,,,118.5231
2020-06-11,40.79,0.66,0.19,,,,119.2347
2020-06-12,36.09,0.71,0.19,,,,119.6645
2020-06-15,34.4,0.71,0.19,,,,119.9539
2020-06-16,33.67,0.75,0.21,,,,119.567
2020-06-17,33.47,0.74,0.19,,,,119.9105
2020-06-18,32.94,0.71,0.19,,,,120.2173
2020-06-19,35.12,0.7,0.19,,,,120.2186
2020-06-22,31.77,0.71,0.19,,,,119.7532
2020-06-23,31.37,0.72,0.18,,,,119.3285
2020-06-24,33.84,0.69,0.19,,,,119.9744
2020-06-25,32.22,0.68,0.17,,,,120.2997
2020-06-26,34.73,0.64,0.17,,,,120.533
2020-06-29,31.78,0.64,0.16,,,,120.6658
2020-06-30,30.43,0.66,0.16,,,,120.4649
2020-07-01,28.62,0.69,0.17,0.09,258.352,10.2,120.0808
2020-07-02,27.68,0.68,0.16,,,,119.8555
2020-07-03,,,,,,,
2020-07-06,27.94,0.69,0.16,,,,119.2852
2020-07-07,29.43,0.65,0.16,,,,119.5717
2020-07-08,28.08,0.67,0.16,,,,119.5525
2020-07-09,29.26,0.62,0.16,,,,119.5129
2020-07-10,27.29,0.65,0.16,,,,119.3509
2020-07-13,32.19,0.64,0.16,,,,119.1891
2020-07-14,29.52,0.63,0.14,,,,119.3901
2020-07-15,27.76,0.64,0.16,,,,119.0331
2020-07-16,28.0,0.62,0.16,,,,118.9275
2020-07-17,25.68,0.64,0.14,,,,119.124
2020-07-20,24.46,0.62,0.16,,,,119.0483
2020-07-21,24.84,0.61,0.14,,,,118.4042
2020-07-22,24.32,0.6,0.14,,,,118.1337
2020-07-23,26.08,0.59,0.16,,,,118.0613
2020-07-24,25.84,0.59,0.14,,,,118.1329
2020-07-27,24.74,0.62,0.15,,,,117.3869
2020-07-28,25.44,0.59,0.14,,,,117.3189
2020-07-29,24.1,0.58,0.12,,,,117.2126
2020-07-30,24.76,0.55,0.11,,,,117.4008
2020-07-31,24.46,0.55,0.11,,,,117.2082
2020-08-01,,,,0.1,259.316,8.4,
2020-08-03,24.28,0.56,0.11,,,,117.8074
2020-08-04,23.76,0.52,0.11,,,,117.7833
2020-08-05,22.99,0.55,0.11,,,,116.8736
2020-08-06,22.65,0.55,0.11,,,,117.0422
2020-08-07,22.21,0.57,0.13,,,,117.6239
2020-08-10,22.13,0.59,0.14,,,,117.5821
2020-08-11,24.03,0.64,0.16,,,,117.3781
2020-08-12,22.28,0.69,0.16,,,,117.2559
2020-08-13,22.13,0.71,0.16,,,,117.1193
2020-08-14,22.05,0.71,0.14,,,,116.9395
2020-08-17,21.35,0.69,0.14,,,,116.749
2020-08-18,21.51,0.67,0.14,,,,116.5593
2020-08-19,22.54,0.68,0.14,,,,116.567
2020-08-20,22.72,0.65,0.13,,,,116.8126
2020-08-21,22.54,0.64,0.16,,,,117.0572
2020-08-24,22.37,0.65,0.14,,,,116.912
2020-08-25,22.03,0.69,0.15,,,,116.8206
2020-08-26,23.27,0.69,0.16,,,,116.6243
2020-08-27,24.47,0.74,0.16,,,,116.649
2020-08-28,22.96,0.74,0.14,,,,115.9374
2020-08-31,26.41,0.72,0.14,,,,115.7586
2020-09-01,26.12,0.68,0.13,0.09,259.997,7.8,115.5687
2020-09-02,26.57,0.66,0.14,,,,116.0304
2020-09-03,33.6,0.63,0.13,,,,116.0685
2020-09-04,30.75,0.72,0.14,,,,116.0347
2020-09-07,,,,,,,
2020-09-08,31.46,0.69,0.14,,,,116.4618
2020-09-09,28.81,0.71,0.14,,,,116.1291
2020-09-10,29.71,0.68,0.14,,,,115.8806
2020-09-11,26.87,0.67,0.13,,,,116.0866
2020-09-14,25.85,0.68,0.14,,,,115.6428
2020-09-15,25.59,0.68,0.14,,,,115.5908
2020-09-16,26.04,0.69,0.14,,,,115.3537
2020-09-17,26.46,0.69,0.13,,,,115.4392
2020-09-18,25.83,0.7,0.14,,,,115.2395
2020-09-21,27.78,0.68,0.14,,,,116.378
2020-09-22,26.86,0.68,0.13,,,,116.5438
2020-09-23,28.58,0.68,0.14,,,,117.2526
2020-09-24,28.51,0.67,0.14,,,,117.5473
2020-09-25,26.38,0.66,0.12,,,,117.8679
2020-09-28,26.19,0.67,0.14,,,,117.6178
2020-09-29,26.27,0.66,0.11,,,,117.526
2020-09-30,26.37,0.69,0.13,,,,116.946
2020-10-01,26.7,0.68,0.14,0.09,260.319,6.9,116.7227
2020-10-02,27.63,0.7,0.13,,,,116.7321
2020-10-05,27.96,0.78,0.14,,,,116.1767
2020-10-06,29.48,0.76,0.14,,,,116.2681
2020-10-07,28.06,0.81,0.16,,,,116.3447
2020-10-08,26.36,0.78,0.13,,,,116.1657
2020-10-09,25.0,0.79,0.16,,,,115.2757
2020-10-12,25.07,,,,,,
2020-10-13,26.07,0.74,0.16,,,,115.9107
2020-10-14,26.4,0.73,0.14,,,,115.6872
2020-10-15,26.97,0.74,0.14,,,,116.0964
2020-10-16,27.41,0.76,0.14,,,,115.7679
2020-10-19,29.18,0.78,0.16,,,,115.4031
2020-10-20,29.35,0.81,0.14,,,,115.2485
2020-10-21,28.65,0.83,0.14,,,,114.9108
2020-10-22,28.11,0.87,0.16,,,,115.1158
2020-10-23,27.55,0.85,0.18,,,,115.0126
2020-10-26,32.46,0.81,0.16,,,,115.2797
2020-10-27,33.35,0.79,0.16,,,,115.0131
2020-10-28,40.28,0.79,0.16,,,,115.8023
2020-10-29,37.59,0.85,0.16,,,,116.3069
2020-10-30,38.02,0.88,0.14,,,,116.1354
2020-11-01,,,,0.09,260.911,6.7,
2020-11-02,37.13,0.87,0.16,,,,116.2361
2020-11-03,35.55,0.9,0.17,,,,115.4802
2020-11-04,29.57,0.78,0.14,,,,115.1677
2020-11-05,27.58,0.79,0.14,,,,114.4556
2020-11-06,24.86,0.83,0.16,,,,113.9919
2020-11-09,25.75,0.96,0.17,,,,114.0895
2020-11-10,24.8,0.98,0.19,,,,114.0757
2020-11-11,23.45,,,,,,
2020-11-12,25.35,0.88,0.17,,,,114.2843
2020-11-13,23.1,0.89,0.17,,,,114.2397
2020-11-16,22.45,0.91,0.19,,,,113.8312
2020-11-17,22.71,0.87,0.18,,,,113.682
2020-11-18,23.84,0.88,0.16,,,,113.46
2020-11-19,23.11,0.86,0.18,,,,113.694
2020-11-20,23.7,0.83,0.16,,,,113.489
2020-11-23,22.66,0.86,0.16,,,,113.7548
2020-11-24,21.64,0.88,0.16,,,,113.4316
2020-11-25,21.25,0.88,0.17,,,,113.1823
2020-11-26,,,,,,,
2020-11-27,20.84,0.84,0.16,,,,
2020-11-30,20.57,0.84,0.16,,,,113.2256
2020-12-01,20.77,0.92,0.17,0.09,262.045,6.7,112.8063
2020-12-02,21.17,0.95,0.16,,,,112.6115
2020-12-03,21.28,0.92,0.16,,,,112.0236
2020-12-04,20.79,0.97,0.16,,,,111.7778
2020-12-07,21.3,0.94,0.14,,,,111.8385
2020-12-08,20.68,0.92,0.14,,,,111.8639
2020-12-09,22.27,0.95,0.16,,,,112.0305
2020-12-10,22.52,0.92,0.14,,,,111.9788
2020-12-11,23.31,0.9,0.11,,,,112.1417
2020-12-14,24.72,0.9,0.13,,,,112.1708
2020-12-15,22.89,0.92,0.11,,,,111.8601
2020-12-16,22.5,0.92,0.13,,,,111.7157
2020-12-17,21.93,0.94,0.13,,,,111.2226
2020-12-18,21.57,0.95,0.13,,,,111.6071
2020-12-21,25.16,0.95,0.13,,,,111.9415
2020-12-22,24.23,0.93,0.13,,,,112.1947
2020-12-23,23.31,0.96,0.13,,,,111.9807
2020-12-24,21.53,0.94,0.13,,,,
2020-12-25,,,,,,,
2020-12-28,21.7,0.94,0.13,,,,111.9752
2020-12-29,23.08,0.94,0.12,,,,111.5172
2020-12-30,22.77,0.93,0.12,,,,111.3084
2020-12-31,22.75,0.93,0.13,,,,111.3169
2021-01-01,,,,0.09,262.687,6.4,
2021-01-04,26.97,0.93,0.11,,,,111.2075
2021-01-05,25.34,0.96,0.13,,,,110.9574
2021-01-06,25.07,1.04,0.14,,,,110.8502
2021-01-07,22.37,1.08,0.14,,,,111.3042
2021-01-08,21.56,1.13,0.14,,,,111.2847
2021-01-11,24.08,1.15,0.14,,,,111.8257
2021-01-12,23.33,1.15,0.14,,,,111.5501
2021-01-13,22.21,1.1,0.14,,,,111.3622
2021-01-14,23.25,1.15,0.16,,,,111.1567
2021-01-15,24.34,1.11,0.13,,,,111.5106
2021-01-18,,,,,,,
2021-01-19,23.24,1.1,0.14,,,,111.4527
2021-01-20,21.58,1.1,0.13,,,,
2021-01-21,21.32,1.12,0.13,,,,111.1973
2021-01-22,21.91,1.1,0.13,,,,111.5516
2021-01-25,23.19,1.05,0.13,,,,111.8676
2021-01-26,23.02,1.05,0.11,,,,111.6572
2021-01-27,37.21,1.04,0.12,,,,112.0782
2021-01-28,30.21,1.07,0.12,,,,112.0059
2021-01-29,33.09,1.11,0.11,,,,111.9511
2021-02-01,30.24,1.09,0.11,0.08,263.579,6.2,112.4189
2021-02-02,25.56,1.12,0.11,,,,112.2862
2021-02-03,22.91,1.15,0.11,,,,112.2567
2021-02-04,21.77,1.15,0.11,,,,112.7469
2021-02-05,20.87,1.19,0.09,,,,112.2379
2021-02-08,21.24,1.19,0.11,,,,112.0428
2021-02-09,21.63,1.18,0.11,,,,111.7675
2021-02-10,21.99,1.15,0.11,,,,111.5834
2021-02-11,21.25,1.16,0.11,,,,111.5272
2021-02-12,19.97,1.2,0.11,,,,111.4889
2021-02-15,,,,,,,
2021-02-16,21.46,1.3,0.13,,,,111.7879
2021-02-17,21.5,1.29,0.11,,,,112.0204
2021-02-18,22.49,1.29,0.11,,,,112.1603
2021-02-19,22.05,1.34,0.11,,,,111.7058
2021-02-22,23.45,1.37,0.11,,,,111.918
2021-02-23,23.11,1.37,0.11,,,,111.8981
2021-02-24,21.34,1.38,0.12,,,,111.7212
2021-02-25,28.89,1.54,0.17,,,,111.9253
2021-02-26,27.95,1.44,0.14,,,,112.8306
2021-03-01,23.35,1.45,0.13,0.07,264.961,6.1,112.5263
2021-03-02,24.1,1.42,0.13,,,,112.5342
2021-03-03,26.67,1.47,0.14,,,,112.7617
2021-03-04,28.57,1.54,0.14,,,,112.7037
2021-03-05,24.66,1.56,0.14,,,,113.7487
2021-03-08,25.47,1.59,0.17,,,,114.2678
2021-03-09,24.03,1.55,0.17,,,,113.928
2021-03-10,22.56,1.53,0.16,,,,113.5881
2021-03-11,21.91,1.54,0.14,,,,112.9214
2021-03-12,20.69,1.64,0.14,,,,113.0269
2021-03-15,20.03,1.62,0.14,,,,113.1928
2021-03-16,19.79,1.62,0.15,,,,112.9839
2021-03-17,19.23,1.63,0.13,,,,113.1589
2021-03-18,21.58,1.71,0.16,,,,112.7744
2021-03-19,20.95,1.74,0.16,,,,112.9756
2021-03-22,18.88,1.69,0.15,,,,113.0023
2021-03-23,20.3,1.63,0.15,,,,113.2916
2021-03-24,21.2,1.62,0.14,,,,113.6565
2021-03-25,19.81,1.63,0.14,,,,114.0016
2021-03-26,18.86,1.67,0.14,,,,113.7406
2021-03-29,20.74,1.73,0.14,,,,113.9314
2021-03-30,19.61,1.73,0.16,,,,114.203
2021-03-31,19.4,1.74,0.16,,,,113.8234
2021-04-01,17.33,1.69,0.17,0.07,266.614,6.1,113.7389
2021-04-02,,1.72,0.19,,,,113.7315
2021-04-05,17.91,1.73,0.17,,,,113.394
2021-04-06,18.12,1.67,0.16,,,,113.1464
2021-04-07,17.16,1.68,0.16,,,,113.2436
2021-04-08,16.95,1.64,0.14,,,,113.0917
2021-04-09,16.69,1.67,0.16,,,,113.2028
2021-04-12,16.91,1.69,0.18,,,,113.1815
2021-04-13,16.65,1.64,0.16,,,,113.0391
2021-04-14,16.99,1.64,0.16,,,,112.7849
2021-04-15,16.57,1.56,0.16,,,,112.6181
2021-04-16,16.25,1.59,0.16,,,,112.4814
2021-04-19,17.29,1.61,0.16,,,,112.1835
2021-04-20,18.68,1.58,0.15,,,,112.2354
2021-04-21,17.5,1.57,0.15,,,,112.1771
2021-04-22,18.71,1.57,0.16,,,,112.2297
2021-04-23,17.33,1.58,0.16,,,,112.0889
2021-04-26,17.64,1.58,0.18,,,,111.8109
2021-04-27,17.56,1.63,0.17,,,,111.9097
2021-04-28,17.28,1.63,0.17,,,,111.7909
2021-04-29,17.61,1.65,0.16,,,,111.7464
2021-04-30,18.61,1.65,0.16,,,,112.0839
2021-05-01,,,,0.06,268.383,5.8,
2021-05-03,18.31,1.63,0.16,,,,112.005
2021-05-04,19.48,1.61,0.16,,,,112.2896
2021-05-05,19.15,1.59,0.16,,,,112.1514
2021-05-06,18.39,1.58,0.16,,,,111.8401
2021-05-07,16.69,1.6,0.14,,,,111.0249
2021-05-10,19.66,1.63,0.16,,,,110.7905
2021-05-11,21.84,1.64,0.16,,,,110.8921
2021-05-12,27.59,1.69,0.16,,,,111.5636
2021-05-13,23.13,1.66,0.16,,,,111.5955
2021-05-14,18.81,1.63,0.16,,,,111.1353
2021-05-17,19.72,1.64,0.16,,,,111.079
2021-05-18,21.34,1.64,0.16,,,,110.8317
2021-05-19,22.18,1.68,0.16,,,,110.8807
2021-05-20,20.67,1.63,0.15,,,,110.8605
2021-05-21,20.15,1.63,0.17,,,,111.0576
2021-05-24,18.4,1.61,0.15,,,,110.9118
2021-05-25,18.84,1.56,0.15,,,,110.842
2021-05-26,17.36,1.58,0.14,,,,110.8677
2021-05-27,16.74,1.61,0.14,,,,110.8688
2021-05-28,16.76,1.58,0.14,,,,110.7576
2021-05-31,,,,,,,
2021-06-01,17.9,1.62,0.16,0.08,270.654,5.9,110.5046
2021-06-02,17.48,1.59,0.13,,,,110.5799
2021-06-03,18.04,1.63,0.16,,,,111.1782
2021-06-04,16.42,1.56,0.14,,,,110.7521
2021-06-07,16.42,1.57,0.16,,,,110.5155
2021-06-08,17.07,1.53,0.14,,,,110.649
2021-06-09,17.89,1.5,0.16,,,,110.5707
2021-06-10,16.1,1.45,0.14,,,,110.5456
2021-06-11,15.65,1.47,0.16,,,,111.0933
2021-06-14,16.39,1.51,0.16,,,,110.9659
2021-06-15,17.02,1.51,0.16,,,,111.3507
2021-06-16,18.15,1.57,0.21,,,,111.1165
2021-06-17,17.75,1.52,0.23,,,,112.5772
2021-06-18,20.7,1.45,0.26,,,,113.0408
2021-06-21,17.89,1.5,0.27,,,,112.8391
2021-06-22,16.66,1.48,0.25,,,,112.9174
2021-06-23,16.32,1.5,0.26,,,,112.3819
2021-06-24,15.97,1.49,0.26,,,,112.326
2021-06-25,15.62,1.54,0.28,,,,111.9655
2021-06-28,15.76,1.49,0.25,,,,112.0248
2021-06-29,16.02,1.49,0.27,,,,112.2613
2021-06-30,15.83,1.45,0.25,,,,112.5533
2021-07-01,15.48,1.48,0.25,0.1,271.903,5.4,112.74
2021-07-02,15.07,1.44,0.24,,,,112.5425
2021-07-05,,,,,,,
2021-07-06,16.44,1.37,0.22,,,,112.9516
2021-07-07,16.2,1.33,0.22,,,,113.1048
2021-07-08,19.0,1.3,0.19,,,,113.0776
2021-07-09,16.18,1.37,0.23,,,,112.8375
2021-07-12,16.17,1.38,0.23,,,,112.7611
2021-07-13,17.12,1.42,0.26,,,,113.0063
2021-07-14,16.33,1.37,0.23,,,,112.8801
2021-07-15,17.01,1.31,0.23,,,,113.0041
2021-07-16,18.45,1.31,0.25,,,,113.0428
2021-07-19,22.5,1.19,0.21,,,,113.5472
2021-07-20,19.73,1.23,0.2,,,,113.7502
2021-07-21,17.91,1.3,0.22,,,,113.3926
2021-07-22,17.69,1.27,0.2,,,,113.4695
2021-07-23,17.2,1.3,0.22,,,,113.4398
2021-07-26,17.58,1.29,0.22,,,,113.2238
2021-07-27,19.36,1.25,0.2,,,,113.2227
2021-07-28,18.31,1.26,0.2,,,,113.1807
2021-07-29,17.7,1.28,0.2,,,,112.4834
2021-07-30,18.24,1.24,0.19,,,,112.6714
2021-08-01,,,,0.09,272.676,5.1,
2021-08-02,19.46,1.2,0.17,,,,112.6691
2021-08-03,18.04,1.19,0.17,,,,112.8228
2021-08-04,17.97,1.19,0.17,,,,112.8953
2021-08-05,17.28,1.23,0.21,,,,112.7674
2021-08-06,16.15,1.31,0.21,,,,113.3088
2021-08-09,16.72,1.33,0.23,,,,113.4521
2021-08-10,16.79,1.36,0.24,,,,113.4973
2021-08-11,16.06,1.35,0.23,,,,113.282
2021-08-12,15.59,1.36,0.23,,,,113.2691
2021-08-13,15.45,1.29,0.23,,,,113.0615
2021-08-16,16.12,1.26,0.21,,,,113.1698
2021-08-17,17.91,1.26,0.23,,,,113.6174
2021-08-18,21.57,1.27,0.23,,,,113.6959
2021-08-19,21.67,1.24,0.22,,,,114.1106
2021-08-20,18.56,1.26,0.23,,,,114.5009
2021-08-23,17.15,1.25,0.23,,,,113.9418
2021-08-24,17.22,1.29,0.24,,,,113.6795
2021-08-25,16.79,1.35,0.23,,,,113.6322
2021-08-26,18.84,1.34,0.25,,,,113.7883
2021-08-27,16.39,1.31,0.22,,,,113.3404
2021-08-30,16.19,1.29,0.2,,,,113.246
2021-08-31,16.48,1.3,0.2,,,,113.1076
2021-09-01,16.11,1.31,0.2,0.08,273.91,4.7,112.8732
2021-09-02,16.41,1.29,0.2,,,,112.7863
2021-09-03,16.41,1.33,0.21,,,,112.5476
2021-09-06,,,,,,,
2021-09-07,18.14,1.38,0.22,,,,112.9795
2021-09-08,17.96,1.35,0.22,,,,113.2319
2021-09-09,18.8,1.3,0.23,,,,113.043
2021-09-10,20.95,1.35,0.23,,,,112.9425
2021-09-13,19.37,1.33,0.21,,,,113.0341
2021-09-14,19.46,1.28,0.21,,,,113.0061
2021-09-15,18.18,1.31,0.21,,,,112.9773
2021-09-16,18.69,1.34,0.23,,,,113.3036
2021-09-17,20.81,1.37,0.23,,,,113.5989
2021-09-20,25.71,1.31,0.23,,,,113.9422
2021-09-21,24.36,1.33,0.22,,,,113.8179
2021-09-22,20.87,1.32,0.25,,,,113.6223
2021-09-23,18.63,1.41,0.27,,,,113.513
2021-09-24,17.75,1.47,0.29,,,,113.7597
2021-09-27,18.76,1.48,0.31,,,,113.7432
2021-09-28,23.25,1.54,0.31,,,,114.2469
2021-09-29,22.56,1.55,0.3,,,,114.7092
2021-09-30,23.14,1.52,0.28,,,,114.6403
2021-10-01,21.15,1.48,0.27,0.08,276.55,4.5,114.3798
2021-10-04,22.96,1.49,0.27,,,,114.2739
2021-10-05,21.3,1.54,0.28,,,,114.3654
2021-10-06,21.0,1.53,0.3,,,,114.7185
2021-10-07,19.54,1.58,0.32,,,,114.5044
2021-10-08,18.77,1.61,0.32,,,,114.5986
2021-10-11,20.0,,,,,,
2021-10-12,19.85,1.59,0.35,,,,114.7542
2021-10-13,18.64,1.56,0.37,,,,114.4705
2021-10-14,16.86,1.52,0.36,,,,114.2053
2021-10-15,16.3,1.59,0.41,,,,114.0905
2021-10-18,16.31,1.59,0.44,,,,113.9899
2021-10-19,15.7,1.65,0.41,,,,113.647
2021-10-20,15.49,1.65,0.4,,,,113.5083
2021-10-21,15.01,1.68,0.45,,,,113.6188
2021-10-22,15.43,1.66,0.48,,,,113.67
2021-10-25,15.24,1.64,0.47,,,,113.605
2021-10-26,15.98,1.63,0.47,,,,113.674
2021-10-27,16.98,1.54,0.5,,,,113.6218
2021-10-28,16.53,1.57,0.5,,,,113.4389
2021-10-29,16.26,1.55,0.48,,,,114.1349
2021-11-01,16.41,1.58,0.5,0.08,278.919,4.1,114.2067
2021-11-02,16.03,1.56,0.46,,,,114.2847
2021-11-03,15.1,1.6,0.47,,,,114.3593
2021-11-04,15.44,1.53,0.41,,,,114.3558
2021-11-05,16.48,1.45,0.39,,,,114.0732
2021-11-08,17.22,1.51,0.45,,,,113.8256
2021-11-09,17.78,1.46,0.41,,,,113.762
2021-11-10,18.73,1.56,0.51,,,,114.1484
2021-11-11,17.66,,,,,,
2021-11-12,16.29,1.58,0.53,,,,114.5144
2021-11-15,16.49,1.63,0.53,,,,114.5876
2021-11-16,16.37,1.63,0.54,,,,115.136
2021-11-17,17.11,1.6,0.52,,,,115.0263
2021-11-18,17.59,1.59,0.52,,,,115.0678
2021-11-19,17.91,1.54,0.52,,,,115.2187
2021-11-22,19.17,1.63,0.63,,,,115.6481
2021-11-23,19.38,1.67,0.6,,,,116.0118
2021-11-24,18.58,1.64,0.64,,,,116.2711
2021-11-25,,,,,,,
2021-11-26,28.62,1.48,0.5,,,,116.5103
2021-11-29,22.96,1.52,0.51,,,,116.581
2021-11-30,27.19,1.43,0.52,,,,116.2071
2021-12-01,31.12,1.43,0.56,0.08,280.845,3.9,115.889
2021-12-02,27.95,1.44,0.63,,,,116.018
2021-12-03,30.67,1.35,0.6,,,,116.2377
2021-12-06,27.18,1.43,0.65,,,,116.1538
2021-12-07,21.89,1.48,0.7,,,,115.8555
2021-12-08,19.9,1.52,0.68,,,,115.4418
2021-12-09,21.58,1.49,0.7,,,,115.7784
2021-12-10,18.69,1.48,0.67,,,,115.5732
2021-12-13,20.31,1.42,0.66,,,,115.842
2021-12-14,21.89,1.44,0.67,,,,116.2397
2021-12-15,19.29,1.47,0.69,,,,116.4219
2021-12-16,20.57,1.44,0.64,,,,115.7146
2021-12-17,21.57,1.41,0.66,,,,115.791
2021-12-20,22.87,1.43,0.65,,,,116.0092
2021-12-21,21.01,1.48,0.7,,,,116.1089
2021-12-22,18.63,1.46,0.68,,,,115.7485
2021-12-23,17.96,1.5,0.71,,,,115.5337
2021-12-24,,,,,,,
2021-12-27,17.68,1.48,0.76,,,,115.4684
2021-12-28,17.54,1.49,0.74,,,,115.4192
2021-12-29,16.95,1.55,0.75,,,,115.3678
2021-12-30,17.33,1.52,0.73,,,,115.283
2021-12-31,17.22,1.52,0.73,,,,
2022-01-01,,,,0.08,282.543,4.0,
2022-01-03,16.6,1.63,0.78,,,,115.4101
2022-01-04,16.91,1.66,0.77,,,,115.3103
2022-01-05,19.73,1.71,0.83,,,,115.137
2022-01-06,19.61,1.73,0.88,,,,115.4046
2022-01-07,18.76,1.76,0.87,,,,115.0451
2022-01-10,19.4,1.78,0.92,,,,115.2216
2022-01-11,18.41,1.75,0.9,,,,114.8332
2022-01-12,17.62,1.74,0.92,,,,114.355
2022-01-13,20.31,1.7,0.91,,,,114.177
2022-01-14,19.19,1.78,0.99,,,,114.3825
2022-01-17,,,,,,,
2022-01-18,22.79,1.87,1.06,,,,114.7373
2022-01-19,23.85,1.83,1.04,,,,114.6109
2022-01-20,25.59,1.83,1.08,,,,114.4642
2022-01-21,28.85,1.75,1.01,,,,114.6125
2022-01-24,29.9,1.75,0.99,,,,115.2034
2022-01-25,31.16,1.78,1.02,,,,115.1654
2022-01-26,31.96,1.85,1.13,,,,115.0922
2022-01-27,30.49,1.81,1.18,,,,115.978
2022-01-28,27.66,1.78,1.15,,,,116.0393
2022-01-31,24.83,1.79,1.18,,,,115.566
2022-02-01,21.96,1.81,1.18,0.08,284.5,3.9,115.3685
2022-02-02,22.09,1.78,1.16,,,,115.1538
2022-02-03,24.35,1.82,1.19,,,,114.9065
2022-02-04,23.22,1.93,1.31,,,,115.1362
2022-02-07,22.86,1.92,1.3,,,,115.0098
2022-02-08,21.44,1.96,1.35,,,,115.0892
2022-02-09,19.96,1.94,1.36,,,,114.8232
2022-02-10,23.91,2.03,1.61,,,,114.5527
2022-02-11,27.36,1.92,1.5,,,,114.8413
2022-02-14,28.33,1.98,1.58,,,,115.1946
2022-02-15,25.7,2.05,1.58,,,,114.93
2022-02-16,24.29,2.03,1.52,,,,114.6886
2022-02-17,28.11,1.97,1.49,,,,114.6755
2022-02-18,27.75,1.92,1.47,,,,114.7982
2022-02-21,,,,,,,
2022-02-22,28.81,1.94,1.56,,,,114.7002
2022-02-23,31.02,1.99,1.58,,,,114.6668
2022-02-24,30.32,1.96,1.54,,,,115.9419
2022-02-25,27.59,1.97,1.55,,,,115.2577
2022-02-28,30.15,1.83,1.44,,,,115.2224
2022-03-01,33.32,1.72,1.31,0.2,287.674,3.7,115.7962
2022-03-02,30.74,1.86,1.5,,,,115.7623
2022-03-03,30.48,1.86,1.53,,,,115.9495
2022-03-04,31.98,1.74,1.5,,,,116.6503
2022-03-07,36.45,1.78,1.55,,,,117.3278
2022-03-08,35.13,1.86,1.63,,,,117.6176
2022-03-09,32.45,1.94,1.68,,,,116.5961
2022-03-10,30.23,1.98,1.72,,,,116.7401
2022-03-11,30.75,2.0,1.75,,,,117.0192
2022-03-14,31.77,2.14,1.87,,,,117.1506
2022-03-15,29.83,2.15,1.85,,,,117.246
2022-03-16,26.67,2.19,1.95,,,,116.8073
2022-03-17,25.67,2.2,1.94,,,,116.0467
2022-03-18,23.87,2.14,1.97,,,,116.1378
2022-03-21,23.53,2.32,2.14,,,,115.9398
2022-03-22,22.94,2.38,2.18,,,,116.0824
2022-03-23,23.57,2.32,2.13,,,,116.005
2022-03-24,21.67,2.34,2.13,,,,115.9599
2022-03-25,20.81,2.48,2.3,,,,115.7921
2022-03-28,19.63,2.46,2.35,,,,116.1911
2022-03-29,18.9,2.41,2.35,,,,115.5679
2022-03-30,19.33,2.35,2.31,,,,115.0818
2022-03-31,20.56,2.32,2.28,,,,115.2218
2022-04-01,19.63,2.39,2.44,0.33,288.561,3.7,115.4814
2022-04-04,18.57,2.42,2.43,,,,115.4112
2022-04-05,21.03,2.54,2.51,,,,115.73
2022-04-06,22.1,2.61,2.5,,,,115.9995
2022-04-07,21.55,2.66,2.47,,,,116.3512
2022-04-08,21.16,2.72,2.53,,,,116.4176
2022-04-11,24.37,2.79,2.5,,,,116.5401
2022-04-12,24.26,2.72,2.39,,,,116.3866
2022-04-13,21.82,2.7,2.37,,,,116.2796
2022-04-14,22.7,2.83,2.47,,,,116.7558
2022-04-15,,,,,,,116.7017
2022-04-18,22.17,2.85,2.46,,,,116.8441
2022-04-19,21.37,2.93,2.61,,,,117.1324
2022-04-20,20.32,2.85,2.6,,,,116.7306
2022-04-21,22.68,2.9,2.68,,,,117.1432
2022-04-22,28.21,2.9,2.72,,,,118.0186
2022-04-25,27.02,2.81,2.63,,,,118.6271
2022-04-26,33.52,2.77,2.54,,,,118.9624
2022-04-27,31.6,2.82,2.58,,,,119.4708
2022-04-28,29.99,2.85,2.63,,,,120.0675
2022-04-29,33.4,2.89,2.7,,,,119.4933
2022-05-01,,,,0.77,291.298,3.6,
2022-05-02,32.34,2.99,2.73,,,,119.8825
2022-05-03,29.25,2.97,2.78,,,,119.7043
2022-05-04,25.42,2.93,2.66,,,,119.5592
2022-05-05,31.2,3.05,2.71,,,,120.0068
2022-05-06,30.19,3.12,2.72,,,,119.8577
2022-05-09,34.75,3.05,2.61,,,,120.4972
2022-05-10,32.99,2.99,2.62,,,,120.7742
2022-05-11,32.56,2.91,2.66,,,,120.3925
2022-05-12,31.77,2.84,2.56,,,,121.2796
2022-05-13,28.87,2.93,2.61,,,,120.8442
2022-05-16,27.47,2.88,2.58,,,,120.6881
2022-05-17,26.1,2.98,2.71,,,,119.8871
2022-05-18,30.96,2.89,2.68,,,,120.0274
2022-05-19,29.35,2.84,2.63,,,,119.4278
2022-05-20,29.43,2.78,2.6,,,,119.3677
2022-05-23,28.48,2.86,2.65,,,,118.7169
2022-05-24,29.45,2.76,2.5,,,,118.6245
2022-05-25,28.37,2.75,2.48,,,,118.9598
2022-05-26,27.5,2.75,2.46,,,,118.7687
2022-05-27,25.72,2.74,2.47,,,,118.2834
2022-05-30,26.54,,,,,,
2022-05-31,26.19,2.85,2.53,,,,118.0704
2022-06-01,25.69,2.94,2.66,1.21,294.957,3.6,118.6954
2022-06-02,24.72,2.92,2.65,,,,118.0658
2022-06-03,24.79,2.96,2.66,,,,118.2153
2022-06-06,25.07,3.04,2.73,,,,118.3081
2022-06-07,24.02,2.98,2.75,,,,118.4414
2022-06-08,23.96,3.03,2.78,,,,118.3951
2022-06-09,26.09,3.04,2.83,,,,118.9226
2022-06-10,27.75,3.15,3.06,,,,119.9981
2022-06-13,34.02,3.43,3.4,,,,121.1523
2022-06-14,32.69,3.49,3.45,,,,121.6669
2022-06-15,29.62,3.33,3.2,,,,121.6403
2022-06-16,32.95,3.28,3.14,,,,120.6714
2022-06-17,31.13,3.25,3.17,,,,121.2369
2022-06-20,31.03,,,,,,
2022-06-21,30.19,3.31,3.21,,,,120.6427
2022-06-22,28.95,3.16,3.06,,,,120.5197
2022-06-23,29.05,3.09,3.01,,,,120.7622
2022-06-24,27.23,3.13,3.04,,,,120.4853
2022-06-27,26.95,3.2,3.08,,,,120.1736
2022-06-28,28.36,3.2,3.1,,,,120.62
2022-06-29,28.16,3.1,3.06,,,,120.9616
2022-06-30,28.71,2.98,2.92,,,,120.9652
2022-07-01,26.7,2.88,2.84,1.68,294.913,3.5,121.5058
2022-07-04,27.53,,,,,,
2022-07-05,27.54,2.82,2.82,,,,122.6203
2022-07-06,26.73,2.93,2.97,,,,123.0073
2022-07-07,26.08,3.01,3.03,,,,122.7257
2022-07-08,24.64,3.09,3.12,,,,122.4662
2022-07-11,26.17,2.99,3.07,,,,123.2974
2022-07-12,27.29,2.96,3.03,,,,123.4524
2022-07-13,26.82,2.91,3.13,,,,123.2834
2022-07-14,26.4,2.96,3.15,,,,124.0622
2022-07-15,24.23,2.93,3.13,,,,123.4765
2022-07-18,25.3,2.96,3.15,,,,122.7727
2022-07-19,24.5,3.01,3.23,,,,122.4819
2022-07-20,23.88,3.04,3.25,,,,122.5997
2022-07-21,23.11,2.91,3.1,,,,122.9032
2022-07-22,23.03,2.77,2.98,,,,122.451
2022-07-25,23.36,2.81,3.0,,,,122.4594
2022-07-26,24.69,2.81,3.02,,,,122.7581
2022-07-27,23.24,2.78,2.96,,,,122.8169
2022-07-28,22.33,2.68,2.85,,,,122.1161
2022-07-29,21.33,2.67,2.89,,,,121.7678
2022-08-01,22.84,2.6,2.9,2.33,295.097,3.6,121.4109
2022-08-02,23.93,2.75,3.06,,,,121.9486
2022-08-03,21.95,2.73,3.1,,,,122.3888
2022-08-04,21.44,2.68,3.03,,,,121.8333
2022-08-05,21.15,2.83,3.24,,,,122.321
2022-08-08,21.29,2.77,3.21,,,,121.8783
2022-08-09,21.77,2.8,3.28,,,,121.8614
2022-08-10,19.74,2.78,3.23,,,,120.7543
2022-08-11,20.2,2.87,3.23,,,,120.7163
2022-08-12,19.53,2.84,3.25,,,,121.018
2022-08-15,19.95,2.79,3.2,,,,121.4315
2022-08-16,19.69,2.82,3.25,,,,121.6807
2022-08-17,19.9,2.89,3.28,,,,122.0711
2022-08-18,19.56,2.88,3.22,,,,122.3627
2022-08-19,20.6,2.98,3.25,,,,123.0501
2022-08-22,23.8,3.03,3.32,,,,123.605
2022-08-23,24.11,3.05,3.29,,,,123.0547
2022-08-24,22.82,3.11,3.36,,,,123.109
2022-08-25,21.78,3.03,3.35,,,,123.0586
2022-08-26,25.56,3.04,3.37,,,,123.0656
2022-08-29,26.21,3.12,3.42,,,,123.4686
2022-08-30,26.21,3.11,3.46,,,,123.6848
2022-08-31,25.87,3.15,3.45,,,,123.535
2022-09-01,25.56,3.26,3.51,2.56,296.349,3.5,124.4006
2022-09-02,25.47,3.2,3.4,,,,123.7743
2022-09-05,25.99,,,,,,
2022-09-06,26.91,3.33,3.5,,,,124.767
2022-09-07,24.64,3.27,3.45,,,,124.8408
2022-09-08,23.61,3.29,3.48,,,,124.578
2022-09-09,22.79,3.33,3.56,,,,123.7874
2022-09-12,23.87,3.37,3.58,,,,123.3332
2022-09-13,27.27,3.42,3.75,,,,124.4242
2022-09-14,26.16,3.41,3.78,,,,124.4509
2022-09-15,26.27,3.45,3.87,,,,124.8843
2022-09-16,26.3,3.45,3.85,,,,124.8794
2022-09-19,25.76,3.49,3.95,,,,125.0104
2022-09-20,27.16,3.57,3.96,,,,125.1248
2022-09-21,27.99,3.51,4.02,,,,125.7399
2022-09-22,27.35,3.7,4.11,,,,126.1667
2022-09-23,29.92,3.69,4.2,,,,127.2853
2022-09-26,32.26,3.88,4.27,,,,128.4539
2022-09-27,32.6,3.97,4.3,,,,128.4386
2022-09-28,30.18,3.72,4.07,,,,128.0884
2022-09-29,31.84,3.76,4.16,,,,127.5437
2022-09-30,31.62,3.83,4.22,,,,127.5148
2022-10-01,,,,3.08,298.007,3.6,
2022-10-03,30.1,3.67,4.12,,,,127.0813
2022-10-04,29.07,3.62,4.1,,,,126.1819
2022-10-05,28.55,3.76,4.15,,,,126.8616
2022-10-06,30.52,3.83,4.23,,,,127.2493
2022-10-07,31.36,3.89,4.3,,,,127.3111
2022-10-10,32.45,,,,,,
2022-10-11,33.63,3.93,4.3,,,,127.6641
2022-10-12,33.57,3.91,4.28,,,,128.1481
2022-10-13,31.94,3.97,4.47,,,,127.7286
2022-10-14,32.02,4.0,4.48,,,,128.3325
2022-10-17,31.37,4.02,4.45,,,,127.6448
2022-10-18,30.5,4.01,4.43,,,,127.9153
2022-10-19,30.76,4.14,4.55,,,,128.3968
2022-10-20,29.98,4.24,4.62,,,,128.0052
2022-10-21,29.69,4.21,4.49,,,,127.6735
2022-10-24,29.85,4.25,4.5,,,,128.0304
2022-10-25,28.46,4.1,4.42,,,,127.3771
2022-10-26,27.28,4.04,4.39,,,,126.4723
2022-10-27,27.39,3.96,4.3,,,,126.7028
2022-10-28,25.75,4.02,4.41,,,,127.2135
2022-10-31,25.88,4.1,4.51,,,,127.6219
2022-11-01,25.81,4.07,4.54,3.78,298.786,3.6,127.3987
2022-11-02,25.86,4.1,4.61,,,,127.3115
2022-11-03,25.3,4.14,4.71,,,,128.1743
2022-11-04,24.55,4.17,4.66,,,,127.1468
2022-11-07,24.35,4.22,4.72,,,,126.3062
2022-11-08,25.54,4.14,4.67,,,,125.633
2022-11-09,26.09,4.12,4.61,,,,125.9861
2022-11-10,23.53,3.82,4.34,,,,124.7044
2022-11-11,22.52,,,,,,
2022-11-14,23.73,3.88,4.4,,,,123.4277
2022-11-15,24.54,3.8,4.37,,,,123.039
2022-11-16,24.11,3.67,4.35,,,,123.2817
2022-11-17,23.93,3.77,4.43,,,,123.977
2022-11-18,23.12,3.82,4.51,,,,123.8524
2022-11-21,22.36,3.83,4.48,,,,124.7009
2022-11-22,21.29,3.76,4.47,,,,124.2365
2022-11-23,20.35,3.71,4.46,,,,123.7574
2022-11-24,20.42,,,,,,
2022-11-25,20.5,3.68,4.42,,,,123.3386
2022-11-28,22.21,3.69,4.46,,,,123.6032
2022-11-29,21.89,3.75,4.48,,,,123.6615
2022-11-30,20.58,3.68,4.38,,,,123.5175
2022-12-01,19.84,3.53,4.25,4.1,298.832,3.5,122.0045
2022-12-02,19.06,3.51,4.28,,,,122.0102
2022-12-05,20.75,3.6,4.41,,,,122.6384
2022-12-06,22.17,3.51,4.34,,,,123.0191
2022-12-07,22.68,3.42,4.26,,,,122.7608
2022-12-08,22.29,3.48,4.31,,,,122.4152
2022-12-09,22.83,3.57,4.33,,,,122.4201
2022-12-12,25.0,3.61,4.39,,,,122.7714
2022-12-13,22.55,3.51,4.22,,,,121.8493
2022-12-14,21.14,3.49,4.23,,,,121.8226
2022-12-15,22.83,3.44,4.23,,,,122.5519
2022-12-16,22.62,3.48,4.17,,,,122.6505
2022-12-19,22.42,3.57,4.25,,,,122.5275
2022-12-20,21.48,3.69,4.25,,,,122.1357
2022-12-21,20.07,3.68,4.21,,,,122.2828
2022-12-22,21.97,3.67,4.24,,,,122.2419
2022-12-23,20.87,3.75,4.31,,,,121.9743
2022-12-26,,,,,,,
2022-12-27,21.65,3.84,4.32,,,,121.7539
2022-12-28,22.14,3.88,4.31,,,,122.0075
2022-12-29,21.44,3.83,4.34,,,,121.6577
2022-12-30,21.67,3.88,4.41,,,,121.4256
2023-01-01,,,,4.33,300.42,3.5,
2023-01-02,,,,,,,
2023-01-03,22.9,3.79,4.4,,,,122.0905
2023-01-04,22.01,3.69,4.36,,,,121.5008
2023-01-05,22.46,3.71,4.45,,,,122.1017
2023-01-06,21.13,3.55,4.24,,,,121.0852
2023-01-09,21.97,3.53,4.19,,,,120.1508
2023-01-10,20.58,3.61,4.24,,,,120.2483
2023-01-11,21.09,3.54,4.2,,,,120.1614
2023-01-12,18.83,3.43,4.12,,,,119.4218
2023-01-13,18.35,3.49,4.22,,,,119.1673
2023-01-16,19.49,,,,,,
2023-01-17,19.36,3.53,4.18,,,,119.2121
2023-01-18,20.34,3.37,4.06,,,,119.0755
2023-01-19,20.52,3.39,4.09,,,,119.6107
2023-01-20,19.85,3.48,4.14,,,,119.3486
2023-01-23,19.81,3.52,4.21,,,,119.1434
2023-01-24,19.2,3.46,4.12,,,,119.0958
2023-01-25,19.08,3.46,4.11,,,,118.9686
2023-01-26,18.73,3.49,4.17,,,,119.021
2023-01-27,18.51,3.52,4.19,,,,118.9223
2023-01-30,19.94,3.55,4.25,,,,118.8953
2023-01-31,19.4,3.52,4.21,,,,118.9802
2023-02-01,17.87,3.39,4.09,4.57,301.45,3.6,118.6259
2023-02-02,18.73,3.4,4.09,,,,118.3421
2023-02-03,18.33,3.53,4.3,,,,119.5095
2023-02-06,19.43,3.63,4.44,,,,120.541
2023-02-07,18.66,3.67,4.47,,,,120.3475
2023-02-08,19.63,3.63,4.45,,,,120.1436
2023-02-09,20.71,3.67,4.48,,,,119.9781
2023-02-10,20.53,3.74,4.5,,,,120.1419
2023-02-13,20.34,3.72,4.52,,,,119.9828
2023-02-14,18.91,3.77,4.6,,,,119.9229
2023-02-15,18.23,3.81,4.62,,,,120.4557
2023-02-16,20.17,3.86,4.62,,,,120.4651
2023-02-17,20.02,3.82,4.6,,,,120.5526
2023-02-20,21.23,,,,,,
2023-02-21,22.87,3.95,4.67,,,,120.6256
2023-02-22,22.29,3.93,4.66,,,,120.8389
2023-02-23,21.14,3.88,4.66,,,,121.0896
2023-02-24,21.67,3.95,4.78,,,,121.5681
2023-02-27,20.95,3.92,4.78,,,,121.3941
2023-02-28,20.7,3.92,4.81,,,,121.3341
2023-03-01,20.58,4.01,4.89,4.65,301.821,3.5,120.6347
2023-03-02,19.59,4.08,4.89,,,,121.1302
2023-03-03,18.49,3.97,4.86,,,,120.7742
2023-03-06,18.61,3.98,4.89,,,,120.485
2023-03-07,19.59,3.97,5.0,,,,121.4623
2023-03-08,19.11,3.98,5.05,,,,121.4511
2023-03-09,22.61,3.93,4.9,,,,121.4458
2023-03-10,24.8,3.7,4.6,,,,121.2421
2023-03-13,26.52,3.55,4.03,,,,120.8897
2023-03-14,23.73,3.64,4.2,,,,121.0141
2023-03-15,26.14,3.51,3.93,,,,122.1079
2023-03-16,22.99,3.56,4.14,,,,121.7221
2023-03-17,25.51,3.39,3.81,,,,121.5643
2023-03-20,24.15,3.47,3.92,,,,121.0141
2023-03-21,21.38,3.59,4.17,,,,120.8958
2023-03-22,22.26,3.48,3.96,,,,120.6217
2023-03-23,22.61,3.38,3.76,,,,119.7587
2023-03-24,21.74,3.38,3.76,,,,120.4598
2023-03-27,20.6,3.53,3.94,,,,120.2541
2023-03-28,19.97,3.55,4.02,,,,119.7138
2023-03-29,19.12,3.57,4.08,,,,119.7258
2023-03-30,19.02,3.55,4.1,,,,119.4078
2023-03-31,18.7,3.48,4.06,,,,119.3602
2023-04-01,,,,4.83,302.845,3.4,
2023-04-03,18.55,3.43,3.97,,,,119.3204
2023-04-04,19.0,3.35,3.84,,,,119.142
2023-04-05,19.08,3.3,3.79,,,,119.2953
2023-04-06,18.4,3.3,3.82,,,,119.3072
2023-04-07,,3.39,3.97,,,,119.3547
2023-04-10,18.97,3.41,4.0,,,,119.7948
2023-04-11,19.1,3.43,4.03,,,,119.5248
2023-04-12,19.09,3.41,3.95,,,,119.003
2023-04-13,17.8,3.45,3.96,,,,118.3915
2023-04-14,17.07,3.52,4.08,,,,118.8567
2023-04-17,16.95,3.6,4.18,,,,119.2787
2023-04-18,16.83,3.58,4.19,,,,119.1049
2023-04-19,16.46,3.6,4.24,,,,119.303
2023-04-20,17.17,3.54,4.14,,,,119.1199
2023-04-21,16.77,3.57,4.17,,,,119.3117
2023-04-24,16.89,3.52,4.12,,,,119.2039
2023-04-25,18.76,3.4,3.86,,,,119.613
2023-04-26,18.84,3.43,3.9,,,,119.3228
2023-04-27,17.03,3.53,4.07,,,,119.4298
2023-04-28,15.78,3.44,4.04,,,,119.2248
2023-05-01,16.08,3.59,4.14,5.06,303.334,3.6,119.4435
2023-05-02,17.78,3.44,3.97,,,,119.6105
2023-05-03,18.34,3.38,3.89,,,,119.1233
2023-05-04,20.09,3.37,3.75,,,,119.0465
2023-05-05,17.19,3.44,3.92,,,,118.5548
2023-05-08,16.98,3.52,4.0,,,,118.5759
2023-05-09,17.71,3.53,4.01,,,,118.8239
2023-05-10,16.94,3.43,3.9,,,,118.5864
2023-05-11,16.93,3.39,3.89,,,,119.0303
2023-05-12,17.03,3.46,3.98,,,,119.3671
2023-05-15,17.12,3.5,3.99,,,,119.1608
2023-05-16,17.99,3.54,4.06,,,,119.1743
2023-05-17,16.87,3.57,4.12,,,,119.607
2023-05-18,16.05,3.65,4.24,,,,120.0886
2023-05-19,16.81,3.7,4.28,,,,119.7751
2023-05-22,17.21,3.72,4.29,,,,120.0875
2023-05-23,18.53,3.7,4.26,,,,120.3204
2023-05-24,20.03,3.73,4.31,,,,120.4752
2023-05-25,19.14,3.83,4.5,,,,120.8413
2023-05-26,17.95,3.8,4.54,,,,120.6304
2023-05-29,17.46,,,,,,
2023-05-30,17.46,3.69,4.46,,,,120.5546
2023-05-31,17.94,3.64,4.4,,,,120.9662
2023-06-01,15.65,3.61,4.33,5.08,304.014,3.6,120.0491
2023-06-02,14.6,3.69,4.5,,,,120.0049
2023-06-05,14.73,3.69,4.46,,,,120.0048
2023-06-06,13.96,3.7,4.51,,,,119.9718
2023-06-07,13.94,3.79,4.56,,,,119.859
2023-06-08,13.65,3.73,4.52,,,,119.5712
2023-06-09,13.83,3.75,4.59,,,,119.4322
2023-06-12,15.01,3.73,4.55,,,,119.6376
2023-06-13,14.61,3.84,4.67,,,,119.1899
2023-06-14,13.88,3.83,4.74,,,,118.776
2023-06-15,14.5,3.72,4.62,,,,118.5521
2023-06-16,13.54,3.77,4.7,,,,118.4184
2023-06-19,14.19,,,,,,
2023-06-20,13.88,3.74,4.68,,,,118.938
2023-06-21,13.2,3.72,4.68,,,,118.727
2023-06-22,12.91,3.8,4.77,,,,118.7552
2023-06-23,13.44,3.74,4.71,,,,119.152
2023-06-26,14.25,3.72,4.65,,,,119.0761
2023-06-27,13.74,3.77,4.74,,,,118.8949
2023-06-28,13.43,3.71,4.71,,,,119.3382
2023-06-29,13.54,3.85,4.87,,,,119.527
2023-06-30,13.59,3.81,4.87,,,,119.3606
2023-07-01,,,,5.12,304.609,3.5,
2023-07-03,13.57,3.86,4.94,,,,119.2119
2023-07-04,13.7,,,,,,
2023-07-05,14.18,3.95,4.94,,,,119.3483
2023-07-06,15.44,4.05,4.99,,,,119.8193
2023-07-07,14.83,4.06,4.94,,,,119.0761
2023-07-10,15.07,4.01,4.85,,,,118.9548
2023-07-11,14.84,3.99,4.88,,,,118.7344
2023-07-12,13.54,3.86,4.72,,,,117.6385
2023-07-13,13.61,3.76,4.59,,,,117.1831
2023-07-14,13.34,3.83,4.74,,,,117.0463
2023-07-17,13.48,3.81,4.74,,,,117.1267
2023-07-18,13.3,3.8,4.74,,,,117.0264
2023-07-19,13.76,3.75,4.74,,,,117.3462
2023-07-20,13.99,3.85,4.8,,,,117.5947
2023-07-21,13.6,3.84,4.82,,,,117.9418
2023-07-24,13.91,3.86,4.81,,,,117.8124
2023-07-25,13.86,3.91,4.85,,,,117.8565
2023-07-26,13.19,3.86,4.82,,,,117.76
2023-07-27,14.41,4.01,4.91,,,,117.8938
2023-07-28,13.33,3.96,4.87,,,,117.788
2023-07-31,13.63,3.97,4.88,,,,117.8241
2023-08-01,13.93,4.05,4.92,5.33,306.082,3.7,118.5738
2023-08-02,16.09,4.08,4.88,,,,119.1268
2023-08-03,15.92,4.2,4.9,,,,119.3963
2023-08-04,17.1,4.05,4.78,,,,118.821
2023-08-07,15.77,4.09,4.76,,,,119.0809
2023-08-08,15.99,4.02,4.74,,,,119.6407
2023-08-09,15.96,4.0,4.79,,,,119.476
2023-08-10,15.85,4.09,4.82,,,,119.1581
2023-08-11,14.84,4.16,4.89,,,,119.6268
2023-08-14,14.82,4.19,4.96,,,,120.0725
2023-08-15,16.46,4.21,4.92,,,,120.2127
2023-08-16,16.78,4.28,4.97,,,,120.3551
2023-08-17,17.89,4.3,4.94,,,,120.5242
2023-08-18,17.3,4.26,4.92,,,,120.4321
2023-08-21,17.13,4.34,4.97,,,,120.4627
2023-08-22,16.97,4.34,5.02,,,,120.3554
2023-08-23,15.98,4.19,4.95,,,,120.0307
2023-08-24,17.2,4.23,4.98,,,,120.2354
2023-08-25,15.68,4.25,5.03,,,,120.5137
2023-08-28,15.08,4.2,4.98,,,,120.3155
2023-08-29,14.45,4.12,4.87,,,,120.2669
2023-08-30,13.88,4.12,4.9,,,,119.7937
2023-08-31,13.57,4.09,4.85,,,,120.225
2023-09-01,13.09,4.18,4.87,5.33,307.276,3.7,120.759
2023-09-04,13.82,,,,,,
2023-09-05,14.01,4.27,4.94,,,,121.4345
2023-09-06,14.45,4.3,5.01,,,,121.8671
2023-09-07,14.4,4.27,4.94,,,,121.9528
2023-09-08,13.84,4.26,4.98,,,,121.9475
2023-09-11,13.8,4.29,4.97,,,,121.3386
2023-09-12,14.23,4.27,4.98,,,,121.2913
2023-09-13,13.48,4.25,4.96,,,,121.0549
2023-09-14,12.82,4.29,5.0,,,,121.2395
2023-09-15,13.79,4.33,5.02,,,,121.199
2023-09-18,14.0,4.32,5.05,,,,121.1938
2023-09-19,14.11,4.37,5.08,,,,121.1645
2023-09-20,15.14,4.35,5.12,,,,120.9648
2023-09-21,17.54,4.49,5.12,,,,121.5528
2023-09-22,17.2,4.44,5.1,,,,121.5306
2023-09-25,16.9,4.55,5.09,,,,122.1143
2023-09-26,18.94,4.56,5.04,,,,122.4742
2023-09-27,18.22,4.61,5.1,,,,122.9895
2023-09-28,17.34,4.59,5.04,,,,122.5342
2023-09-29,17.52,4.59,5.03,,,,122.3077
2023-10-01,,,,5.33,307.696,3.9,
2023-10-02,17.61,4.69,5.12,,,,123.0545
2023-10-03,19.78,4.81,5.15,,,,123.7848
2023-10-04,18.58,4.73,5.05,,,,123.5946
2023-10-05,18.49,4.72,5.03,,,,123.8993
2023-10-06,17.45,4.78,5.08,,,,123.3563
2023-10-09,17.7,,,,,,
2023-10-10,17.03,4.66,4.96,,,,122.9282
2023-10-11,16.09,4.58,4.99,,,,122.7697
2023-10-12,16.69,4.7,5.06,,,,123.2101
2023-10-13,19.32,4.63,5.04,,,,123.5954
2023-10-16,17.21,4.71,5.09,,,,123.3185
2023-10-17,17.88,4.83,5.19,,,,123.1202
2023-10-18,19.22,4.91,5.19,,,,123.8148
2023-10-19,21.4,4.98,5.14,,,,123.798
2023-10-20,21.71,4.93,5.07,,,,123.612
2023-10-23,20.37,4.86,5.05,,,,123.2846
2023-10-24,18.97,4.83,5.02,,,,123.6416
2023-10-25,20.19,4.95,5.08,,,,123.7871
2023-10-26,20.68,4.86,5.02,,,,124.0064
2023-10-27,21.27,4.84,4.99,,,,123.62
2023-10-30,19.75,4.88,5.03,,,,123.4076
2023-10-31,18.14,4.88,5.07,,,,123.8364
2023-11-01,16.87,4.77,4.95,5.33,308.148,3.7,123.7922
2023-11-02,15.66,4.67,4.98,,,,122.8818
2023-11-03,14.91,4.57,4.83,,,,121.7564
2023-11-06,14.89,4.67,4.93,,,,121.6484
2023-11-07,14.81,4.58,4.91,,,,122.0777
2023-11-08,14.45,4.49,4.93,,,,122.0926
2023-11-09,15.29,4.62,5.03,,,,122.1281
2023-11-10,14.17,4.61,5.04,,,,
2023-11-13,14.76,4.63,5.02,,,,122.4264
2023-11-14,14.16,4.44,4.8,,,,121.35
2023-11-15,14.18,4.53,4.9,,,,121.0749
2023-11-16,14.32,4.45,4.83,,,,121.1754
2023-11-17,13.8,4.44,4.88,,,,120.8477
2023-11-20,13.41,4.42,4.89,,,,120.2533
2023-11-21,13.35,4.41,4.86,,,,120.2241
2023-11-22,12.85,4.42,4.89,,,,120.6802
2023-11-23,12.8,,,,,,
2023-11-24,12.46,4.47,4.92,,,,120.2105
2023-11-27,12.69,4.39,4.84,,,,120.173
2023-11-28,12.69,4.34,4.73,,,,119.5904
2023-11-29,12.98,4.27,4.64,,,,119.8159
2023-11-30,12.92,4.37,4.73,,,,120.2434
2023-12-01,12.63,4.22,4.56,5.33,308.741,3.8,119.9424
2023-12-04,13.08,4.28,4.64,,,,120.4727
2023-12-05,12.85,4.18,4.57,,,,120.7913
2023-12-06,12.97,4.12,4.6,,,,120.5334
2023-12-07,13.06,4.14,4.58,,,,120.6013
2023-12-08,12.35,4.23,4.71,,,,120.7607
2023-12-11,12.63,4.23,4.71,,,,120.9279
2023-12-12,12.07,4.2,4.73,,,,120.6817
2023-12-13,12.19,4.04,4.46,,,,121.1571
2023-12-14,12.48,3.92,4.37,,,,119.5683
2023-12-15,12.28,3.91,4.44,,,,119.7382
2023-12-18,12.56,3.95,4.43,,,,119.9102
2023-12-19,12.53,3.93,4.41,,,,119.4632
2023-12-20,13.67,3.86,4.34,,,,119.5435
2023-12-21,13.65,3.89,4.33,,,,119.3168
2023-12-22,13.03,3.9,4.31,,,,119.0625
2023-12-25,,,,,,,
2023-12-26,12.99,3.89,4.26,,,,118.8875
2023-12-27,12.43,3.79,4.2,,,,118.4729
2023-12-28,12.47,3.84,4.26,,,,118.4104
2023-12-29,12.45,3.88,4.23,,,,118.4208
2024-01-01,,,,5.33,309.698,3.7,
2024-01-02,13.2,3.95,4.33,,,,119.2686
2024-01-03,14.04,3.91,4.33,,,,119.6958
2024-01-04,14.13,3.99,4.38,,,,119.6208
2024-01-05,13.35,4.05,4.4,,,,119.388
2024-01-08,13.08,4.01,4.36,,,,119.2506
2024-01-09,12.76,4.02,4.36,,,,119.6666
2024-01-10,12.69,4.04,4.37,,,,119.7614
2024-01-11,12.44,3.98,4.26,,,,119.8916
2024-01-12,12.7,3.96,4.14,,,,119.534
2024-01-15,13.25,,,,,,
2024-01-16,13.84,4.07,4.22,,,,120.5759
2024-01-17,14.79,4.1,4.34,,,,121.0402
2024-01-18,14.13,4.14,4.34,,,,120.8895
2024-01-19,13.3,4.15,4.39,,,,120.6442
2024-01-22,13.19,4.11,4.37,,,,120.6178
2024-01-23,12.55,4.14,4.31,,,,121.1001
2024-01-24,13.14,4.18,4.34,,,,120.4916
2024-01-25,13.45,4.14,4.28,,,,120.8311
2024-01-26,13.26,4.15,4.34,,,,120.6173
2024-01-29,13.6,4.08,4.29,,,,120.8538
2024-01-30,13.31,4.06,4.36,,,,120.6025
2024-01-31,14.35,3.99,4.27,,,,120.4331
2024-02-01,13.88,3.87,4.2,5.33,310.967,3.9,120.3335
2024-02-02,13.85,4.03,4.36,,,,120.902
2024-02-05,13.67,4.17,4.46,,,,121.349
2024-02-06,13.06,4.09,4.39,,,,120.9588
2024-02-07,12.83,4.09,4.41,,,,120.9049
2024-02-08,12.79,4.15,4.46,,,,121.0798
2024-02-09,12.93,4.17,4.48,,,,121.039
2024-02-12,13.93,4.17,4.46,,,,120.9378
2024-02-13,15.85,4.31,4.64,,,,121.5202
2024-02-14,14.38,4.27,4.56,,,,121.4002
2024-02-15,14.01,4.24,4.56,,,,121.2121
2024-02-16,14.24,4.3,4.64,,,,121.1505
2024-02-19,14.71,,,,,,
2024-02-20,15.42,4.27,4.59,,,,121.0199
2024-02-21,15.34,4.32,4.64,,,,121.0379
2024-02-22,14.54,4.33,4.69,,,,121.102
2024-02-23,13.75,4.26,4.67,,,,121.0369
2024-02-26,13.74,4.28,4.69,,,,121.0592
2024-02-27,13.43,4.31,4.7,,,,120.9647
2024-02-28,13.84,4.27,4.64,,,,121.128
2024-02-29,13.4,4.25,4.64,,,,121.1824
2024-03-01,13.11,4.19,4.54,5.33,312.345,3.9,121.0111
2024-03-04,13.49,4.22,4.61,,,,120.872
2024-03-05,14.46,4.13,4.54,,,,120.8846
2024-03-06,14.5,4.11,4.55,,,,120.4649
2024-03-07,14.44,4.09,4.5,,,,120.1909
2024-03-08,14.74,4.09,4.48,,,,119.975
2024-03-11,15.22,4.1,4.51,,,,120.0394
2024-03-12,13.84,4.16,4.58,,,,120.1668
2024-03-13,13.75,4.19,4.61,,,,119.9642
2024-03-14,14.4,4.29,4.68,,,,120.241
2024-03-15,14.41,4.31,4.72,,,,120.4003
2024-03-18,14.33,4.34,4.73,,,,120.5752
2024-03-19,13.82,4.3,4.68,,,,120.9332
2024-03-20,13.04,4.27,4.59,,,,120.9289
2024-03-21,12.92,4.27,4.62,,,,120.8086
2024-03-22,13.06,4.22,4.59,,,,121.1842
2024-03-25,13.19,4.25,4.54,,,,121.0295
2024-03-26,13.24,4.24,4.56,,,,121.0742
2024-03-27,12.78,4.2,4.54,,,,121.0089
2024-03-28,13.01,4.2,4.59,,,,121.0635
2024-03-29,,,,,,,121.0191
2024-04-01,13.65,4.33,4.72,5.33,313.023,3.9,121.5151
2024-04-02,14.61,4.36,4.7,,,,121.3035
2024-04-03,14.33,4.36,4.68,,,,121.0198
2024-04-04,16.35,4.31,4.65,,,,120.7613
2024-04-05,16.03,4.39,4.73,,,,120.9646
2024-04-08,15.19,4.42,4.78,,,,120.7359
2024-04-09,14.98,4.36,4.74,,,,120.7048
2024-04-10,15.8,4.55,4.97,,,,121.5727
2024-04-11,14.91,4.56,4.93,,,,121.6081
2024-04-12,17.31,4.5,4.88,,,,122.2885
2024-04-15,19.23,4.63,4.93,,,,122.425
2024-04-16,18.4,4.67,4.97,,,,123.1234
2024-04-17,18.21,4.59,4.93,,,,123.0207
2024-04-18,18.0,4.64,4.98,,,,123.0017
2024-04-19,18.71,4.62,4.97,,,,123.1075
2024-04-22,16.94,4.62,4.97,,,,123.0609
2024-04-23,15.69,4.61,4.86,,,,122.7227
2024-04-24,15.97,4.65,4.89,,,,122.89
2024-04-25,15.37,4.7,4.96,,,,122.8384
2024-04-26,15.03,4.67,4.96,,,,122.9471
2024-04-29,14.67,4.63,4.97,,,,122.5449
2024-04-30,15.65,4.69,5.04,,,,122.9853
2024-05-01,15.39,4.63,4.96,5.33,313.175,3.9,123.0168
2024-05-02,14.68,4.58,4.87,,,,122.4384
2024-05-03,13.49,4.5,4.81,,,,122.1375
2024-05-06,13.49,4.49,4.82,,,,121.8913
2024-05-07,13.23,4.47,4.82,,,,122.093
2024-05-08,13.0,4.48,4.84,,,,122.1926
2024-05-09,12.69,4.45,4.8,,,,122.1634
2024-05-10,12.55,4.5,4.87,,,,122.014
2024-05-13,13.6,4.48,4.85,,,,122.0261
2024-05-14,13.42,4.45,4.81,,,,121.9256
2024-05-15,12.45,4.36,4.73,,,,121.3543
2024-05-16,12.42,4.38,4.78,,,,121.2236
2024-05-17,11.99,4.42,4.83,,,,121.2354
2024-05-20,12.15,4.44,4.82,,,,121.2289
2024-05-21,11.86,4.41,4.82,,,,121.3793
2024-05-22,12.29,4.43,4.86,,,,121.5462
2024-05-23,12.77,4.47,4.91,,,,121.7477
2024-05-24,11.93,4.46,4.93,,,,121.6172
2024-05-27,12.36,,,,,,
2024-05-28,12.92,4.54,4.94,,,,121.43
2024-05-29,14.28,4.61,4.96,,,,122.1641
2024-05-30,14.47,4.55,4.92,,,,121.9601
2024-05-31,12.92,4.51,4.89,,,,122.098
2024-06-01,,,,5.33,313.044,4.1,
2024-06-03,13.11,4.41,4.82,,,,122.3509
2024-06-04,13.16,4.33,4.77,,,,122.7256
2024-06-05,12.63,4.29,4.72,,,,122.5339
2024-06-06,12.58,4.28,4.72,,,,122.3713
2024-06-07,12.22,4.43,4.87,,,,123.549
2024-06-10,12.74,4.47,4.87,,,,123.9125
2024-06-11,12.85,4.39,4.81,,,,124.0349
2024-06-12,12.04,4.31,4.75,,,,123.8295
2024-06-13,11.94,4.24,4.68,,,,124.0235
2024-06-14,12.66,4.2,4.67,,,,124.1694
2024-06-17,12.75,4.28,4.75,,,,124.239
2024-06-18,12.3,4.22,4.69,,,,123.9776
2024-06-19,12.48,,,,,,
2024-06-20,13.28,4.25,4.7,,,,124.192
2024-06-21,13.2,4.25,4.7,,,,124.1086
2024-06-24,13.33,4.25,4.71,,,,123.7125
2024-06-25,12.84,4.23,4.65,,,,123.9417
2024-06-26,12.55,4.32,4.71,,,,124.26
2024-06-27,12.24,4.29,4.7,,,,124.3379
2024-06-28,12.44,4.36,4.71,,,,124.2103
2024-07-01,12.22,4.48,4.77,5.33,313.569,4.2,124.4667
2024-07-02,12.03,4.43,4.74,,,,124.2917
2024-07-03,12.09,4.36,4.71,,,,123.7768
2024-07-04,12.26,,,,,,
2024-07-05,12.48,4.28,4.6,,,,123.4762
2024-07-08,12.37,4.28,4.62,,,,123.3576
2024-07-09,12.51,4.3,4.62,,,,123.4071
2024-07-10,12.85,4.28,4.62,,,,123.1895
2024-07-11,12.92,4.2,4.5,,,,122.769
2024-07-12,12.46,4.18,4.45,,,,122.4404
2024-07-15,13.12,4.23,4.44,,,,122.6347
2024-07-16,13.19,4.17,4.43,,,,122.7264
2024-07-17,14.48,4.16,4.42,,,,122.518
2024-07-18,15.93,4.2,4.46,,,,122.7909
2024-07-19,16.52,4.25,4.49,,,,123.147
2024-07-22,14.91,4.26,4.5,,,,123.2172
2024-07-23,14.72,4.25,4.4,,,,123.3843
2024-07-24,18.04,4.28,4.37,,,,123.5575
2024-07-25,18.46,4.27,4.41,,,,123.5286
2024-07-26,16.39,4.2,4.36,,,,123.672
2024-07-29,16.6,4.17,4.36,,,,124.1392
2024-07-30,17.69,4.15,4.35,,,,124.2855
2024-07-31,16.36,4.09,4.29,,,,123.6373
2024-08-01,18.59,3.99,4.16,5.33,314.062,4.2,123.8693
2024-08-02,23.39,3.8,3.88,,,,123.4681
2024-08-05,38.57,3.78,3.89,,,,123.5787
2024-08-06,27.71,3.9,3.99,,,,123.6532
2024-08-07,27.85,3.96,4.0,,,,123.5698
2024-08-08,23.79,3.99,4.04,,,,123.4466
2024-08-09,20.37,3.94,4.05,,,,122.9276
2024-08-12,20.71,3.9,4.01,,,,123.2204
2024-08-13,18.12,3.85,3.93,,,,123.0146
2024-08-14,16.19,3.83,3.94,,,,122.4297
2024-08-15,15.23,3.92,4.08,,,,122.5844
2024-08-16,14.8,3.89,4.06,,,,122.3972
2024-08-19,14.65,3.86,4.06,,,,121.8788
2024-08-20,15.88,3.82,3.99,,,,121.7728
2024-08-21,16.27,3.79,3.92,,,,121.8535
2024-08-22,17.55,3.86,3.99,,,,122.3626
2024-08-23,15.86,3.81,3.9,,,,121.4597
2024-08-26,16.15,3.82,3.91,,,,121.6943
2024-08-27,15.43,3.83,3.83,,,,121.8672
2024-08-28,17.11,3.84,3.83,,,,121.8943
2024-08-29,15.65,3.87,3.87,,,,122.2333
2024-08-30,15.0,3.91,3.91,,,,122.3262
2024-09-01,,,,5.13,314.732,4.1,
2024-09-02,15.55,,,,,,
2024-09-03,20.72,3.84,3.88,,,,122.7811
2024-09-04,21.32,3.77,3.76,,,,122.5144
2024-09-05,19.9,3.73,3.75,,,,122.4533
2024-09-06,22.38,3.72,3.66,,,,122.4991
2024-09-09,19.45,3.7,3.68,,,,122.7156
2024-09-10,19.08,3.65,3.59,,,,123.0071
2024-09-11,17.69,3.65,3.62,,,,122.7754
2024-09-12,17.07,3.68,3.64,,,,122.4423
2024-09-13,16.56,3.66,3.57,,,,121.6551
2024-09-16,17.14,3.63,3.56,,,,121.4976
2024-09-17,17.61,3.65,3.59,,,,121.6031
2024-09-18,18.23,3.7,3.61,,,,121.5618
2024-09-19,16.33,3.73,3.59,,,,121.3059
2024-09-20,16.15,3.73,3.55,,,,121.4052
2024-09-23,15.89,3.75,3.57,,,,121.4303
2024-09-24,15.39,3.74,3.49,,,,121.1291
2024-09-25,15.41,3.79,3.53,,,,121.4447
2024-09-26,15.37,3.79,3.6,,,,121.0785
2024-09-27,16.96,3.75,3.55,,,,121.1111
2024-09-30,16.73,3.81,3.66,,,,121.2864
2024-10-01,19.26,3.74,3.61,4.83,315.631,4.1,121.6881
2024-10-02,18.9,3.79,3.63,,,,121.5724
2024-10-03,20.49,3.85,3.7,,,,122.1197
2024-10-04,19.21,3.98,3.93,,,,122.2197
2024-10-07,22.64,4.03,3.99,,,,122.4241
2024-10-08,21.42,4.04,3.98,,,,122.6625
2024-10-09,20.86,4.06,3.99,,,,122.8821
2024-10-10,20.93,4.09,3.98,,,,123.0951
2024-10-11,20.46,4.08,3.95,,,,122.9805
2024-10-14,19.7,,,,,,
2024-10-15,20.64,4.03,3.95,,,,123.5124
2024-10-16,19.58,4.02,3.93,,,,123.9235
2024-10-17,19.11,4.09,3.96,,,,124.1122
2024-10-18,18.03,4.08,3.95,,,,123.9185
2024-10-21,18.37,4.19,4.02,,,,124.4757
2024-10-22,18.2,4.2,4.03,,,,124.4107
2024-10-23,19.24,4.24,4.07,,,,124.6931
2024-10-24,19.08,4.21,4.07,,,,124.5127
2024-10-25,20.33,4.25,4.11,,,,124.6105
2024-10-28,19.8,4.28,4.12,,,,124.8076
2024-10-29,19.34,4.28,4.11,,,,124.8612
2024-10-30,20.35,4.29,4.15,,,,124.8153
2024-10-31,23.16,4.28,4.16,,,,124.7988
2024-11-01,21.88,4.37,4.21,4.64,316.528,4.2,124.8076
2024-11-04,21.98,4.31,4.17,,,,124.5903
2024-11-05,20.49,4.26,4.19,,,,124.5532
2024-11-06,16.27,4.42,4.27,,,,125.7035
2024-11-07,15.2,4.31,4.21,,,,124.775
2024-11-08,14.94,4.3,4.26,,,,125.5811
2024-11-11,14.97,,,,,,
2024-11-12,14.71,4.43,4.34,,,,126.7762
2024-11-13,14.02,4.44,4.27,,,,126.9572
2024-11-14,14.31,4.43,4.34,,,,127.0015
2024-11-15,16.14,4.43,4.31,,,,126.8848
2024-11-18,15.58,4.42,4.29,,,,126.6045
2024-11-19,16.35,4.39,4.27,,,,126.3994
2024-11-20,17.16,4.41,4.31,,,,126.88
2024-11-21,16.87,4.43,4.34,,,,127.1047
2024-11-22,15.24,4.41,4.37,,,,127.4712
2024-11-25,14.6,4.27,4.21,,,,126.9948
2024-11-26,14.1,4.3,4.21,,,,127.4301
2024-11-27,14.1,4.25,4.19,,,,126.8205
2024-11-28,13.9,,,,,,
2024-11-29,13.51,4.18,4.13,,,,126.5798
2024-12-01,,,,4.48,317.604,4.1,
2024-12-02,13.34,4.19,4.17,,,,127.1272
2024-12-03,13.3,4.23,4.17,,,,126.9565
2024-12-04,13.45,4.19,4.13,,,,126.7574
2024-12-05,13.54,4.17,4.15,,,,126.4286
2024-12-06,12.77,4.15,4.1,,,,126.688
2024-12-09,14.19,4.2,4.13,,,,126.5981
2024-12-10,14.18,4.22,4.15,,,,126.957
2024-12-11,13.58,4.26,4.15,,,,126.8483
2024-12-12,13.92,4.32,4.18,,,,126.9556
2024-12-13,13.81,4.4,4.25,,,,127.3096
2024-12-16,14.69,4.39,4.25,,,,127.2687
2024-12-17,15.87,4.4,4.25,,,,127.5043
2024-12-18,27.62,4.5,4.35,,,,127.6418
2024-12-19,24.09,4.57,4.32,,,,128.6366
2024-12-20,18.36,4.52,4.3,,,,127.893
2024-12-23,16.78,4.59,4.3,,,,128.3021
2024-12-24,14.27,4.59,4.29,,,,128.3377
2024-12-25,,,,,,,
2024-12-26,14.73,4.58,4.3,,,,128.3329
2024-12-27,15.95,4.62,4.31,,,,128.45
2024-12-30,17.4,4.55,4.24,,,,128.8205
2024-12-31,17.35,4.58,4.25,,,,129.2775
2025-01-01,,,,4.33,318.961,4.0,
2025-01-02,17.93,4.57,4.25,,,,129.4598
2025-01-03,16.13,4.6,4.28,,,,129.4535
2025-01-06,16.04,4.62,4.28,,,,128.538
2025-01-07,17.82,4.67,4.3,,,,128.613
2025-01-08,17.7,4.67,4.28,,,,129.0785
2025-01-09,18.07,4.68,4.27,,,,129.2827
2025-01-10,19.54,4.77,4.4,,,,129.8664
2025-01-13,19.19,4.79,4.4,,,,130.0413
2025-01-14,18.71,4.78,4.37,,,,129.3812
2025-01-15,16.12,4.66,4.27,,,,129.2092
2025-01-16,16.6,4.61,4.23,,,,129.436
2025-01-17,15.97,4.61,4.27,,,,129.4859
2025-01-20,15.81,,,,,,
2025-01-21,15.06,4.57,4.29,,,,128.4151
2025-01-22,15.1,4.6,4.29,,,,128.3402
2025-01-23,15.02,4.65,4.29,,,,128.2162
2025-01-24,14.85,4.63,4.27,,,,127.4611
2025-01-27,17.9,4.53,4.17,,,,128.0912
2025-01-28,16.41,4.55,4.19,,,,128.2817
2025-01-29,16.56,4.55,4.21,,,,128.3418
2025-01-30,15.84,4.52,4.18,,,,128.1004
2025-01-31,16.43,4.58,4.22,,,,128.4828
2025-02-01,,,,4.33,319.679,4.2,
2025-02-03,18.62,4.54,4.26,,,,129.109
2025-02-04,17.21,4.52,4.21,,,,128.1083
2025-02-05,15.77,4.43,4.17,,,,127.9751
2025-02-06,15.5,4.45,4.21,,,,128.2017
2025-02-07,16.54,4.49,4.29,,,,128.4292
2025-02-10,15.81,4.51,4.28,,,,128.6382
2025-02-11,16.02,4.54,4.29,,,,128.4322
2025-02-12,15.89,4.62,4.36,,,,128.3288
2025-02-13,15.1,4.52,4.31,,,,127.8931
2025-02-14,14.77,4.47,4.26,,,,127.1491
2025-02-17,15.37,,,,,,
2025-02-18,15.35,4.55,4.29,,,,127.2906
2025-02-19,15.27,4.53,4.28,,,,127.7317
2025-02-20,15.66,4.5,4.28,,,,127.1126
2025-02-21,18.21,4.42,4.19,,,,127.1408
2025-02-24,18.98,4.4,4.13,,,,127.1921
2025-02-25,19.43,4.3,4.07,,,,127.3752
2025-02-26,19.1,4.25,4.05,,,,127.2822
2025-02-27,21.13,4.29,4.07,,,,127.9704
2025-02-28,19.63,4.24,3.99,,,,128.2805
2025-03-01,,,,4.33,319.785,4.2,
2025-03-03,22.78,4.16,3.96,,,,127.75
2025-03-04,23.51,4.22,3.96,,,,127.9966
2025-03-05,21.93,4.28,3.99,,,,126.504
2025-03-06,24.87,4.29,3.96,,,,126.1099
2025-03-07,23.37,4.32,3.99,,,,125.9814
2025-03-10,27.86,4.22,3.89,,,,126.268
2025-03-11,26.92,4.28,3.94,,,,126.0457
2025-03-12,24.23,4.32,4.01,,,,125.8664
2025-03-13,24.66,4.27,3.94,,,,126.0031
2025-03-14,21.77,4.31,4.02,,,,125.6942
2025-03-17,20.51,4.31,4.06,,,,125.3688
2025-03-18,21.7,4.29,4.04,,,,125.488
2025-03-19,19.9,4.25,3.99,,,,125.8006
2025-03-20,19.8,4.24,3.95,,,,125.985
2025-03-21,19.28,4.25,3.94,,,,126.2679
2025-03-24,17.48,4.34,4.04,,,,126.1956
2025-03-25,17.15,4.31,3.96,,,,126.0535
2025-03-26,18.33,4.35,3.98,,,,126.2364
2025-03-27,18.69,4.38,3.97,,,,126.3626
2025-03-28,21.65,4.27,3.89,,,,126.4187
2025-03-31,22.28,4.23,3.89,,,,126.7075
2025-04-01,21.77,4.17,3.87,4.33,320.302,4.2,126.4338
2025-04-02,21.51,4.2,3.91,,,,126.3811
2025-04-03,30.02,4.06,3.71,,,,124.7316
2025-04-04,45.31,4.01,3.68,,,,125.8129
2025-04-07,46.98,4.15,3.73,,,,126.8282
2025-04-08,52.33,4.26,3.71,,,,126.8668
2025-04-09,33.62,4.34,3.91,,,,126.628
2025-04-10,40.72,4.4,3.84,,,,125.089
2025-04-11,37.56,4.48,3.96,,,,124.0163
2025-04-14,30.89,4.38,3.84,,,,123.6598
2025-04-15,30.12,4.35,3.84,,,,123.776
2025-04-16,32.64,4.29,3.77,,,,123.2724
2025-04-17,29.65,4.34,3.81,,,,123.1298
2025-04-18,,,,,,,122.9865
2025-04-21,33.82,4.42,3.75,,,,122.3145
2025-04-22,30.57,4.41,3.76,,,,122.4175
2025-04-23,28.45,4.4,3.81,,,,123.0252
2025-04-24,26.47,4.32,3.77,,,,122.9251
2025-04-25,24.84,4.29,3.74,,,,122.8858
2025-04-28,25.15,4.23,3.67,,,,122.7176
2025-04-29,24.17,4.19,3.65,,,,122.5944
2025-04-30,24.7,4.17,3.6,,,,122.5921
2025-05-01,24.6,4.25,3.7,4.33,320.62,4.3,123.1405
2025-05-02,22.68,4.33,3.83,,,,122.4962
2025-05-05,23.64,4.36,3.83,,,,122.2613
2025-05-06,24.76,4.3,3.78,,,,122.0417
2025-05-07,23.55,4.26,3.78,,,,122.117
2025-05-08,22.48,4.37,3.9,,,,122.7568
2025-05-09,21.9,4.37,3.88,,,,122.5191
2025-05-12,18.39,4.45,3.98,,,,123.4863
2025-05-13,18.22,4.49,4.02,,,,122.9583
2025-05-14,18.62,4.53,4.05,,,,122.6746
2025-05-15,17.83,4.45,3.96,,,,122.8174
2025-05-16,17.24,4.43,3.98,,,,123.0737
2025-05-19,18.14,4.46,3.97,,,,122.4186
2025-05-20,18.09,4.48,3.97,,,,122.3199
2025-05-21,20.87,4.58,4.0,,,,121.7496
2025-05-22,20.28,4.54,4.0,,,,122.0429
2025-05-23,22.29,4.51,4.0,,,,121.3837
2025-05-26,20.57,,,,,,
2025-05-27,18.96,4.43,3.92,,,,121.6099
2025-05-28,19.31,4.47,3.96,,,,121.9888
2025-05-29,19.18,4.43,3.92,,,,121.5617
2025-05-30,18.57,4.41,3.89,,,,121.7674
2025-06-01,,,,4.33,321.435,4.1,
2025-06-02,18.36,4.46,3.94,,,,121.1881
2025-06-03,17.69,4.46,3.96,,,,121.4592
2025-06-04,17.61,4.37,3.87,,,,121.0539
2025-06-05,18.48,4.4,3.92,,,,120.9596
2025-06-06,16.77,4.51,4.04,,,,121.161
2025-06-09,17.16,4.49,4.01,,,,120.9103
2025-06-10,16.95,4.47,4.01,,,,121.0485
2025-06-11,17.26,4.41,3.94,,,,120.587
2025-06-12,18.02,4.36,3.9,,,,120.1723
2025-06-13,20.82,4.41,3.96,,,,120.3245
2025-06-16,19.11,4.46,3.97,,,,120.1565
2025-06-17,21.6,4.39,3.94,,,,120.5048
2025-06-18,20.14,4.38,3.94,,,,120.7305
2025-06-19,22.17,,,,,,
2025-06-20,20.62,4.38,3.9,,,,121.0408
2025-06-23,19.83,4.34,3.84,,,,121.1694
2025-06-24,17.48,4.3,3.75,,,,120.3645
2025-06-25,16.76,4.29,3.74,,,,120.3336
2025-06-26,16.59,4.26,3.7,,,,119.6451
2025-06-27,16.32,4.29,3.73,,,,119.659
2025-06-30,16.73,4.24,3.72,,,,119.4088
2025-07-01,16.83,4.26,3.78,4.33,322.169,4.3,119.3436
2025-07-02,16.64,4.3,3.78,,,,119.3037
2025-07-03,16.38,4.35,3.88,,,,119.2382
2025-07-04,17.48,,,,,,
2025-07-07,17.79,4.4,3.9,,,,119.6201
2025-07-08,16.81,4.42,3.9,,,,119.8371
2025-07-09,15.94,4.34,3.86,,,,119.7311
2025-07-10,15.78,4.35,3.86,,,,119.8343
2025-07-11,16.4,4.43,3.9,,,,119.9214
2025-07-14,17.2,4.43,3.9,,,,120.2209
2025-07-15,17.38,4.5,3.95,,,,120.5105
2025-07-16,17.16,4.46,3.88,,,,120.4175
2025-07-17,16.52,4.47,3.91,,,,120.6384
2025-07-18,16.41,4.44,3.88,,,,120.356
2025-07-21,16.65,4.38,3.85,,,,119.9961
2025-07-22,16.5,4.35,3.83,,,,119.681
2025-07-23,15.37,4.4,3.88,,,,119.5697
2025-07-24,15.39,4.43,3.91,,,,119.5664
2025-07-25,14.93,4.4,3.91,,,,119.9857
2025-07-28,15.03,4.42,3.91,,,,120.6149
2025-07-29,15.98,4.34,3.86,,,,120.9674
2025-07-30,15.48,4.38,3.94,,,,121.4042
2025-07-31,16.72,4.37,3.94,,,,121.721
2025-08-01,20.38,4.23,3.69,4.33,323.291,4.3,121.2122
2025-08-04,17.52,4.22,3.69,,,,120.9859
2025-08-05,17.85,4.22,3.72,,,,120.9082
2025-08-06,16.77,4.22,3.69,,,,120.5082
2025-08-07,16.57,4.23,3.72,,,,120.5043
2025-08-08,15.15,4.27,3.76,,,,120.3329
2025-08-11,16.25,4.27,3.76,,,,120.6892
2025-08-12,14.73,4.29,3.72,,,,120.2736
2025-08-13,14.49,4.24,3.67,,,,120.13
2025-08-14,14.83,4.29,3.74,,,,120.6446
2025-08-15,15.09,4.33,3.75,,,,120.3377
2025-08-18,14.99,4.34,3.77,,,,120.5622
2025-08-19,15.57,4.3,3.75,,,,120.7224
2025-08-20,15.69,4.29,3.74,,,,120.7757
2025-08-21,16.6,4.33,3.79,,,,121.0843
2025-08-22,14.22,4.26,3.68,,,,120.2774
2025-08-25,14.79,4.28,3.73,,,,120.4214
2025-08-26,14.62,4.26,3.61,,,,120.5274
2025-08-27,14.85,4.24,3.59,,,,120.7274
2025-08-28,14.43,4.22,3.62,,,,120.2595
2025-08-29,15.36,4.23,3.59,,,,120.2082
2025-09-01,16.12,,,4.22,324.245,4.4,
2025-09-02,17.17,4.28,3.66,,,,120.6837
2025-09-03,16.35,4.22,3.61,,,,120.5052
2025-09-04,15.3,4.17,3.59,,,,120.7629
2025-09-05,15.18,4.1,3.51,,,,120.1282
2025-09-08,15.11,4.05,3.49,,,,120.0971
2025-09-09,15.04,4.08,3.54,,,,120.1569
2025-09-10,15.35,4.04,3.54,,,,120.1223
2025-09-11,14.71,4.01,3.52,,,,119.9534
2025-09-12,14.76,4.06,3.56,,,,120.0611
2025-09-15,15.69,4.05,3.54,,,,119.5644
2025-09-16,16.36,4.04,3.51,,,,119.1348
2025-09-17,15.72,4.06,3.52,,,,119.1582
2025-09-18,15.7,4.11,3.57,,,,119.6616
2025-09-19,15.45,4.14,3.57,,,,119.7858
2025-09-22,16.1,4.15,3.61,,,,119.8152
2025-09-23,16.64,4.12,3.53,,,,119.6202
2025-09-24,16.18,4.16,3.57,,,,120.1707
2025-09-25,16.74,4.18,3.64,,,,120.5419
2025-09-26,15.29,4.2,3.63,,,,120.4349
2025-09-29,16.12,4.15,3.63,,,,120.115
2025-09-30,16.28,4.16,3.6,,,,120.1368
2025-10-01,16.29,4.12,3.55,4.09,,,120.1502
2025-10-02,16.63,4.1,3.55,,,,120.4296
2025-10-03,16.65,4.13,3.58,,,,120.0881
2025-10-06,16.37,4.18,3.6,,,,120.2722
2025-10-07,17.24,4.14,3.57,,,,120.4884
2025-10-08,16.3,4.13,3.58,,,,120.7766
2025-10-09,16.43,4.14,3.6,,,,121.0902
2025-10-10,21.66,4.05,3.52,,,,121.1163
2025-10-13,19.03,,,,,,
2025-10-14,20.81,4.03,3.48,,,,121.1822
2025-10-15,20.64,4.05,3.5,,,,120.8642
2025-10-16,25.31,3.99,3.41,,,,120.6698
2025-10-17,20.78,4.02,3.46,,,,120.7028
2025-10-20,18.23,4.0,3.46,,,,120.6209
2025-10-21,17.87,3.98,3.45,,,,120.8895
2025-10-22,18.6,3.97,3.45,,,,120.8958
2025-10-23,17.3,4.01,3.48,,,,120.9531
2025-10-24,16.37,4.02,3.48,,,,120.9345
2025-10-27,15.79,4.01,3.48,,,,120.7988
2025-10-28,16.42,3.99,3.47,,,,120.6361
2025-10-29,16.92,4.08,3.59,,,,120.5312
2025-10-30,16.91,4.11,3.61,,,,121.2832
2025-10-31,17.44,4.11,3.6,,,,121.3859
2025-11-01,,,,3.88,325.063,4.5,
2025-11-03,17.17,4.13,3.6,,,,121.4512
2025-11-04,19.0,4.1,3.58,,,,121.8271
2025-11-05,18.01,4.17,3.63,,,,121.8482
2025-11-06,19.5,4.11,3.57,,,,121.6948
2025-11-07,19.08,4.11,3.55,,,,121.388
2025-11-10,17.6,4.13,3.58,,,,121.2984
2025-11-11,17.28,,,,,,
2025-11-12,17.51,4.08,3.56,,,,121.0458
2025-11-13,20.0,4.11,3.58,,,,120.7725
2025-11-14,19.83,4.14,3.62,,,,120.9666
2025-11-17,22.38,4.13,3.6,,,,121.1146
2025-11-18,24.69,4.12,3.58,,,,121.2127
2025-11-19,23.66,4.13,3.58,,,,121.4978
2025-11-20,26.42,4.1,3.55,,,,121.6889
2025-11-21,23.43,4.06,3.51,,,,121.8653
2025-11-24,20.52,4.04,3.46,,,,121.9171
2025-11-25,18.56,4.01,3.43,,,,121.6335
2025-11-26,17.19,4.0,3.45,,,,121.2437
2025-11-27,17.21,,,,,,
2025-11-28,16.35,4.02,3.47,,,,121.0527
2025-12-01,17.24,4.09,3.54,3.72,326.031,4.4,120.9862
2025-12-02,16.59,4.09,3.51,,,,121.1467
2025-12-03,16.08,4.06,3.49,,,,120.7336
2025-12-04,15.78,4.11,3.52,,,,120.6766
2025-12-05,15.41,4.14,3.56,,,,120.6863
2025-12-08,16.66,4.17,3.57,,,,120.776
2025-12-09,16.93,4.18,3.61,,,,120.6832
2025-12-10,15.77,4.13,3.54,,,,120.6752
2025-12-11,14.85,4.14,3.52,,,,119.98
2025-12-12,15.74,4.19,3.52,,,,120.1442
2025-12-15,16.5,4.18,3.51,,,,119.9561
2025-12-16,16.48,4.15,3.48,,,,119.8902
2025-12-17,17.62,4.16,3.49,,,,120.155
2025-12-18,16.87,4.12,3.46,,,,120.0528
2025-12-19,14.91,4.16,3.48,,,,120.1652
2025-12-22,14.08,4.17,3.44,,,,119.9912
2025-12-23,14.0,4.18,3.48,,,,119.7057
2025-12-24,13.47,4.15,3.47,,,,119.4372
2025-12-25,,,,,,,
2025-12-26,13.6,4.14,3.46,,,,119.4723
2025-12-29,14.2,4.12,3.45,,,,119.5899
2025-12-30,14.33,4.14,3.45,,,,119.4939
2025-12-31,14.95,4.18,3.47,,,,119.7456
2026-01-01,,,,3.64,326.588,4.3,
2026-01-02,14.51,4.19,3.47,,,,119.6059
2026-01-05,14.9,4.17,3.46,,,,119.6192
2026-01-06,14.75,4.18,3.47,,,,119.7807
2026-01-07,15.38,4.15,3.47,,,,119.8719
2026-01-08,15.45,4.19,3.49,,,,120.0904
2026-01-09,14.49,4.18,3.54,,,,120.2215
2026-01-12,15.12,4.19,3.54,,,,119.9958
2026-01-13,15.98,4.18,3.53,,,,120.1401
2026-01-14,16.75,4.15,3.51,,,,119.9537
2026-01-15,15.84,4.17,3.56,,,,119.9951
2026-01-16,15.86,4.24,3.59,,,,120.0838
2026-01-19,18.84,,,,,,
2026-01-20,20.09,4.3,3.6,,,,119.4455
2026-01-21,16.9,4.26,3.6,,,,119.3431
2026-01-22,15.64,4.26,3.61,,,,119.1962
2026-01-23,16.09,4.24,3.6,,,,118.8976
2026-01-26,16.15,4.22,3.56,,,,118.0525
2026-01-27,16.35,4.24,3.53,,,,117.4523
2026-01-28,16.35,4.26,3.56,,,,117.5117
2026-01-29,16.88,4.24,3.53,,,,117.4396
2026-01-30,17.44,4.26,3.52,,,,117.8996
2026-02-01,,,,3.64,327.46,4.4,
2026-02-02,16.34,4.29,3.57,,,,118.3609
2026-02-03,18.0,4.28,3.57,,,,117.9764
2026-02-04,18.64,4.29,3.57,,,,118.2602
2026-02-05,21.77,4.21,3.47,,,,118.5034
2026-02-06,17.76,4.22,3.5,,,,118.2407
2026-02-09,17.36,4.22,3.48,,,,117.6392
2026-02-10,17.79,4.16,3.45,,,,117.5216
2026-02-11,17.65,4.18,3.52,,,,117.4601
2026-02-12,20.82,4.09,3.47,,,,117.5376
2026-02-13,20.6,4.04,3.4,,,,117.5258
2026-02-16,21.2,,,,,,
2026-02-17,20.29,4.05,3.43,,,,117.7375
2026-02-18,19.62,4.09,3.47,,,,117.8426
2026-02-19,20.23,4.08,3.47,,,,118.2354
2026-02-20,19.09,4.08,3.48,,,,117.9917
2026-02-23,21.01,4.03,3.43,,,,117.9395
2026-02-24,19.55,4.04,3.43,,,,117.9463
2026-02-25,17.93,4.05,3.45,,,,117.769
2026-02-26,18.63,4.02,3.42,,,,117.9042
2026-02-27,19.86,3.97,3.38,,,,117.8223
2026-03-01,,,,3.64,330.293,4.3,
2026-03-02,21.44,4.05,3.47,,,,118.667
2026-03-03,23.57,4.06,3.51,,,,119.4341
2026-03-04,21.15,4.09,3.54,,,,119.0705
2026-03-05,23.75,4.13,3.57,,,,119.5683
2026-03-06,29.49,4.15,3.56,,,,119.491
2026-03-09,25.5,4.12,3.56,,,,119.5151
2026-03-10,24.93,4.15,3.57,,,,118.7255
2026-03-11,24.23,4.21,3.64,,,,119.2885
2026-03-12,27.29,4.27,3.76,,,,119.8227
2026-03-13,27.19,4.28,3.73,,,,120.5518
2026-03-16,23.51,4.23,3.68,,,,120.097
2026-03-17,22.37,4.2,3.68,,,,119.8328
2026-03-18,25.09,4.26,3.76,,,,119.9276
2026-03-19,24.06,4.25,3.79,,,,120.1802
2026-03-20,26.78,4.39,3.88,,,,120.2757
2026-03-23,26.15,4.34,3.83,,,,119.9371
2026-03-24,26.95,4.39,3.9,,,,120.1295
2026-03-25,25.33,4.33,3.84,,,,120.1282
2026-03-26,27.44,4.42,3.96,,,,120.389
2026-03-27,31.05,4.44,3.88,,,,120.8851
2026-03-30,30.61,4.35,3.82,,,,121.2851
2026-03-31,25.25,4.3,3.79,,,,121.035
2026-04-01,24.54,4.33,3.81,3.64,,,120.1198
2026-04-02,23.87,4.31,3.79,,,,120.503
2026-04-03,,4.35,3.84,,,,120.6565
2026-04-06,24.17,4.34,3.84,,,,120.4302
2026-04-07,25.78,4.33,3.81,,,,120.32
2026-04-08,21.04,4.29,3.79,,,,119.0596
2026-04-09,19.49,4.29,3.78,,,,118.8998
2026-04-10,19.23,4.31,3.81,,,,118.8552
2026-04-13,19.12,4.3,3.78,,,,118.9916
2026-04-14,18.36,4.26,3.76,,,,118.3581
2026-04-15,18.17,4.29,3.76,,,,118.3623
2026-04-16,17.94,4.32,3.78,,,,118.3616
2026-04-17,17.48,4.26,3.71,,,,118.0795
2026-04-20,18.87,4.26,3.72,,,,118.2374
2026-04-21,19.5,4.3,3.78,,,,118.4331
2026-04-22,18.92,4.3,3.79,,,,118.6004
2026-04-23,19.31,4.34,3.83,,,,118.7155
2026-04-24,18.71,4.31,3.78,,,,118.7294
2026-04-27,18.02,4.35,3.78,,,,118.5458
2026-04-28,17.83,4.36,3.84,,,,118.7717
2026-04-29,18.81,4.42,3.92,,,,119.0975
2026-04-30,16.89,4.4,3.88,,,,118.671
2026-05-01,16.99,4.39,3.88,,,,118.3926
2026-05-04,18.29,4.45,3.95,,,,
